dataset,horizon,model,model_slug,origin,target,output,formal_record,command_source,record_chain,command
ETTh1,96,TimeRole,graphmambacmrhm,895,OT,/home/cwh/Time-Series-Library/paper/neurocomputing/figures/fig3_curve_candidates/source_npz/etth1_h96_graphmambacmrhm.npz,/home/cwh/Time-Series-Library/logs/q2_main_baselines/records/graphmambacmrhm_etth1_sl336_pl96_s2021.json,formal_seed2021_record,"[""/home/cwh/Time-Series-Library/logs/q2_main_baselines/records/graphmambacmrhm_etth1_sl336_pl96_s2021.json"", ""/home/cwh/Time-Series-Library/logs/cmrhm_unified_main/records/cmrhm_etth1_p96_s2021.json""]","[""/home/cwh/Time-Series-Library/.venv/bin/python"", ""-u"", ""/home/cwh/Time-Series-Library/run.py"", ""--task_name"", ""long_term_forecast"", ""--is_training"", ""0"", ""--root_path"", ""/home/cwh/Time-Series-Library/dataset/ETT-small"", ""--data_path"", ""ETTh1.csv"", ""--model_id"", ""ETTh1_96_96_cmrhm_unified_etth1_p96_s2021"", ""--model"", ""GraphMambaCMRHM"", ""--seed"", ""2021"", ""--data"", ""ETTh1"", ""--features"", ""M"", ""--target"", ""OT"", ""--seq_len"", ""336"", ""--label_len"", ""48"", ""--pred_len"", ""96"", ""--enc_in"", ""7"", ""--dec_in"", ""7"", ""--c_out"", ""7"", ""--patch_len"", ""4"", ""--stride"", ""2"", ""--d_model"", ""64"", ""--d_ff"", ""128"", ""--d_state"", ""32"", ""--d_conv"", ""2"", ""--e_layers"", ""1"", ""--expand"", ""2"", ""--mamba_version"", ""1"", ""--mamba_bidirectional"", ""1"", ""--use_graph"", ""1"", ""--use_time_mamba"", ""1"", ""--use_patch"", ""1"", ""--use_decomp"", ""1"", ""--moving_avg"", ""25"", ""--dual_scale_scan_mode"", ""independent_shared"", ""--periodic_period"", ""24"", ""--periodic_local_patch"", ""0"", ""--periodic_local_stride"", ""0"", ""--periodic_period_stride"", ""12"", ""--periodic_use_adapter"", ""1"", ""--graph_alpha"", ""0.5"", ""--graph_top_k"", ""2"", ""--graph_sample_size"", ""2000"", ""--graph_sample_method"", ""uniform"", ""--static_graph_mode"", ""weighted"", ""--graph_cache"", ""0"", ""--gc_graph_dim"", ""16"", ""--gc_temperature"", ""1.0"", ""--gc_residual_init"", ""0.5"", ""--gc_dynamic_graph"", ""1"", ""--gc_symmetric_graph"", ""1"", ""--gc_input_modulation"", ""1"", ""--gc_direction_fusion"", ""1"", ""--gc_parallel_residual"", ""1"", ""--af_hidden_dim"", ""32"", ""--af_rank"", ""16"", ""--af_mode"", ""variable_scale_residual"", ""--dropout"", ""0.1"", ""--batch_size"", ""32"", ""--learning_rate"", ""0.0005"", ""--lradj"", ""type1"", ""--train_epochs"", ""100"", ""--patience"", ""6"", ""--num_workers"", ""0"", ""--gpu"", ""0"", ""--des"", ""cmrhm_unified_etth1_p96_s2021"", ""--itr"", ""1"", ""--test_after_train"", ""1"", ""--checkpoints"", ""/home/cwh/Time-Series-Library/checkpoints"", ""--forecast_export_path"", ""/home/cwh/Time-Series-Library/paper/neurocomputing/figures/fig3_curve_candidates/source_npz/etth1_h96_graphmambacmrhm.npz"", ""--forecast_export_origin"", ""895"", ""--forecast_export_channel"", ""-1"", ""--forecast_export_context"", ""96"", ""--forecast_export_only""]"
ETTh1,96,S-Mamba,smamba,895,OT,/home/cwh/Time-Series-Library/paper/neurocomputing/figures/fig3_curve_candidates/source_npz/etth1_h96_smamba.npz,/home/cwh/Time-Series-Library/logs/q2_main_baselines/records/smamba_etth1_sl336_pl96_s2021.json,formal_seed2021_record,"[""/home/cwh/Time-Series-Library/logs/q2_main_baselines/records/smamba_etth1_sl336_pl96_s2021.json""]","[""/home/cwh/Time-Series-Library/.venv/bin/python"", ""-u"", ""/home/cwh/Time-Series-Library/run.py"", ""--task_name"", ""long_term_forecast"", ""--is_training"", ""0"", ""--root_path"", ""/home/cwh/Time-Series-Library/dataset/ETT-small"", ""--data_path"", ""ETTh1.csv"", ""--model_id"", ""smamba_etth1_sl336_pl96_s2021"", ""--model"", ""SMamba"", ""--seed"", ""2021"", ""--data"", ""ETTh1"", ""--features"", ""M"", ""--target"", ""OT"", ""--freq"", ""h"", ""--seq_len"", ""336"", ""--label_len"", ""48"", ""--pred_len"", ""96"", ""--enc_in"", ""7"", ""--dec_in"", ""7"", ""--c_out"", ""7"", ""--d_model"", ""256"", ""--d_ff"", ""256"", ""--n_heads"", ""4"", ""--e_layers"", ""2"", ""--d_layers"", ""1"", ""--factor"", ""3"", ""--dropout"", ""0.1"", ""--batch_size"", ""32"", ""--learning_rate"", ""7e-05"", ""--train_epochs"", ""10"", ""--patience"", ""3"", ""--lradj"", ""type1"", ""--num_workers"", ""0"", ""--gpu"", ""0"", ""--des"", ""smamba_etth1_sl336_pl96_s2021"", ""--itr"", ""1"", ""--checkpoints"", ""/home/cwh/Time-Series-Library/logs/q2_main_baselines/checkpoints"", ""--test_after_train"", ""1"", ""--d_state"", ""2"", ""--use_norm"", ""1"", ""--forecast_export_path"", ""/home/cwh/Time-Series-Library/paper/neurocomputing/figures/fig3_curve_candidates/source_npz/etth1_h96_smamba.npz"", ""--forecast_export_origin"", ""895"", ""--forecast_export_channel"", ""-1"", ""--forecast_export_context"", ""96"", ""--forecast_export_only""]"
ETTh1,96,iTransformer,itransformer,895,OT,/home/cwh/Time-Series-Library/paper/neurocomputing/figures/fig3_curve_candidates/source_npz/etth1_h96_itransformer.npz,/home/cwh/Time-Series-Library/logs/q2_main_baselines/records/itransformer_etth1_sl336_pl96_s2021.json,formal_seed2021_record,"[""/home/cwh/Time-Series-Library/logs/q2_main_baselines/records/itransformer_etth1_sl336_pl96_s2021.json""]","[""/home/cwh/Time-Series-Library/.venv/bin/python"", ""-u"", ""/home/cwh/Time-Series-Library/run.py"", ""--task_name"", ""long_term_forecast"", ""--is_training"", ""0"", ""--root_path"", ""/home/cwh/Time-Series-Library/dataset/ETT-small"", ""--data_path"", ""ETTh1.csv"", ""--model_id"", ""itransformer_etth1_sl336_pl96_s2021"", ""--model"", ""iTransformer"", ""--seed"", ""2021"", ""--data"", ""ETTh1"", ""--features"", ""M"", ""--target"", ""OT"", ""--freq"", ""h"", ""--seq_len"", ""336"", ""--label_len"", ""48"", ""--pred_len"", ""96"", ""--enc_in"", ""7"", ""--dec_in"", ""7"", ""--c_out"", ""7"", ""--d_model"", ""128"", ""--d_ff"", ""128"", ""--n_heads"", ""8"", ""--e_layers"", ""2"", ""--d_layers"", ""1"", ""--factor"", ""3"", ""--dropout"", ""0.1"", ""--batch_size"", ""32"", ""--learning_rate"", ""0.0001"", ""--train_epochs"", ""10"", ""--patience"", ""3"", ""--lradj"", ""type1"", ""--num_workers"", ""0"", ""--gpu"", ""0"", ""--des"", ""itransformer_etth1_sl336_pl96_s2021"", ""--itr"", ""1"", ""--checkpoints"", ""/home/cwh/Time-Series-Library/logs/q2_main_baselines/checkpoints"", ""--test_after_train"", ""1"", ""--forecast_export_path"", ""/home/cwh/Time-Series-Library/paper/neurocomputing/figures/fig3_curve_candidates/source_npz/etth1_h96_itransformer.npz"", ""--forecast_export_origin"", ""895"", ""--forecast_export_channel"", ""-1"", ""--forecast_export_context"", ""96"", ""--forecast_export_only""]"
ETTh1,96,TimeMixer,timemixer,895,OT,/home/cwh/Time-Series-Library/paper/neurocomputing/figures/fig3_curve_candidates/source_npz/etth1_h96_timemixer.npz,/home/cwh/Time-Series-Library/logs/q2_main_baselines/records/timemixer_etth1_sl336_pl96_s2021.json,formal_seed2021_record,"[""/home/cwh/Time-Series-Library/logs/q2_main_baselines/records/timemixer_etth1_sl336_pl96_s2021.json""]","[""/home/cwh/Time-Series-Library/.venv/bin/python"", ""-u"", ""/home/cwh/Time-Series-Library/run.py"", ""--task_name"", ""long_term_forecast"", ""--is_training"", ""0"", ""--root_path"", ""/home/cwh/Time-Series-Library/dataset/ETT-small"", ""--data_path"", ""ETTh1.csv"", ""--model_id"", ""timemixer_etth1_sl336_pl96_s2021"", ""--model"", ""TimeMixer"", ""--seed"", ""2021"", ""--data"", ""ETTh1"", ""--features"", ""M"", ""--target"", ""OT"", ""--freq"", ""h"", ""--seq_len"", ""336"", ""--label_len"", ""0"", ""--pred_len"", ""96"", ""--enc_in"", ""7"", ""--dec_in"", ""7"", ""--c_out"", ""7"", ""--d_model"", ""16"", ""--d_ff"", ""32"", ""--n_heads"", ""4"", ""--e_layers"", ""2"", ""--d_layers"", ""1"", ""--factor"", ""3"", ""--dropout"", ""0.1"", ""--batch_size"", ""32"", ""--learning_rate"", ""0.01"", ""--train_epochs"", ""10"", ""--patience"", ""10"", ""--lradj"", ""type1"", ""--num_workers"", ""0"", ""--gpu"", ""0"", ""--des"", ""timemixer_etth1_sl336_pl96_s2021"", ""--itr"", ""1"", ""--checkpoints"", ""/home/cwh/Time-Series-Library/logs/q2_main_baselines/checkpoints"", ""--test_after_train"", ""1"", ""--down_sampling_layers"", ""3"", ""--down_sampling_window"", ""2"", ""--down_sampling_method"", ""avg"", ""--forecast_export_path"", ""/home/cwh/Time-Series-Library/paper/neurocomputing/figures/fig3_curve_candidates/source_npz/etth1_h96_timemixer.npz"", ""--forecast_export_origin"", ""895"", ""--forecast_export_channel"", ""-1"", ""--forecast_export_context"", ""96"", ""--forecast_export_only""]"
ETTh1,96,MSGNet,msgnet,895,OT,/home/cwh/Time-Series-Library/paper/neurocomputing/figures/fig3_curve_candidates/source_npz/etth1_h96_msgnet.npz,/home/cwh/Time-Series-Library/logs/q2_main_baselines/records/msgnet_etth1_sl336_pl96_s2021.json,formal_seed2021_record,"[""/home/cwh/Time-Series-Library/logs/q2_main_baselines/records/msgnet_etth1_sl336_pl96_s2021.json""]","[""/home/cwh/Time-Series-Library/.venv/bin/python"", ""-u"", ""/home/cwh/Time-Series-Library/run.py"", ""--task_name"", ""long_term_forecast"", ""--is_training"", ""0"", ""--root_path"", ""/home/cwh/Time-Series-Library/dataset/ETT-small"", ""--data_path"", ""ETTh1.csv"", ""--model_id"", ""msgnet_etth1_sl336_pl96_s2021"", ""--model"", ""MSGNet"", ""--seed"", ""2021"", ""--data"", ""ETTh1"", ""--features"", ""M"", ""--target"", ""OT"", ""--freq"", ""h"", ""--seq_len"", ""336"", ""--label_len"", ""48"", ""--pred_len"", ""96"", ""--enc_in"", ""7"", ""--dec_in"", ""7"", ""--c_out"", ""7"", ""--d_model"", ""32"", ""--d_ff"", ""64"", ""--n_heads"", ""4"", ""--e_layers"", ""1"", ""--d_layers"", ""1"", ""--factor"", ""3"", ""--dropout"", ""0.1"", ""--batch_size"", ""32"", ""--learning_rate"", ""0.0001"", ""--train_epochs"", ""10"", ""--patience"", ""3"", ""--lradj"", ""type1"", ""--num_workers"", ""0"", ""--gpu"", ""0"", ""--des"", ""msgnet_etth1_sl336_pl96_s2021"", ""--itr"", ""1"", ""--checkpoints"", ""/home/cwh/Time-Series-Library/logs/q2_main_baselines/checkpoints"", ""--test_after_train"", ""1"", ""--top_k"", ""3"", ""--conv_channel"", ""32"", ""--skip_channel"", ""32"", ""--forecast_export_path"", ""/home/cwh/Time-Series-Library/paper/neurocomputing/figures/fig3_curve_candidates/source_npz/etth1_h96_msgnet.npz"", ""--forecast_export_origin"", ""895"", ""--forecast_export_channel"", ""-1"", ""--forecast_export_context"", ""96"", ""--forecast_export_only""]"
ETTh1,96,PatchTST,patchtst,895,OT,/home/cwh/Time-Series-Library/paper/neurocomputing/figures/fig3_curve_candidates/source_npz/etth1_h96_patchtst.npz,/home/cwh/Time-Series-Library/logs/q2_main_baselines/records/patchtst_etth1_sl336_pl96_s2021.json,formal_seed2021_record,"[""/home/cwh/Time-Series-Library/logs/q2_main_baselines/records/patchtst_etth1_sl336_pl96_s2021.json""]","[""/home/cwh/Time-Series-Library/.venv/bin/python"", ""-u"", ""/home/cwh/Time-Series-Library/run.py"", ""--task_name"", ""long_term_forecast"", ""--is_training"", ""0"", ""--root_path"", ""/home/cwh/Time-Series-Library/dataset/ETT-small"", ""--data_path"", ""ETTh1.csv"", ""--model_id"", ""patchtst_etth1_sl336_pl96_s2021"", ""--model"", ""PatchTST"", ""--seed"", ""2021"", ""--data"", ""ETTh1"", ""--features"", ""M"", ""--target"", ""OT"", ""--freq"", ""h"", ""--seq_len"", ""336"", ""--label_len"", ""48"", ""--pred_len"", ""96"", ""--enc_in"", ""7"", ""--dec_in"", ""7"", ""--c_out"", ""7"", ""--d_model"", ""512"", ""--d_ff"", ""2048"", ""--n_heads"", ""8"", ""--e_layers"", ""1"", ""--d_layers"", ""1"", ""--factor"", ""3"", ""--dropout"", ""0.1"", ""--batch_size"", ""32"", ""--learning_rate"", ""0.0001"", ""--train_epochs"", ""10"", ""--patience"", ""3"", ""--lradj"", ""type1"", ""--num_workers"", ""0"", ""--gpu"", ""0"", ""--des"", ""patchtst_etth1_sl336_pl96_s2021"", ""--itr"", ""1"", ""--checkpoints"", ""/home/cwh/Time-Series-Library/logs/q2_main_baselines/checkpoints"", ""--test_after_train"", ""1"", ""--patch_len"", ""16"", ""--stride"", ""8"", ""--forecast_export_path"", ""/home/cwh/Time-Series-Library/paper/neurocomputing/figures/fig3_curve_candidates/source_npz/etth1_h96_patchtst.npz"", ""--forecast_export_origin"", ""895"", ""--forecast_export_channel"", ""-1"", ""--forecast_export_context"", ""96"", ""--forecast_export_only""]"
ETTh1,96,TimesNet,timesnet,895,OT,/home/cwh/Time-Series-Library/paper/neurocomputing/figures/fig3_curve_candidates/source_npz/etth1_h96_timesnet.npz,/home/cwh/Time-Series-Library/logs/q2_main_baselines/records/timesnet_etth1_sl336_pl96_s2021.json,formal_seed2021_record,"[""/home/cwh/Time-Series-Library/logs/q2_main_baselines/records/timesnet_etth1_sl336_pl96_s2021.json""]","[""/home/cwh/Time-Series-Library/.venv/bin/python"", ""-u"", ""/home/cwh/Time-Series-Library/run.py"", ""--task_name"", ""long_term_forecast"", ""--is_training"", ""0"", ""--root_path"", ""/home/cwh/Time-Series-Library/dataset/ETT-small"", ""--data_path"", ""ETTh1.csv"", ""--model_id"", ""timesnet_etth1_sl336_pl96_s2021"", ""--model"", ""TimesNet"", ""--seed"", ""2021"", ""--data"", ""ETTh1"", ""--features"", ""M"", ""--target"", ""OT"", ""--freq"", ""h"", ""--seq_len"", ""336"", ""--label_len"", ""48"", ""--pred_len"", ""96"", ""--enc_in"", ""7"", ""--dec_in"", ""7"", ""--c_out"", ""7"", ""--d_model"", ""32"", ""--d_ff"", ""32"", ""--n_heads"", ""4"", ""--e_layers"", ""2"", ""--d_layers"", ""1"", ""--factor"", ""3"", ""--dropout"", ""0.1"", ""--batch_size"", ""32"", ""--learning_rate"", ""0.0001"", ""--train_epochs"", ""10"", ""--patience"", ""3"", ""--lradj"", ""type1"", ""--num_workers"", ""0"", ""--gpu"", ""0"", ""--des"", ""timesnet_etth1_sl336_pl96_s2021"", ""--itr"", ""1"", ""--checkpoints"", ""/home/cwh/Time-Series-Library/logs/q2_main_baselines/checkpoints"", ""--test_after_train"", ""1"", ""--top_k"", ""5"", ""--forecast_export_path"", ""/home/cwh/Time-Series-Library/paper/neurocomputing/figures/fig3_curve_candidates/source_npz/etth1_h96_timesnet.npz"", ""--forecast_export_origin"", ""895"", ""--forecast_export_channel"", ""-1"", ""--forecast_export_context"", ""96"", ""--forecast_export_only""]"
ETTh1,96,DLinear,dlinear,895,OT,/home/cwh/Time-Series-Library/paper/neurocomputing/figures/fig3_curve_candidates/source_npz/etth1_h96_dlinear.npz,/home/cwh/Time-Series-Library/logs/q2_main_baselines/records/dlinear_etth1_sl336_pl96_s2021.json,formal_seed2021_record,"[""/home/cwh/Time-Series-Library/logs/q2_main_baselines/records/dlinear_etth1_sl336_pl96_s2021.json""]","[""/home/cwh/Time-Series-Library/.venv/bin/python"", ""-u"", ""/home/cwh/Time-Series-Library/run.py"", ""--task_name"", ""long_term_forecast"", ""--is_training"", ""0"", ""--root_path"", ""/home/cwh/Time-Series-Library/dataset/ETT-small"", ""--data_path"", ""ETTh1.csv"", ""--model_id"", ""dlinear_etth1_sl336_pl96_s2021"", ""--model"", ""DLinear"", ""--seed"", ""2021"", ""--data"", ""ETTh1"", ""--features"", ""M"", ""--target"", ""OT"", ""--freq"", ""h"", ""--seq_len"", ""336"", ""--label_len"", ""48"", ""--pred_len"", ""96"", ""--enc_in"", ""7"", ""--dec_in"", ""7"", ""--c_out"", ""7"", ""--d_model"", ""32"", ""--d_ff"", ""64"", ""--n_heads"", ""4"", ""--e_layers"", ""2"", ""--d_layers"", ""1"", ""--factor"", ""3"", ""--dropout"", ""0.1"", ""--batch_size"", ""32"", ""--learning_rate"", ""0.0001"", ""--train_epochs"", ""10"", ""--patience"", ""3"", ""--lradj"", ""type1"", ""--num_workers"", ""0"", ""--gpu"", ""0"", ""--des"", ""dlinear_etth1_sl336_pl96_s2021"", ""--itr"", ""1"", ""--checkpoints"", ""/home/cwh/Time-Series-Library/logs/q2_main_baselines/checkpoints"", ""--test_after_train"", ""1"", ""--forecast_export_path"", ""/home/cwh/Time-Series-Library/paper/neurocomputing/figures/fig3_curve_candidates/source_npz/etth1_h96_dlinear.npz"", ""--forecast_export_origin"", ""895"", ""--forecast_export_channel"", ""-1"", ""--forecast_export_context"", ""96"", ""--forecast_export_only""]"
ETTh1,192,TimeRole,graphmambacmrhm,895,OT,/home/cwh/Time-Series-Library/paper/neurocomputing/figures/fig3_curve_candidates/source_npz/etth1_h192_graphmambacmrhm.npz,/home/cwh/Time-Series-Library/logs/q2_main_baselines/records/graphmambacmrhm_etth1_sl336_pl192_s2021.json,formal_seed2021_record,"[""/home/cwh/Time-Series-Library/logs/q2_main_baselines/records/graphmambacmrhm_etth1_sl336_pl192_s2021.json"", ""/home/cwh/Time-Series-Library/logs/cmrhm_unified_main/records/cmrhm_etth1_p192_s2021.json""]","[""/home/cwh/Time-Series-Library/.venv/bin/python"", ""-u"", ""/home/cwh/Time-Series-Library/run.py"", ""--task_name"", ""long_term_forecast"", ""--is_training"", ""0"", ""--root_path"", ""/home/cwh/Time-Series-Library/dataset/ETT-small"", ""--data_path"", ""ETTh1.csv"", ""--model_id"", ""ETTh1_96_192_q2f_etth1_p192_c_s2021"", ""--model"", ""GraphMambaCMRHM"", ""--seed"", ""2021"", ""--data"", ""ETTh1"", ""--features"", ""M"", ""--target"", ""OT"", ""--seq_len"", ""336"", ""--label_len"", ""48"", ""--pred_len"", ""192"", ""--enc_in"", ""7"", ""--dec_in"", ""7"", ""--c_out"", ""7"", ""--patch_len"", ""4"", ""--stride"", ""2"", ""--d_model"", ""64"", ""--d_ff"", ""128"", ""--d_state"", ""32"", ""--d_conv"", ""2"", ""--e_layers"", ""1"", ""--expand"", ""2"", ""--mamba_version"", ""1"", ""--mamba_bidirectional"", ""1"", ""--use_graph"", ""1"", ""--use_time_mamba"", ""1"", ""--use_patch"", ""1"", ""--use_decomp"", ""1"", ""--moving_avg"", ""25"", ""--dual_scale_scan_mode"", ""independent_shared"", ""--periodic_period"", ""24"", ""--periodic_local_patch"", ""4"", ""--periodic_local_stride"", ""2"", ""--periodic_period_stride"", ""12"", ""--periodic_use_adapter"", ""1"", ""--graph_alpha"", ""0.5"", ""--graph_top_k"", ""2"", ""--graph_sample_size"", ""2000"", ""--graph_sample_method"", ""uniform"", ""--static_graph_mode"", ""weighted"", ""--graph_cache"", ""0"", ""--gc_graph_dim"", ""16"", ""--gc_temperature"", ""1.0"", ""--gc_residual_init"", ""0.5"", ""--gc_dynamic_graph"", ""1"", ""--gc_symmetric_graph"", ""1"", ""--gc_input_modulation"", ""1"", ""--gc_direction_fusion"", ""1"", ""--gc_parallel_residual"", ""1"", ""--af_hidden_dim"", ""32"", ""--af_rank"", ""16"", ""--af_mode"", ""variable_scale_residual"", ""--dropout"", ""0.1"", ""--batch_size"", ""32"", ""--learning_rate"", ""0.0005"", ""--lradj"", ""type1"", ""--train_epochs"", ""100"", ""--patience"", ""6"", ""--num_workers"", ""0"", ""--gpu"", ""0"", ""--des"", ""q2f_etth1_p192_c_s2021"", ""--itr"", ""1"", ""--test_after_train"", ""0"", ""--evaluation_split"", ""test"", ""--checkpoints"", ""/home/cwh/Time-Series-Library/checkpoints"", ""--forecast_export_path"", ""/home/cwh/Time-Series-Library/paper/neurocomputing/figures/fig3_curve_candidates/source_npz/etth1_h192_graphmambacmrhm.npz"", ""--forecast_export_origin"", ""895"", ""--forecast_export_channel"", ""-1"", ""--forecast_export_context"", ""96"", ""--forecast_export_only""]"
ETTh1,192,S-Mamba,smamba,895,OT,/home/cwh/Time-Series-Library/paper/neurocomputing/figures/fig3_curve_candidates/source_npz/etth1_h192_smamba.npz,/home/cwh/Time-Series-Library/logs/q2_main_baselines/records/smamba_etth1_sl336_pl192_s2021.json,formal_seed2021_record,"[""/home/cwh/Time-Series-Library/logs/q2_main_baselines/records/smamba_etth1_sl336_pl192_s2021.json""]","[""/home/cwh/Time-Series-Library/.venv/bin/python"", ""-u"", ""/home/cwh/Time-Series-Library/run.py"", ""--task_name"", ""long_term_forecast"", ""--is_training"", ""0"", ""--root_path"", ""/home/cwh/Time-Series-Library/dataset/ETT-small"", ""--data_path"", ""ETTh1.csv"", ""--model_id"", ""smamba_etth1_sl336_pl192_s2021"", ""--model"", ""SMamba"", ""--seed"", ""2021"", ""--data"", ""ETTh1"", ""--features"", ""M"", ""--target"", ""OT"", ""--freq"", ""h"", ""--seq_len"", ""336"", ""--label_len"", ""48"", ""--pred_len"", ""192"", ""--enc_in"", ""7"", ""--dec_in"", ""7"", ""--c_out"", ""7"", ""--d_model"", ""256"", ""--d_ff"", ""256"", ""--n_heads"", ""4"", ""--e_layers"", ""2"", ""--d_layers"", ""1"", ""--factor"", ""3"", ""--dropout"", ""0.1"", ""--batch_size"", ""32"", ""--learning_rate"", ""7e-05"", ""--train_epochs"", ""10"", ""--patience"", ""3"", ""--lradj"", ""type1"", ""--num_workers"", ""0"", ""--gpu"", ""0"", ""--des"", ""smamba_etth1_sl336_pl192_s2021"", ""--itr"", ""1"", ""--checkpoints"", ""/home/cwh/Time-Series-Library/logs/q2_main_baselines/checkpoints"", ""--test_after_train"", ""1"", ""--d_state"", ""2"", ""--use_norm"", ""1"", ""--forecast_export_path"", ""/home/cwh/Time-Series-Library/paper/neurocomputing/figures/fig3_curve_candidates/source_npz/etth1_h192_smamba.npz"", ""--forecast_export_origin"", ""895"", ""--forecast_export_channel"", ""-1"", ""--forecast_export_context"", ""96"", ""--forecast_export_only""]"
ETTh1,192,iTransformer,itransformer,895,OT,/home/cwh/Time-Series-Library/paper/neurocomputing/figures/fig3_curve_candidates/source_npz/etth1_h192_itransformer.npz,/home/cwh/Time-Series-Library/logs/q2_main_baselines/records/itransformer_etth1_sl336_pl192_s2021.json,formal_seed2021_record,"[""/home/cwh/Time-Series-Library/logs/q2_main_baselines/records/itransformer_etth1_sl336_pl192_s2021.json""]","[""/home/cwh/Time-Series-Library/.venv/bin/python"", ""-u"", ""/home/cwh/Time-Series-Library/run.py"", ""--task_name"", ""long_term_forecast"", ""--is_training"", ""0"", ""--root_path"", ""/home/cwh/Time-Series-Library/dataset/ETT-small"", ""--data_path"", ""ETTh1.csv"", ""--model_id"", ""itransformer_etth1_sl336_pl192_s2021"", ""--model"", ""iTransformer"", ""--seed"", ""2021"", ""--data"", ""ETTh1"", ""--features"", ""M"", ""--target"", ""OT"", ""--freq"", ""h"", ""--seq_len"", ""336"", ""--label_len"", ""48"", ""--pred_len"", ""192"", ""--enc_in"", ""7"", ""--dec_in"", ""7"", ""--c_out"", ""7"", ""--d_model"", ""128"", ""--d_ff"", ""128"", ""--n_heads"", ""8"", ""--e_layers"", ""2"", ""--d_layers"", ""1"", ""--factor"", ""3"", ""--dropout"", ""0.1"", ""--batch_size"", ""32"", ""--learning_rate"", ""0.0001"", ""--train_epochs"", ""10"", ""--patience"", ""3"", ""--lradj"", ""type1"", ""--num_workers"", ""0"", ""--gpu"", ""0"", ""--des"", ""itransformer_etth1_sl336_pl192_s2021"", ""--itr"", ""1"", ""--checkpoints"", ""/home/cwh/Time-Series-Library/logs/q2_main_baselines/checkpoints"", ""--test_after_train"", ""1"", ""--forecast_export_path"", ""/home/cwh/Time-Series-Library/paper/neurocomputing/figures/fig3_curve_candidates/source_npz/etth1_h192_itransformer.npz"", ""--forecast_export_origin"", ""895"", ""--forecast_export_channel"", ""-1"", ""--forecast_export_context"", ""96"", ""--forecast_export_only""]"
ETTh1,192,TimeMixer,timemixer,895,OT,/home/cwh/Time-Series-Library/paper/neurocomputing/figures/fig3_curve_candidates/source_npz/etth1_h192_timemixer.npz,/home/cwh/Time-Series-Library/logs/q2_main_baselines/records/timemixer_etth1_sl336_pl192_s2021.json,formal_seed2021_record,"[""/home/cwh/Time-Series-Library/logs/q2_main_baselines/records/timemixer_etth1_sl336_pl192_s2021.json""]","[""/home/cwh/Time-Series-Library/.venv/bin/python"", ""-u"", ""/home/cwh/Time-Series-Library/run.py"", ""--task_name"", ""long_term_forecast"", ""--is_training"", ""0"", ""--root_path"", ""/home/cwh/Time-Series-Library/dataset/ETT-small"", ""--data_path"", ""ETTh1.csv"", ""--model_id"", ""timemixer_etth1_sl336_pl192_s2021"", ""--model"", ""TimeMixer"", ""--seed"", ""2021"", ""--data"", ""ETTh1"", ""--features"", ""M"", ""--target"", ""OT"", ""--freq"", ""h"", ""--seq_len"", ""336"", ""--label_len"", ""0"", ""--pred_len"", ""192"", ""--enc_in"", ""7"", ""--dec_in"", ""7"", ""--c_out"", ""7"", ""--d_model"", ""16"", ""--d_ff"", ""32"", ""--n_heads"", ""4"", ""--e_layers"", ""2"", ""--d_layers"", ""1"", ""--factor"", ""3"", ""--dropout"", ""0.1"", ""--batch_size"", ""32"", ""--learning_rate"", ""0.01"", ""--train_epochs"", ""10"", ""--patience"", ""10"", ""--lradj"", ""type1"", ""--num_workers"", ""0"", ""--gpu"", ""0"", ""--des"", ""timemixer_etth1_sl336_pl192_s2021"", ""--itr"", ""1"", ""--checkpoints"", ""/home/cwh/Time-Series-Library/logs/q2_main_baselines/checkpoints"", ""--test_after_train"", ""1"", ""--down_sampling_layers"", ""3"", ""--down_sampling_window"", ""2"", ""--down_sampling_method"", ""avg"", ""--forecast_export_path"", ""/home/cwh/Time-Series-Library/paper/neurocomputing/figures/fig3_curve_candidates/source_npz/etth1_h192_timemixer.npz"", ""--forecast_export_origin"", ""895"", ""--forecast_export_channel"", ""-1"", ""--forecast_export_context"", ""96"", ""--forecast_export_only""]"
ETTh1,192,MSGNet,msgnet,895,OT,/home/cwh/Time-Series-Library/paper/neurocomputing/figures/fig3_curve_candidates/source_npz/etth1_h192_msgnet.npz,/home/cwh/Time-Series-Library/logs/q2_main_baselines/records/msgnet_etth1_sl336_pl192_s2021.json,formal_seed2021_record,"[""/home/cwh/Time-Series-Library/logs/q2_main_baselines/records/msgnet_etth1_sl336_pl192_s2021.json""]","[""/home/cwh/Time-Series-Library/.venv/bin/python"", ""-u"", ""/home/cwh/Time-Series-Library/run.py"", ""--task_name"", ""long_term_forecast"", ""--is_training"", ""0"", ""--root_path"", ""/home/cwh/Time-Series-Library/dataset/ETT-small"", ""--data_path"", ""ETTh1.csv"", ""--model_id"", ""msgnet_etth1_sl336_pl192_s2021"", ""--model"", ""MSGNet"", ""--seed"", ""2021"", ""--data"", ""ETTh1"", ""--features"", ""M"", ""--target"", ""OT"", ""--freq"", ""h"", ""--seq_len"", ""336"", ""--label_len"", ""48"", ""--pred_len"", ""192"", ""--enc_in"", ""7"", ""--dec_in"", ""7"", ""--c_out"", ""7"", ""--d_model"", ""32"", ""--d_ff"", ""64"", ""--n_heads"", ""4"", ""--e_layers"", ""1"", ""--d_layers"", ""1"", ""--factor"", ""3"", ""--dropout"", ""0.1"", ""--batch_size"", ""32"", ""--learning_rate"", ""0.0001"", ""--train_epochs"", ""10"", ""--patience"", ""3"", ""--lradj"", ""type1"", ""--num_workers"", ""0"", ""--gpu"", ""0"", ""--des"", ""msgnet_etth1_sl336_pl192_s2021"", ""--itr"", ""1"", ""--checkpoints"", ""/home/cwh/Time-Series-Library/logs/q2_main_baselines/checkpoints"", ""--test_after_train"", ""1"", ""--top_k"", ""3"", ""--conv_channel"", ""32"", ""--skip_channel"", ""32"", ""--forecast_export_path"", ""/home/cwh/Time-Series-Library/paper/neurocomputing/figures/fig3_curve_candidates/source_npz/etth1_h192_msgnet.npz"", ""--forecast_export_origin"", ""895"", ""--forecast_export_channel"", ""-1"", ""--forecast_export_context"", ""96"", ""--forecast_export_only""]"
ETTh1,192,PatchTST,patchtst,895,OT,/home/cwh/Time-Series-Library/paper/neurocomputing/figures/fig3_curve_candidates/source_npz/etth1_h192_patchtst.npz,/home/cwh/Time-Series-Library/logs/q2_main_baselines/records/patchtst_etth1_sl336_pl192_s2021.json,formal_seed2021_record,"[""/home/cwh/Time-Series-Library/logs/q2_main_baselines/records/patchtst_etth1_sl336_pl192_s2021.json""]","[""/home/cwh/Time-Series-Library/.venv/bin/python"", ""-u"", ""/home/cwh/Time-Series-Library/run.py"", ""--task_name"", ""long_term_forecast"", ""--is_training"", ""0"", ""--root_path"", ""/home/cwh/Time-Series-Library/dataset/ETT-small"", ""--data_path"", ""ETTh1.csv"", ""--model_id"", ""patchtst_etth1_sl336_pl192_s2021"", ""--model"", ""PatchTST"", ""--seed"", ""2021"", ""--data"", ""ETTh1"", ""--features"", ""M"", ""--target"", ""OT"", ""--freq"", ""h"", ""--seq_len"", ""336"", ""--label_len"", ""48"", ""--pred_len"", ""192"", ""--enc_in"", ""7"", ""--dec_in"", ""7"", ""--c_out"", ""7"", ""--d_model"", ""512"", ""--d_ff"", ""2048"", ""--n_heads"", ""8"", ""--e_layers"", ""1"", ""--d_layers"", ""1"", ""--factor"", ""3"", ""--dropout"", ""0.1"", ""--batch_size"", ""32"", ""--learning_rate"", ""0.0001"", ""--train_epochs"", ""10"", ""--patience"", ""3"", ""--lradj"", ""type1"", ""--num_workers"", ""0"", ""--gpu"", ""0"", ""--des"", ""patchtst_etth1_sl336_pl192_s2021"", ""--itr"", ""1"", ""--checkpoints"", ""/home/cwh/Time-Series-Library/logs/q2_main_baselines/checkpoints"", ""--test_after_train"", ""1"", ""--patch_len"", ""16"", ""--stride"", ""8"", ""--forecast_export_path"", ""/home/cwh/Time-Series-Library/paper/neurocomputing/figures/fig3_curve_candidates/source_npz/etth1_h192_patchtst.npz"", ""--forecast_export_origin"", ""895"", ""--forecast_export_channel"", ""-1"", ""--forecast_export_context"", ""96"", ""--forecast_export_only""]"
ETTh1,192,TimesNet,timesnet,895,OT,/home/cwh/Time-Series-Library/paper/neurocomputing/figures/fig3_curve_candidates/source_npz/etth1_h192_timesnet.npz,/home/cwh/Time-Series-Library/logs/q2_main_baselines/records/timesnet_etth1_sl336_pl192_s2021.json,formal_seed2021_record,"[""/home/cwh/Time-Series-Library/logs/q2_main_baselines/records/timesnet_etth1_sl336_pl192_s2021.json""]","[""/home/cwh/Time-Series-Library/.venv/bin/python"", ""-u"", ""/home/cwh/Time-Series-Library/run.py"", ""--task_name"", ""long_term_forecast"", ""--is_training"", ""0"", ""--root_path"", ""/home/cwh/Time-Series-Library/dataset/ETT-small"", ""--data_path"", ""ETTh1.csv"", ""--model_id"", ""timesnet_etth1_sl336_pl192_s2021"", ""--model"", ""TimesNet"", ""--seed"", ""2021"", ""--data"", ""ETTh1"", ""--features"", ""M"", ""--target"", ""OT"", ""--freq"", ""h"", ""--seq_len"", ""336"", ""--label_len"", ""48"", ""--pred_len"", ""192"", ""--enc_in"", ""7"", ""--dec_in"", ""7"", ""--c_out"", ""7"", ""--d_model"", ""32"", ""--d_ff"", ""32"", ""--n_heads"", ""4"", ""--e_layers"", ""2"", ""--d_layers"", ""1"", ""--factor"", ""3"", ""--dropout"", ""0.1"", ""--batch_size"", ""32"", ""--learning_rate"", ""0.0001"", ""--train_epochs"", ""10"", ""--patience"", ""3"", ""--lradj"", ""type1"", ""--num_workers"", ""0"", ""--gpu"", ""0"", ""--des"", ""timesnet_etth1_sl336_pl192_s2021"", ""--itr"", ""1"", ""--checkpoints"", ""/home/cwh/Time-Series-Library/logs/q2_main_baselines/checkpoints"", ""--test_after_train"", ""1"", ""--top_k"", ""5"", ""--forecast_export_path"", ""/home/cwh/Time-Series-Library/paper/neurocomputing/figures/fig3_curve_candidates/source_npz/etth1_h192_timesnet.npz"", ""--forecast_export_origin"", ""895"", ""--forecast_export_channel"", ""-1"", ""--forecast_export_context"", ""96"", ""--forecast_export_only""]"
ETTh1,192,DLinear,dlinear,895,OT,/home/cwh/Time-Series-Library/paper/neurocomputing/figures/fig3_curve_candidates/source_npz/etth1_h192_dlinear.npz,/home/cwh/Time-Series-Library/logs/q2_main_baselines/records/dlinear_etth1_sl336_pl192_s2021.json,formal_seed2021_record,"[""/home/cwh/Time-Series-Library/logs/q2_main_baselines/records/dlinear_etth1_sl336_pl192_s2021.json""]","[""/home/cwh/Time-Series-Library/.venv/bin/python"", ""-u"", ""/home/cwh/Time-Series-Library/run.py"", ""--task_name"", ""long_term_forecast"", ""--is_training"", ""0"", ""--root_path"", ""/home/cwh/Time-Series-Library/dataset/ETT-small"", ""--data_path"", ""ETTh1.csv"", ""--model_id"", ""dlinear_etth1_sl336_pl192_s2021"", ""--model"", ""DLinear"", ""--seed"", ""2021"", ""--data"", ""ETTh1"", ""--features"", ""M"", ""--target"", ""OT"", ""--freq"", ""h"", ""--seq_len"", ""336"", ""--label_len"", ""48"", ""--pred_len"", ""192"", ""--enc_in"", ""7"", ""--dec_in"", ""7"", ""--c_out"", ""7"", ""--d_model"", ""32"", ""--d_ff"", ""64"", ""--n_heads"", ""4"", ""--e_layers"", ""2"", ""--d_layers"", ""1"", ""--factor"", ""3"", ""--dropout"", ""0.1"", ""--batch_size"", ""32"", ""--learning_rate"", ""0.0001"", ""--train_epochs"", ""10"", ""--patience"", ""3"", ""--lradj"", ""type1"", ""--num_workers"", ""0"", ""--gpu"", ""0"", ""--des"", ""dlinear_etth1_sl336_pl192_s2021"", ""--itr"", ""1"", ""--checkpoints"", ""/home/cwh/Time-Series-Library/logs/q2_main_baselines/checkpoints"", ""--test_after_train"", ""1"", ""--forecast_export_path"", ""/home/cwh/Time-Series-Library/paper/neurocomputing/figures/fig3_curve_candidates/source_npz/etth1_h192_dlinear.npz"", ""--forecast_export_origin"", ""895"", ""--forecast_export_channel"", ""-1"", ""--forecast_export_context"", ""96"", ""--forecast_export_only""]"
ETTh1,336,TimeRole,graphmambacmrhm,895,OT,/home/cwh/Time-Series-Library/paper/neurocomputing/figures/fig3_curve_candidates/source_npz/etth1_h336_graphmambacmrhm.npz,/home/cwh/Time-Series-Library/logs/q2_main_baselines/records/graphmambacmrhm_etth1_sl336_pl336_s2021.json,formal_seed2021_record,"[""/home/cwh/Time-Series-Library/logs/q2_main_baselines/records/graphmambacmrhm_etth1_sl336_pl336_s2021.json"", ""/home/cwh/Time-Series-Library/logs/cmrhm_unified_main/records/cmrhm_etth1_p336_s2021.json""]","[""/home/cwh/Time-Series-Library/.venv/bin/python"", ""-u"", ""/home/cwh/Time-Series-Library/run.py"", ""--task_name"", ""long_term_forecast"", ""--is_training"", ""0"", ""--root_path"", ""/home/cwh/Time-Series-Library/dataset/ETT-small"", ""--data_path"", ""ETTh1.csv"", ""--model_id"", ""ETTh1_96_336_cmrhm_unified_etth1_p336_s2021"", ""--model"", ""GraphMambaCMRHM"", ""--seed"", ""2021"", ""--data"", ""ETTh1"", ""--features"", ""M"", ""--target"", ""OT"", ""--seq_len"", ""336"", ""--label_len"", ""48"", ""--pred_len"", ""336"", ""--enc_in"", ""7"", ""--dec_in"", ""7"", ""--c_out"", ""7"", ""--patch_len"", ""4"", ""--stride"", ""2"", ""--d_model"", ""64"", ""--d_ff"", ""128"", ""--d_state"", ""32"", ""--d_conv"", ""2"", ""--e_layers"", ""1"", ""--expand"", ""2"", ""--mamba_version"", ""1"", ""--mamba_bidirectional"", ""1"", ""--use_graph"", ""1"", ""--use_time_mamba"", ""1"", ""--use_patch"", ""1"", ""--use_decomp"", ""1"", ""--moving_avg"", ""25"", ""--dual_scale_scan_mode"", ""independent_shared"", ""--periodic_period"", ""24"", ""--periodic_local_patch"", ""0"", ""--periodic_local_stride"", ""0"", ""--periodic_period_stride"", ""12"", ""--periodic_use_adapter"", ""1"", ""--graph_alpha"", ""0.5"", ""--graph_top_k"", ""2"", ""--graph_sample_size"", ""2000"", ""--graph_sample_method"", ""uniform"", ""--static_graph_mode"", ""weighted"", ""--graph_cache"", ""0"", ""--gc_graph_dim"", ""16"", ""--gc_temperature"", ""1.0"", ""--gc_residual_init"", ""0.5"", ""--gc_dynamic_graph"", ""1"", ""--gc_symmetric_graph"", ""1"", ""--gc_input_modulation"", ""1"", ""--gc_direction_fusion"", ""1"", ""--gc_parallel_residual"", ""1"", ""--af_hidden_dim"", ""32"", ""--af_rank"", ""16"", ""--af_mode"", ""variable_scale_residual"", ""--dropout"", ""0.1"", ""--batch_size"", ""32"", ""--learning_rate"", ""0.0005"", ""--lradj"", ""type1"", ""--train_epochs"", ""100"", ""--patience"", ""6"", ""--num_workers"", ""0"", ""--gpu"", ""0"", ""--des"", ""cmrhm_unified_etth1_p336_s2021"", ""--itr"", ""1"", ""--test_after_train"", ""1"", ""--checkpoints"", ""/home/cwh/Time-Series-Library/checkpoints"", ""--forecast_export_path"", ""/home/cwh/Time-Series-Library/paper/neurocomputing/figures/fig3_curve_candidates/source_npz/etth1_h336_graphmambacmrhm.npz"", ""--forecast_export_origin"", ""895"", ""--forecast_export_channel"", ""-1"", ""--forecast_export_context"", ""96"", ""--forecast_export_only""]"
ETTh1,336,S-Mamba,smamba,895,OT,/home/cwh/Time-Series-Library/paper/neurocomputing/figures/fig3_curve_candidates/source_npz/etth1_h336_smamba.npz,/home/cwh/Time-Series-Library/logs/q2_main_baselines/records/smamba_etth1_sl336_pl336_s2021.json,formal_seed2021_record,"[""/home/cwh/Time-Series-Library/logs/q2_main_baselines/records/smamba_etth1_sl336_pl336_s2021.json""]","[""/home/cwh/Time-Series-Library/.venv/bin/python"", ""-u"", ""/home/cwh/Time-Series-Library/run.py"", ""--task_name"", ""long_term_forecast"", ""--is_training"", ""0"", ""--root_path"", ""/home/cwh/Time-Series-Library/dataset/ETT-small"", ""--data_path"", ""ETTh1.csv"", ""--model_id"", ""smamba_etth1_sl336_pl336_s2021"", ""--model"", ""SMamba"", ""--seed"", ""2021"", ""--data"", ""ETTh1"", ""--features"", ""M"", ""--target"", ""OT"", ""--freq"", ""h"", ""--seq_len"", ""336"", ""--label_len"", ""48"", ""--pred_len"", ""336"", ""--enc_in"", ""7"", ""--dec_in"", ""7"", ""--c_out"", ""7"", ""--d_model"", ""256"", ""--d_ff"", ""256"", ""--n_heads"", ""4"", ""--e_layers"", ""2"", ""--d_layers"", ""1"", ""--factor"", ""3"", ""--dropout"", ""0.1"", ""--batch_size"", ""32"", ""--learning_rate"", ""5e-05"", ""--train_epochs"", ""10"", ""--patience"", ""3"", ""--lradj"", ""type1"", ""--num_workers"", ""0"", ""--gpu"", ""0"", ""--des"", ""smamba_etth1_sl336_pl336_s2021"", ""--itr"", ""1"", ""--checkpoints"", ""/home/cwh/Time-Series-Library/logs/q2_main_baselines/checkpoints"", ""--test_after_train"", ""1"", ""--d_state"", ""2"", ""--use_norm"", ""1"", ""--forecast_export_path"", ""/home/cwh/Time-Series-Library/paper/neurocomputing/figures/fig3_curve_candidates/source_npz/etth1_h336_smamba.npz"", ""--forecast_export_origin"", ""895"", ""--forecast_export_channel"", ""-1"", ""--forecast_export_context"", ""96"", ""--forecast_export_only""]"
ETTh1,336,iTransformer,itransformer,895,OT,/home/cwh/Time-Series-Library/paper/neurocomputing/figures/fig3_curve_candidates/source_npz/etth1_h336_itransformer.npz,/home/cwh/Time-Series-Library/logs/q2_main_baselines/records/itransformer_etth1_sl336_pl336_s2021.json,formal_seed2021_record,"[""/home/cwh/Time-Series-Library/logs/q2_main_baselines/records/itransformer_etth1_sl336_pl336_s2021.json""]","[""/home/cwh/Time-Series-Library/.venv/bin/python"", ""-u"", ""/home/cwh/Time-Series-Library/run.py"", ""--task_name"", ""long_term_forecast"", ""--is_training"", ""0"", ""--root_path"", ""/home/cwh/Time-Series-Library/dataset/ETT-small"", ""--data_path"", ""ETTh1.csv"", ""--model_id"", ""itransformer_etth1_sl336_pl336_s2021"", ""--model"", ""iTransformer"", ""--seed"", ""2021"", ""--data"", ""ETTh1"", ""--features"", ""M"", ""--target"", ""OT"", ""--freq"", ""h"", ""--seq_len"", ""336"", ""--label_len"", ""48"", ""--pred_len"", ""336"", ""--enc_in"", ""7"", ""--dec_in"", ""7"", ""--c_out"", ""7"", ""--d_model"", ""128"", ""--d_ff"", ""128"", ""--n_heads"", ""8"", ""--e_layers"", ""2"", ""--d_layers"", ""1"", ""--factor"", ""3"", ""--dropout"", ""0.1"", ""--batch_size"", ""32"", ""--learning_rate"", ""0.0001"", ""--train_epochs"", ""10"", ""--patience"", ""3"", ""--lradj"", ""type1"", ""--num_workers"", ""0"", ""--gpu"", ""0"", ""--des"", ""itransformer_etth1_sl336_pl336_s2021"", ""--itr"", ""1"", ""--checkpoints"", ""/home/cwh/Time-Series-Library/logs/q2_main_baselines/checkpoints"", ""--test_after_train"", ""1"", ""--forecast_export_path"", ""/home/cwh/Time-Series-Library/paper/neurocomputing/figures/fig3_curve_candidates/source_npz/etth1_h336_itransformer.npz"", ""--forecast_export_origin"", ""895"", ""--forecast_export_channel"", ""-1"", ""--forecast_export_context"", ""96"", ""--forecast_export_only""]"
ETTh1,336,TimeMixer,timemixer,895,OT,/home/cwh/Time-Series-Library/paper/neurocomputing/figures/fig3_curve_candidates/source_npz/etth1_h336_timemixer.npz,/home/cwh/Time-Series-Library/logs/q2_main_baselines/records/timemixer_etth1_sl336_pl336_s2021.json,formal_seed2021_record,"[""/home/cwh/Time-Series-Library/logs/q2_main_baselines/records/timemixer_etth1_sl336_pl336_s2021.json""]","[""/home/cwh/Time-Series-Library/.venv/bin/python"", ""-u"", ""/home/cwh/Time-Series-Library/run.py"", ""--task_name"", ""long_term_forecast"", ""--is_training"", ""0"", ""--root_path"", ""/home/cwh/Time-Series-Library/dataset/ETT-small"", ""--data_path"", ""ETTh1.csv"", ""--model_id"", ""timemixer_etth1_sl336_pl336_s2021"", ""--model"", ""TimeMixer"", ""--seed"", ""2021"", ""--data"", ""ETTh1"", ""--features"", ""M"", ""--target"", ""OT"", ""--freq"", ""h"", ""--seq_len"", ""336"", ""--label_len"", ""0"", ""--pred_len"", ""336"", ""--enc_in"", ""7"", ""--dec_in"", ""7"", ""--c_out"", ""7"", ""--d_model"", ""16"", ""--d_ff"", ""32"", ""--n_heads"", ""4"", ""--e_layers"", ""2"", ""--d_layers"", ""1"", ""--factor"", ""3"", ""--dropout"", ""0.1"", ""--batch_size"", ""32"", ""--learning_rate"", ""0.01"", ""--train_epochs"", ""10"", ""--patience"", ""10"", ""--lradj"", ""type1"", ""--num_workers"", ""0"", ""--gpu"", ""0"", ""--des"", ""timemixer_etth1_sl336_pl336_s2021"", ""--itr"", ""1"", ""--checkpoints"", ""/home/cwh/Time-Series-Library/logs/q2_main_baselines/checkpoints"", ""--test_after_train"", ""1"", ""--down_sampling_layers"", ""3"", ""--down_sampling_window"", ""2"", ""--down_sampling_method"", ""avg"", ""--forecast_export_path"", ""/home/cwh/Time-Series-Library/paper/neurocomputing/figures/fig3_curve_candidates/source_npz/etth1_h336_timemixer.npz"", ""--forecast_export_origin"", ""895"", ""--forecast_export_channel"", ""-1"", ""--forecast_export_context"", ""96"", ""--forecast_export_only""]"
ETTh1,336,MSGNet,msgnet,895,OT,/home/cwh/Time-Series-Library/paper/neurocomputing/figures/fig3_curve_candidates/source_npz/etth1_h336_msgnet.npz,/home/cwh/Time-Series-Library/logs/q2_main_baselines/records/msgnet_etth1_sl336_pl336_s2021.json,formal_seed2021_record,"[""/home/cwh/Time-Series-Library/logs/q2_main_baselines/records/msgnet_etth1_sl336_pl336_s2021.json""]","[""/home/cwh/Time-Series-Library/.venv/bin/python"", ""-u"", ""/home/cwh/Time-Series-Library/run.py"", ""--task_name"", ""long_term_forecast"", ""--is_training"", ""0"", ""--root_path"", ""/home/cwh/Time-Series-Library/dataset/ETT-small"", ""--data_path"", ""ETTh1.csv"", ""--model_id"", ""msgnet_etth1_sl336_pl336_s2021"", ""--model"", ""MSGNet"", ""--seed"", ""2021"", ""--data"", ""ETTh1"", ""--features"", ""M"", ""--target"", ""OT"", ""--freq"", ""h"", ""--seq_len"", ""336"", ""--label_len"", ""48"", ""--pred_len"", ""336"", ""--enc_in"", ""7"", ""--dec_in"", ""7"", ""--c_out"", ""7"", ""--d_model"", ""32"", ""--d_ff"", ""64"", ""--n_heads"", ""4"", ""--e_layers"", ""2"", ""--d_layers"", ""1"", ""--factor"", ""3"", ""--dropout"", ""0.1"", ""--batch_size"", ""32"", ""--learning_rate"", ""0.0001"", ""--train_epochs"", ""10"", ""--patience"", ""3"", ""--lradj"", ""type1"", ""--num_workers"", ""0"", ""--gpu"", ""0"", ""--des"", ""msgnet_etth1_sl336_pl336_s2021"", ""--itr"", ""1"", ""--checkpoints"", ""/home/cwh/Time-Series-Library/logs/q2_main_baselines/checkpoints"", ""--test_after_train"", ""1"", ""--top_k"", ""3"", ""--conv_channel"", ""32"", ""--skip_channel"", ""32"", ""--forecast_export_path"", ""/home/cwh/Time-Series-Library/paper/neurocomputing/figures/fig3_curve_candidates/source_npz/etth1_h336_msgnet.npz"", ""--forecast_export_origin"", ""895"", ""--forecast_export_channel"", ""-1"", ""--forecast_export_context"", ""96"", ""--forecast_export_only""]"
ETTh1,336,PatchTST,patchtst,895,OT,/home/cwh/Time-Series-Library/paper/neurocomputing/figures/fig3_curve_candidates/source_npz/etth1_h336_patchtst.npz,/home/cwh/Time-Series-Library/logs/q2_main_baselines/records/patchtst_etth1_sl336_pl336_s2021.json,formal_seed2021_record,"[""/home/cwh/Time-Series-Library/logs/q2_main_baselines/records/patchtst_etth1_sl336_pl336_s2021.json""]","[""/home/cwh/Time-Series-Library/.venv/bin/python"", ""-u"", ""/home/cwh/Time-Series-Library/run.py"", ""--task_name"", ""long_term_forecast"", ""--is_training"", ""0"", ""--root_path"", ""/home/cwh/Time-Series-Library/dataset/ETT-small"", ""--data_path"", ""ETTh1.csv"", ""--model_id"", ""patchtst_etth1_sl336_pl336_s2021"", ""--model"", ""PatchTST"", ""--seed"", ""2021"", ""--data"", ""ETTh1"", ""--features"", ""M"", ""--target"", ""OT"", ""--freq"", ""h"", ""--seq_len"", ""336"", ""--label_len"", ""48"", ""--pred_len"", ""336"", ""--enc_in"", ""7"", ""--dec_in"", ""7"", ""--c_out"", ""7"", ""--d_model"", ""512"", ""--d_ff"", ""2048"", ""--n_heads"", ""8"", ""--e_layers"", ""1"", ""--d_layers"", ""1"", ""--factor"", ""3"", ""--dropout"", ""0.1"", ""--batch_size"", ""32"", ""--learning_rate"", ""0.0001"", ""--train_epochs"", ""10"", ""--patience"", ""3"", ""--lradj"", ""type1"", ""--num_workers"", ""0"", ""--gpu"", ""0"", ""--des"", ""patchtst_etth1_sl336_pl336_s2021"", ""--itr"", ""1"", ""--checkpoints"", ""/home/cwh/Time-Series-Library/logs/q2_main_baselines/checkpoints"", ""--test_after_train"", ""1"", ""--patch_len"", ""16"", ""--stride"", ""8"", ""--forecast_export_path"", ""/home/cwh/Time-Series-Library/paper/neurocomputing/figures/fig3_curve_candidates/source_npz/etth1_h336_patchtst.npz"", ""--forecast_export_origin"", ""895"", ""--forecast_export_channel"", ""-1"", ""--forecast_export_context"", ""96"", ""--forecast_export_only""]"
ETTh1,336,TimesNet,timesnet,895,OT,/home/cwh/Time-Series-Library/paper/neurocomputing/figures/fig3_curve_candidates/source_npz/etth1_h336_timesnet.npz,/home/cwh/Time-Series-Library/logs/q2_main_baselines/records/timesnet_etth1_sl336_pl336_s2021.json,formal_seed2021_record,"[""/home/cwh/Time-Series-Library/logs/q2_main_baselines/records/timesnet_etth1_sl336_pl336_s2021.json""]","[""/home/cwh/Time-Series-Library/.venv/bin/python"", ""-u"", ""/home/cwh/Time-Series-Library/run.py"", ""--task_name"", ""long_term_forecast"", ""--is_training"", ""0"", ""--root_path"", ""/home/cwh/Time-Series-Library/dataset/ETT-small"", ""--data_path"", ""ETTh1.csv"", ""--model_id"", ""timesnet_etth1_sl336_pl336_s2021"", ""--model"", ""TimesNet"", ""--seed"", ""2021"", ""--data"", ""ETTh1"", ""--features"", ""M"", ""--target"", ""OT"", ""--freq"", ""h"", ""--seq_len"", ""336"", ""--label_len"", ""48"", ""--pred_len"", ""336"", ""--enc_in"", ""7"", ""--dec_in"", ""7"", ""--c_out"", ""7"", ""--d_model"", ""32"", ""--d_ff"", ""32"", ""--n_heads"", ""4"", ""--e_layers"", ""2"", ""--d_layers"", ""1"", ""--factor"", ""3"", ""--dropout"", ""0.1"", ""--batch_size"", ""32"", ""--learning_rate"", ""0.0001"", ""--train_epochs"", ""10"", ""--patience"", ""3"", ""--lradj"", ""type1"", ""--num_workers"", ""0"", ""--gpu"", ""0"", ""--des"", ""timesnet_etth1_sl336_pl336_s2021"", ""--itr"", ""1"", ""--checkpoints"", ""/home/cwh/Time-Series-Library/logs/q2_main_baselines/checkpoints"", ""--test_after_train"", ""1"", ""--top_k"", ""5"", ""--forecast_export_path"", ""/home/cwh/Time-Series-Library/paper/neurocomputing/figures/fig3_curve_candidates/source_npz/etth1_h336_timesnet.npz"", ""--forecast_export_origin"", ""895"", ""--forecast_export_channel"", ""-1"", ""--forecast_export_context"", ""96"", ""--forecast_export_only""]"
ETTh1,336,DLinear,dlinear,895,OT,/home/cwh/Time-Series-Library/paper/neurocomputing/figures/fig3_curve_candidates/source_npz/etth1_h336_dlinear.npz,/home/cwh/Time-Series-Library/logs/q2_main_baselines/records/dlinear_etth1_sl336_pl336_s2021.json,formal_seed2021_record,"[""/home/cwh/Time-Series-Library/logs/q2_main_baselines/records/dlinear_etth1_sl336_pl336_s2021.json""]","[""/home/cwh/Time-Series-Library/.venv/bin/python"", ""-u"", ""/home/cwh/Time-Series-Library/run.py"", ""--task_name"", ""long_term_forecast"", ""--is_training"", ""0"", ""--root_path"", ""/home/cwh/Time-Series-Library/dataset/ETT-small"", ""--data_path"", ""ETTh1.csv"", ""--model_id"", ""dlinear_etth1_sl336_pl336_s2021"", ""--model"", ""DLinear"", ""--seed"", ""2021"", ""--data"", ""ETTh1"", ""--features"", ""M"", ""--target"", ""OT"", ""--freq"", ""h"", ""--seq_len"", ""336"", ""--label_len"", ""48"", ""--pred_len"", ""336"", ""--enc_in"", ""7"", ""--dec_in"", ""7"", ""--c_out"", ""7"", ""--d_model"", ""32"", ""--d_ff"", ""64"", ""--n_heads"", ""4"", ""--e_layers"", ""2"", ""--d_layers"", ""1"", ""--factor"", ""3"", ""--dropout"", ""0.1"", ""--batch_size"", ""32"", ""--learning_rate"", ""0.0001"", ""--train_epochs"", ""10"", ""--patience"", ""3"", ""--lradj"", ""type1"", ""--num_workers"", ""0"", ""--gpu"", ""0"", ""--des"", ""dlinear_etth1_sl336_pl336_s2021"", ""--itr"", ""1"", ""--checkpoints"", ""/home/cwh/Time-Series-Library/logs/q2_main_baselines/checkpoints"", ""--test_after_train"", ""1"", ""--forecast_export_path"", ""/home/cwh/Time-Series-Library/paper/neurocomputing/figures/fig3_curve_candidates/source_npz/etth1_h336_dlinear.npz"", ""--forecast_export_origin"", ""895"", ""--forecast_export_channel"", ""-1"", ""--forecast_export_context"", ""96"", ""--forecast_export_only""]"
ETTh1,720,TimeRole,graphmambacmrhm,895,OT,/home/cwh/Time-Series-Library/paper/neurocomputing/figures/fig3_curve_candidates/source_npz/etth1_h720_graphmambacmrhm.npz,/home/cwh/Time-Series-Library/logs/q2_main_baselines/records/graphmambacmrhm_etth1_sl336_pl720_s2021.json,formal_seed2021_record,"[""/home/cwh/Time-Series-Library/logs/q2_main_baselines/records/graphmambacmrhm_etth1_sl336_pl720_s2021.json"", ""/home/cwh/Time-Series-Library/logs/cmrhm_unified_main/records/cmrhm_etth1_p720_s2021.json""]","[""/home/cwh/Time-Series-Library/.venv/bin/python"", ""-u"", ""/home/cwh/Time-Series-Library/run.py"", ""--task_name"", ""long_term_forecast"", ""--is_training"", ""0"", ""--root_path"", ""/home/cwh/Time-Series-Library/dataset/ETT-small"", ""--data_path"", ""ETTh1.csv"", ""--model_id"", ""ETTh1_96_720_q2f_etth1_p720_c_s2021"", ""--model"", ""GraphMambaCMRHM"", ""--seed"", ""2021"", ""--data"", ""ETTh1"", ""--features"", ""M"", ""--target"", ""OT"", ""--seq_len"", ""336"", ""--label_len"", ""48"", ""--pred_len"", ""720"", ""--enc_in"", ""7"", ""--dec_in"", ""7"", ""--c_out"", ""7"", ""--patch_len"", ""4"", ""--stride"", ""2"", ""--d_model"", ""64"", ""--d_ff"", ""128"", ""--d_state"", ""32"", ""--d_conv"", ""2"", ""--e_layers"", ""1"", ""--expand"", ""2"", ""--mamba_version"", ""1"", ""--mamba_bidirectional"", ""1"", ""--use_graph"", ""1"", ""--use_time_mamba"", ""1"", ""--use_patch"", ""1"", ""--use_decomp"", ""1"", ""--moving_avg"", ""25"", ""--dual_scale_scan_mode"", ""independent_shared"", ""--periodic_period"", ""24"", ""--periodic_local_patch"", ""4"", ""--periodic_local_stride"", ""2"", ""--periodic_period_stride"", ""12"", ""--periodic_use_adapter"", ""1"", ""--graph_alpha"", ""0.5"", ""--graph_top_k"", ""2"", ""--graph_sample_size"", ""2000"", ""--graph_sample_method"", ""uniform"", ""--static_graph_mode"", ""weighted"", ""--graph_cache"", ""0"", ""--gc_graph_dim"", ""16"", ""--gc_temperature"", ""1.0"", ""--gc_residual_init"", ""0.5"", ""--gc_dynamic_graph"", ""1"", ""--gc_symmetric_graph"", ""1"", ""--gc_input_modulation"", ""1"", ""--gc_direction_fusion"", ""1"", ""--gc_parallel_residual"", ""1"", ""--af_hidden_dim"", ""32"", ""--af_rank"", ""16"", ""--af_mode"", ""variable_scale_residual"", ""--dropout"", ""0.1"", ""--batch_size"", ""32"", ""--learning_rate"", ""0.0005"", ""--lradj"", ""type1"", ""--train_epochs"", ""100"", ""--patience"", ""6"", ""--num_workers"", ""0"", ""--gpu"", ""0"", ""--des"", ""q2f_etth1_p720_c_s2021"", ""--itr"", ""1"", ""--test_after_train"", ""0"", ""--evaluation_split"", ""test"", ""--checkpoints"", ""/home/cwh/Time-Series-Library/checkpoints"", ""--forecast_export_path"", ""/home/cwh/Time-Series-Library/paper/neurocomputing/figures/fig3_curve_candidates/source_npz/etth1_h720_graphmambacmrhm.npz"", ""--forecast_export_origin"", ""895"", ""--forecast_export_channel"", ""-1"", ""--forecast_export_context"", ""96"", ""--forecast_export_only""]"
ETTh1,720,S-Mamba,smamba,895,OT,/home/cwh/Time-Series-Library/paper/neurocomputing/figures/fig3_curve_candidates/source_npz/etth1_h720_smamba.npz,/home/cwh/Time-Series-Library/logs/q2_main_baselines/records/smamba_etth1_sl336_pl720_s2021.json,formal_seed2021_record,"[""/home/cwh/Time-Series-Library/logs/q2_main_baselines/records/smamba_etth1_sl336_pl720_s2021.json""]","[""/home/cwh/Time-Series-Library/.venv/bin/python"", ""-u"", ""/home/cwh/Time-Series-Library/run.py"", ""--task_name"", ""long_term_forecast"", ""--is_training"", ""0"", ""--root_path"", ""/home/cwh/Time-Series-Library/dataset/ETT-small"", ""--data_path"", ""ETTh1.csv"", ""--model_id"", ""smamba_etth1_sl336_pl720_s2021"", ""--model"", ""SMamba"", ""--seed"", ""2021"", ""--data"", ""ETTh1"", ""--features"", ""M"", ""--target"", ""OT"", ""--freq"", ""h"", ""--seq_len"", ""336"", ""--label_len"", ""48"", ""--pred_len"", ""720"", ""--enc_in"", ""7"", ""--dec_in"", ""7"", ""--c_out"", ""7"", ""--d_model"", ""256"", ""--d_ff"", ""256"", ""--n_heads"", ""4"", ""--e_layers"", ""2"", ""--d_layers"", ""1"", ""--factor"", ""3"", ""--dropout"", ""0.1"", ""--batch_size"", ""32"", ""--learning_rate"", ""5e-05"", ""--train_epochs"", ""10"", ""--patience"", ""3"", ""--lradj"", ""type1"", ""--num_workers"", ""0"", ""--gpu"", ""0"", ""--des"", ""smamba_etth1_sl336_pl720_s2021"", ""--itr"", ""1"", ""--checkpoints"", ""/home/cwh/Time-Series-Library/logs/q2_main_baselines/checkpoints"", ""--test_after_train"", ""1"", ""--d_state"", ""2"", ""--use_norm"", ""1"", ""--forecast_export_path"", ""/home/cwh/Time-Series-Library/paper/neurocomputing/figures/fig3_curve_candidates/source_npz/etth1_h720_smamba.npz"", ""--forecast_export_origin"", ""895"", ""--forecast_export_channel"", ""-1"", ""--forecast_export_context"", ""96"", ""--forecast_export_only""]"
ETTh1,720,iTransformer,itransformer,895,OT,/home/cwh/Time-Series-Library/paper/neurocomputing/figures/fig3_curve_candidates/source_npz/etth1_h720_itransformer.npz,/home/cwh/Time-Series-Library/logs/q2_main_baselines/records/itransformer_etth1_sl336_pl720_s2021.json,formal_seed2021_record,"[""/home/cwh/Time-Series-Library/logs/q2_main_baselines/records/itransformer_etth1_sl336_pl720_s2021.json""]","[""/home/cwh/Time-Series-Library/.venv/bin/python"", ""-u"", ""/home/cwh/Time-Series-Library/run.py"", ""--task_name"", ""long_term_forecast"", ""--is_training"", ""0"", ""--root_path"", ""/home/cwh/Time-Series-Library/dataset/ETT-small"", ""--data_path"", ""ETTh1.csv"", ""--model_id"", ""itransformer_etth1_sl336_pl720_s2021"", ""--model"", ""iTransformer"", ""--seed"", ""2021"", ""--data"", ""ETTh1"", ""--features"", ""M"", ""--target"", ""OT"", ""--freq"", ""h"", ""--seq_len"", ""336"", ""--label_len"", ""48"", ""--pred_len"", ""720"", ""--enc_in"", ""7"", ""--dec_in"", ""7"", ""--c_out"", ""7"", ""--d_model"", ""128"", ""--d_ff"", ""128"", ""--n_heads"", ""8"", ""--e_layers"", ""2"", ""--d_layers"", ""1"", ""--factor"", ""3"", ""--dropout"", ""0.1"", ""--batch_size"", ""32"", ""--learning_rate"", ""0.0001"", ""--train_epochs"", ""10"", ""--patience"", ""3"", ""--lradj"", ""type1"", ""--num_workers"", ""0"", ""--gpu"", ""0"", ""--des"", ""itransformer_etth1_sl336_pl720_s2021"", ""--itr"", ""1"", ""--checkpoints"", ""/home/cwh/Time-Series-Library/logs/q2_main_baselines/checkpoints"", ""--test_after_train"", ""1"", ""--forecast_export_path"", ""/home/cwh/Time-Series-Library/paper/neurocomputing/figures/fig3_curve_candidates/source_npz/etth1_h720_itransformer.npz"", ""--forecast_export_origin"", ""895"", ""--forecast_export_channel"", ""-1"", ""--forecast_export_context"", ""96"", ""--forecast_export_only""]"
ETTh1,720,TimeMixer,timemixer,895,OT,/home/cwh/Time-Series-Library/paper/neurocomputing/figures/fig3_curve_candidates/source_npz/etth1_h720_timemixer.npz,/home/cwh/Time-Series-Library/logs/q2_main_baselines/records/timemixer_etth1_sl336_pl720_s2021.json,formal_seed2021_record,"[""/home/cwh/Time-Series-Library/logs/q2_main_baselines/records/timemixer_etth1_sl336_pl720_s2021.json""]","[""/home/cwh/Time-Series-Library/.venv/bin/python"", ""-u"", ""/home/cwh/Time-Series-Library/run.py"", ""--task_name"", ""long_term_forecast"", ""--is_training"", ""0"", ""--root_path"", ""/home/cwh/Time-Series-Library/dataset/ETT-small"", ""--data_path"", ""ETTh1.csv"", ""--model_id"", ""timemixer_etth1_sl336_pl720_s2021"", ""--model"", ""TimeMixer"", ""--seed"", ""2021"", ""--data"", ""ETTh1"", ""--features"", ""M"", ""--target"", ""OT"", ""--freq"", ""h"", ""--seq_len"", ""336"", ""--label_len"", ""0"", ""--pred_len"", ""720"", ""--enc_in"", ""7"", ""--dec_in"", ""7"", ""--c_out"", ""7"", ""--d_model"", ""16"", ""--d_ff"", ""32"", ""--n_heads"", ""4"", ""--e_layers"", ""2"", ""--d_layers"", ""1"", ""--factor"", ""3"", ""--dropout"", ""0.1"", ""--batch_size"", ""32"", ""--learning_rate"", ""0.01"", ""--train_epochs"", ""10"", ""--patience"", ""10"", ""--lradj"", ""type1"", ""--num_workers"", ""0"", ""--gpu"", ""0"", ""--des"", ""timemixer_etth1_sl336_pl720_s2021"", ""--itr"", ""1"", ""--checkpoints"", ""/home/cwh/Time-Series-Library/logs/q2_main_baselines/checkpoints"", ""--test_after_train"", ""1"", ""--down_sampling_layers"", ""3"", ""--down_sampling_window"", ""2"", ""--down_sampling_method"", ""avg"", ""--forecast_export_path"", ""/home/cwh/Time-Series-Library/paper/neurocomputing/figures/fig3_curve_candidates/source_npz/etth1_h720_timemixer.npz"", ""--forecast_export_origin"", ""895"", ""--forecast_export_channel"", ""-1"", ""--forecast_export_context"", ""96"", ""--forecast_export_only""]"
ETTh1,720,MSGNet,msgnet,895,OT,/home/cwh/Time-Series-Library/paper/neurocomputing/figures/fig3_curve_candidates/source_npz/etth1_h720_msgnet.npz,/home/cwh/Time-Series-Library/logs/q2_main_baselines/records/msgnet_etth1_sl336_pl720_s2021.json,formal_seed2021_record,"[""/home/cwh/Time-Series-Library/logs/q2_main_baselines/records/msgnet_etth1_sl336_pl720_s2021.json""]","[""/home/cwh/Time-Series-Library/.venv/bin/python"", ""-u"", ""/home/cwh/Time-Series-Library/run.py"", ""--task_name"", ""long_term_forecast"", ""--is_training"", ""0"", ""--root_path"", ""/home/cwh/Time-Series-Library/dataset/ETT-small"", ""--data_path"", ""ETTh1.csv"", ""--model_id"", ""msgnet_etth1_sl336_pl720_s2021"", ""--model"", ""MSGNet"", ""--seed"", ""2021"", ""--data"", ""ETTh1"", ""--features"", ""M"", ""--target"", ""OT"", ""--freq"", ""h"", ""--seq_len"", ""336"", ""--label_len"", ""48"", ""--pred_len"", ""720"", ""--enc_in"", ""7"", ""--dec_in"", ""7"", ""--c_out"", ""7"", ""--d_model"", ""16"", ""--d_ff"", ""32"", ""--n_heads"", ""4"", ""--e_layers"", ""1"", ""--d_layers"", ""1"", ""--factor"", ""3"", ""--dropout"", ""0.1"", ""--batch_size"", ""32"", ""--learning_rate"", ""0.0001"", ""--train_epochs"", ""10"", ""--patience"", ""3"", ""--lradj"", ""type1"", ""--num_workers"", ""0"", ""--gpu"", ""0"", ""--des"", ""msgnet_etth1_sl336_pl720_s2021"", ""--itr"", ""1"", ""--checkpoints"", ""/home/cwh/Time-Series-Library/logs/q2_main_baselines/checkpoints"", ""--test_after_train"", ""1"", ""--top_k"", ""3"", ""--conv_channel"", ""32"", ""--skip_channel"", ""32"", ""--forecast_export_path"", ""/home/cwh/Time-Series-Library/paper/neurocomputing/figures/fig3_curve_candidates/source_npz/etth1_h720_msgnet.npz"", ""--forecast_export_origin"", ""895"", ""--forecast_export_channel"", ""-1"", ""--forecast_export_context"", ""96"", ""--forecast_export_only""]"
ETTh1,720,PatchTST,patchtst,895,OT,/home/cwh/Time-Series-Library/paper/neurocomputing/figures/fig3_curve_candidates/source_npz/etth1_h720_patchtst.npz,/home/cwh/Time-Series-Library/logs/q2_main_baselines/records/patchtst_etth1_sl336_pl720_s2021.json,formal_seed2021_record,"[""/home/cwh/Time-Series-Library/logs/q2_main_baselines/records/patchtst_etth1_sl336_pl720_s2021.json""]","[""/home/cwh/Time-Series-Library/.venv/bin/python"", ""-u"", ""/home/cwh/Time-Series-Library/run.py"", ""--task_name"", ""long_term_forecast"", ""--is_training"", ""0"", ""--root_path"", ""/home/cwh/Time-Series-Library/dataset/ETT-small"", ""--data_path"", ""ETTh1.csv"", ""--model_id"", ""patchtst_etth1_sl336_pl720_s2021"", ""--model"", ""PatchTST"", ""--seed"", ""2021"", ""--data"", ""ETTh1"", ""--features"", ""M"", ""--target"", ""OT"", ""--freq"", ""h"", ""--seq_len"", ""336"", ""--label_len"", ""48"", ""--pred_len"", ""720"", ""--enc_in"", ""7"", ""--dec_in"", ""7"", ""--c_out"", ""7"", ""--d_model"", ""512"", ""--d_ff"", ""2048"", ""--n_heads"", ""8"", ""--e_layers"", ""1"", ""--d_layers"", ""1"", ""--factor"", ""3"", ""--dropout"", ""0.1"", ""--batch_size"", ""32"", ""--learning_rate"", ""0.0001"", ""--train_epochs"", ""10"", ""--patience"", ""3"", ""--lradj"", ""type1"", ""--num_workers"", ""0"", ""--gpu"", ""0"", ""--des"", ""patchtst_etth1_sl336_pl720_s2021"", ""--itr"", ""1"", ""--checkpoints"", ""/home/cwh/Time-Series-Library/logs/q2_main_baselines/checkpoints"", ""--test_after_train"", ""1"", ""--patch_len"", ""16"", ""--stride"", ""8"", ""--forecast_export_path"", ""/home/cwh/Time-Series-Library/paper/neurocomputing/figures/fig3_curve_candidates/source_npz/etth1_h720_patchtst.npz"", ""--forecast_export_origin"", ""895"", ""--forecast_export_channel"", ""-1"", ""--forecast_export_context"", ""96"", ""--forecast_export_only""]"
ETTh1,720,TimesNet,timesnet,895,OT,/home/cwh/Time-Series-Library/paper/neurocomputing/figures/fig3_curve_candidates/source_npz/etth1_h720_timesnet.npz,/home/cwh/Time-Series-Library/logs/q2_main_baselines/records/timesnet_etth1_sl336_pl720_s2021.json,formal_seed2021_record,"[""/home/cwh/Time-Series-Library/logs/q2_main_baselines/records/timesnet_etth1_sl336_pl720_s2021.json""]","[""/home/cwh/Time-Series-Library/.venv/bin/python"", ""-u"", ""/home/cwh/Time-Series-Library/run.py"", ""--task_name"", ""long_term_forecast"", ""--is_training"", ""0"", ""--root_path"", ""/home/cwh/Time-Series-Library/dataset/ETT-small"", ""--data_path"", ""ETTh1.csv"", ""--model_id"", ""timesnet_etth1_sl336_pl720_s2021"", ""--model"", ""TimesNet"", ""--seed"", ""2021"", ""--data"", ""ETTh1"", ""--features"", ""M"", ""--target"", ""OT"", ""--freq"", ""h"", ""--seq_len"", ""336"", ""--label_len"", ""48"", ""--pred_len"", ""720"", ""--enc_in"", ""7"", ""--dec_in"", ""7"", ""--c_out"", ""7"", ""--d_model"", ""32"", ""--d_ff"", ""32"", ""--n_heads"", ""4"", ""--e_layers"", ""2"", ""--d_layers"", ""1"", ""--factor"", ""3"", ""--dropout"", ""0.1"", ""--batch_size"", ""32"", ""--learning_rate"", ""0.0001"", ""--train_epochs"", ""10"", ""--patience"", ""3"", ""--lradj"", ""type1"", ""--num_workers"", ""0"", ""--gpu"", ""0"", ""--des"", ""timesnet_etth1_sl336_pl720_s2021"", ""--itr"", ""1"", ""--checkpoints"", ""/home/cwh/Time-Series-Library/logs/q2_main_baselines/checkpoints"", ""--test_after_train"", ""1"", ""--top_k"", ""5"", ""--forecast_export_path"", ""/home/cwh/Time-Series-Library/paper/neurocomputing/figures/fig3_curve_candidates/source_npz/etth1_h720_timesnet.npz"", ""--forecast_export_origin"", ""895"", ""--forecast_export_channel"", ""-1"", ""--forecast_export_context"", ""96"", ""--forecast_export_only""]"
ETTh1,720,DLinear,dlinear,895,OT,/home/cwh/Time-Series-Library/paper/neurocomputing/figures/fig3_curve_candidates/source_npz/etth1_h720_dlinear.npz,/home/cwh/Time-Series-Library/logs/q2_main_baselines/records/dlinear_etth1_sl336_pl720_s2021.json,formal_seed2021_record,"[""/home/cwh/Time-Series-Library/logs/q2_main_baselines/records/dlinear_etth1_sl336_pl720_s2021.json""]","[""/home/cwh/Time-Series-Library/.venv/bin/python"", ""-u"", ""/home/cwh/Time-Series-Library/run.py"", ""--task_name"", ""long_term_forecast"", ""--is_training"", ""0"", ""--root_path"", ""/home/cwh/Time-Series-Library/dataset/ETT-small"", ""--data_path"", ""ETTh1.csv"", ""--model_id"", ""dlinear_etth1_sl336_pl720_s2021"", ""--model"", ""DLinear"", ""--seed"", ""2021"", ""--data"", ""ETTh1"", ""--features"", ""M"", ""--target"", ""OT"", ""--freq"", ""h"", ""--seq_len"", ""336"", ""--label_len"", ""48"", ""--pred_len"", ""720"", ""--enc_in"", ""7"", ""--dec_in"", ""7"", ""--c_out"", ""7"", ""--d_model"", ""32"", ""--d_ff"", ""64"", ""--n_heads"", ""4"", ""--e_layers"", ""2"", ""--d_layers"", ""1"", ""--factor"", ""3"", ""--dropout"", ""0.1"", ""--batch_size"", ""32"", ""--learning_rate"", ""0.0001"", ""--train_epochs"", ""10"", ""--patience"", ""3"", ""--lradj"", ""type1"", ""--num_workers"", ""0"", ""--gpu"", ""0"", ""--des"", ""dlinear_etth1_sl336_pl720_s2021"", ""--itr"", ""1"", ""--checkpoints"", ""/home/cwh/Time-Series-Library/logs/q2_main_baselines/checkpoints"", ""--test_after_train"", ""1"", ""--forecast_export_path"", ""/home/cwh/Time-Series-Library/paper/neurocomputing/figures/fig3_curve_candidates/source_npz/etth1_h720_dlinear.npz"", ""--forecast_export_origin"", ""895"", ""--forecast_export_channel"", ""-1"", ""--forecast_export_context"", ""96"", ""--forecast_export_only""]"
ETTh2,96,TimeRole,graphmambacmrhm,408,OT,/home/cwh/Time-Series-Library/paper/neurocomputing/figures/fig3_curve_candidates/source_npz/etth2_h96_graphmambacmrhm.npz,/home/cwh/Time-Series-Library/logs/q2_main_baselines/records/graphmambacmrhm_etth2_sl336_pl96_s2021.json,formal_seed2021_record,"[""/home/cwh/Time-Series-Library/logs/q2_main_baselines/records/graphmambacmrhm_etth2_sl336_pl96_s2021.json"", ""/home/cwh/Time-Series-Library/logs/cmrhm_unified_main/records/cmrhm_etth2_p96_s2021.json""]","[""/home/cwh/Time-Series-Library/.venv/bin/python"", ""-u"", ""/home/cwh/Time-Series-Library/run.py"", ""--task_name"", ""long_term_forecast"", ""--is_training"", ""0"", ""--root_path"", ""/home/cwh/Time-Series-Library/dataset/ETT-small"", ""--data_path"", ""ETTh2.csv"", ""--model_id"", ""ETTh2_96_96_cmrhm_unified_etth2_p96_s2021"", ""--model"", ""GraphMambaCMRHM"", ""--seed"", ""2021"", ""--data"", ""ETTh2"", ""--features"", ""M"", ""--target"", ""OT"", ""--seq_len"", ""336"", ""--label_len"", ""48"", ""--pred_len"", ""96"", ""--enc_in"", ""7"", ""--dec_in"", ""7"", ""--c_out"", ""7"", ""--patch_len"", ""4"", ""--stride"", ""2"", ""--d_model"", ""64"", ""--d_ff"", ""128"", ""--d_state"", ""32"", ""--d_conv"", ""2"", ""--e_layers"", ""1"", ""--expand"", ""2"", ""--mamba_version"", ""1"", ""--mamba_bidirectional"", ""1"", ""--use_graph"", ""1"", ""--use_time_mamba"", ""1"", ""--use_patch"", ""1"", ""--use_decomp"", ""1"", ""--moving_avg"", ""25"", ""--dual_scale_scan_mode"", ""independent_shared"", ""--periodic_period"", ""24"", ""--periodic_local_patch"", ""0"", ""--periodic_local_stride"", ""0"", ""--periodic_period_stride"", ""12"", ""--periodic_use_adapter"", ""1"", ""--graph_alpha"", ""0.5"", ""--graph_top_k"", ""2"", ""--graph_sample_size"", ""2000"", ""--graph_sample_method"", ""uniform"", ""--static_graph_mode"", ""weighted"", ""--graph_cache"", ""0"", ""--gc_graph_dim"", ""16"", ""--gc_temperature"", ""1.0"", ""--gc_residual_init"", ""0.5"", ""--gc_dynamic_graph"", ""1"", ""--gc_symmetric_graph"", ""1"", ""--gc_input_modulation"", ""1"", ""--gc_direction_fusion"", ""1"", ""--gc_parallel_residual"", ""1"", ""--af_hidden_dim"", ""32"", ""--af_rank"", ""16"", ""--af_mode"", ""variable_scale_residual"", ""--dropout"", ""0.1"", ""--batch_size"", ""32"", ""--learning_rate"", ""0.0005"", ""--lradj"", ""type1"", ""--train_epochs"", ""100"", ""--patience"", ""6"", ""--num_workers"", ""0"", ""--gpu"", ""0"", ""--des"", ""cmrhm_unified_etth2_p96_s2021"", ""--itr"", ""1"", ""--test_after_train"", ""1"", ""--checkpoints"", ""/home/cwh/Time-Series-Library/checkpoints"", ""--forecast_export_path"", ""/home/cwh/Time-Series-Library/paper/neurocomputing/figures/fig3_curve_candidates/source_npz/etth2_h96_graphmambacmrhm.npz"", ""--forecast_export_origin"", ""408"", ""--forecast_export_channel"", ""-1"", ""--forecast_export_context"", ""96"", ""--forecast_export_only""]"
ETTh2,96,S-Mamba,smamba,408,OT,/home/cwh/Time-Series-Library/paper/neurocomputing/figures/fig3_curve_candidates/source_npz/etth2_h96_smamba.npz,/home/cwh/Time-Series-Library/logs/q2_main_baselines/records/smamba_etth2_sl336_pl96_s2021.json,formal_seed2021_record,"[""/home/cwh/Time-Series-Library/logs/q2_main_baselines/records/smamba_etth2_sl336_pl96_s2021.json""]","[""/home/cwh/Time-Series-Library/.venv/bin/python"", ""-u"", ""/home/cwh/Time-Series-Library/run.py"", ""--task_name"", ""long_term_forecast"", ""--is_training"", ""0"", ""--root_path"", ""/home/cwh/Time-Series-Library/dataset/ETT-small"", ""--data_path"", ""ETTh2.csv"", ""--model_id"", ""smamba_etth2_sl336_pl96_s2021"", ""--model"", ""SMamba"", ""--seed"", ""2021"", ""--data"", ""ETTh2"", ""--features"", ""M"", ""--target"", ""OT"", ""--freq"", ""h"", ""--seq_len"", ""336"", ""--label_len"", ""48"", ""--pred_len"", ""96"", ""--enc_in"", ""7"", ""--dec_in"", ""7"", ""--c_out"", ""7"", ""--d_model"", ""256"", ""--d_ff"", ""256"", ""--n_heads"", ""4"", ""--e_layers"", ""2"", ""--d_layers"", ""1"", ""--factor"", ""3"", ""--dropout"", ""0.1"", ""--batch_size"", ""32"", ""--learning_rate"", ""4e-05"", ""--train_epochs"", ""10"", ""--patience"", ""3"", ""--lradj"", ""type1"", ""--num_workers"", ""0"", ""--gpu"", ""0"", ""--des"", ""smamba_etth2_sl336_pl96_s2021"", ""--itr"", ""1"", ""--checkpoints"", ""/home/cwh/Time-Series-Library/logs/q2_main_baselines/checkpoints"", ""--test_after_train"", ""1"", ""--d_state"", ""2"", ""--use_norm"", ""1"", ""--forecast_export_path"", ""/home/cwh/Time-Series-Library/paper/neurocomputing/figures/fig3_curve_candidates/source_npz/etth2_h96_smamba.npz"", ""--forecast_export_origin"", ""408"", ""--forecast_export_channel"", ""-1"", ""--forecast_export_context"", ""96"", ""--forecast_export_only""]"
ETTh2,96,iTransformer,itransformer,408,OT,/home/cwh/Time-Series-Library/paper/neurocomputing/figures/fig3_curve_candidates/source_npz/etth2_h96_itransformer.npz,/home/cwh/Time-Series-Library/logs/q2_main_baselines/records/itransformer_etth2_sl336_pl96_s2021.json,formal_seed2021_record,"[""/home/cwh/Time-Series-Library/logs/q2_main_baselines/records/itransformer_etth2_sl336_pl96_s2021.json""]","[""/home/cwh/Time-Series-Library/.venv/bin/python"", ""-u"", ""/home/cwh/Time-Series-Library/run.py"", ""--task_name"", ""long_term_forecast"", ""--is_training"", ""0"", ""--root_path"", ""/home/cwh/Time-Series-Library/dataset/ETT-small"", ""--data_path"", ""ETTh2.csv"", ""--model_id"", ""itransformer_etth2_sl336_pl96_s2021"", ""--model"", ""iTransformer"", ""--seed"", ""2021"", ""--data"", ""ETTh2"", ""--features"", ""M"", ""--target"", ""OT"", ""--freq"", ""h"", ""--seq_len"", ""336"", ""--label_len"", ""48"", ""--pred_len"", ""96"", ""--enc_in"", ""7"", ""--dec_in"", ""7"", ""--c_out"", ""7"", ""--d_model"", ""128"", ""--d_ff"", ""128"", ""--n_heads"", ""8"", ""--e_layers"", ""2"", ""--d_layers"", ""1"", ""--factor"", ""3"", ""--dropout"", ""0.1"", ""--batch_size"", ""32"", ""--learning_rate"", ""0.0001"", ""--train_epochs"", ""10"", ""--patience"", ""3"", ""--lradj"", ""type1"", ""--num_workers"", ""0"", ""--gpu"", ""0"", ""--des"", ""itransformer_etth2_sl336_pl96_s2021"", ""--itr"", ""1"", ""--checkpoints"", ""/home/cwh/Time-Series-Library/logs/q2_main_baselines/checkpoints"", ""--test_after_train"", ""1"", ""--forecast_export_path"", ""/home/cwh/Time-Series-Library/paper/neurocomputing/figures/fig3_curve_candidates/source_npz/etth2_h96_itransformer.npz"", ""--forecast_export_origin"", ""408"", ""--forecast_export_channel"", ""-1"", ""--forecast_export_context"", ""96"", ""--forecast_export_only""]"
ETTh2,96,TimeMixer,timemixer,408,OT,/home/cwh/Time-Series-Library/paper/neurocomputing/figures/fig3_curve_candidates/source_npz/etth2_h96_timemixer.npz,/home/cwh/Time-Series-Library/logs/q2_main_baselines/records/timemixer_etth2_sl336_pl96_s2021.json,formal_seed2021_record,"[""/home/cwh/Time-Series-Library/logs/q2_main_baselines/records/timemixer_etth2_sl336_pl96_s2021.json""]","[""/home/cwh/Time-Series-Library/.venv/bin/python"", ""-u"", ""/home/cwh/Time-Series-Library/run.py"", ""--task_name"", ""long_term_forecast"", ""--is_training"", ""0"", ""--root_path"", ""/home/cwh/Time-Series-Library/dataset/ETT-small"", ""--data_path"", ""ETTh2.csv"", ""--model_id"", ""timemixer_etth2_sl336_pl96_s2021"", ""--model"", ""TimeMixer"", ""--seed"", ""2021"", ""--data"", ""ETTh2"", ""--features"", ""M"", ""--target"", ""OT"", ""--freq"", ""h"", ""--seq_len"", ""336"", ""--label_len"", ""0"", ""--pred_len"", ""96"", ""--enc_in"", ""7"", ""--dec_in"", ""7"", ""--c_out"", ""7"", ""--d_model"", ""16"", ""--d_ff"", ""32"", ""--n_heads"", ""4"", ""--e_layers"", ""2"", ""--d_layers"", ""1"", ""--factor"", ""3"", ""--dropout"", ""0.1"", ""--batch_size"", ""32"", ""--learning_rate"", ""0.01"", ""--train_epochs"", ""10"", ""--patience"", ""10"", ""--lradj"", ""type1"", ""--num_workers"", ""0"", ""--gpu"", ""0"", ""--des"", ""timemixer_etth2_sl336_pl96_s2021"", ""--itr"", ""1"", ""--checkpoints"", ""/home/cwh/Time-Series-Library/logs/q2_main_baselines/checkpoints"", ""--test_after_train"", ""1"", ""--down_sampling_layers"", ""3"", ""--down_sampling_window"", ""2"", ""--down_sampling_method"", ""avg"", ""--forecast_export_path"", ""/home/cwh/Time-Series-Library/paper/neurocomputing/figures/fig3_curve_candidates/source_npz/etth2_h96_timemixer.npz"", ""--forecast_export_origin"", ""408"", ""--forecast_export_channel"", ""-1"", ""--forecast_export_context"", ""96"", ""--forecast_export_only""]"
ETTh2,96,MSGNet,msgnet,408,OT,/home/cwh/Time-Series-Library/paper/neurocomputing/figures/fig3_curve_candidates/source_npz/etth2_h96_msgnet.npz,/home/cwh/Time-Series-Library/logs/q2_main_baselines/records/msgnet_etth2_sl336_pl96_s2021.json,formal_seed2021_record,"[""/home/cwh/Time-Series-Library/logs/q2_main_baselines/records/msgnet_etth2_sl336_pl96_s2021.json""]","[""/home/cwh/Time-Series-Library/.venv/bin/python"", ""-u"", ""/home/cwh/Time-Series-Library/run.py"", ""--task_name"", ""long_term_forecast"", ""--is_training"", ""0"", ""--root_path"", ""/home/cwh/Time-Series-Library/dataset/ETT-small"", ""--data_path"", ""ETTh2.csv"", ""--model_id"", ""msgnet_etth2_sl336_pl96_s2021"", ""--model"", ""MSGNet"", ""--seed"", ""2021"", ""--data"", ""ETTh2"", ""--features"", ""M"", ""--target"", ""OT"", ""--freq"", ""h"", ""--seq_len"", ""336"", ""--label_len"", ""48"", ""--pred_len"", ""96"", ""--enc_in"", ""7"", ""--dec_in"", ""7"", ""--c_out"", ""7"", ""--d_model"", ""16"", ""--d_ff"", ""32"", ""--n_heads"", ""4"", ""--e_layers"", ""2"", ""--d_layers"", ""1"", ""--factor"", ""3"", ""--dropout"", ""0.1"", ""--batch_size"", ""32"", ""--learning_rate"", ""0.0001"", ""--train_epochs"", ""10"", ""--patience"", ""3"", ""--lradj"", ""type1"", ""--num_workers"", ""0"", ""--gpu"", ""0"", ""--des"", ""msgnet_etth2_sl336_pl96_s2021"", ""--itr"", ""1"", ""--checkpoints"", ""/home/cwh/Time-Series-Library/logs/q2_main_baselines/checkpoints"", ""--test_after_train"", ""1"", ""--top_k"", ""5"", ""--conv_channel"", ""32"", ""--skip_channel"", ""32"", ""--forecast_export_path"", ""/home/cwh/Time-Series-Library/paper/neurocomputing/figures/fig3_curve_candidates/source_npz/etth2_h96_msgnet.npz"", ""--forecast_export_origin"", ""408"", ""--forecast_export_channel"", ""-1"", ""--forecast_export_context"", ""96"", ""--forecast_export_only""]"
ETTh2,96,PatchTST,patchtst,408,OT,/home/cwh/Time-Series-Library/paper/neurocomputing/figures/fig3_curve_candidates/source_npz/etth2_h96_patchtst.npz,/home/cwh/Time-Series-Library/logs/q2_main_baselines/records/patchtst_etth2_sl336_pl96_s2021.json,formal_seed2021_record,"[""/home/cwh/Time-Series-Library/logs/q2_main_baselines/records/patchtst_etth2_sl336_pl96_s2021.json""]","[""/home/cwh/Time-Series-Library/.venv/bin/python"", ""-u"", ""/home/cwh/Time-Series-Library/run.py"", ""--task_name"", ""long_term_forecast"", ""--is_training"", ""0"", ""--root_path"", ""/home/cwh/Time-Series-Library/dataset/ETT-small"", ""--data_path"", ""ETTh2.csv"", ""--model_id"", ""patchtst_etth2_sl336_pl96_s2021"", ""--model"", ""PatchTST"", ""--seed"", ""2021"", ""--data"", ""ETTh2"", ""--features"", ""M"", ""--target"", ""OT"", ""--freq"", ""h"", ""--seq_len"", ""336"", ""--label_len"", ""48"", ""--pred_len"", ""96"", ""--enc_in"", ""7"", ""--dec_in"", ""7"", ""--c_out"", ""7"", ""--d_model"", ""512"", ""--d_ff"", ""2048"", ""--n_heads"", ""4"", ""--e_layers"", ""3"", ""--d_layers"", ""1"", ""--factor"", ""3"", ""--dropout"", ""0.1"", ""--batch_size"", ""32"", ""--learning_rate"", ""0.0001"", ""--train_epochs"", ""10"", ""--patience"", ""3"", ""--lradj"", ""type1"", ""--num_workers"", ""0"", ""--gpu"", ""0"", ""--des"", ""patchtst_etth2_sl336_pl96_s2021"", ""--itr"", ""1"", ""--checkpoints"", ""/home/cwh/Time-Series-Library/logs/q2_main_baselines/checkpoints"", ""--test_after_train"", ""1"", ""--patch_len"", ""16"", ""--stride"", ""8"", ""--forecast_export_path"", ""/home/cwh/Time-Series-Library/paper/neurocomputing/figures/fig3_curve_candidates/source_npz/etth2_h96_patchtst.npz"", ""--forecast_export_origin"", ""408"", ""--forecast_export_channel"", ""-1"", ""--forecast_export_context"", ""96"", ""--forecast_export_only""]"
ETTh2,96,TimesNet,timesnet,408,OT,/home/cwh/Time-Series-Library/paper/neurocomputing/figures/fig3_curve_candidates/source_npz/etth2_h96_timesnet.npz,/home/cwh/Time-Series-Library/logs/q2_main_baselines/records/timesnet_etth2_sl336_pl96_s2021.json,formal_seed2021_record,"[""/home/cwh/Time-Series-Library/logs/q2_main_baselines/records/timesnet_etth2_sl336_pl96_s2021.json""]","[""/home/cwh/Time-Series-Library/.venv/bin/python"", ""-u"", ""/home/cwh/Time-Series-Library/run.py"", ""--task_name"", ""long_term_forecast"", ""--is_training"", ""0"", ""--root_path"", ""/home/cwh/Time-Series-Library/dataset/ETT-small"", ""--data_path"", ""ETTh2.csv"", ""--model_id"", ""timesnet_etth2_sl336_pl96_s2021"", ""--model"", ""TimesNet"", ""--seed"", ""2021"", ""--data"", ""ETTh2"", ""--features"", ""M"", ""--target"", ""OT"", ""--freq"", ""h"", ""--seq_len"", ""336"", ""--label_len"", ""48"", ""--pred_len"", ""96"", ""--enc_in"", ""7"", ""--dec_in"", ""7"", ""--c_out"", ""7"", ""--d_model"", ""32"", ""--d_ff"", ""32"", ""--n_heads"", ""4"", ""--e_layers"", ""2"", ""--d_layers"", ""1"", ""--factor"", ""3"", ""--dropout"", ""0.1"", ""--batch_size"", ""32"", ""--learning_rate"", ""0.0001"", ""--train_epochs"", ""10"", ""--patience"", ""3"", ""--lradj"", ""type1"", ""--num_workers"", ""0"", ""--gpu"", ""0"", ""--des"", ""timesnet_etth2_sl336_pl96_s2021"", ""--itr"", ""1"", ""--checkpoints"", ""/home/cwh/Time-Series-Library/logs/q2_main_baselines/checkpoints"", ""--test_after_train"", ""1"", ""--top_k"", ""5"", ""--forecast_export_path"", ""/home/cwh/Time-Series-Library/paper/neurocomputing/figures/fig3_curve_candidates/source_npz/etth2_h96_timesnet.npz"", ""--forecast_export_origin"", ""408"", ""--forecast_export_channel"", ""-1"", ""--forecast_export_context"", ""96"", ""--forecast_export_only""]"
ETTh2,96,DLinear,dlinear,408,OT,/home/cwh/Time-Series-Library/paper/neurocomputing/figures/fig3_curve_candidates/source_npz/etth2_h96_dlinear.npz,/home/cwh/Time-Series-Library/logs/q2_main_baselines/records/dlinear_etth2_sl336_pl96_s2021.json,formal_seed2021_record,"[""/home/cwh/Time-Series-Library/logs/q2_main_baselines/records/dlinear_etth2_sl336_pl96_s2021.json""]","[""/home/cwh/Time-Series-Library/.venv/bin/python"", ""-u"", ""/home/cwh/Time-Series-Library/run.py"", ""--task_name"", ""long_term_forecast"", ""--is_training"", ""0"", ""--root_path"", ""/home/cwh/Time-Series-Library/dataset/ETT-small"", ""--data_path"", ""ETTh2.csv"", ""--model_id"", ""dlinear_etth2_sl336_pl96_s2021"", ""--model"", ""DLinear"", ""--seed"", ""2021"", ""--data"", ""ETTh2"", ""--features"", ""M"", ""--target"", ""OT"", ""--freq"", ""h"", ""--seq_len"", ""336"", ""--label_len"", ""48"", ""--pred_len"", ""96"", ""--enc_in"", ""7"", ""--dec_in"", ""7"", ""--c_out"", ""7"", ""--d_model"", ""32"", ""--d_ff"", ""64"", ""--n_heads"", ""4"", ""--e_layers"", ""2"", ""--d_layers"", ""1"", ""--factor"", ""3"", ""--dropout"", ""0.1"", ""--batch_size"", ""32"", ""--learning_rate"", ""0.0001"", ""--train_epochs"", ""10"", ""--patience"", ""3"", ""--lradj"", ""type1"", ""--num_workers"", ""0"", ""--gpu"", ""0"", ""--des"", ""dlinear_etth2_sl336_pl96_s2021"", ""--itr"", ""1"", ""--checkpoints"", ""/home/cwh/Time-Series-Library/logs/q2_main_baselines/checkpoints"", ""--test_after_train"", ""1"", ""--forecast_export_path"", ""/home/cwh/Time-Series-Library/paper/neurocomputing/figures/fig3_curve_candidates/source_npz/etth2_h96_dlinear.npz"", ""--forecast_export_origin"", ""408"", ""--forecast_export_channel"", ""-1"", ""--forecast_export_context"", ""96"", ""--forecast_export_only""]"
ETTh2,192,TimeRole,graphmambacmrhm,408,OT,/home/cwh/Time-Series-Library/paper/neurocomputing/figures/fig3_curve_candidates/source_npz/etth2_h192_graphmambacmrhm.npz,/home/cwh/Time-Series-Library/logs/q2_main_baselines/records/graphmambacmrhm_etth2_sl336_pl192_s2021.json,formal_seed2021_record,"[""/home/cwh/Time-Series-Library/logs/q2_main_baselines/records/graphmambacmrhm_etth2_sl336_pl192_s2021.json"", ""/home/cwh/Time-Series-Library/logs/cmrhm_unified_main/records/cmrhm_etth2_p192_s2021.json""]","[""/home/cwh/Time-Series-Library/.venv/bin/python"", ""-u"", ""/home/cwh/Time-Series-Library/run.py"", ""--task_name"", ""long_term_forecast"", ""--is_training"", ""0"", ""--root_path"", ""/home/cwh/Time-Series-Library/dataset/ETT-small"", ""--data_path"", ""ETTh2.csv"", ""--model_id"", ""ETTh2_96_192_q2f_etth2_p192_c_s2021"", ""--model"", ""GraphMambaCMRHM"", ""--seed"", ""2021"", ""--data"", ""ETTh2"", ""--features"", ""M"", ""--target"", ""OT"", ""--seq_len"", ""336"", ""--label_len"", ""48"", ""--pred_len"", ""192"", ""--enc_in"", ""7"", ""--dec_in"", ""7"", ""--c_out"", ""7"", ""--patch_len"", ""4"", ""--stride"", ""2"", ""--d_model"", ""64"", ""--d_ff"", ""128"", ""--d_state"", ""32"", ""--d_conv"", ""2"", ""--e_layers"", ""1"", ""--expand"", ""2"", ""--mamba_version"", ""1"", ""--mamba_bidirectional"", ""1"", ""--use_graph"", ""1"", ""--use_time_mamba"", ""1"", ""--use_patch"", ""1"", ""--use_decomp"", ""1"", ""--moving_avg"", ""25"", ""--dual_scale_scan_mode"", ""independent_shared"", ""--periodic_period"", ""24"", ""--periodic_local_patch"", ""4"", ""--periodic_local_stride"", ""2"", ""--periodic_period_stride"", ""12"", ""--periodic_use_adapter"", ""1"", ""--graph_alpha"", ""0.5"", ""--graph_top_k"", ""2"", ""--graph_sample_size"", ""2000"", ""--graph_sample_method"", ""uniform"", ""--static_graph_mode"", ""weighted"", ""--graph_cache"", ""0"", ""--gc_graph_dim"", ""16"", ""--gc_temperature"", ""1.0"", ""--gc_residual_init"", ""0.5"", ""--gc_dynamic_graph"", ""1"", ""--gc_symmetric_graph"", ""1"", ""--gc_input_modulation"", ""1"", ""--gc_direction_fusion"", ""1"", ""--gc_parallel_residual"", ""1"", ""--af_hidden_dim"", ""32"", ""--af_rank"", ""16"", ""--af_mode"", ""variable_scale_residual"", ""--dropout"", ""0.1"", ""--batch_size"", ""32"", ""--learning_rate"", ""0.0005"", ""--lradj"", ""type1"", ""--train_epochs"", ""100"", ""--patience"", ""6"", ""--num_workers"", ""0"", ""--gpu"", ""0"", ""--des"", ""q2f_etth2_p192_c_s2021"", ""--itr"", ""1"", ""--test_after_train"", ""0"", ""--evaluation_split"", ""test"", ""--checkpoints"", ""/home/cwh/Time-Series-Library/checkpoints"", ""--forecast_export_path"", ""/home/cwh/Time-Series-Library/paper/neurocomputing/figures/fig3_curve_candidates/source_npz/etth2_h192_graphmambacmrhm.npz"", ""--forecast_export_origin"", ""408"", ""--forecast_export_channel"", ""-1"", ""--forecast_export_context"", ""96"", ""--forecast_export_only""]"
ETTh2,192,S-Mamba,smamba,408,OT,/home/cwh/Time-Series-Library/paper/neurocomputing/figures/fig3_curve_candidates/source_npz/etth2_h192_smamba.npz,/home/cwh/Time-Series-Library/logs/q2_main_baselines/records/smamba_etth2_sl336_pl192_s2021.json,formal_seed2021_record,"[""/home/cwh/Time-Series-Library/logs/q2_main_baselines/records/smamba_etth2_sl336_pl192_s2021.json""]","[""/home/cwh/Time-Series-Library/.venv/bin/python"", ""-u"", ""/home/cwh/Time-Series-Library/run.py"", ""--task_name"", ""long_term_forecast"", ""--is_training"", ""0"", ""--root_path"", ""/home/cwh/Time-Series-Library/dataset/ETT-small"", ""--data_path"", ""ETTh2.csv"", ""--model_id"", ""smamba_etth2_sl336_pl192_s2021"", ""--model"", ""SMamba"", ""--seed"", ""2021"", ""--data"", ""ETTh2"", ""--features"", ""M"", ""--target"", ""OT"", ""--freq"", ""h"", ""--seq_len"", ""336"", ""--label_len"", ""48"", ""--pred_len"", ""192"", ""--enc_in"", ""7"", ""--dec_in"", ""7"", ""--c_out"", ""7"", ""--d_model"", ""256"", ""--d_ff"", ""256"", ""--n_heads"", ""4"", ""--e_layers"", ""2"", ""--d_layers"", ""1"", ""--factor"", ""3"", ""--dropout"", ""0.1"", ""--batch_size"", ""32"", ""--learning_rate"", ""4e-05"", ""--train_epochs"", ""10"", ""--patience"", ""3"", ""--lradj"", ""type1"", ""--num_workers"", ""0"", ""--gpu"", ""0"", ""--des"", ""smamba_etth2_sl336_pl192_s2021"", ""--itr"", ""1"", ""--checkpoints"", ""/home/cwh/Time-Series-Library/logs/q2_main_baselines/checkpoints"", ""--test_after_train"", ""1"", ""--d_state"", ""2"", ""--use_norm"", ""1"", ""--forecast_export_path"", ""/home/cwh/Time-Series-Library/paper/neurocomputing/figures/fig3_curve_candidates/source_npz/etth2_h192_smamba.npz"", ""--forecast_export_origin"", ""408"", ""--forecast_export_channel"", ""-1"", ""--forecast_export_context"", ""96"", ""--forecast_export_only""]"
ETTh2,192,iTransformer,itransformer,408,OT,/home/cwh/Time-Series-Library/paper/neurocomputing/figures/fig3_curve_candidates/source_npz/etth2_h192_itransformer.npz,/home/cwh/Time-Series-Library/logs/q2_main_baselines/records/itransformer_etth2_sl336_pl192_s2021.json,formal_seed2021_record,"[""/home/cwh/Time-Series-Library/logs/q2_main_baselines/records/itransformer_etth2_sl336_pl192_s2021.json""]","[""/home/cwh/Time-Series-Library/.venv/bin/python"", ""-u"", ""/home/cwh/Time-Series-Library/run.py"", ""--task_name"", ""long_term_forecast"", ""--is_training"", ""0"", ""--root_path"", ""/home/cwh/Time-Series-Library/dataset/ETT-small"", ""--data_path"", ""ETTh2.csv"", ""--model_id"", ""itransformer_etth2_sl336_pl192_s2021"", ""--model"", ""iTransformer"", ""--seed"", ""2021"", ""--data"", ""ETTh2"", ""--features"", ""M"", ""--target"", ""OT"", ""--freq"", ""h"", ""--seq_len"", ""336"", ""--label_len"", ""48"", ""--pred_len"", ""192"", ""--enc_in"", ""7"", ""--dec_in"", ""7"", ""--c_out"", ""7"", ""--d_model"", ""128"", ""--d_ff"", ""128"", ""--n_heads"", ""8"", ""--e_layers"", ""2"", ""--d_layers"", ""1"", ""--factor"", ""3"", ""--dropout"", ""0.1"", ""--batch_size"", ""32"", ""--learning_rate"", ""0.0001"", ""--train_epochs"", ""10"", ""--patience"", ""3"", ""--lradj"", ""type1"", ""--num_workers"", ""0"", ""--gpu"", ""0"", ""--des"", ""itransformer_etth2_sl336_pl192_s2021"", ""--itr"", ""1"", ""--checkpoints"", ""/home/cwh/Time-Series-Library/logs/q2_main_baselines/checkpoints"", ""--test_after_train"", ""1"", ""--forecast_export_path"", ""/home/cwh/Time-Series-Library/paper/neurocomputing/figures/fig3_curve_candidates/source_npz/etth2_h192_itransformer.npz"", ""--forecast_export_origin"", ""408"", ""--forecast_export_channel"", ""-1"", ""--forecast_export_context"", ""96"", ""--forecast_export_only""]"
ETTh2,192,TimeMixer,timemixer,408,OT,/home/cwh/Time-Series-Library/paper/neurocomputing/figures/fig3_curve_candidates/source_npz/etth2_h192_timemixer.npz,/home/cwh/Time-Series-Library/logs/q2_main_baselines/records/timemixer_etth2_sl336_pl192_s2021.json,formal_seed2021_record,"[""/home/cwh/Time-Series-Library/logs/q2_main_baselines/records/timemixer_etth2_sl336_pl192_s2021.json""]","[""/home/cwh/Time-Series-Library/.venv/bin/python"", ""-u"", ""/home/cwh/Time-Series-Library/run.py"", ""--task_name"", ""long_term_forecast"", ""--is_training"", ""0"", ""--root_path"", ""/home/cwh/Time-Series-Library/dataset/ETT-small"", ""--data_path"", ""ETTh2.csv"", ""--model_id"", ""timemixer_etth2_sl336_pl192_s2021"", ""--model"", ""TimeMixer"", ""--seed"", ""2021"", ""--data"", ""ETTh2"", ""--features"", ""M"", ""--target"", ""OT"", ""--freq"", ""h"", ""--seq_len"", ""336"", ""--label_len"", ""0"", ""--pred_len"", ""192"", ""--enc_in"", ""7"", ""--dec_in"", ""7"", ""--c_out"", ""7"", ""--d_model"", ""16"", ""--d_ff"", ""32"", ""--n_heads"", ""4"", ""--e_layers"", ""2"", ""--d_layers"", ""1"", ""--factor"", ""3"", ""--dropout"", ""0.1"", ""--batch_size"", ""32"", ""--learning_rate"", ""0.01"", ""--train_epochs"", ""10"", ""--patience"", ""10"", ""--lradj"", ""type1"", ""--num_workers"", ""0"", ""--gpu"", ""0"", ""--des"", ""timemixer_etth2_sl336_pl192_s2021"", ""--itr"", ""1"", ""--checkpoints"", ""/home/cwh/Time-Series-Library/logs/q2_main_baselines/checkpoints"", ""--test_after_train"", ""1"", ""--down_sampling_layers"", ""3"", ""--down_sampling_window"", ""2"", ""--down_sampling_method"", ""avg"", ""--forecast_export_path"", ""/home/cwh/Time-Series-Library/paper/neurocomputing/figures/fig3_curve_candidates/source_npz/etth2_h192_timemixer.npz"", ""--forecast_export_origin"", ""408"", ""--forecast_export_channel"", ""-1"", ""--forecast_export_context"", ""96"", ""--forecast_export_only""]"
ETTh2,192,MSGNet,msgnet,408,OT,/home/cwh/Time-Series-Library/paper/neurocomputing/figures/fig3_curve_candidates/source_npz/etth2_h192_msgnet.npz,/home/cwh/Time-Series-Library/logs/q2_main_baselines/records/msgnet_etth2_sl336_pl192_s2021.json,formal_seed2021_record,"[""/home/cwh/Time-Series-Library/logs/q2_main_baselines/records/msgnet_etth2_sl336_pl192_s2021.json""]","[""/home/cwh/Time-Series-Library/.venv/bin/python"", ""-u"", ""/home/cwh/Time-Series-Library/run.py"", ""--task_name"", ""long_term_forecast"", ""--is_training"", ""0"", ""--root_path"", ""/home/cwh/Time-Series-Library/dataset/ETT-small"", ""--data_path"", ""ETTh2.csv"", ""--model_id"", ""msgnet_etth2_sl336_pl192_s2021"", ""--model"", ""MSGNet"", ""--seed"", ""2021"", ""--data"", ""ETTh2"", ""--features"", ""M"", ""--target"", ""OT"", ""--freq"", ""h"", ""--seq_len"", ""336"", ""--label_len"", ""48"", ""--pred_len"", ""192"", ""--enc_in"", ""7"", ""--dec_in"", ""7"", ""--c_out"", ""7"", ""--d_model"", ""16"", ""--d_ff"", ""32"", ""--n_heads"", ""4"", ""--e_layers"", ""2"", ""--d_layers"", ""1"", ""--factor"", ""3"", ""--dropout"", ""0.1"", ""--batch_size"", ""32"", ""--learning_rate"", ""0.0001"", ""--train_epochs"", ""10"", ""--patience"", ""3"", ""--lradj"", ""type1"", ""--num_workers"", ""0"", ""--gpu"", ""0"", ""--des"", ""msgnet_etth2_sl336_pl192_s2021"", ""--itr"", ""1"", ""--checkpoints"", ""/home/cwh/Time-Series-Library/logs/q2_main_baselines/checkpoints"", ""--test_after_train"", ""1"", ""--top_k"", ""5"", ""--conv_channel"", ""32"", ""--skip_channel"", ""32"", ""--forecast_export_path"", ""/home/cwh/Time-Series-Library/paper/neurocomputing/figures/fig3_curve_candidates/source_npz/etth2_h192_msgnet.npz"", ""--forecast_export_origin"", ""408"", ""--forecast_export_channel"", ""-1"", ""--forecast_export_context"", ""96"", ""--forecast_export_only""]"
ETTh2,192,PatchTST,patchtst,408,OT,/home/cwh/Time-Series-Library/paper/neurocomputing/figures/fig3_curve_candidates/source_npz/etth2_h192_patchtst.npz,/home/cwh/Time-Series-Library/logs/q2_main_baselines/records/patchtst_etth2_sl336_pl192_s2021.json,formal_seed2021_record,"[""/home/cwh/Time-Series-Library/logs/q2_main_baselines/records/patchtst_etth2_sl336_pl192_s2021.json""]","[""/home/cwh/Time-Series-Library/.venv/bin/python"", ""-u"", ""/home/cwh/Time-Series-Library/run.py"", ""--task_name"", ""long_term_forecast"", ""--is_training"", ""0"", ""--root_path"", ""/home/cwh/Time-Series-Library/dataset/ETT-small"", ""--data_path"", ""ETTh2.csv"", ""--model_id"", ""patchtst_etth2_sl336_pl192_s2021"", ""--model"", ""PatchTST"", ""--seed"", ""2021"", ""--data"", ""ETTh2"", ""--features"", ""M"", ""--target"", ""OT"", ""--freq"", ""h"", ""--seq_len"", ""336"", ""--label_len"", ""48"", ""--pred_len"", ""192"", ""--enc_in"", ""7"", ""--dec_in"", ""7"", ""--c_out"", ""7"", ""--d_model"", ""512"", ""--d_ff"", ""2048"", ""--n_heads"", ""4"", ""--e_layers"", ""3"", ""--d_layers"", ""1"", ""--factor"", ""3"", ""--dropout"", ""0.1"", ""--batch_size"", ""32"", ""--learning_rate"", ""0.0001"", ""--train_epochs"", ""10"", ""--patience"", ""3"", ""--lradj"", ""type1"", ""--num_workers"", ""0"", ""--gpu"", ""0"", ""--des"", ""patchtst_etth2_sl336_pl192_s2021"", ""--itr"", ""1"", ""--checkpoints"", ""/home/cwh/Time-Series-Library/logs/q2_main_baselines/checkpoints"", ""--test_after_train"", ""1"", ""--patch_len"", ""16"", ""--stride"", ""8"", ""--forecast_export_path"", ""/home/cwh/Time-Series-Library/paper/neurocomputing/figures/fig3_curve_candidates/source_npz/etth2_h192_patchtst.npz"", ""--forecast_export_origin"", ""408"", ""--forecast_export_channel"", ""-1"", ""--forecast_export_context"", ""96"", ""--forecast_export_only""]"
ETTh2,192,TimesNet,timesnet,408,OT,/home/cwh/Time-Series-Library/paper/neurocomputing/figures/fig3_curve_candidates/source_npz/etth2_h192_timesnet.npz,/home/cwh/Time-Series-Library/logs/q2_main_baselines/records/timesnet_etth2_sl336_pl192_s2021.json,formal_seed2021_record,"[""/home/cwh/Time-Series-Library/logs/q2_main_baselines/records/timesnet_etth2_sl336_pl192_s2021.json""]","[""/home/cwh/Time-Series-Library/.venv/bin/python"", ""-u"", ""/home/cwh/Time-Series-Library/run.py"", ""--task_name"", ""long_term_forecast"", ""--is_training"", ""0"", ""--root_path"", ""/home/cwh/Time-Series-Library/dataset/ETT-small"", ""--data_path"", ""ETTh2.csv"", ""--model_id"", ""timesnet_etth2_sl336_pl192_s2021"", ""--model"", ""TimesNet"", ""--seed"", ""2021"", ""--data"", ""ETTh2"", ""--features"", ""M"", ""--target"", ""OT"", ""--freq"", ""h"", ""--seq_len"", ""336"", ""--label_len"", ""48"", ""--pred_len"", ""192"", ""--enc_in"", ""7"", ""--dec_in"", ""7"", ""--c_out"", ""7"", ""--d_model"", ""32"", ""--d_ff"", ""32"", ""--n_heads"", ""4"", ""--e_layers"", ""2"", ""--d_layers"", ""1"", ""--factor"", ""3"", ""--dropout"", ""0.1"", ""--batch_size"", ""32"", ""--learning_rate"", ""0.0001"", ""--train_epochs"", ""10"", ""--patience"", ""3"", ""--lradj"", ""type1"", ""--num_workers"", ""0"", ""--gpu"", ""0"", ""--des"", ""timesnet_etth2_sl336_pl192_s2021"", ""--itr"", ""1"", ""--checkpoints"", ""/home/cwh/Time-Series-Library/logs/q2_main_baselines/checkpoints"", ""--test_after_train"", ""1"", ""--top_k"", ""5"", ""--forecast_export_path"", ""/home/cwh/Time-Series-Library/paper/neurocomputing/figures/fig3_curve_candidates/source_npz/etth2_h192_timesnet.npz"", ""--forecast_export_origin"", ""408"", ""--forecast_export_channel"", ""-1"", ""--forecast_export_context"", ""96"", ""--forecast_export_only""]"
ETTh2,192,DLinear,dlinear,408,OT,/home/cwh/Time-Series-Library/paper/neurocomputing/figures/fig3_curve_candidates/source_npz/etth2_h192_dlinear.npz,/home/cwh/Time-Series-Library/logs/q2_main_baselines/records/dlinear_etth2_sl336_pl192_s2021.json,formal_seed2021_record,"[""/home/cwh/Time-Series-Library/logs/q2_main_baselines/records/dlinear_etth2_sl336_pl192_s2021.json""]","[""/home/cwh/Time-Series-Library/.venv/bin/python"", ""-u"", ""/home/cwh/Time-Series-Library/run.py"", ""--task_name"", ""long_term_forecast"", ""--is_training"", ""0"", ""--root_path"", ""/home/cwh/Time-Series-Library/dataset/ETT-small"", ""--data_path"", ""ETTh2.csv"", ""--model_id"", ""dlinear_etth2_sl336_pl192_s2021"", ""--model"", ""DLinear"", ""--seed"", ""2021"", ""--data"", ""ETTh2"", ""--features"", ""M"", ""--target"", ""OT"", ""--freq"", ""h"", ""--seq_len"", ""336"", ""--label_len"", ""48"", ""--pred_len"", ""192"", ""--enc_in"", ""7"", ""--dec_in"", ""7"", ""--c_out"", ""7"", ""--d_model"", ""32"", ""--d_ff"", ""64"", ""--n_heads"", ""4"", ""--e_layers"", ""2"", ""--d_layers"", ""1"", ""--factor"", ""3"", ""--dropout"", ""0.1"", ""--batch_size"", ""32"", ""--learning_rate"", ""0.0001"", ""--train_epochs"", ""10"", ""--patience"", ""3"", ""--lradj"", ""type1"", ""--num_workers"", ""0"", ""--gpu"", ""0"", ""--des"", ""dlinear_etth2_sl336_pl192_s2021"", ""--itr"", ""1"", ""--checkpoints"", ""/home/cwh/Time-Series-Library/logs/q2_main_baselines/checkpoints"", ""--test_after_train"", ""1"", ""--forecast_export_path"", ""/home/cwh/Time-Series-Library/paper/neurocomputing/figures/fig3_curve_candidates/source_npz/etth2_h192_dlinear.npz"", ""--forecast_export_origin"", ""408"", ""--forecast_export_channel"", ""-1"", ""--forecast_export_context"", ""96"", ""--forecast_export_only""]"
ETTh2,336,TimeRole,graphmambacmrhm,408,OT,/home/cwh/Time-Series-Library/paper/neurocomputing/figures/fig3_curve_candidates/source_npz/etth2_h336_graphmambacmrhm.npz,/home/cwh/Time-Series-Library/logs/q2_main_baselines/records/graphmambacmrhm_etth2_sl336_pl336_s2021.json,formal_seed2021_record,"[""/home/cwh/Time-Series-Library/logs/q2_main_baselines/records/graphmambacmrhm_etth2_sl336_pl336_s2021.json"", ""/home/cwh/Time-Series-Library/logs/cmrhm_unified_main/records/cmrhm_etth2_p336_s2021.json""]","[""/home/cwh/Time-Series-Library/.venv/bin/python"", ""-u"", ""/home/cwh/Time-Series-Library/run.py"", ""--task_name"", ""long_term_forecast"", ""--is_training"", ""0"", ""--root_path"", ""/home/cwh/Time-Series-Library/dataset/ETT-small"", ""--data_path"", ""ETTh2.csv"", ""--model_id"", ""ETTh2_96_336_cmrhm_unified_etth2_p336_s2021"", ""--model"", ""GraphMambaCMRHM"", ""--seed"", ""2021"", ""--data"", ""ETTh2"", ""--features"", ""M"", ""--target"", ""OT"", ""--seq_len"", ""336"", ""--label_len"", ""48"", ""--pred_len"", ""336"", ""--enc_in"", ""7"", ""--dec_in"", ""7"", ""--c_out"", ""7"", ""--patch_len"", ""4"", ""--stride"", ""2"", ""--d_model"", ""64"", ""--d_ff"", ""128"", ""--d_state"", ""32"", ""--d_conv"", ""2"", ""--e_layers"", ""1"", ""--expand"", ""2"", ""--mamba_version"", ""1"", ""--mamba_bidirectional"", ""1"", ""--use_graph"", ""1"", ""--use_time_mamba"", ""1"", ""--use_patch"", ""1"", ""--use_decomp"", ""1"", ""--moving_avg"", ""25"", ""--dual_scale_scan_mode"", ""independent_shared"", ""--periodic_period"", ""24"", ""--periodic_local_patch"", ""0"", ""--periodic_local_stride"", ""0"", ""--periodic_period_stride"", ""12"", ""--periodic_use_adapter"", ""1"", ""--graph_alpha"", ""0.5"", ""--graph_top_k"", ""2"", ""--graph_sample_size"", ""2000"", ""--graph_sample_method"", ""uniform"", ""--static_graph_mode"", ""weighted"", ""--graph_cache"", ""0"", ""--gc_graph_dim"", ""16"", ""--gc_temperature"", ""1.0"", ""--gc_residual_init"", ""0.5"", ""--gc_dynamic_graph"", ""1"", ""--gc_symmetric_graph"", ""1"", ""--gc_input_modulation"", ""1"", ""--gc_direction_fusion"", ""1"", ""--gc_parallel_residual"", ""1"", ""--af_hidden_dim"", ""32"", ""--af_rank"", ""16"", ""--af_mode"", ""variable_scale_residual"", ""--dropout"", ""0.1"", ""--batch_size"", ""32"", ""--learning_rate"", ""0.0005"", ""--lradj"", ""type1"", ""--train_epochs"", ""100"", ""--patience"", ""6"", ""--num_workers"", ""0"", ""--gpu"", ""0"", ""--des"", ""cmrhm_unified_etth2_p336_s2021"", ""--itr"", ""1"", ""--test_after_train"", ""1"", ""--checkpoints"", ""/home/cwh/Time-Series-Library/checkpoints"", ""--forecast_export_path"", ""/home/cwh/Time-Series-Library/paper/neurocomputing/figures/fig3_curve_candidates/source_npz/etth2_h336_graphmambacmrhm.npz"", ""--forecast_export_origin"", ""408"", ""--forecast_export_channel"", ""-1"", ""--forecast_export_context"", ""96"", ""--forecast_export_only""]"
ETTh2,336,S-Mamba,smamba,408,OT,/home/cwh/Time-Series-Library/paper/neurocomputing/figures/fig3_curve_candidates/source_npz/etth2_h336_smamba.npz,/home/cwh/Time-Series-Library/logs/q2_main_baselines/records/smamba_etth2_sl336_pl336_s2021.json,formal_seed2021_record,"[""/home/cwh/Time-Series-Library/logs/q2_main_baselines/records/smamba_etth2_sl336_pl336_s2021.json""]","[""/home/cwh/Time-Series-Library/.venv/bin/python"", ""-u"", ""/home/cwh/Time-Series-Library/run.py"", ""--task_name"", ""long_term_forecast"", ""--is_training"", ""0"", ""--root_path"", ""/home/cwh/Time-Series-Library/dataset/ETT-small"", ""--data_path"", ""ETTh2.csv"", ""--model_id"", ""smamba_etth2_sl336_pl336_s2021"", ""--model"", ""SMamba"", ""--seed"", ""2021"", ""--data"", ""ETTh2"", ""--features"", ""M"", ""--target"", ""OT"", ""--freq"", ""h"", ""--seq_len"", ""336"", ""--label_len"", ""48"", ""--pred_len"", ""336"", ""--enc_in"", ""7"", ""--dec_in"", ""7"", ""--c_out"", ""7"", ""--d_model"", ""256"", ""--d_ff"", ""256"", ""--n_heads"", ""4"", ""--e_layers"", ""2"", ""--d_layers"", ""1"", ""--factor"", ""3"", ""--dropout"", ""0.1"", ""--batch_size"", ""32"", ""--learning_rate"", ""3e-05"", ""--train_epochs"", ""10"", ""--patience"", ""3"", ""--lradj"", ""type1"", ""--num_workers"", ""0"", ""--gpu"", ""0"", ""--des"", ""smamba_etth2_sl336_pl336_s2021"", ""--itr"", ""1"", ""--checkpoints"", ""/home/cwh/Time-Series-Library/logs/q2_main_baselines/checkpoints"", ""--test_after_train"", ""1"", ""--d_state"", ""2"", ""--use_norm"", ""1"", ""--forecast_export_path"", ""/home/cwh/Time-Series-Library/paper/neurocomputing/figures/fig3_curve_candidates/source_npz/etth2_h336_smamba.npz"", ""--forecast_export_origin"", ""408"", ""--forecast_export_channel"", ""-1"", ""--forecast_export_context"", ""96"", ""--forecast_export_only""]"
ETTh2,336,iTransformer,itransformer,408,OT,/home/cwh/Time-Series-Library/paper/neurocomputing/figures/fig3_curve_candidates/source_npz/etth2_h336_itransformer.npz,/home/cwh/Time-Series-Library/logs/q2_main_baselines/records/itransformer_etth2_sl336_pl336_s2021.json,formal_seed2021_record,"[""/home/cwh/Time-Series-Library/logs/q2_main_baselines/records/itransformer_etth2_sl336_pl336_s2021.json""]","[""/home/cwh/Time-Series-Library/.venv/bin/python"", ""-u"", ""/home/cwh/Time-Series-Library/run.py"", ""--task_name"", ""long_term_forecast"", ""--is_training"", ""0"", ""--root_path"", ""/home/cwh/Time-Series-Library/dataset/ETT-small"", ""--data_path"", ""ETTh2.csv"", ""--model_id"", ""itransformer_etth2_sl336_pl336_s2021"", ""--model"", ""iTransformer"", ""--seed"", ""2021"", ""--data"", ""ETTh2"", ""--features"", ""M"", ""--target"", ""OT"", ""--freq"", ""h"", ""--seq_len"", ""336"", ""--label_len"", ""48"", ""--pred_len"", ""336"", ""--enc_in"", ""7"", ""--dec_in"", ""7"", ""--c_out"", ""7"", ""--d_model"", ""128"", ""--d_ff"", ""128"", ""--n_heads"", ""8"", ""--e_layers"", ""2"", ""--d_layers"", ""1"", ""--factor"", ""3"", ""--dropout"", ""0.1"", ""--batch_size"", ""32"", ""--learning_rate"", ""0.0001"", ""--train_epochs"", ""10"", ""--patience"", ""3"", ""--lradj"", ""type1"", ""--num_workers"", ""0"", ""--gpu"", ""0"", ""--des"", ""itransformer_etth2_sl336_pl336_s2021"", ""--itr"", ""1"", ""--checkpoints"", ""/home/cwh/Time-Series-Library/logs/q2_main_baselines/checkpoints"", ""--test_after_train"", ""1"", ""--forecast_export_path"", ""/home/cwh/Time-Series-Library/paper/neurocomputing/figures/fig3_curve_candidates/source_npz/etth2_h336_itransformer.npz"", ""--forecast_export_origin"", ""408"", ""--forecast_export_channel"", ""-1"", ""--forecast_export_context"", ""96"", ""--forecast_export_only""]"
ETTh2,336,TimeMixer,timemixer,408,OT,/home/cwh/Time-Series-Library/paper/neurocomputing/figures/fig3_curve_candidates/source_npz/etth2_h336_timemixer.npz,/home/cwh/Time-Series-Library/logs/q2_main_baselines/records/timemixer_etth2_sl336_pl336_s2021.json,formal_seed2021_record,"[""/home/cwh/Time-Series-Library/logs/q2_main_baselines/records/timemixer_etth2_sl336_pl336_s2021.json""]","[""/home/cwh/Time-Series-Library/.venv/bin/python"", ""-u"", ""/home/cwh/Time-Series-Library/run.py"", ""--task_name"", ""long_term_forecast"", ""--is_training"", ""0"", ""--root_path"", ""/home/cwh/Time-Series-Library/dataset/ETT-small"", ""--data_path"", ""ETTh2.csv"", ""--model_id"", ""timemixer_etth2_sl336_pl336_s2021"", ""--model"", ""TimeMixer"", ""--seed"", ""2021"", ""--data"", ""ETTh2"", ""--features"", ""M"", ""--target"", ""OT"", ""--freq"", ""h"", ""--seq_len"", ""336"", ""--label_len"", ""0"", ""--pred_len"", ""336"", ""--enc_in"", ""7"", ""--dec_in"", ""7"", ""--c_out"", ""7"", ""--d_model"", ""16"", ""--d_ff"", ""32"", ""--n_heads"", ""4"", ""--e_layers"", ""2"", ""--d_layers"", ""1"", ""--factor"", ""3"", ""--dropout"", ""0.1"", ""--batch_size"", ""32"", ""--learning_rate"", ""0.01"", ""--train_epochs"", ""10"", ""--patience"", ""10"", ""--lradj"", ""type1"", ""--num_workers"", ""0"", ""--gpu"", ""0"", ""--des"", ""timemixer_etth2_sl336_pl336_s2021"", ""--itr"", ""1"", ""--checkpoints"", ""/home/cwh/Time-Series-Library/logs/q2_main_baselines/checkpoints"", ""--test_after_train"", ""1"", ""--down_sampling_layers"", ""3"", ""--down_sampling_window"", ""2"", ""--down_sampling_method"", ""avg"", ""--forecast_export_path"", ""/home/cwh/Time-Series-Library/paper/neurocomputing/figures/fig3_curve_candidates/source_npz/etth2_h336_timemixer.npz"", ""--forecast_export_origin"", ""408"", ""--forecast_export_channel"", ""-1"", ""--forecast_export_context"", ""96"", ""--forecast_export_only""]"
ETTh2,336,MSGNet,msgnet,408,OT,/home/cwh/Time-Series-Library/paper/neurocomputing/figures/fig3_curve_candidates/source_npz/etth2_h336_msgnet.npz,/home/cwh/Time-Series-Library/logs/q2_main_baselines/records/msgnet_etth2_sl336_pl336_s2021.json,formal_seed2021_record,"[""/home/cwh/Time-Series-Library/logs/q2_main_baselines/records/msgnet_etth2_sl336_pl336_s2021.json""]","[""/home/cwh/Time-Series-Library/.venv/bin/python"", ""-u"", ""/home/cwh/Time-Series-Library/run.py"", ""--task_name"", ""long_term_forecast"", ""--is_training"", ""0"", ""--root_path"", ""/home/cwh/Time-Series-Library/dataset/ETT-small"", ""--data_path"", ""ETTh2.csv"", ""--model_id"", ""msgnet_etth2_sl336_pl336_s2021"", ""--model"", ""MSGNet"", ""--seed"", ""2021"", ""--data"", ""ETTh2"", ""--features"", ""M"", ""--target"", ""OT"", ""--freq"", ""h"", ""--seq_len"", ""336"", ""--label_len"", ""48"", ""--pred_len"", ""336"", ""--enc_in"", ""7"", ""--dec_in"", ""7"", ""--c_out"", ""7"", ""--d_model"", ""16"", ""--d_ff"", ""32"", ""--n_heads"", ""4"", ""--e_layers"", ""2"", ""--d_layers"", ""1"", ""--factor"", ""3"", ""--dropout"", ""0.1"", ""--batch_size"", ""32"", ""--learning_rate"", ""0.0001"", ""--train_epochs"", ""10"", ""--patience"", ""3"", ""--lradj"", ""type1"", ""--num_workers"", ""0"", ""--gpu"", ""0"", ""--des"", ""msgnet_etth2_sl336_pl336_s2021"", ""--itr"", ""1"", ""--checkpoints"", ""/home/cwh/Time-Series-Library/logs/q2_main_baselines/checkpoints"", ""--test_after_train"", ""1"", ""--top_k"", ""5"", ""--conv_channel"", ""32"", ""--skip_channel"", ""32"", ""--forecast_export_path"", ""/home/cwh/Time-Series-Library/paper/neurocomputing/figures/fig3_curve_candidates/source_npz/etth2_h336_msgnet.npz"", ""--forecast_export_origin"", ""408"", ""--forecast_export_channel"", ""-1"", ""--forecast_export_context"", ""96"", ""--forecast_export_only""]"
ETTh2,336,PatchTST,patchtst,408,OT,/home/cwh/Time-Series-Library/paper/neurocomputing/figures/fig3_curve_candidates/source_npz/etth2_h336_patchtst.npz,/home/cwh/Time-Series-Library/logs/q2_main_baselines/records/patchtst_etth2_sl336_pl336_s2021.json,formal_seed2021_record,"[""/home/cwh/Time-Series-Library/logs/q2_main_baselines/records/patchtst_etth2_sl336_pl336_s2021.json""]","[""/home/cwh/Time-Series-Library/.venv/bin/python"", ""-u"", ""/home/cwh/Time-Series-Library/run.py"", ""--task_name"", ""long_term_forecast"", ""--is_training"", ""0"", ""--root_path"", ""/home/cwh/Time-Series-Library/dataset/ETT-small"", ""--data_path"", ""ETTh2.csv"", ""--model_id"", ""patchtst_etth2_sl336_pl336_s2021"", ""--model"", ""PatchTST"", ""--seed"", ""2021"", ""--data"", ""ETTh2"", ""--features"", ""M"", ""--target"", ""OT"", ""--freq"", ""h"", ""--seq_len"", ""336"", ""--label_len"", ""48"", ""--pred_len"", ""336"", ""--enc_in"", ""7"", ""--dec_in"", ""7"", ""--c_out"", ""7"", ""--d_model"", ""512"", ""--d_ff"", ""2048"", ""--n_heads"", ""4"", ""--e_layers"", ""3"", ""--d_layers"", ""1"", ""--factor"", ""3"", ""--dropout"", ""0.1"", ""--batch_size"", ""32"", ""--learning_rate"", ""0.0001"", ""--train_epochs"", ""10"", ""--patience"", ""3"", ""--lradj"", ""type1"", ""--num_workers"", ""0"", ""--gpu"", ""0"", ""--des"", ""patchtst_etth2_sl336_pl336_s2021"", ""--itr"", ""1"", ""--checkpoints"", ""/home/cwh/Time-Series-Library/logs/q2_main_baselines/checkpoints"", ""--test_after_train"", ""1"", ""--patch_len"", ""16"", ""--stride"", ""8"", ""--forecast_export_path"", ""/home/cwh/Time-Series-Library/paper/neurocomputing/figures/fig3_curve_candidates/source_npz/etth2_h336_patchtst.npz"", ""--forecast_export_origin"", ""408"", ""--forecast_export_channel"", ""-1"", ""--forecast_export_context"", ""96"", ""--forecast_export_only""]"
ETTh2,336,TimesNet,timesnet,408,OT,/home/cwh/Time-Series-Library/paper/neurocomputing/figures/fig3_curve_candidates/source_npz/etth2_h336_timesnet.npz,/home/cwh/Time-Series-Library/logs/q2_main_baselines/records/timesnet_etth2_sl336_pl336_s2021.json,formal_seed2021_record,"[""/home/cwh/Time-Series-Library/logs/q2_main_baselines/records/timesnet_etth2_sl336_pl336_s2021.json""]","[""/home/cwh/Time-Series-Library/.venv/bin/python"", ""-u"", ""/home/cwh/Time-Series-Library/run.py"", ""--task_name"", ""long_term_forecast"", ""--is_training"", ""0"", ""--root_path"", ""/home/cwh/Time-Series-Library/dataset/ETT-small"", ""--data_path"", ""ETTh2.csv"", ""--model_id"", ""timesnet_etth2_sl336_pl336_s2021"", ""--model"", ""TimesNet"", ""--seed"", ""2021"", ""--data"", ""ETTh2"", ""--features"", ""M"", ""--target"", ""OT"", ""--freq"", ""h"", ""--seq_len"", ""336"", ""--label_len"", ""48"", ""--pred_len"", ""336"", ""--enc_in"", ""7"", ""--dec_in"", ""7"", ""--c_out"", ""7"", ""--d_model"", ""32"", ""--d_ff"", ""32"", ""--n_heads"", ""4"", ""--e_layers"", ""2"", ""--d_layers"", ""1"", ""--factor"", ""3"", ""--dropout"", ""0.1"", ""--batch_size"", ""32"", ""--learning_rate"", ""0.0001"", ""--train_epochs"", ""10"", ""--patience"", ""3"", ""--lradj"", ""type1"", ""--num_workers"", ""0"", ""--gpu"", ""0"", ""--des"", ""timesnet_etth2_sl336_pl336_s2021"", ""--itr"", ""1"", ""--checkpoints"", ""/home/cwh/Time-Series-Library/logs/q2_main_baselines/checkpoints"", ""--test_after_train"", ""1"", ""--top_k"", ""5"", ""--forecast_export_path"", ""/home/cwh/Time-Series-Library/paper/neurocomputing/figures/fig3_curve_candidates/source_npz/etth2_h336_timesnet.npz"", ""--forecast_export_origin"", ""408"", ""--forecast_export_channel"", ""-1"", ""--forecast_export_context"", ""96"", ""--forecast_export_only""]"
ETTh2,336,DLinear,dlinear,408,OT,/home/cwh/Time-Series-Library/paper/neurocomputing/figures/fig3_curve_candidates/source_npz/etth2_h336_dlinear.npz,/home/cwh/Time-Series-Library/logs/q2_main_baselines/records/dlinear_etth2_sl336_pl336_s2021.json,formal_seed2021_record,"[""/home/cwh/Time-Series-Library/logs/q2_main_baselines/records/dlinear_etth2_sl336_pl336_s2021.json""]","[""/home/cwh/Time-Series-Library/.venv/bin/python"", ""-u"", ""/home/cwh/Time-Series-Library/run.py"", ""--task_name"", ""long_term_forecast"", ""--is_training"", ""0"", ""--root_path"", ""/home/cwh/Time-Series-Library/dataset/ETT-small"", ""--data_path"", ""ETTh2.csv"", ""--model_id"", ""dlinear_etth2_sl336_pl336_s2021"", ""--model"", ""DLinear"", ""--seed"", ""2021"", ""--data"", ""ETTh2"", ""--features"", ""M"", ""--target"", ""OT"", ""--freq"", ""h"", ""--seq_len"", ""336"", ""--label_len"", ""48"", ""--pred_len"", ""336"", ""--enc_in"", ""7"", ""--dec_in"", ""7"", ""--c_out"", ""7"", ""--d_model"", ""32"", ""--d_ff"", ""64"", ""--n_heads"", ""4"", ""--e_layers"", ""2"", ""--d_layers"", ""1"", ""--factor"", ""3"", ""--dropout"", ""0.1"", ""--batch_size"", ""32"", ""--learning_rate"", ""0.0001"", ""--train_epochs"", ""10"", ""--patience"", ""3"", ""--lradj"", ""type1"", ""--num_workers"", ""0"", ""--gpu"", ""0"", ""--des"", ""dlinear_etth2_sl336_pl336_s2021"", ""--itr"", ""1"", ""--checkpoints"", ""/home/cwh/Time-Series-Library/logs/q2_main_baselines/checkpoints"", ""--test_after_train"", ""1"", ""--forecast_export_path"", ""/home/cwh/Time-Series-Library/paper/neurocomputing/figures/fig3_curve_candidates/source_npz/etth2_h336_dlinear.npz"", ""--forecast_export_origin"", ""408"", ""--forecast_export_channel"", ""-1"", ""--forecast_export_context"", ""96"", ""--forecast_export_only""]"
ETTh2,720,TimeRole,graphmambacmrhm,408,OT,/home/cwh/Time-Series-Library/paper/neurocomputing/figures/fig3_curve_candidates/source_npz/etth2_h720_graphmambacmrhm.npz,/home/cwh/Time-Series-Library/logs/q2_main_baselines/records/graphmambacmrhm_etth2_sl336_pl720_s2021.json,formal_seed2021_record,"[""/home/cwh/Time-Series-Library/logs/q2_main_baselines/records/graphmambacmrhm_etth2_sl336_pl720_s2021.json"", ""/home/cwh/Time-Series-Library/logs/cmrhm_unified_main/records/cmrhm_etth2_p720_s2021.json""]","[""/home/cwh/Time-Series-Library/.venv/bin/python"", ""-u"", ""/home/cwh/Time-Series-Library/run.py"", ""--task_name"", ""long_term_forecast"", ""--is_training"", ""0"", ""--root_path"", ""/home/cwh/Time-Series-Library/dataset/ETT-small"", ""--data_path"", ""ETTh2.csv"", ""--model_id"", ""ETTh2_96_720_q2f_etth2_p720_c_s2021"", ""--model"", ""GraphMambaCMRHM"", ""--seed"", ""2021"", ""--data"", ""ETTh2"", ""--features"", ""M"", ""--target"", ""OT"", ""--seq_len"", ""336"", ""--label_len"", ""48"", ""--pred_len"", ""720"", ""--enc_in"", ""7"", ""--dec_in"", ""7"", ""--c_out"", ""7"", ""--patch_len"", ""4"", ""--stride"", ""2"", ""--d_model"", ""64"", ""--d_ff"", ""128"", ""--d_state"", ""32"", ""--d_conv"", ""2"", ""--e_layers"", ""1"", ""--expand"", ""2"", ""--mamba_version"", ""1"", ""--mamba_bidirectional"", ""1"", ""--use_graph"", ""1"", ""--use_time_mamba"", ""1"", ""--use_patch"", ""1"", ""--use_decomp"", ""1"", ""--moving_avg"", ""25"", ""--dual_scale_scan_mode"", ""independent_shared"", ""--periodic_period"", ""24"", ""--periodic_local_patch"", ""4"", ""--periodic_local_stride"", ""2"", ""--periodic_period_stride"", ""12"", ""--periodic_use_adapter"", ""1"", ""--graph_alpha"", ""0.5"", ""--graph_top_k"", ""2"", ""--graph_sample_size"", ""2000"", ""--graph_sample_method"", ""uniform"", ""--static_graph_mode"", ""weighted"", ""--graph_cache"", ""0"", ""--gc_graph_dim"", ""16"", ""--gc_temperature"", ""1.0"", ""--gc_residual_init"", ""0.5"", ""--gc_dynamic_graph"", ""1"", ""--gc_symmetric_graph"", ""1"", ""--gc_input_modulation"", ""1"", ""--gc_direction_fusion"", ""1"", ""--gc_parallel_residual"", ""1"", ""--af_hidden_dim"", ""32"", ""--af_rank"", ""16"", ""--af_mode"", ""variable_scale_residual"", ""--dropout"", ""0.1"", ""--batch_size"", ""32"", ""--learning_rate"", ""0.0005"", ""--lradj"", ""type1"", ""--train_epochs"", ""100"", ""--patience"", ""6"", ""--num_workers"", ""0"", ""--gpu"", ""0"", ""--des"", ""q2f_etth2_p720_c_s2021"", ""--itr"", ""1"", ""--test_after_train"", ""0"", ""--evaluation_split"", ""test"", ""--checkpoints"", ""/home/cwh/Time-Series-Library/checkpoints"", ""--forecast_export_path"", ""/home/cwh/Time-Series-Library/paper/neurocomputing/figures/fig3_curve_candidates/source_npz/etth2_h720_graphmambacmrhm.npz"", ""--forecast_export_origin"", ""408"", ""--forecast_export_channel"", ""-1"", ""--forecast_export_context"", ""96"", ""--forecast_export_only""]"
ETTh2,720,S-Mamba,smamba,408,OT,/home/cwh/Time-Series-Library/paper/neurocomputing/figures/fig3_curve_candidates/source_npz/etth2_h720_smamba.npz,/home/cwh/Time-Series-Library/logs/q2_main_baselines/records/smamba_etth2_sl336_pl720_s2021.json,formal_seed2021_record,"[""/home/cwh/Time-Series-Library/logs/q2_main_baselines/records/smamba_etth2_sl336_pl720_s2021.json""]","[""/home/cwh/Time-Series-Library/.venv/bin/python"", ""-u"", ""/home/cwh/Time-Series-Library/run.py"", ""--task_name"", ""long_term_forecast"", ""--is_training"", ""0"", ""--root_path"", ""/home/cwh/Time-Series-Library/dataset/ETT-small"", ""--data_path"", ""ETTh2.csv"", ""--model_id"", ""smamba_etth2_sl336_pl720_s2021"", ""--model"", ""SMamba"", ""--seed"", ""2021"", ""--data"", ""ETTh2"", ""--features"", ""M"", ""--target"", ""OT"", ""--freq"", ""h"", ""--seq_len"", ""336"", ""--label_len"", ""48"", ""--pred_len"", ""720"", ""--enc_in"", ""7"", ""--dec_in"", ""7"", ""--c_out"", ""7"", ""--d_model"", ""256"", ""--d_ff"", ""256"", ""--n_heads"", ""4"", ""--e_layers"", ""2"", ""--d_layers"", ""1"", ""--factor"", ""3"", ""--dropout"", ""0.1"", ""--batch_size"", ""32"", ""--learning_rate"", ""7e-05"", ""--train_epochs"", ""10"", ""--patience"", ""3"", ""--lradj"", ""type1"", ""--num_workers"", ""0"", ""--gpu"", ""0"", ""--des"", ""smamba_etth2_sl336_pl720_s2021"", ""--itr"", ""1"", ""--checkpoints"", ""/home/cwh/Time-Series-Library/logs/q2_main_baselines/checkpoints"", ""--test_after_train"", ""1"", ""--d_state"", ""2"", ""--use_norm"", ""1"", ""--forecast_export_path"", ""/home/cwh/Time-Series-Library/paper/neurocomputing/figures/fig3_curve_candidates/source_npz/etth2_h720_smamba.npz"", ""--forecast_export_origin"", ""408"", ""--forecast_export_channel"", ""-1"", ""--forecast_export_context"", ""96"", ""--forecast_export_only""]"
ETTh2,720,iTransformer,itransformer,408,OT,/home/cwh/Time-Series-Library/paper/neurocomputing/figures/fig3_curve_candidates/source_npz/etth2_h720_itransformer.npz,/home/cwh/Time-Series-Library/logs/q2_main_baselines/records/itransformer_etth2_sl336_pl720_s2021.json,formal_seed2021_record,"[""/home/cwh/Time-Series-Library/logs/q2_main_baselines/records/itransformer_etth2_sl336_pl720_s2021.json""]","[""/home/cwh/Time-Series-Library/.venv/bin/python"", ""-u"", ""/home/cwh/Time-Series-Library/run.py"", ""--task_name"", ""long_term_forecast"", ""--is_training"", ""0"", ""--root_path"", ""/home/cwh/Time-Series-Library/dataset/ETT-small"", ""--data_path"", ""ETTh2.csv"", ""--model_id"", ""itransformer_etth2_sl336_pl720_s2021"", ""--model"", ""iTransformer"", ""--seed"", ""2021"", ""--data"", ""ETTh2"", ""--features"", ""M"", ""--target"", ""OT"", ""--freq"", ""h"", ""--seq_len"", ""336"", ""--label_len"", ""48"", ""--pred_len"", ""720"", ""--enc_in"", ""7"", ""--dec_in"", ""7"", ""--c_out"", ""7"", ""--d_model"", ""128"", ""--d_ff"", ""128"", ""--n_heads"", ""8"", ""--e_layers"", ""2"", ""--d_layers"", ""1"", ""--factor"", ""3"", ""--dropout"", ""0.1"", ""--batch_size"", ""32"", ""--learning_rate"", ""0.0001"", ""--train_epochs"", ""10"", ""--patience"", ""3"", ""--lradj"", ""type1"", ""--num_workers"", ""0"", ""--gpu"", ""0"", ""--des"", ""itransformer_etth2_sl336_pl720_s2021"", ""--itr"", ""1"", ""--checkpoints"", ""/home/cwh/Time-Series-Library/logs/q2_main_baselines/checkpoints"", ""--test_after_train"", ""1"", ""--forecast_export_path"", ""/home/cwh/Time-Series-Library/paper/neurocomputing/figures/fig3_curve_candidates/source_npz/etth2_h720_itransformer.npz"", ""--forecast_export_origin"", ""408"", ""--forecast_export_channel"", ""-1"", ""--forecast_export_context"", ""96"", ""--forecast_export_only""]"
ETTh2,720,TimeMixer,timemixer,408,OT,/home/cwh/Time-Series-Library/paper/neurocomputing/figures/fig3_curve_candidates/source_npz/etth2_h720_timemixer.npz,/home/cwh/Time-Series-Library/logs/q2_main_baselines/records/timemixer_etth2_sl336_pl720_s2021.json,formal_seed2021_record,"[""/home/cwh/Time-Series-Library/logs/q2_main_baselines/records/timemixer_etth2_sl336_pl720_s2021.json""]","[""/home/cwh/Time-Series-Library/.venv/bin/python"", ""-u"", ""/home/cwh/Time-Series-Library/run.py"", ""--task_name"", ""long_term_forecast"", ""--is_training"", ""0"", ""--root_path"", ""/home/cwh/Time-Series-Library/dataset/ETT-small"", ""--data_path"", ""ETTh2.csv"", ""--model_id"", ""timemixer_etth2_sl336_pl720_s2021"", ""--model"", ""TimeMixer"", ""--seed"", ""2021"", ""--data"", ""ETTh2"", ""--features"", ""M"", ""--target"", ""OT"", ""--freq"", ""h"", ""--seq_len"", ""336"", ""--label_len"", ""0"", ""--pred_len"", ""720"", ""--enc_in"", ""7"", ""--dec_in"", ""7"", ""--c_out"", ""7"", ""--d_model"", ""16"", ""--d_ff"", ""32"", ""--n_heads"", ""4"", ""--e_layers"", ""2"", ""--d_layers"", ""1"", ""--factor"", ""3"", ""--dropout"", ""0.1"", ""--batch_size"", ""32"", ""--learning_rate"", ""0.01"", ""--train_epochs"", ""10"", ""--patience"", ""10"", ""--lradj"", ""type1"", ""--num_workers"", ""0"", ""--gpu"", ""0"", ""--des"", ""timemixer_etth2_sl336_pl720_s2021"", ""--itr"", ""1"", ""--checkpoints"", ""/home/cwh/Time-Series-Library/logs/q2_main_baselines/checkpoints"", ""--test_after_train"", ""1"", ""--down_sampling_layers"", ""3"", ""--down_sampling_window"", ""2"", ""--down_sampling_method"", ""avg"", ""--forecast_export_path"", ""/home/cwh/Time-Series-Library/paper/neurocomputing/figures/fig3_curve_candidates/source_npz/etth2_h720_timemixer.npz"", ""--forecast_export_origin"", ""408"", ""--forecast_export_channel"", ""-1"", ""--forecast_export_context"", ""96"", ""--forecast_export_only""]"
ETTh2,720,MSGNet,msgnet,408,OT,/home/cwh/Time-Series-Library/paper/neurocomputing/figures/fig3_curve_candidates/source_npz/etth2_h720_msgnet.npz,/home/cwh/Time-Series-Library/logs/q2_main_baselines/records/msgnet_etth2_sl336_pl720_s2021.json,formal_seed2021_record,"[""/home/cwh/Time-Series-Library/logs/q2_main_baselines/records/msgnet_etth2_sl336_pl720_s2021.json""]","[""/home/cwh/Time-Series-Library/.venv/bin/python"", ""-u"", ""/home/cwh/Time-Series-Library/run.py"", ""--task_name"", ""long_term_forecast"", ""--is_training"", ""0"", ""--root_path"", ""/home/cwh/Time-Series-Library/dataset/ETT-small"", ""--data_path"", ""ETTh2.csv"", ""--model_id"", ""msgnet_etth2_sl336_pl720_s2021"", ""--model"", ""MSGNet"", ""--seed"", ""2021"", ""--data"", ""ETTh2"", ""--features"", ""M"", ""--target"", ""OT"", ""--freq"", ""h"", ""--seq_len"", ""336"", ""--label_len"", ""48"", ""--pred_len"", ""720"", ""--enc_in"", ""7"", ""--dec_in"", ""7"", ""--c_out"", ""7"", ""--d_model"", ""16"", ""--d_ff"", ""32"", ""--n_heads"", ""4"", ""--e_layers"", ""2"", ""--d_layers"", ""1"", ""--factor"", ""3"", ""--dropout"", ""0.1"", ""--batch_size"", ""32"", ""--learning_rate"", ""0.0001"", ""--train_epochs"", ""10"", ""--patience"", ""3"", ""--lradj"", ""type1"", ""--num_workers"", ""0"", ""--gpu"", ""0"", ""--des"", ""msgnet_etth2_sl336_pl720_s2021"", ""--itr"", ""1"", ""--checkpoints"", ""/home/cwh/Time-Series-Library/logs/q2_main_baselines/checkpoints"", ""--test_after_train"", ""1"", ""--top_k"", ""5"", ""--conv_channel"", ""32"", ""--skip_channel"", ""32"", ""--forecast_export_path"", ""/home/cwh/Time-Series-Library/paper/neurocomputing/figures/fig3_curve_candidates/source_npz/etth2_h720_msgnet.npz"", ""--forecast_export_origin"", ""408"", ""--forecast_export_channel"", ""-1"", ""--forecast_export_context"", ""96"", ""--forecast_export_only""]"
ETTh2,720,PatchTST,patchtst,408,OT,/home/cwh/Time-Series-Library/paper/neurocomputing/figures/fig3_curve_candidates/source_npz/etth2_h720_patchtst.npz,/home/cwh/Time-Series-Library/logs/q2_main_baselines/records/patchtst_etth2_sl336_pl720_s2021.json,formal_seed2021_record,"[""/home/cwh/Time-Series-Library/logs/q2_main_baselines/records/patchtst_etth2_sl336_pl720_s2021.json""]","[""/home/cwh/Time-Series-Library/.venv/bin/python"", ""-u"", ""/home/cwh/Time-Series-Library/run.py"", ""--task_name"", ""long_term_forecast"", ""--is_training"", ""0"", ""--root_path"", ""/home/cwh/Time-Series-Library/dataset/ETT-small"", ""--data_path"", ""ETTh2.csv"", ""--model_id"", ""patchtst_etth2_sl336_pl720_s2021"", ""--model"", ""PatchTST"", ""--seed"", ""2021"", ""--data"", ""ETTh2"", ""--features"", ""M"", ""--target"", ""OT"", ""--freq"", ""h"", ""--seq_len"", ""336"", ""--label_len"", ""48"", ""--pred_len"", ""720"", ""--enc_in"", ""7"", ""--dec_in"", ""7"", ""--c_out"", ""7"", ""--d_model"", ""512"", ""--d_ff"", ""2048"", ""--n_heads"", ""4"", ""--e_layers"", ""3"", ""--d_layers"", ""1"", ""--factor"", ""3"", ""--dropout"", ""0.1"", ""--batch_size"", ""32"", ""--learning_rate"", ""0.0001"", ""--train_epochs"", ""10"", ""--patience"", ""3"", ""--lradj"", ""type1"", ""--num_workers"", ""0"", ""--gpu"", ""0"", ""--des"", ""patchtst_etth2_sl336_pl720_s2021"", ""--itr"", ""1"", ""--checkpoints"", ""/home/cwh/Time-Series-Library/logs/q2_main_baselines/checkpoints"", ""--test_after_train"", ""1"", ""--patch_len"", ""16"", ""--stride"", ""8"", ""--forecast_export_path"", ""/home/cwh/Time-Series-Library/paper/neurocomputing/figures/fig3_curve_candidates/source_npz/etth2_h720_patchtst.npz"", ""--forecast_export_origin"", ""408"", ""--forecast_export_channel"", ""-1"", ""--forecast_export_context"", ""96"", ""--forecast_export_only""]"
ETTh2,720,TimesNet,timesnet,408,OT,/home/cwh/Time-Series-Library/paper/neurocomputing/figures/fig3_curve_candidates/source_npz/etth2_h720_timesnet.npz,/home/cwh/Time-Series-Library/logs/q2_main_baselines/records/timesnet_etth2_sl336_pl720_s2021.json,formal_seed2021_record,"[""/home/cwh/Time-Series-Library/logs/q2_main_baselines/records/timesnet_etth2_sl336_pl720_s2021.json""]","[""/home/cwh/Time-Series-Library/.venv/bin/python"", ""-u"", ""/home/cwh/Time-Series-Library/run.py"", ""--task_name"", ""long_term_forecast"", ""--is_training"", ""0"", ""--root_path"", ""/home/cwh/Time-Series-Library/dataset/ETT-small"", ""--data_path"", ""ETTh2.csv"", ""--model_id"", ""timesnet_etth2_sl336_pl720_s2021"", ""--model"", ""TimesNet"", ""--seed"", ""2021"", ""--data"", ""ETTh2"", ""--features"", ""M"", ""--target"", ""OT"", ""--freq"", ""h"", ""--seq_len"", ""336"", ""--label_len"", ""48"", ""--pred_len"", ""720"", ""--enc_in"", ""7"", ""--dec_in"", ""7"", ""--c_out"", ""7"", ""--d_model"", ""32"", ""--d_ff"", ""32"", ""--n_heads"", ""4"", ""--e_layers"", ""2"", ""--d_layers"", ""1"", ""--factor"", ""3"", ""--dropout"", ""0.1"", ""--batch_size"", ""32"", ""--learning_rate"", ""0.0001"", ""--train_epochs"", ""10"", ""--patience"", ""3"", ""--lradj"", ""type1"", ""--num_workers"", ""0"", ""--gpu"", ""0"", ""--des"", ""timesnet_etth2_sl336_pl720_s2021"", ""--itr"", ""1"", ""--checkpoints"", ""/home/cwh/Time-Series-Library/logs/q2_main_baselines/checkpoints"", ""--test_after_train"", ""1"", ""--top_k"", ""5"", ""--forecast_export_path"", ""/home/cwh/Time-Series-Library/paper/neurocomputing/figures/fig3_curve_candidates/source_npz/etth2_h720_timesnet.npz"", ""--forecast_export_origin"", ""408"", ""--forecast_export_channel"", ""-1"", ""--forecast_export_context"", ""96"", ""--forecast_export_only""]"
ETTh2,720,DLinear,dlinear,408,OT,/home/cwh/Time-Series-Library/paper/neurocomputing/figures/fig3_curve_candidates/source_npz/etth2_h720_dlinear.npz,/home/cwh/Time-Series-Library/logs/q2_main_baselines/records/dlinear_etth2_sl336_pl720_s2021.json,formal_seed2021_record,"[""/home/cwh/Time-Series-Library/logs/q2_main_baselines/records/dlinear_etth2_sl336_pl720_s2021.json""]","[""/home/cwh/Time-Series-Library/.venv/bin/python"", ""-u"", ""/home/cwh/Time-Series-Library/run.py"", ""--task_name"", ""long_term_forecast"", ""--is_training"", ""0"", ""--root_path"", ""/home/cwh/Time-Series-Library/dataset/ETT-small"", ""--data_path"", ""ETTh2.csv"", ""--model_id"", ""dlinear_etth2_sl336_pl720_s2021"", ""--model"", ""DLinear"", ""--seed"", ""2021"", ""--data"", ""ETTh2"", ""--features"", ""M"", ""--target"", ""OT"", ""--freq"", ""h"", ""--seq_len"", ""336"", ""--label_len"", ""48"", ""--pred_len"", ""720"", ""--enc_in"", ""7"", ""--dec_in"", ""7"", ""--c_out"", ""7"", ""--d_model"", ""32"", ""--d_ff"", ""64"", ""--n_heads"", ""4"", ""--e_layers"", ""2"", ""--d_layers"", ""1"", ""--factor"", ""3"", ""--dropout"", ""0.1"", ""--batch_size"", ""32"", ""--learning_rate"", ""0.0001"", ""--train_epochs"", ""10"", ""--patience"", ""3"", ""--lradj"", ""type1"", ""--num_workers"", ""0"", ""--gpu"", ""0"", ""--des"", ""dlinear_etth2_sl336_pl720_s2021"", ""--itr"", ""1"", ""--checkpoints"", ""/home/cwh/Time-Series-Library/logs/q2_main_baselines/checkpoints"", ""--test_after_train"", ""1"", ""--forecast_export_path"", ""/home/cwh/Time-Series-Library/paper/neurocomputing/figures/fig3_curve_candidates/source_npz/etth2_h720_dlinear.npz"", ""--forecast_export_origin"", ""408"", ""--forecast_export_channel"", ""-1"", ""--forecast_export_context"", ""96"", ""--forecast_export_only""]"
ETTm1,96,TimeRole,graphmambacmrhm,1065,OT,/home/cwh/Time-Series-Library/paper/neurocomputing/figures/fig3_curve_candidates/source_npz/ettm1_h96_graphmambacmrhm.npz,/home/cwh/Time-Series-Library/logs/q2_main_baselines/records/graphmambacmrhm_ettm1_sl336_pl96_s2021.json,formal_seed2021_record,"[""/home/cwh/Time-Series-Library/logs/q2_main_baselines/records/graphmambacmrhm_ettm1_sl336_pl96_s2021.json"", ""/home/cwh/Time-Series-Library/logs/cmrhm_unified_main/records/cmrhm_ettm1_p96_s2021.json"", ""/home/cwh/Time-Series-Library/logs/graphmamba_cmrhm_final_test/records/ettm1_96_cmrhm_s2021.json""]","[""/home/cwh/Time-Series-Library/.venv/bin/python"", ""-u"", ""/home/cwh/Time-Series-Library/run.py"", ""--task_name"", ""long_term_forecast"", ""--is_training"", ""0"", ""--root_path"", ""/home/cwh/Time-Series-Library/dataset/ETT-small"", ""--data_path"", ""ETTm1.csv"", ""--model_id"", ""ETTm1_96_96_ettm1_96_cmrhm_s2021"", ""--model"", ""GraphMambaCMRHM"", ""--seed"", ""2021"", ""--data"", ""ETTm1"", ""--features"", ""M"", ""--target"", ""OT"", ""--seq_len"", ""336"", ""--label_len"", ""48"", ""--pred_len"", ""96"", ""--enc_in"", ""7"", ""--dec_in"", ""7"", ""--c_out"", ""7"", ""--patch_len"", ""4"", ""--stride"", ""2"", ""--d_model"", ""64"", ""--d_ff"", ""128"", ""--d_state"", ""32"", ""--d_conv"", ""2"", ""--e_layers"", ""1"", ""--expand"", ""2"", ""--mamba_version"", ""1"", ""--mamba_bidirectional"", ""1"", ""--use_graph"", ""1"", ""--use_time_mamba"", ""1"", ""--use_patch"", ""1"", ""--use_decomp"", ""1"", ""--moving_avg"", ""25"", ""--graph_alpha"", ""0.5"", ""--graph_top_k"", ""2"", ""--graph_sample_size"", ""2000"", ""--graph_sample_method"", ""uniform"", ""--static_graph_mode"", ""weighted"", ""--graph_cache"", ""0"", ""--gc_graph_dim"", ""16"", ""--gc_temperature"", ""1.0"", ""--gc_residual_init"", ""0.5"", ""--gc_dynamic_graph"", ""1"", ""--gc_symmetric_graph"", ""1"", ""--gc_input_modulation"", ""1"", ""--gc_direction_fusion"", ""1"", ""--gc_parallel_residual"", ""1"", ""--af_hidden_dim"", ""32"", ""--af_rank"", ""16"", ""--af_mode"", ""variable_scale_residual"", ""--dropout"", ""0.1"", ""--batch_size"", ""32"", ""--learning_rate"", ""0.0005"", ""--lradj"", ""type1"", ""--train_epochs"", ""100"", ""--patience"", ""6"", ""--num_workers"", ""0"", ""--gpu"", ""0"", ""--des"", ""ettm1_96_cmrhm_s2021"", ""--itr"", ""1"", ""--test_after_train"", ""0"", ""--checkpoints"", ""/home/cwh/Time-Series-Library/checkpoints"", ""--forecast_export_path"", ""/home/cwh/Time-Series-Library/paper/neurocomputing/figures/fig3_curve_candidates/source_npz/ettm1_h96_graphmambacmrhm.npz"", ""--forecast_export_origin"", ""1065"", ""--forecast_export_channel"", ""-1"", ""--forecast_export_context"", ""96"", ""--forecast_export_only""]"
ETTm1,96,S-Mamba,smamba,1065,OT,/home/cwh/Time-Series-Library/paper/neurocomputing/figures/fig3_curve_candidates/source_npz/ettm1_h96_smamba.npz,/home/cwh/Time-Series-Library/logs/q2_main_baselines/records/smamba_ettm1_sl336_pl96_s2021.json,formal_seed2021_record,"[""/home/cwh/Time-Series-Library/logs/q2_main_baselines/records/smamba_ettm1_sl336_pl96_s2021.json""]","[""/home/cwh/Time-Series-Library/.venv/bin/python"", ""-u"", ""/home/cwh/Time-Series-Library/run.py"", ""--task_name"", ""long_term_forecast"", ""--is_training"", ""0"", ""--root_path"", ""/home/cwh/Time-Series-Library/dataset/ETT-small"", ""--data_path"", ""ETTm1.csv"", ""--model_id"", ""smamba_ettm1_sl336_pl96_s2021"", ""--model"", ""SMamba"", ""--seed"", ""2021"", ""--data"", ""ETTm1"", ""--features"", ""M"", ""--target"", ""OT"", ""--freq"", ""t"", ""--seq_len"", ""336"", ""--label_len"", ""48"", ""--pred_len"", ""96"", ""--enc_in"", ""7"", ""--dec_in"", ""7"", ""--c_out"", ""7"", ""--d_model"", ""256"", ""--d_ff"", ""256"", ""--n_heads"", ""4"", ""--e_layers"", ""2"", ""--d_layers"", ""1"", ""--factor"", ""3"", ""--dropout"", ""0.1"", ""--batch_size"", ""32"", ""--learning_rate"", ""5e-05"", ""--train_epochs"", ""10"", ""--patience"", ""3"", ""--lradj"", ""type1"", ""--num_workers"", ""0"", ""--gpu"", ""0"", ""--des"", ""smamba_ettm1_sl336_pl96_s2021"", ""--itr"", ""1"", ""--checkpoints"", ""/home/cwh/Time-Series-Library/logs/q2_main_baselines/checkpoints"", ""--test_after_train"", ""1"", ""--d_state"", ""2"", ""--use_norm"", ""1"", ""--forecast_export_path"", ""/home/cwh/Time-Series-Library/paper/neurocomputing/figures/fig3_curve_candidates/source_npz/ettm1_h96_smamba.npz"", ""--forecast_export_origin"", ""1065"", ""--forecast_export_channel"", ""-1"", ""--forecast_export_context"", ""96"", ""--forecast_export_only""]"
ETTm1,96,iTransformer,itransformer,1065,OT,/home/cwh/Time-Series-Library/paper/neurocomputing/figures/fig3_curve_candidates/source_npz/ettm1_h96_itransformer.npz,/home/cwh/Time-Series-Library/logs/q2_main_baselines/records/itransformer_ettm1_sl336_pl96_s2021.json,formal_seed2021_record,"[""/home/cwh/Time-Series-Library/logs/q2_main_baselines/records/itransformer_ettm1_sl336_pl96_s2021.json""]","[""/home/cwh/Time-Series-Library/.venv/bin/python"", ""-u"", ""/home/cwh/Time-Series-Library/run.py"", ""--task_name"", ""long_term_forecast"", ""--is_training"", ""0"", ""--root_path"", ""/home/cwh/Time-Series-Library/dataset/ETT-small"", ""--data_path"", ""ETTm1.csv"", ""--model_id"", ""itransformer_ettm1_sl336_pl96_s2021"", ""--model"", ""iTransformer"", ""--seed"", ""2021"", ""--data"", ""ETTm1"", ""--features"", ""M"", ""--target"", ""OT"", ""--freq"", ""t"", ""--seq_len"", ""336"", ""--label_len"", ""48"", ""--pred_len"", ""96"", ""--enc_in"", ""7"", ""--dec_in"", ""7"", ""--c_out"", ""7"", ""--d_model"", ""128"", ""--d_ff"", ""128"", ""--n_heads"", ""8"", ""--e_layers"", ""2"", ""--d_layers"", ""1"", ""--factor"", ""3"", ""--dropout"", ""0.1"", ""--batch_size"", ""32"", ""--learning_rate"", ""0.0001"", ""--train_epochs"", ""10"", ""--patience"", ""3"", ""--lradj"", ""type1"", ""--num_workers"", ""0"", ""--gpu"", ""0"", ""--des"", ""itransformer_ettm1_sl336_pl96_s2021"", ""--itr"", ""1"", ""--checkpoints"", ""/home/cwh/Time-Series-Library/logs/q2_main_baselines/checkpoints"", ""--test_after_train"", ""1"", ""--forecast_export_path"", ""/home/cwh/Time-Series-Library/paper/neurocomputing/figures/fig3_curve_candidates/source_npz/ettm1_h96_itransformer.npz"", ""--forecast_export_origin"", ""1065"", ""--forecast_export_channel"", ""-1"", ""--forecast_export_context"", ""96"", ""--forecast_export_only""]"
ETTm1,96,TimeMixer,timemixer,1065,OT,/home/cwh/Time-Series-Library/paper/neurocomputing/figures/fig3_curve_candidates/source_npz/ettm1_h96_timemixer.npz,/home/cwh/Time-Series-Library/logs/q2_main_baselines/records/timemixer_ettm1_sl336_pl96_s2021.json,validated_lr1e4_ettm1_repair,"[""/home/cwh/Time-Series-Library/logs/q2_main_baselines/records/timemixer_ettm1_sl336_pl96_s2021.json""]","[""/home/cwh/Time-Series-Library/.venv/bin/python"", ""-u"", ""/home/cwh/Time-Series-Library/run.py"", ""--task_name"", ""long_term_forecast"", ""--is_training"", ""0"", ""--root_path"", ""/home/cwh/Time-Series-Library/dataset/ETT-small"", ""--data_path"", ""ETTm1.csv"", ""--model_id"", ""timemixer_ettm1_sl336_pl96_lr1e4_final_s2021"", ""--model"", ""TimeMixer"", ""--seed"", ""2021"", ""--data"", ""ETTm1"", ""--features"", ""M"", ""--target"", ""OT"", ""--freq"", ""t"", ""--seq_len"", ""336"", ""--label_len"", ""0"", ""--pred_len"", ""96"", ""--enc_in"", ""7"", ""--dec_in"", ""7"", ""--c_out"", ""7"", ""--d_model"", ""16"", ""--d_ff"", ""32"", ""--n_heads"", ""4"", ""--e_layers"", ""2"", ""--d_layers"", ""1"", ""--factor"", ""3"", ""--dropout"", ""0.1"", ""--batch_size"", ""32"", ""--learning_rate"", ""0.0001"", ""--train_epochs"", ""10"", ""--patience"", ""10"", ""--lradj"", ""type1"", ""--num_workers"", ""0"", ""--gpu"", ""0"", ""--des"", ""timemixer_ettm1_sl336_pl96_lr1e4_final_s2021"", ""--itr"", ""1"", ""--checkpoints"", ""/home/cwh/Time-Series-Library/logs/q2_timemixer_ettm1_repair/checkpoints"", ""--test_after_train"", ""1"", ""--down_sampling_layers"", ""3"", ""--down_sampling_window"", ""2"", ""--down_sampling_method"", ""avg"", ""--forecast_export_path"", ""/home/cwh/Time-Series-Library/paper/neurocomputing/figures/fig3_curve_candidates/source_npz/ettm1_h96_timemixer.npz"", ""--forecast_export_origin"", ""1065"", ""--forecast_export_channel"", ""-1"", ""--forecast_export_context"", ""96"", ""--forecast_export_only""]"
ETTm1,96,MSGNet,msgnet,1065,OT,/home/cwh/Time-Series-Library/paper/neurocomputing/figures/fig3_curve_candidates/source_npz/ettm1_h96_msgnet.npz,/home/cwh/Time-Series-Library/logs/q2_main_baselines/records/msgnet_ettm1_sl336_pl96_s2021.json,formal_seed2021_record,"[""/home/cwh/Time-Series-Library/logs/q2_main_baselines/records/msgnet_ettm1_sl336_pl96_s2021.json""]","[""/home/cwh/Time-Series-Library/.venv/bin/python"", ""-u"", ""/home/cwh/Time-Series-Library/run.py"", ""--task_name"", ""long_term_forecast"", ""--is_training"", ""0"", ""--root_path"", ""/home/cwh/Time-Series-Library/dataset/ETT-small"", ""--data_path"", ""ETTm1.csv"", ""--model_id"", ""msgnet_ettm1_sl336_pl96_s2021"", ""--model"", ""MSGNet"", ""--seed"", ""2021"", ""--data"", ""ETTm1"", ""--features"", ""M"", ""--target"", ""OT"", ""--freq"", ""t"", ""--seq_len"", ""336"", ""--label_len"", ""48"", ""--pred_len"", ""96"", ""--enc_in"", ""7"", ""--dec_in"", ""7"", ""--c_out"", ""7"", ""--d_model"", ""32"", ""--d_ff"", ""32"", ""--n_heads"", ""4"", ""--e_layers"", ""1"", ""--d_layers"", ""1"", ""--factor"", ""3"", ""--dropout"", ""0.1"", ""--batch_size"", ""32"", ""--learning_rate"", ""0.0001"", ""--train_epochs"", ""10"", ""--patience"", ""3"", ""--lradj"", ""type1"", ""--num_workers"", ""0"", ""--gpu"", ""0"", ""--des"", ""msgnet_ettm1_sl336_pl96_s2021"", ""--itr"", ""1"", ""--checkpoints"", ""/home/cwh/Time-Series-Library/logs/q2_main_baselines/checkpoints"", ""--test_after_train"", ""1"", ""--top_k"", ""3"", ""--conv_channel"", ""32"", ""--skip_channel"", ""32"", ""--forecast_export_path"", ""/home/cwh/Time-Series-Library/paper/neurocomputing/figures/fig3_curve_candidates/source_npz/ettm1_h96_msgnet.npz"", ""--forecast_export_origin"", ""1065"", ""--forecast_export_channel"", ""-1"", ""--forecast_export_context"", ""96"", ""--forecast_export_only""]"
ETTm1,96,PatchTST,patchtst,1065,OT,/home/cwh/Time-Series-Library/paper/neurocomputing/figures/fig3_curve_candidates/source_npz/ettm1_h96_patchtst.npz,/home/cwh/Time-Series-Library/logs/q2_main_baselines/records/patchtst_ettm1_sl336_pl96_s2021.json,formal_seed2021_record,"[""/home/cwh/Time-Series-Library/logs/q2_main_baselines/records/patchtst_ettm1_sl336_pl96_s2021.json""]","[""/home/cwh/Time-Series-Library/.venv/bin/python"", ""-u"", ""/home/cwh/Time-Series-Library/run.py"", ""--task_name"", ""long_term_forecast"", ""--is_training"", ""0"", ""--root_path"", ""/home/cwh/Time-Series-Library/dataset/ETT-small"", ""--data_path"", ""ETTm1.csv"", ""--model_id"", ""patchtst_ettm1_sl336_pl96_s2021"", ""--model"", ""PatchTST"", ""--seed"", ""2021"", ""--data"", ""ETTm1"", ""--features"", ""M"", ""--target"", ""OT"", ""--freq"", ""t"", ""--seq_len"", ""336"", ""--label_len"", ""48"", ""--pred_len"", ""96"", ""--enc_in"", ""7"", ""--dec_in"", ""7"", ""--c_out"", ""7"", ""--d_model"", ""512"", ""--d_ff"", ""2048"", ""--n_heads"", ""8"", ""--e_layers"", ""3"", ""--d_layers"", ""1"", ""--factor"", ""3"", ""--dropout"", ""0.1"", ""--batch_size"", ""32"", ""--learning_rate"", ""0.0001"", ""--train_epochs"", ""10"", ""--patience"", ""3"", ""--lradj"", ""type1"", ""--num_workers"", ""0"", ""--gpu"", ""0"", ""--des"", ""patchtst_ettm1_sl336_pl96_s2021"", ""--itr"", ""1"", ""--checkpoints"", ""/home/cwh/Time-Series-Library/logs/q2_main_baselines/checkpoints"", ""--test_after_train"", ""1"", ""--patch_len"", ""16"", ""--stride"", ""8"", ""--forecast_export_path"", ""/home/cwh/Time-Series-Library/paper/neurocomputing/figures/fig3_curve_candidates/source_npz/ettm1_h96_patchtst.npz"", ""--forecast_export_origin"", ""1065"", ""--forecast_export_channel"", ""-1"", ""--forecast_export_context"", ""96"", ""--forecast_export_only""]"
ETTm1,96,TimesNet,timesnet,1065,OT,/home/cwh/Time-Series-Library/paper/neurocomputing/figures/fig3_curve_candidates/source_npz/ettm1_h96_timesnet.npz,/home/cwh/Time-Series-Library/logs/q2_main_baselines/records/timesnet_ettm1_sl336_pl96_s2021.json,formal_seed2021_record,"[""/home/cwh/Time-Series-Library/logs/q2_main_baselines/records/timesnet_ettm1_sl336_pl96_s2021.json""]","[""/home/cwh/Time-Series-Library/.venv/bin/python"", ""-u"", ""/home/cwh/Time-Series-Library/run.py"", ""--task_name"", ""long_term_forecast"", ""--is_training"", ""0"", ""--root_path"", ""/home/cwh/Time-Series-Library/dataset/ETT-small"", ""--data_path"", ""ETTm1.csv"", ""--model_id"", ""timesnet_ettm1_sl336_pl96_s2021"", ""--model"", ""TimesNet"", ""--seed"", ""2021"", ""--data"", ""ETTm1"", ""--features"", ""M"", ""--target"", ""OT"", ""--freq"", ""t"", ""--seq_len"", ""336"", ""--label_len"", ""48"", ""--pred_len"", ""96"", ""--enc_in"", ""7"", ""--dec_in"", ""7"", ""--c_out"", ""7"", ""--d_model"", ""32"", ""--d_ff"", ""32"", ""--n_heads"", ""4"", ""--e_layers"", ""2"", ""--d_layers"", ""1"", ""--factor"", ""3"", ""--dropout"", ""0.1"", ""--batch_size"", ""32"", ""--learning_rate"", ""0.0001"", ""--train_epochs"", ""10"", ""--patience"", ""3"", ""--lradj"", ""type1"", ""--num_workers"", ""0"", ""--gpu"", ""0"", ""--des"", ""timesnet_ettm1_sl336_pl96_s2021"", ""--itr"", ""1"", ""--checkpoints"", ""/home/cwh/Time-Series-Library/logs/q2_main_baselines/checkpoints"", ""--test_after_train"", ""1"", ""--top_k"", ""5"", ""--forecast_export_path"", ""/home/cwh/Time-Series-Library/paper/neurocomputing/figures/fig3_curve_candidates/source_npz/ettm1_h96_timesnet.npz"", ""--forecast_export_origin"", ""1065"", ""--forecast_export_channel"", ""-1"", ""--forecast_export_context"", ""96"", ""--forecast_export_only""]"
ETTm1,96,DLinear,dlinear,1065,OT,/home/cwh/Time-Series-Library/paper/neurocomputing/figures/fig3_curve_candidates/source_npz/ettm1_h96_dlinear.npz,/home/cwh/Time-Series-Library/logs/q2_main_baselines/records/dlinear_ettm1_sl336_pl96_s2021.json,formal_seed2021_record,"[""/home/cwh/Time-Series-Library/logs/q2_main_baselines/records/dlinear_ettm1_sl336_pl96_s2021.json""]","[""/home/cwh/Time-Series-Library/.venv/bin/python"", ""-u"", ""/home/cwh/Time-Series-Library/run.py"", ""--task_name"", ""long_term_forecast"", ""--is_training"", ""0"", ""--root_path"", ""/home/cwh/Time-Series-Library/dataset/ETT-small"", ""--data_path"", ""ETTm1.csv"", ""--model_id"", ""dlinear_ettm1_sl336_pl96_s2021"", ""--model"", ""DLinear"", ""--seed"", ""2021"", ""--data"", ""ETTm1"", ""--features"", ""M"", ""--target"", ""OT"", ""--freq"", ""t"", ""--seq_len"", ""336"", ""--label_len"", ""48"", ""--pred_len"", ""96"", ""--enc_in"", ""7"", ""--dec_in"", ""7"", ""--c_out"", ""7"", ""--d_model"", ""32"", ""--d_ff"", ""64"", ""--n_heads"", ""4"", ""--e_layers"", ""2"", ""--d_layers"", ""1"", ""--factor"", ""3"", ""--dropout"", ""0.1"", ""--batch_size"", ""32"", ""--learning_rate"", ""0.0001"", ""--train_epochs"", ""10"", ""--patience"", ""3"", ""--lradj"", ""type1"", ""--num_workers"", ""0"", ""--gpu"", ""0"", ""--des"", ""dlinear_ettm1_sl336_pl96_s2021"", ""--itr"", ""1"", ""--checkpoints"", ""/home/cwh/Time-Series-Library/logs/q2_main_baselines/checkpoints"", ""--test_after_train"", ""1"", ""--forecast_export_path"", ""/home/cwh/Time-Series-Library/paper/neurocomputing/figures/fig3_curve_candidates/source_npz/ettm1_h96_dlinear.npz"", ""--forecast_export_origin"", ""1065"", ""--forecast_export_channel"", ""-1"", ""--forecast_export_context"", ""96"", ""--forecast_export_only""]"
ETTm1,192,TimeRole,graphmambacmrhm,1065,OT,/home/cwh/Time-Series-Library/paper/neurocomputing/figures/fig3_curve_candidates/source_npz/ettm1_h192_graphmambacmrhm.npz,/home/cwh/Time-Series-Library/logs/q2_main_baselines/records/graphmambacmrhm_ettm1_sl336_pl192_s2021.json,formal_seed2021_record,"[""/home/cwh/Time-Series-Library/logs/q2_main_baselines/records/graphmambacmrhm_ettm1_sl336_pl192_s2021.json"", ""/home/cwh/Time-Series-Library/logs/cmrhm_unified_main/records/cmrhm_ettm1_p192_s2021.json"", ""/home/cwh/Time-Series-Library/logs/graphmamba_cmrhm_final_test/records/ettm1_192_cmrhm_s2021.json""]","[""/home/cwh/Time-Series-Library/.venv/bin/python"", ""-u"", ""/home/cwh/Time-Series-Library/run.py"", ""--task_name"", ""long_term_forecast"", ""--is_training"", ""0"", ""--root_path"", ""/home/cwh/Time-Series-Library/dataset/ETT-small"", ""--data_path"", ""ETTm1.csv"", ""--model_id"", ""ETTm1_96_192_ettm1_192_cmrhm_s2021"", ""--model"", ""GraphMambaCMRHM"", ""--seed"", ""2021"", ""--data"", ""ETTm1"", ""--features"", ""M"", ""--target"", ""OT"", ""--seq_len"", ""336"", ""--label_len"", ""48"", ""--pred_len"", ""192"", ""--enc_in"", ""7"", ""--dec_in"", ""7"", ""--c_out"", ""7"", ""--patch_len"", ""4"", ""--stride"", ""2"", ""--d_model"", ""64"", ""--d_ff"", ""128"", ""--d_state"", ""32"", ""--d_conv"", ""2"", ""--e_layers"", ""1"", ""--expand"", ""2"", ""--mamba_version"", ""1"", ""--mamba_bidirectional"", ""1"", ""--use_graph"", ""1"", ""--use_time_mamba"", ""1"", ""--use_patch"", ""1"", ""--use_decomp"", ""1"", ""--moving_avg"", ""25"", ""--graph_alpha"", ""0.5"", ""--graph_top_k"", ""2"", ""--graph_sample_size"", ""2000"", ""--graph_sample_method"", ""uniform"", ""--static_graph_mode"", ""weighted"", ""--graph_cache"", ""0"", ""--gc_graph_dim"", ""16"", ""--gc_temperature"", ""1.0"", ""--gc_residual_init"", ""0.5"", ""--gc_dynamic_graph"", ""1"", ""--gc_symmetric_graph"", ""1"", ""--gc_input_modulation"", ""1"", ""--gc_direction_fusion"", ""1"", ""--gc_parallel_residual"", ""1"", ""--af_hidden_dim"", ""32"", ""--af_rank"", ""16"", ""--af_mode"", ""variable_scale_residual"", ""--dropout"", ""0.1"", ""--batch_size"", ""32"", ""--learning_rate"", ""0.0005"", ""--lradj"", ""type1"", ""--train_epochs"", ""100"", ""--patience"", ""6"", ""--num_workers"", ""0"", ""--gpu"", ""0"", ""--des"", ""ettm1_192_cmrhm_s2021"", ""--itr"", ""1"", ""--test_after_train"", ""0"", ""--checkpoints"", ""/home/cwh/Time-Series-Library/checkpoints"", ""--forecast_export_path"", ""/home/cwh/Time-Series-Library/paper/neurocomputing/figures/fig3_curve_candidates/source_npz/ettm1_h192_graphmambacmrhm.npz"", ""--forecast_export_origin"", ""1065"", ""--forecast_export_channel"", ""-1"", ""--forecast_export_context"", ""96"", ""--forecast_export_only""]"
ETTm1,192,S-Mamba,smamba,1065,OT,/home/cwh/Time-Series-Library/paper/neurocomputing/figures/fig3_curve_candidates/source_npz/ettm1_h192_smamba.npz,/home/cwh/Time-Series-Library/logs/q2_main_baselines/records/smamba_ettm1_sl336_pl192_s2021.json,formal_seed2021_record,"[""/home/cwh/Time-Series-Library/logs/q2_main_baselines/records/smamba_ettm1_sl336_pl192_s2021.json""]","[""/home/cwh/Time-Series-Library/.venv/bin/python"", ""-u"", ""/home/cwh/Time-Series-Library/run.py"", ""--task_name"", ""long_term_forecast"", ""--is_training"", ""0"", ""--root_path"", ""/home/cwh/Time-Series-Library/dataset/ETT-small"", ""--data_path"", ""ETTm1.csv"", ""--model_id"", ""smamba_ettm1_sl336_pl192_s2021"", ""--model"", ""SMamba"", ""--seed"", ""2021"", ""--data"", ""ETTm1"", ""--features"", ""M"", ""--target"", ""OT"", ""--freq"", ""t"", ""--seq_len"", ""336"", ""--label_len"", ""48"", ""--pred_len"", ""192"", ""--enc_in"", ""7"", ""--dec_in"", ""7"", ""--c_out"", ""7"", ""--d_model"", ""128"", ""--d_ff"", ""128"", ""--n_heads"", ""4"", ""--e_layers"", ""2"", ""--d_layers"", ""1"", ""--factor"", ""3"", ""--dropout"", ""0.1"", ""--batch_size"", ""32"", ""--learning_rate"", ""5e-05"", ""--train_epochs"", ""10"", ""--patience"", ""3"", ""--lradj"", ""type1"", ""--num_workers"", ""0"", ""--gpu"", ""0"", ""--des"", ""smamba_ettm1_sl336_pl192_s2021"", ""--itr"", ""1"", ""--checkpoints"", ""/home/cwh/Time-Series-Library/logs/q2_main_baselines/checkpoints"", ""--test_after_train"", ""1"", ""--d_state"", ""2"", ""--use_norm"", ""1"", ""--forecast_export_path"", ""/home/cwh/Time-Series-Library/paper/neurocomputing/figures/fig3_curve_candidates/source_npz/ettm1_h192_smamba.npz"", ""--forecast_export_origin"", ""1065"", ""--forecast_export_channel"", ""-1"", ""--forecast_export_context"", ""96"", ""--forecast_export_only""]"
ETTm1,192,iTransformer,itransformer,1065,OT,/home/cwh/Time-Series-Library/paper/neurocomputing/figures/fig3_curve_candidates/source_npz/ettm1_h192_itransformer.npz,/home/cwh/Time-Series-Library/logs/q2_main_baselines/records/itransformer_ettm1_sl336_pl192_s2021.json,formal_seed2021_record,"[""/home/cwh/Time-Series-Library/logs/q2_main_baselines/records/itransformer_ettm1_sl336_pl192_s2021.json""]","[""/home/cwh/Time-Series-Library/.venv/bin/python"", ""-u"", ""/home/cwh/Time-Series-Library/run.py"", ""--task_name"", ""long_term_forecast"", ""--is_training"", ""0"", ""--root_path"", ""/home/cwh/Time-Series-Library/dataset/ETT-small"", ""--data_path"", ""ETTm1.csv"", ""--model_id"", ""itransformer_ettm1_sl336_pl192_s2021"", ""--model"", ""iTransformer"", ""--seed"", ""2021"", ""--data"", ""ETTm1"", ""--features"", ""M"", ""--target"", ""OT"", ""--freq"", ""t"", ""--seq_len"", ""336"", ""--label_len"", ""48"", ""--pred_len"", ""192"", ""--enc_in"", ""7"", ""--dec_in"", ""7"", ""--c_out"", ""7"", ""--d_model"", ""128"", ""--d_ff"", ""128"", ""--n_heads"", ""8"", ""--e_layers"", ""2"", ""--d_layers"", ""1"", ""--factor"", ""3"", ""--dropout"", ""0.1"", ""--batch_size"", ""32"", ""--learning_rate"", ""0.0001"", ""--train_epochs"", ""10"", ""--patience"", ""3"", ""--lradj"", ""type1"", ""--num_workers"", ""0"", ""--gpu"", ""0"", ""--des"", ""itransformer_ettm1_sl336_pl192_s2021"", ""--itr"", ""1"", ""--checkpoints"", ""/home/cwh/Time-Series-Library/logs/q2_main_baselines/checkpoints"", ""--test_after_train"", ""1"", ""--forecast_export_path"", ""/home/cwh/Time-Series-Library/paper/neurocomputing/figures/fig3_curve_candidates/source_npz/ettm1_h192_itransformer.npz"", ""--forecast_export_origin"", ""1065"", ""--forecast_export_channel"", ""-1"", ""--forecast_export_context"", ""96"", ""--forecast_export_only""]"
ETTm1,192,TimeMixer,timemixer,1065,OT,/home/cwh/Time-Series-Library/paper/neurocomputing/figures/fig3_curve_candidates/source_npz/ettm1_h192_timemixer.npz,/home/cwh/Time-Series-Library/logs/q2_main_baselines/records/timemixer_ettm1_sl336_pl192_s2021.json,formal_seed2021_record,"[""/home/cwh/Time-Series-Library/logs/q2_main_baselines/records/timemixer_ettm1_sl336_pl192_s2021.json""]","[""/home/cwh/Time-Series-Library/.venv/bin/python"", ""-u"", ""/home/cwh/Time-Series-Library/run.py"", ""--task_name"", ""long_term_forecast"", ""--is_training"", ""0"", ""--root_path"", ""/home/cwh/Time-Series-Library/dataset/ETT-small"", ""--data_path"", ""ETTm1.csv"", ""--model_id"", ""timemixer_ettm1_sl336_pl192_s2021"", ""--model"", ""TimeMixer"", ""--seed"", ""2021"", ""--data"", ""ETTm1"", ""--features"", ""M"", ""--target"", ""OT"", ""--freq"", ""t"", ""--seq_len"", ""336"", ""--label_len"", ""0"", ""--pred_len"", ""192"", ""--enc_in"", ""7"", ""--dec_in"", ""7"", ""--c_out"", ""7"", ""--d_model"", ""16"", ""--d_ff"", ""32"", ""--n_heads"", ""4"", ""--e_layers"", ""2"", ""--d_layers"", ""1"", ""--factor"", ""3"", ""--dropout"", ""0.1"", ""--batch_size"", ""32"", ""--learning_rate"", ""0.01"", ""--train_epochs"", ""10"", ""--patience"", ""10"", ""--lradj"", ""type1"", ""--num_workers"", ""0"", ""--gpu"", ""0"", ""--des"", ""timemixer_ettm1_sl336_pl192_s2021"", ""--itr"", ""1"", ""--checkpoints"", ""/home/cwh/Time-Series-Library/logs/q2_main_baselines/checkpoints"", ""--test_after_train"", ""1"", ""--down_sampling_layers"", ""3"", ""--down_sampling_window"", ""2"", ""--down_sampling_method"", ""avg"", ""--forecast_export_path"", ""/home/cwh/Time-Series-Library/paper/neurocomputing/figures/fig3_curve_candidates/source_npz/ettm1_h192_timemixer.npz"", ""--forecast_export_origin"", ""1065"", ""--forecast_export_channel"", ""-1"", ""--forecast_export_context"", ""96"", ""--forecast_export_only""]"
ETTm1,192,MSGNet,msgnet,1065,OT,/home/cwh/Time-Series-Library/paper/neurocomputing/figures/fig3_curve_candidates/source_npz/ettm1_h192_msgnet.npz,/home/cwh/Time-Series-Library/logs/q2_main_baselines/records/msgnet_ettm1_sl336_pl192_s2021.json,formal_seed2021_record,"[""/home/cwh/Time-Series-Library/logs/q2_main_baselines/records/msgnet_ettm1_sl336_pl192_s2021.json""]","[""/home/cwh/Time-Series-Library/.venv/bin/python"", ""-u"", ""/home/cwh/Time-Series-Library/run.py"", ""--task_name"", ""long_term_forecast"", ""--is_training"", ""0"", ""--root_path"", ""/home/cwh/Time-Series-Library/dataset/ETT-small"", ""--data_path"", ""ETTm1.csv"", ""--model_id"", ""msgnet_ettm1_sl336_pl192_s2021"", ""--model"", ""MSGNet"", ""--seed"", ""2021"", ""--data"", ""ETTm1"", ""--features"", ""M"", ""--target"", ""OT"", ""--freq"", ""t"", ""--seq_len"", ""336"", ""--label_len"", ""48"", ""--pred_len"", ""192"", ""--enc_in"", ""7"", ""--dec_in"", ""7"", ""--c_out"", ""7"", ""--d_model"", ""32"", ""--d_ff"", ""32"", ""--n_heads"", ""4"", ""--e_layers"", ""1"", ""--d_layers"", ""1"", ""--factor"", ""3"", ""--dropout"", ""0.1"", ""--batch_size"", ""32"", ""--learning_rate"", ""0.0001"", ""--train_epochs"", ""10"", ""--patience"", ""3"", ""--lradj"", ""type1"", ""--num_workers"", ""0"", ""--gpu"", ""0"", ""--des"", ""msgnet_ettm1_sl336_pl192_s2021"", ""--itr"", ""1"", ""--checkpoints"", ""/home/cwh/Time-Series-Library/logs/q2_main_baselines/checkpoints"", ""--test_after_train"", ""1"", ""--top_k"", ""3"", ""--conv_channel"", ""16"", ""--skip_channel"", ""32"", ""--forecast_export_path"", ""/home/cwh/Time-Series-Library/paper/neurocomputing/figures/fig3_curve_candidates/source_npz/ettm1_h192_msgnet.npz"", ""--forecast_export_origin"", ""1065"", ""--forecast_export_channel"", ""-1"", ""--forecast_export_context"", ""96"", ""--forecast_export_only""]"
ETTm1,192,PatchTST,patchtst,1065,OT,/home/cwh/Time-Series-Library/paper/neurocomputing/figures/fig3_curve_candidates/source_npz/ettm1_h192_patchtst.npz,/home/cwh/Time-Series-Library/logs/q2_main_baselines/records/patchtst_ettm1_sl336_pl192_s2021.json,formal_seed2021_record,"[""/home/cwh/Time-Series-Library/logs/q2_main_baselines/records/patchtst_ettm1_sl336_pl192_s2021.json""]","[""/home/cwh/Time-Series-Library/.venv/bin/python"", ""-u"", ""/home/cwh/Time-Series-Library/run.py"", ""--task_name"", ""long_term_forecast"", ""--is_training"", ""0"", ""--root_path"", ""/home/cwh/Time-Series-Library/dataset/ETT-small"", ""--data_path"", ""ETTm1.csv"", ""--model_id"", ""patchtst_ettm1_sl336_pl192_s2021"", ""--model"", ""PatchTST"", ""--seed"", ""2021"", ""--data"", ""ETTm1"", ""--features"", ""M"", ""--target"", ""OT"", ""--freq"", ""t"", ""--seq_len"", ""336"", ""--label_len"", ""48"", ""--pred_len"", ""192"", ""--enc_in"", ""7"", ""--dec_in"", ""7"", ""--c_out"", ""7"", ""--d_model"", ""512"", ""--d_ff"", ""2048"", ""--n_heads"", ""8"", ""--e_layers"", ""3"", ""--d_layers"", ""1"", ""--factor"", ""3"", ""--dropout"", ""0.1"", ""--batch_size"", ""32"", ""--learning_rate"", ""0.0001"", ""--train_epochs"", ""10"", ""--patience"", ""3"", ""--lradj"", ""type1"", ""--num_workers"", ""0"", ""--gpu"", ""0"", ""--des"", ""patchtst_ettm1_sl336_pl192_s2021"", ""--itr"", ""1"", ""--checkpoints"", ""/home/cwh/Time-Series-Library/logs/q2_main_baselines/checkpoints"", ""--test_after_train"", ""1"", ""--patch_len"", ""16"", ""--stride"", ""8"", ""--forecast_export_path"", ""/home/cwh/Time-Series-Library/paper/neurocomputing/figures/fig3_curve_candidates/source_npz/ettm1_h192_patchtst.npz"", ""--forecast_export_origin"", ""1065"", ""--forecast_export_channel"", ""-1"", ""--forecast_export_context"", ""96"", ""--forecast_export_only""]"
ETTm1,192,TimesNet,timesnet,1065,OT,/home/cwh/Time-Series-Library/paper/neurocomputing/figures/fig3_curve_candidates/source_npz/ettm1_h192_timesnet.npz,/home/cwh/Time-Series-Library/logs/q2_main_baselines/records/timesnet_ettm1_sl336_pl192_s2021.json,formal_seed2021_record,"[""/home/cwh/Time-Series-Library/logs/q2_main_baselines/records/timesnet_ettm1_sl336_pl192_s2021.json""]","[""/home/cwh/Time-Series-Library/.venv/bin/python"", ""-u"", ""/home/cwh/Time-Series-Library/run.py"", ""--task_name"", ""long_term_forecast"", ""--is_training"", ""0"", ""--root_path"", ""/home/cwh/Time-Series-Library/dataset/ETT-small"", ""--data_path"", ""ETTm1.csv"", ""--model_id"", ""timesnet_ettm1_sl336_pl192_s2021"", ""--model"", ""TimesNet"", ""--seed"", ""2021"", ""--data"", ""ETTm1"", ""--features"", ""M"", ""--target"", ""OT"", ""--freq"", ""t"", ""--seq_len"", ""336"", ""--label_len"", ""48"", ""--pred_len"", ""192"", ""--enc_in"", ""7"", ""--dec_in"", ""7"", ""--c_out"", ""7"", ""--d_model"", ""32"", ""--d_ff"", ""32"", ""--n_heads"", ""4"", ""--e_layers"", ""2"", ""--d_layers"", ""1"", ""--factor"", ""3"", ""--dropout"", ""0.1"", ""--batch_size"", ""32"", ""--learning_rate"", ""0.0001"", ""--train_epochs"", ""10"", ""--patience"", ""3"", ""--lradj"", ""type1"", ""--num_workers"", ""0"", ""--gpu"", ""0"", ""--des"", ""timesnet_ettm1_sl336_pl192_s2021"", ""--itr"", ""1"", ""--checkpoints"", ""/home/cwh/Time-Series-Library/logs/q2_main_baselines/checkpoints"", ""--test_after_train"", ""1"", ""--top_k"", ""5"", ""--forecast_export_path"", ""/home/cwh/Time-Series-Library/paper/neurocomputing/figures/fig3_curve_candidates/source_npz/ettm1_h192_timesnet.npz"", ""--forecast_export_origin"", ""1065"", ""--forecast_export_channel"", ""-1"", ""--forecast_export_context"", ""96"", ""--forecast_export_only""]"
ETTm1,192,DLinear,dlinear,1065,OT,/home/cwh/Time-Series-Library/paper/neurocomputing/figures/fig3_curve_candidates/source_npz/ettm1_h192_dlinear.npz,/home/cwh/Time-Series-Library/logs/q2_main_baselines/records/dlinear_ettm1_sl336_pl192_s2021.json,formal_seed2021_record,"[""/home/cwh/Time-Series-Library/logs/q2_main_baselines/records/dlinear_ettm1_sl336_pl192_s2021.json""]","[""/home/cwh/Time-Series-Library/.venv/bin/python"", ""-u"", ""/home/cwh/Time-Series-Library/run.py"", ""--task_name"", ""long_term_forecast"", ""--is_training"", ""0"", ""--root_path"", ""/home/cwh/Time-Series-Library/dataset/ETT-small"", ""--data_path"", ""ETTm1.csv"", ""--model_id"", ""dlinear_ettm1_sl336_pl192_s2021"", ""--model"", ""DLinear"", ""--seed"", ""2021"", ""--data"", ""ETTm1"", ""--features"", ""M"", ""--target"", ""OT"", ""--freq"", ""t"", ""--seq_len"", ""336"", ""--label_len"", ""48"", ""--pred_len"", ""192"", ""--enc_in"", ""7"", ""--dec_in"", ""7"", ""--c_out"", ""7"", ""--d_model"", ""32"", ""--d_ff"", ""64"", ""--n_heads"", ""4"", ""--e_layers"", ""2"", ""--d_layers"", ""1"", ""--factor"", ""3"", ""--dropout"", ""0.1"", ""--batch_size"", ""32"", ""--learning_rate"", ""0.0001"", ""--train_epochs"", ""10"", ""--patience"", ""3"", ""--lradj"", ""type1"", ""--num_workers"", ""0"", ""--gpu"", ""0"", ""--des"", ""dlinear_ettm1_sl336_pl192_s2021"", ""--itr"", ""1"", ""--checkpoints"", ""/home/cwh/Time-Series-Library/logs/q2_main_baselines/checkpoints"", ""--test_after_train"", ""1"", ""--forecast_export_path"", ""/home/cwh/Time-Series-Library/paper/neurocomputing/figures/fig3_curve_candidates/source_npz/ettm1_h192_dlinear.npz"", ""--forecast_export_origin"", ""1065"", ""--forecast_export_channel"", ""-1"", ""--forecast_export_context"", ""96"", ""--forecast_export_only""]"
ETTm1,336,TimeRole,graphmambacmrhm,1065,OT,/home/cwh/Time-Series-Library/paper/neurocomputing/figures/fig3_curve_candidates/source_npz/ettm1_h336_graphmambacmrhm.npz,/home/cwh/Time-Series-Library/logs/q2_main_baselines/records/graphmambacmrhm_ettm1_sl336_pl336_s2021.json,formal_seed2021_record,"[""/home/cwh/Time-Series-Library/logs/q2_main_baselines/records/graphmambacmrhm_ettm1_sl336_pl336_s2021.json"", ""/home/cwh/Time-Series-Library/logs/cmrhm_unified_main/records/cmrhm_ettm1_p336_s2021.json"", ""/home/cwh/Time-Series-Library/logs/graphmamba_cmrhm_final_test/records/ettm1_336_cmrhm_s2021.json""]","[""/home/cwh/Time-Series-Library/.venv/bin/python"", ""-u"", ""/home/cwh/Time-Series-Library/run.py"", ""--task_name"", ""long_term_forecast"", ""--is_training"", ""0"", ""--root_path"", ""/home/cwh/Time-Series-Library/dataset/ETT-small"", ""--data_path"", ""ETTm1.csv"", ""--model_id"", ""ETTm1_96_336_ettm1_336_cmrhm_s2021"", ""--model"", ""GraphMambaCMRHM"", ""--seed"", ""2021"", ""--data"", ""ETTm1"", ""--features"", ""M"", ""--target"", ""OT"", ""--seq_len"", ""336"", ""--label_len"", ""48"", ""--pred_len"", ""336"", ""--enc_in"", ""7"", ""--dec_in"", ""7"", ""--c_out"", ""7"", ""--patch_len"", ""4"", ""--stride"", ""2"", ""--d_model"", ""64"", ""--d_ff"", ""128"", ""--d_state"", ""32"", ""--d_conv"", ""2"", ""--e_layers"", ""1"", ""--expand"", ""2"", ""--mamba_version"", ""1"", ""--mamba_bidirectional"", ""1"", ""--use_graph"", ""1"", ""--use_time_mamba"", ""1"", ""--use_patch"", ""1"", ""--use_decomp"", ""1"", ""--moving_avg"", ""25"", ""--graph_alpha"", ""0.5"", ""--graph_top_k"", ""2"", ""--graph_sample_size"", ""2000"", ""--graph_sample_method"", ""uniform"", ""--static_graph_mode"", ""weighted"", ""--graph_cache"", ""0"", ""--gc_graph_dim"", ""16"", ""--gc_temperature"", ""1.0"", ""--gc_residual_init"", ""0.5"", ""--gc_dynamic_graph"", ""1"", ""--gc_symmetric_graph"", ""1"", ""--gc_input_modulation"", ""1"", ""--gc_direction_fusion"", ""1"", ""--gc_parallel_residual"", ""1"", ""--af_hidden_dim"", ""32"", ""--af_rank"", ""16"", ""--af_mode"", ""variable_scale_residual"", ""--dropout"", ""0.1"", ""--batch_size"", ""32"", ""--learning_rate"", ""0.0005"", ""--lradj"", ""type1"", ""--train_epochs"", ""100"", ""--patience"", ""6"", ""--num_workers"", ""0"", ""--gpu"", ""0"", ""--des"", ""ettm1_336_cmrhm_s2021"", ""--itr"", ""1"", ""--test_after_train"", ""0"", ""--checkpoints"", ""/home/cwh/Time-Series-Library/checkpoints"", ""--forecast_export_path"", ""/home/cwh/Time-Series-Library/paper/neurocomputing/figures/fig3_curve_candidates/source_npz/ettm1_h336_graphmambacmrhm.npz"", ""--forecast_export_origin"", ""1065"", ""--forecast_export_channel"", ""-1"", ""--forecast_export_context"", ""96"", ""--forecast_export_only""]"
ETTm1,336,S-Mamba,smamba,1065,OT,/home/cwh/Time-Series-Library/paper/neurocomputing/figures/fig3_curve_candidates/source_npz/ettm1_h336_smamba.npz,/home/cwh/Time-Series-Library/logs/q2_main_baselines/records/smamba_ettm1_sl336_pl336_s2021.json,formal_seed2021_record,"[""/home/cwh/Time-Series-Library/logs/q2_main_baselines/records/smamba_ettm1_sl336_pl336_s2021.json""]","[""/home/cwh/Time-Series-Library/.venv/bin/python"", ""-u"", ""/home/cwh/Time-Series-Library/run.py"", ""--task_name"", ""long_term_forecast"", ""--is_training"", ""0"", ""--root_path"", ""/home/cwh/Time-Series-Library/dataset/ETT-small"", ""--data_path"", ""ETTm1.csv"", ""--model_id"", ""smamba_ettm1_sl336_pl336_s2021"", ""--model"", ""SMamba"", ""--seed"", ""2021"", ""--data"", ""ETTm1"", ""--features"", ""M"", ""--target"", ""OT"", ""--freq"", ""t"", ""--seq_len"", ""336"", ""--label_len"", ""48"", ""--pred_len"", ""336"", ""--enc_in"", ""7"", ""--dec_in"", ""7"", ""--c_out"", ""7"", ""--d_model"", ""128"", ""--d_ff"", ""128"", ""--n_heads"", ""4"", ""--e_layers"", ""2"", ""--d_layers"", ""1"", ""--factor"", ""3"", ""--dropout"", ""0.1"", ""--batch_size"", ""32"", ""--learning_rate"", ""5e-05"", ""--train_epochs"", ""10"", ""--patience"", ""3"", ""--lradj"", ""type1"", ""--num_workers"", ""0"", ""--gpu"", ""0"", ""--des"", ""smamba_ettm1_sl336_pl336_s2021"", ""--itr"", ""1"", ""--checkpoints"", ""/home/cwh/Time-Series-Library/logs/q2_main_baselines/checkpoints"", ""--test_after_train"", ""1"", ""--d_state"", ""2"", ""--use_norm"", ""1"", ""--forecast_export_path"", ""/home/cwh/Time-Series-Library/paper/neurocomputing/figures/fig3_curve_candidates/source_npz/ettm1_h336_smamba.npz"", ""--forecast_export_origin"", ""1065"", ""--forecast_export_channel"", ""-1"", ""--forecast_export_context"", ""96"", ""--forecast_export_only""]"
ETTm1,336,iTransformer,itransformer,1065,OT,/home/cwh/Time-Series-Library/paper/neurocomputing/figures/fig3_curve_candidates/source_npz/ettm1_h336_itransformer.npz,/home/cwh/Time-Series-Library/logs/q2_main_baselines/records/itransformer_ettm1_sl336_pl336_s2021.json,formal_seed2021_record,"[""/home/cwh/Time-Series-Library/logs/q2_main_baselines/records/itransformer_ettm1_sl336_pl336_s2021.json""]","[""/home/cwh/Time-Series-Library/.venv/bin/python"", ""-u"", ""/home/cwh/Time-Series-Library/run.py"", ""--task_name"", ""long_term_forecast"", ""--is_training"", ""0"", ""--root_path"", ""/home/cwh/Time-Series-Library/dataset/ETT-small"", ""--data_path"", ""ETTm1.csv"", ""--model_id"", ""itransformer_ettm1_sl336_pl336_s2021"", ""--model"", ""iTransformer"", ""--seed"", ""2021"", ""--data"", ""ETTm1"", ""--features"", ""M"", ""--target"", ""OT"", ""--freq"", ""t"", ""--seq_len"", ""336"", ""--label_len"", ""48"", ""--pred_len"", ""336"", ""--enc_in"", ""7"", ""--dec_in"", ""7"", ""--c_out"", ""7"", ""--d_model"", ""128"", ""--d_ff"", ""128"", ""--n_heads"", ""8"", ""--e_layers"", ""2"", ""--d_layers"", ""1"", ""--factor"", ""3"", ""--dropout"", ""0.1"", ""--batch_size"", ""32"", ""--learning_rate"", ""0.0001"", ""--train_epochs"", ""10"", ""--patience"", ""3"", ""--lradj"", ""type1"", ""--num_workers"", ""0"", ""--gpu"", ""0"", ""--des"", ""itransformer_ettm1_sl336_pl336_s2021"", ""--itr"", ""1"", ""--checkpoints"", ""/home/cwh/Time-Series-Library/logs/q2_main_baselines/checkpoints"", ""--test_after_train"", ""1"", ""--forecast_export_path"", ""/home/cwh/Time-Series-Library/paper/neurocomputing/figures/fig3_curve_candidates/source_npz/ettm1_h336_itransformer.npz"", ""--forecast_export_origin"", ""1065"", ""--forecast_export_channel"", ""-1"", ""--forecast_export_context"", ""96"", ""--forecast_export_only""]"
ETTm1,336,TimeMixer,timemixer,1065,OT,/home/cwh/Time-Series-Library/paper/neurocomputing/figures/fig3_curve_candidates/source_npz/ettm1_h336_timemixer.npz,/home/cwh/Time-Series-Library/logs/q2_main_baselines/records/timemixer_ettm1_sl336_pl336_s2021.json,formal_seed2021_record,"[""/home/cwh/Time-Series-Library/logs/q2_main_baselines/records/timemixer_ettm1_sl336_pl336_s2021.json""]","[""/home/cwh/Time-Series-Library/.venv/bin/python"", ""-u"", ""/home/cwh/Time-Series-Library/run.py"", ""--task_name"", ""long_term_forecast"", ""--is_training"", ""0"", ""--root_path"", ""/home/cwh/Time-Series-Library/dataset/ETT-small"", ""--data_path"", ""ETTm1.csv"", ""--model_id"", ""timemixer_ettm1_sl336_pl336_s2021"", ""--model"", ""TimeMixer"", ""--seed"", ""2021"", ""--data"", ""ETTm1"", ""--features"", ""M"", ""--target"", ""OT"", ""--freq"", ""t"", ""--seq_len"", ""336"", ""--label_len"", ""0"", ""--pred_len"", ""336"", ""--enc_in"", ""7"", ""--dec_in"", ""7"", ""--c_out"", ""7"", ""--d_model"", ""16"", ""--d_ff"", ""32"", ""--n_heads"", ""4"", ""--e_layers"", ""2"", ""--d_layers"", ""1"", ""--factor"", ""3"", ""--dropout"", ""0.1"", ""--batch_size"", ""32"", ""--learning_rate"", ""0.01"", ""--train_epochs"", ""10"", ""--patience"", ""10"", ""--lradj"", ""type1"", ""--num_workers"", ""0"", ""--gpu"", ""0"", ""--des"", ""timemixer_ettm1_sl336_pl336_s2021"", ""--itr"", ""1"", ""--checkpoints"", ""/home/cwh/Time-Series-Library/logs/q2_main_baselines/checkpoints"", ""--test_after_train"", ""1"", ""--down_sampling_layers"", ""3"", ""--down_sampling_window"", ""2"", ""--down_sampling_method"", ""avg"", ""--forecast_export_path"", ""/home/cwh/Time-Series-Library/paper/neurocomputing/figures/fig3_curve_candidates/source_npz/ettm1_h336_timemixer.npz"", ""--forecast_export_origin"", ""1065"", ""--forecast_export_channel"", ""-1"", ""--forecast_export_context"", ""96"", ""--forecast_export_only""]"
ETTm1,336,MSGNet,msgnet,1065,OT,/home/cwh/Time-Series-Library/paper/neurocomputing/figures/fig3_curve_candidates/source_npz/ettm1_h336_msgnet.npz,/home/cwh/Time-Series-Library/logs/q2_main_baselines/records/msgnet_ettm1_sl336_pl336_s2021.json,formal_seed2021_record,"[""/home/cwh/Time-Series-Library/logs/q2_main_baselines/records/msgnet_ettm1_sl336_pl336_s2021.json""]","[""/home/cwh/Time-Series-Library/.venv/bin/python"", ""-u"", ""/home/cwh/Time-Series-Library/run.py"", ""--task_name"", ""long_term_forecast"", ""--is_training"", ""0"", ""--root_path"", ""/home/cwh/Time-Series-Library/dataset/ETT-small"", ""--data_path"", ""ETTm1.csv"", ""--model_id"", ""msgnet_ettm1_sl336_pl336_s2021"", ""--model"", ""MSGNet"", ""--seed"", ""2021"", ""--data"", ""ETTm1"", ""--features"", ""M"", ""--target"", ""OT"", ""--freq"", ""t"", ""--seq_len"", ""336"", ""--label_len"", ""48"", ""--pred_len"", ""336"", ""--enc_in"", ""7"", ""--dec_in"", ""7"", ""--c_out"", ""7"", ""--d_model"", ""32"", ""--d_ff"", ""32"", ""--n_heads"", ""4"", ""--e_layers"", ""1"", ""--d_layers"", ""1"", ""--factor"", ""3"", ""--dropout"", ""0.1"", ""--batch_size"", ""32"", ""--learning_rate"", ""0.0001"", ""--train_epochs"", ""10"", ""--patience"", ""3"", ""--lradj"", ""type1"", ""--num_workers"", ""0"", ""--gpu"", ""0"", ""--des"", ""msgnet_ettm1_sl336_pl336_s2021"", ""--itr"", ""1"", ""--checkpoints"", ""/home/cwh/Time-Series-Library/logs/q2_main_baselines/checkpoints"", ""--test_after_train"", ""1"", ""--top_k"", ""3"", ""--conv_channel"", ""16"", ""--skip_channel"", ""32"", ""--forecast_export_path"", ""/home/cwh/Time-Series-Library/paper/neurocomputing/figures/fig3_curve_candidates/source_npz/ettm1_h336_msgnet.npz"", ""--forecast_export_origin"", ""1065"", ""--forecast_export_channel"", ""-1"", ""--forecast_export_context"", ""96"", ""--forecast_export_only""]"
ETTm1,336,PatchTST,patchtst,1065,OT,/home/cwh/Time-Series-Library/paper/neurocomputing/figures/fig3_curve_candidates/source_npz/ettm1_h336_patchtst.npz,/home/cwh/Time-Series-Library/logs/q2_main_baselines/records/patchtst_ettm1_sl336_pl336_s2021.json,formal_seed2021_record,"[""/home/cwh/Time-Series-Library/logs/q2_main_baselines/records/patchtst_ettm1_sl336_pl336_s2021.json""]","[""/home/cwh/Time-Series-Library/.venv/bin/python"", ""-u"", ""/home/cwh/Time-Series-Library/run.py"", ""--task_name"", ""long_term_forecast"", ""--is_training"", ""0"", ""--root_path"", ""/home/cwh/Time-Series-Library/dataset/ETT-small"", ""--data_path"", ""ETTm1.csv"", ""--model_id"", ""patchtst_ettm1_sl336_pl336_s2021"", ""--model"", ""PatchTST"", ""--seed"", ""2021"", ""--data"", ""ETTm1"", ""--features"", ""M"", ""--target"", ""OT"", ""--freq"", ""t"", ""--seq_len"", ""336"", ""--label_len"", ""48"", ""--pred_len"", ""336"", ""--enc_in"", ""7"", ""--dec_in"", ""7"", ""--c_out"", ""7"", ""--d_model"", ""512"", ""--d_ff"", ""2048"", ""--n_heads"", ""8"", ""--e_layers"", ""3"", ""--d_layers"", ""1"", ""--factor"", ""3"", ""--dropout"", ""0.1"", ""--batch_size"", ""32"", ""--learning_rate"", ""0.0001"", ""--train_epochs"", ""10"", ""--patience"", ""3"", ""--lradj"", ""type1"", ""--num_workers"", ""0"", ""--gpu"", ""0"", ""--des"", ""patchtst_ettm1_sl336_pl336_s2021"", ""--itr"", ""1"", ""--checkpoints"", ""/home/cwh/Time-Series-Library/logs/q2_main_baselines/checkpoints"", ""--test_after_train"", ""1"", ""--patch_len"", ""16"", ""--stride"", ""8"", ""--forecast_export_path"", ""/home/cwh/Time-Series-Library/paper/neurocomputing/figures/fig3_curve_candidates/source_npz/ettm1_h336_patchtst.npz"", ""--forecast_export_origin"", ""1065"", ""--forecast_export_channel"", ""-1"", ""--forecast_export_context"", ""96"", ""--forecast_export_only""]"
ETTm1,336,TimesNet,timesnet,1065,OT,/home/cwh/Time-Series-Library/paper/neurocomputing/figures/fig3_curve_candidates/source_npz/ettm1_h336_timesnet.npz,/home/cwh/Time-Series-Library/logs/q2_main_baselines/records/timesnet_ettm1_sl336_pl336_s2021.json,formal_seed2021_record,"[""/home/cwh/Time-Series-Library/logs/q2_main_baselines/records/timesnet_ettm1_sl336_pl336_s2021.json""]","[""/home/cwh/Time-Series-Library/.venv/bin/python"", ""-u"", ""/home/cwh/Time-Series-Library/run.py"", ""--task_name"", ""long_term_forecast"", ""--is_training"", ""0"", ""--root_path"", ""/home/cwh/Time-Series-Library/dataset/ETT-small"", ""--data_path"", ""ETTm1.csv"", ""--model_id"", ""timesnet_ettm1_sl336_pl336_s2021"", ""--model"", ""TimesNet"", ""--seed"", ""2021"", ""--data"", ""ETTm1"", ""--features"", ""M"", ""--target"", ""OT"", ""--freq"", ""t"", ""--seq_len"", ""336"", ""--label_len"", ""48"", ""--pred_len"", ""336"", ""--enc_in"", ""7"", ""--dec_in"", ""7"", ""--c_out"", ""7"", ""--d_model"", ""32"", ""--d_ff"", ""32"", ""--n_heads"", ""4"", ""--e_layers"", ""2"", ""--d_layers"", ""1"", ""--factor"", ""3"", ""--dropout"", ""0.1"", ""--batch_size"", ""32"", ""--learning_rate"", ""0.0001"", ""--train_epochs"", ""10"", ""--patience"", ""3"", ""--lradj"", ""type1"", ""--num_workers"", ""0"", ""--gpu"", ""0"", ""--des"", ""timesnet_ettm1_sl336_pl336_s2021"", ""--itr"", ""1"", ""--checkpoints"", ""/home/cwh/Time-Series-Library/logs/q2_main_baselines/checkpoints"", ""--test_after_train"", ""1"", ""--top_k"", ""5"", ""--forecast_export_path"", ""/home/cwh/Time-Series-Library/paper/neurocomputing/figures/fig3_curve_candidates/source_npz/ettm1_h336_timesnet.npz"", ""--forecast_export_origin"", ""1065"", ""--forecast_export_channel"", ""-1"", ""--forecast_export_context"", ""96"", ""--forecast_export_only""]"
ETTm1,336,DLinear,dlinear,1065,OT,/home/cwh/Time-Series-Library/paper/neurocomputing/figures/fig3_curve_candidates/source_npz/ettm1_h336_dlinear.npz,/home/cwh/Time-Series-Library/logs/q2_main_baselines/records/dlinear_ettm1_sl336_pl336_s2021.json,formal_seed2021_record,"[""/home/cwh/Time-Series-Library/logs/q2_main_baselines/records/dlinear_ettm1_sl336_pl336_s2021.json""]","[""/home/cwh/Time-Series-Library/.venv/bin/python"", ""-u"", ""/home/cwh/Time-Series-Library/run.py"", ""--task_name"", ""long_term_forecast"", ""--is_training"", ""0"", ""--root_path"", ""/home/cwh/Time-Series-Library/dataset/ETT-small"", ""--data_path"", ""ETTm1.csv"", ""--model_id"", ""dlinear_ettm1_sl336_pl336_s2021"", ""--model"", ""DLinear"", ""--seed"", ""2021"", ""--data"", ""ETTm1"", ""--features"", ""M"", ""--target"", ""OT"", ""--freq"", ""t"", ""--seq_len"", ""336"", ""--label_len"", ""48"", ""--pred_len"", ""336"", ""--enc_in"", ""7"", ""--dec_in"", ""7"", ""--c_out"", ""7"", ""--d_model"", ""32"", ""--d_ff"", ""64"", ""--n_heads"", ""4"", ""--e_layers"", ""2"", ""--d_layers"", ""1"", ""--factor"", ""3"", ""--dropout"", ""0.1"", ""--batch_size"", ""32"", ""--learning_rate"", ""0.0001"", ""--train_epochs"", ""10"", ""--patience"", ""3"", ""--lradj"", ""type1"", ""--num_workers"", ""0"", ""--gpu"", ""0"", ""--des"", ""dlinear_ettm1_sl336_pl336_s2021"", ""--itr"", ""1"", ""--checkpoints"", ""/home/cwh/Time-Series-Library/logs/q2_main_baselines/checkpoints"", ""--test_after_train"", ""1"", ""--forecast_export_path"", ""/home/cwh/Time-Series-Library/paper/neurocomputing/figures/fig3_curve_candidates/source_npz/ettm1_h336_dlinear.npz"", ""--forecast_export_origin"", ""1065"", ""--forecast_export_channel"", ""-1"", ""--forecast_export_context"", ""96"", ""--forecast_export_only""]"
ETTm1,720,TimeRole,graphmambacmrhm,1065,OT,/home/cwh/Time-Series-Library/paper/neurocomputing/figures/fig3_curve_candidates/source_npz/ettm1_h720_graphmambacmrhm.npz,/home/cwh/Time-Series-Library/logs/q2_main_baselines/records/graphmambacmrhm_ettm1_sl336_pl720_s2021.json,formal_seed2021_record,"[""/home/cwh/Time-Series-Library/logs/q2_main_baselines/records/graphmambacmrhm_ettm1_sl336_pl720_s2021.json"", ""/home/cwh/Time-Series-Library/logs/cmrhm_unified_main/records/cmrhm_ettm1_p720_s2021.json"", ""/home/cwh/Time-Series-Library/logs/graphmamba_cmrhm_final_test/records/ettm1_720_cmrhm_s2021.json""]","[""/home/cwh/Time-Series-Library/.venv/bin/python"", ""-u"", ""/home/cwh/Time-Series-Library/run.py"", ""--task_name"", ""long_term_forecast"", ""--is_training"", ""0"", ""--root_path"", ""/home/cwh/Time-Series-Library/dataset/ETT-small"", ""--data_path"", ""ETTm1.csv"", ""--model_id"", ""ETTm1_96_720_ettm1_720_cmrhm_s2021"", ""--model"", ""GraphMambaCMRHM"", ""--seed"", ""2021"", ""--data"", ""ETTm1"", ""--features"", ""M"", ""--target"", ""OT"", ""--seq_len"", ""336"", ""--label_len"", ""48"", ""--pred_len"", ""720"", ""--enc_in"", ""7"", ""--dec_in"", ""7"", ""--c_out"", ""7"", ""--patch_len"", ""4"", ""--stride"", ""2"", ""--d_model"", ""64"", ""--d_ff"", ""128"", ""--d_state"", ""32"", ""--d_conv"", ""2"", ""--e_layers"", ""1"", ""--expand"", ""2"", ""--mamba_version"", ""1"", ""--mamba_bidirectional"", ""1"", ""--use_graph"", ""1"", ""--use_time_mamba"", ""1"", ""--use_patch"", ""1"", ""--use_decomp"", ""1"", ""--moving_avg"", ""25"", ""--graph_alpha"", ""0.5"", ""--graph_top_k"", ""2"", ""--graph_sample_size"", ""2000"", ""--graph_sample_method"", ""uniform"", ""--static_graph_mode"", ""weighted"", ""--graph_cache"", ""0"", ""--gc_graph_dim"", ""16"", ""--gc_temperature"", ""1.0"", ""--gc_residual_init"", ""0.5"", ""--gc_dynamic_graph"", ""1"", ""--gc_symmetric_graph"", ""1"", ""--gc_input_modulation"", ""1"", ""--gc_direction_fusion"", ""1"", ""--gc_parallel_residual"", ""1"", ""--af_hidden_dim"", ""32"", ""--af_rank"", ""16"", ""--af_mode"", ""variable_scale_residual"", ""--dropout"", ""0.1"", ""--batch_size"", ""32"", ""--learning_rate"", ""0.0005"", ""--lradj"", ""type1"", ""--train_epochs"", ""100"", ""--patience"", ""6"", ""--num_workers"", ""0"", ""--gpu"", ""0"", ""--des"", ""ettm1_720_cmrhm_s2021"", ""--itr"", ""1"", ""--test_after_train"", ""0"", ""--checkpoints"", ""/home/cwh/Time-Series-Library/checkpoints"", ""--forecast_export_path"", ""/home/cwh/Time-Series-Library/paper/neurocomputing/figures/fig3_curve_candidates/source_npz/ettm1_h720_graphmambacmrhm.npz"", ""--forecast_export_origin"", ""1065"", ""--forecast_export_channel"", ""-1"", ""--forecast_export_context"", ""96"", ""--forecast_export_only""]"
ETTm1,720,S-Mamba,smamba,1065,OT,/home/cwh/Time-Series-Library/paper/neurocomputing/figures/fig3_curve_candidates/source_npz/ettm1_h720_smamba.npz,/home/cwh/Time-Series-Library/logs/q2_main_baselines/records/smamba_ettm1_sl336_pl720_s2021.json,formal_seed2021_record,"[""/home/cwh/Time-Series-Library/logs/q2_main_baselines/records/smamba_ettm1_sl336_pl720_s2021.json""]","[""/home/cwh/Time-Series-Library/.venv/bin/python"", ""-u"", ""/home/cwh/Time-Series-Library/run.py"", ""--task_name"", ""long_term_forecast"", ""--is_training"", ""0"", ""--root_path"", ""/home/cwh/Time-Series-Library/dataset/ETT-small"", ""--data_path"", ""ETTm1.csv"", ""--model_id"", ""smamba_ettm1_sl336_pl720_s2021"", ""--model"", ""SMamba"", ""--seed"", ""2021"", ""--data"", ""ETTm1"", ""--features"", ""M"", ""--target"", ""OT"", ""--freq"", ""t"", ""--seq_len"", ""336"", ""--label_len"", ""48"", ""--pred_len"", ""720"", ""--enc_in"", ""7"", ""--dec_in"", ""7"", ""--c_out"", ""7"", ""--d_model"", ""128"", ""--d_ff"", ""128"", ""--n_heads"", ""4"", ""--e_layers"", ""2"", ""--d_layers"", ""1"", ""--factor"", ""3"", ""--dropout"", ""0.1"", ""--batch_size"", ""32"", ""--learning_rate"", ""5e-05"", ""--train_epochs"", ""10"", ""--patience"", ""3"", ""--lradj"", ""type1"", ""--num_workers"", ""0"", ""--gpu"", ""0"", ""--des"", ""smamba_ettm1_sl336_pl720_s2021"", ""--itr"", ""1"", ""--checkpoints"", ""/home/cwh/Time-Series-Library/logs/q2_main_baselines/checkpoints"", ""--test_after_train"", ""1"", ""--d_state"", ""2"", ""--use_norm"", ""1"", ""--forecast_export_path"", ""/home/cwh/Time-Series-Library/paper/neurocomputing/figures/fig3_curve_candidates/source_npz/ettm1_h720_smamba.npz"", ""--forecast_export_origin"", ""1065"", ""--forecast_export_channel"", ""-1"", ""--forecast_export_context"", ""96"", ""--forecast_export_only""]"
ETTm1,720,iTransformer,itransformer,1065,OT,/home/cwh/Time-Series-Library/paper/neurocomputing/figures/fig3_curve_candidates/source_npz/ettm1_h720_itransformer.npz,/home/cwh/Time-Series-Library/logs/q2_main_baselines/records/itransformer_ettm1_sl336_pl720_s2021.json,formal_seed2021_record,"[""/home/cwh/Time-Series-Library/logs/q2_main_baselines/records/itransformer_ettm1_sl336_pl720_s2021.json""]","[""/home/cwh/Time-Series-Library/.venv/bin/python"", ""-u"", ""/home/cwh/Time-Series-Library/run.py"", ""--task_name"", ""long_term_forecast"", ""--is_training"", ""0"", ""--root_path"", ""/home/cwh/Time-Series-Library/dataset/ETT-small"", ""--data_path"", ""ETTm1.csv"", ""--model_id"", ""itransformer_ettm1_sl336_pl720_s2021"", ""--model"", ""iTransformer"", ""--seed"", ""2021"", ""--data"", ""ETTm1"", ""--features"", ""M"", ""--target"", ""OT"", ""--freq"", ""t"", ""--seq_len"", ""336"", ""--label_len"", ""48"", ""--pred_len"", ""720"", ""--enc_in"", ""7"", ""--dec_in"", ""7"", ""--c_out"", ""7"", ""--d_model"", ""128"", ""--d_ff"", ""128"", ""--n_heads"", ""8"", ""--e_layers"", ""2"", ""--d_layers"", ""1"", ""--factor"", ""3"", ""--dropout"", ""0.1"", ""--batch_size"", ""32"", ""--learning_rate"", ""0.0001"", ""--train_epochs"", ""10"", ""--patience"", ""3"", ""--lradj"", ""type1"", ""--num_workers"", ""0"", ""--gpu"", ""0"", ""--des"", ""itransformer_ettm1_sl336_pl720_s2021"", ""--itr"", ""1"", ""--checkpoints"", ""/home/cwh/Time-Series-Library/logs/q2_main_baselines/checkpoints"", ""--test_after_train"", ""1"", ""--forecast_export_path"", ""/home/cwh/Time-Series-Library/paper/neurocomputing/figures/fig3_curve_candidates/source_npz/ettm1_h720_itransformer.npz"", ""--forecast_export_origin"", ""1065"", ""--forecast_export_channel"", ""-1"", ""--forecast_export_context"", ""96"", ""--forecast_export_only""]"
ETTm1,720,TimeMixer,timemixer,1065,OT,/home/cwh/Time-Series-Library/paper/neurocomputing/figures/fig3_curve_candidates/source_npz/ettm1_h720_timemixer.npz,/home/cwh/Time-Series-Library/logs/q2_main_baselines/records/timemixer_ettm1_sl336_pl720_s2021.json,validated_lr1e4_ettm1_repair,"[""/home/cwh/Time-Series-Library/logs/q2_main_baselines/records/timemixer_ettm1_sl336_pl720_s2021.json""]","[""/home/cwh/Time-Series-Library/.venv/bin/python"", ""-u"", ""/home/cwh/Time-Series-Library/run.py"", ""--task_name"", ""long_term_forecast"", ""--is_training"", ""0"", ""--root_path"", ""/home/cwh/Time-Series-Library/dataset/ETT-small"", ""--data_path"", ""ETTm1.csv"", ""--model_id"", ""timemixer_ettm1_sl336_pl720_lr1e4_final_s2021"", ""--model"", ""TimeMixer"", ""--seed"", ""2021"", ""--data"", ""ETTm1"", ""--features"", ""M"", ""--target"", ""OT"", ""--freq"", ""t"", ""--seq_len"", ""336"", ""--label_len"", ""0"", ""--pred_len"", ""720"", ""--enc_in"", ""7"", ""--dec_in"", ""7"", ""--c_out"", ""7"", ""--d_model"", ""16"", ""--d_ff"", ""32"", ""--n_heads"", ""4"", ""--e_layers"", ""2"", ""--d_layers"", ""1"", ""--factor"", ""3"", ""--dropout"", ""0.1"", ""--batch_size"", ""32"", ""--learning_rate"", ""0.0001"", ""--train_epochs"", ""10"", ""--patience"", ""10"", ""--lradj"", ""type1"", ""--num_workers"", ""0"", ""--gpu"", ""0"", ""--des"", ""timemixer_ettm1_sl336_pl720_lr1e4_final_s2021"", ""--itr"", ""1"", ""--checkpoints"", ""/home/cwh/Time-Series-Library/logs/q2_timemixer_ettm1_repair/checkpoints"", ""--test_after_train"", ""1"", ""--down_sampling_layers"", ""3"", ""--down_sampling_window"", ""2"", ""--down_sampling_method"", ""avg"", ""--forecast_export_path"", ""/home/cwh/Time-Series-Library/paper/neurocomputing/figures/fig3_curve_candidates/source_npz/ettm1_h720_timemixer.npz"", ""--forecast_export_origin"", ""1065"", ""--forecast_export_channel"", ""-1"", ""--forecast_export_context"", ""96"", ""--forecast_export_only""]"
ETTm1,720,MSGNet,msgnet,1065,OT,/home/cwh/Time-Series-Library/paper/neurocomputing/figures/fig3_curve_candidates/source_npz/ettm1_h720_msgnet.npz,/home/cwh/Time-Series-Library/logs/q2_main_baselines/records/msgnet_ettm1_sl336_pl720_s2021.json,formal_seed2021_record,"[""/home/cwh/Time-Series-Library/logs/q2_main_baselines/records/msgnet_ettm1_sl336_pl720_s2021.json""]","[""/home/cwh/Time-Series-Library/.venv/bin/python"", ""-u"", ""/home/cwh/Time-Series-Library/run.py"", ""--task_name"", ""long_term_forecast"", ""--is_training"", ""0"", ""--root_path"", ""/home/cwh/Time-Series-Library/dataset/ETT-small"", ""--data_path"", ""ETTm1.csv"", ""--model_id"", ""msgnet_ettm1_sl336_pl720_s2021"", ""--model"", ""MSGNet"", ""--seed"", ""2021"", ""--data"", ""ETTm1"", ""--features"", ""M"", ""--target"", ""OT"", ""--freq"", ""t"", ""--seq_len"", ""336"", ""--label_len"", ""48"", ""--pred_len"", ""720"", ""--enc_in"", ""7"", ""--dec_in"", ""7"", ""--c_out"", ""7"", ""--d_model"", ""32"", ""--d_ff"", ""32"", ""--n_heads"", ""4"", ""--e_layers"", ""1"", ""--d_layers"", ""1"", ""--factor"", ""3"", ""--dropout"", ""0.1"", ""--batch_size"", ""32"", ""--learning_rate"", ""0.0001"", ""--train_epochs"", ""10"", ""--patience"", ""3"", ""--lradj"", ""type1"", ""--num_workers"", ""0"", ""--gpu"", ""0"", ""--des"", ""msgnet_ettm1_sl336_pl720_s2021"", ""--itr"", ""1"", ""--checkpoints"", ""/home/cwh/Time-Series-Library/logs/q2_main_baselines/checkpoints"", ""--test_after_train"", ""1"", ""--top_k"", ""3"", ""--conv_channel"", ""16"", ""--skip_channel"", ""32"", ""--forecast_export_path"", ""/home/cwh/Time-Series-Library/paper/neurocomputing/figures/fig3_curve_candidates/source_npz/ettm1_h720_msgnet.npz"", ""--forecast_export_origin"", ""1065"", ""--forecast_export_channel"", ""-1"", ""--forecast_export_context"", ""96"", ""--forecast_export_only""]"
ETTm1,720,PatchTST,patchtst,1065,OT,/home/cwh/Time-Series-Library/paper/neurocomputing/figures/fig3_curve_candidates/source_npz/ettm1_h720_patchtst.npz,/home/cwh/Time-Series-Library/logs/q2_main_baselines/records/patchtst_ettm1_sl336_pl720_s2021.json,formal_seed2021_record,"[""/home/cwh/Time-Series-Library/logs/q2_main_baselines/records/patchtst_ettm1_sl336_pl720_s2021.json""]","[""/home/cwh/Time-Series-Library/.venv/bin/python"", ""-u"", ""/home/cwh/Time-Series-Library/run.py"", ""--task_name"", ""long_term_forecast"", ""--is_training"", ""0"", ""--root_path"", ""/home/cwh/Time-Series-Library/dataset/ETT-small"", ""--data_path"", ""ETTm1.csv"", ""--model_id"", ""patchtst_ettm1_sl336_pl720_s2021"", ""--model"", ""PatchTST"", ""--seed"", ""2021"", ""--data"", ""ETTm1"", ""--features"", ""M"", ""--target"", ""OT"", ""--freq"", ""t"", ""--seq_len"", ""336"", ""--label_len"", ""48"", ""--pred_len"", ""720"", ""--enc_in"", ""7"", ""--dec_in"", ""7"", ""--c_out"", ""7"", ""--d_model"", ""512"", ""--d_ff"", ""2048"", ""--n_heads"", ""8"", ""--e_layers"", ""3"", ""--d_layers"", ""1"", ""--factor"", ""3"", ""--dropout"", ""0.1"", ""--batch_size"", ""32"", ""--learning_rate"", ""0.0001"", ""--train_epochs"", ""10"", ""--patience"", ""3"", ""--lradj"", ""type1"", ""--num_workers"", ""0"", ""--gpu"", ""0"", ""--des"", ""patchtst_ettm1_sl336_pl720_s2021"", ""--itr"", ""1"", ""--checkpoints"", ""/home/cwh/Time-Series-Library/logs/q2_main_baselines/checkpoints"", ""--test_after_train"", ""1"", ""--patch_len"", ""16"", ""--stride"", ""8"", ""--forecast_export_path"", ""/home/cwh/Time-Series-Library/paper/neurocomputing/figures/fig3_curve_candidates/source_npz/ettm1_h720_patchtst.npz"", ""--forecast_export_origin"", ""1065"", ""--forecast_export_channel"", ""-1"", ""--forecast_export_context"", ""96"", ""--forecast_export_only""]"
ETTm1,720,TimesNet,timesnet,1065,OT,/home/cwh/Time-Series-Library/paper/neurocomputing/figures/fig3_curve_candidates/source_npz/ettm1_h720_timesnet.npz,/home/cwh/Time-Series-Library/logs/q2_main_baselines/records/timesnet_ettm1_sl336_pl720_s2021.json,formal_seed2021_record,"[""/home/cwh/Time-Series-Library/logs/q2_main_baselines/records/timesnet_ettm1_sl336_pl720_s2021.json""]","[""/home/cwh/Time-Series-Library/.venv/bin/python"", ""-u"", ""/home/cwh/Time-Series-Library/run.py"", ""--task_name"", ""long_term_forecast"", ""--is_training"", ""0"", ""--root_path"", ""/home/cwh/Time-Series-Library/dataset/ETT-small"", ""--data_path"", ""ETTm1.csv"", ""--model_id"", ""timesnet_ettm1_sl336_pl720_s2021"", ""--model"", ""TimesNet"", ""--seed"", ""2021"", ""--data"", ""ETTm1"", ""--features"", ""M"", ""--target"", ""OT"", ""--freq"", ""t"", ""--seq_len"", ""336"", ""--label_len"", ""48"", ""--pred_len"", ""720"", ""--enc_in"", ""7"", ""--dec_in"", ""7"", ""--c_out"", ""7"", ""--d_model"", ""32"", ""--d_ff"", ""32"", ""--n_heads"", ""4"", ""--e_layers"", ""2"", ""--d_layers"", ""1"", ""--factor"", ""3"", ""--dropout"", ""0.1"", ""--batch_size"", ""32"", ""--learning_rate"", ""0.0001"", ""--train_epochs"", ""10"", ""--patience"", ""3"", ""--lradj"", ""type1"", ""--num_workers"", ""0"", ""--gpu"", ""0"", ""--des"", ""timesnet_ettm1_sl336_pl720_s2021"", ""--itr"", ""1"", ""--checkpoints"", ""/home/cwh/Time-Series-Library/logs/q2_main_baselines/checkpoints"", ""--test_after_train"", ""1"", ""--top_k"", ""5"", ""--forecast_export_path"", ""/home/cwh/Time-Series-Library/paper/neurocomputing/figures/fig3_curve_candidates/source_npz/ettm1_h720_timesnet.npz"", ""--forecast_export_origin"", ""1065"", ""--forecast_export_channel"", ""-1"", ""--forecast_export_context"", ""96"", ""--forecast_export_only""]"
ETTm1,720,DLinear,dlinear,1065,OT,/home/cwh/Time-Series-Library/paper/neurocomputing/figures/fig3_curve_candidates/source_npz/ettm1_h720_dlinear.npz,/home/cwh/Time-Series-Library/logs/q2_main_baselines/records/dlinear_ettm1_sl336_pl720_s2021.json,formal_seed2021_record,"[""/home/cwh/Time-Series-Library/logs/q2_main_baselines/records/dlinear_ettm1_sl336_pl720_s2021.json""]","[""/home/cwh/Time-Series-Library/.venv/bin/python"", ""-u"", ""/home/cwh/Time-Series-Library/run.py"", ""--task_name"", ""long_term_forecast"", ""--is_training"", ""0"", ""--root_path"", ""/home/cwh/Time-Series-Library/dataset/ETT-small"", ""--data_path"", ""ETTm1.csv"", ""--model_id"", ""dlinear_ettm1_sl336_pl720_s2021"", ""--model"", ""DLinear"", ""--seed"", ""2021"", ""--data"", ""ETTm1"", ""--features"", ""M"", ""--target"", ""OT"", ""--freq"", ""t"", ""--seq_len"", ""336"", ""--label_len"", ""48"", ""--pred_len"", ""720"", ""--enc_in"", ""7"", ""--dec_in"", ""7"", ""--c_out"", ""7"", ""--d_model"", ""32"", ""--d_ff"", ""64"", ""--n_heads"", ""4"", ""--e_layers"", ""2"", ""--d_layers"", ""1"", ""--factor"", ""3"", ""--dropout"", ""0.1"", ""--batch_size"", ""32"", ""--learning_rate"", ""0.0001"", ""--train_epochs"", ""10"", ""--patience"", ""3"", ""--lradj"", ""type1"", ""--num_workers"", ""0"", ""--gpu"", ""0"", ""--des"", ""dlinear_ettm1_sl336_pl720_s2021"", ""--itr"", ""1"", ""--checkpoints"", ""/home/cwh/Time-Series-Library/logs/q2_main_baselines/checkpoints"", ""--test_after_train"", ""1"", ""--forecast_export_path"", ""/home/cwh/Time-Series-Library/paper/neurocomputing/figures/fig3_curve_candidates/source_npz/ettm1_h720_dlinear.npz"", ""--forecast_export_origin"", ""1065"", ""--forecast_export_channel"", ""-1"", ""--forecast_export_context"", ""96"", ""--forecast_export_only""]"
ETTm2,96,TimeRole,graphmambacmrhm,2939,OT,/home/cwh/Time-Series-Library/paper/neurocomputing/figures/fig3_curve_candidates/source_npz/ettm2_h96_graphmambacmrhm.npz,/home/cwh/Time-Series-Library/logs/q2_main_baselines/records/graphmambacmrhm_ettm2_sl336_pl96_s2021.json,formal_seed2021_record,"[""/home/cwh/Time-Series-Library/logs/q2_main_baselines/records/graphmambacmrhm_ettm2_sl336_pl96_s2021.json"", ""/home/cwh/Time-Series-Library/logs/cmrhm_unified_main/records/cmrhm_ettm2_p96_s2021.json"", ""/home/cwh/Time-Series-Library/logs/graphmamba_cmrhm_final_test/records/ettm2_96_cmrhm_s2021.json""]","[""/home/cwh/Time-Series-Library/.venv/bin/python"", ""-u"", ""/home/cwh/Time-Series-Library/run.py"", ""--task_name"", ""long_term_forecast"", ""--is_training"", ""0"", ""--root_path"", ""/home/cwh/Time-Series-Library/dataset/ETT-small"", ""--data_path"", ""ETTm2.csv"", ""--model_id"", ""ETTm2_96_96_ettm2_96_cmrhm_s2021"", ""--model"", ""GraphMambaCMRHM"", ""--seed"", ""2021"", ""--data"", ""ETTm2"", ""--features"", ""M"", ""--target"", ""OT"", ""--seq_len"", ""336"", ""--label_len"", ""48"", ""--pred_len"", ""96"", ""--enc_in"", ""7"", ""--dec_in"", ""7"", ""--c_out"", ""7"", ""--patch_len"", ""4"", ""--stride"", ""2"", ""--d_model"", ""64"", ""--d_ff"", ""128"", ""--d_state"", ""32"", ""--d_conv"", ""2"", ""--e_layers"", ""1"", ""--expand"", ""2"", ""--mamba_version"", ""1"", ""--mamba_bidirectional"", ""1"", ""--use_graph"", ""1"", ""--use_time_mamba"", ""1"", ""--use_patch"", ""1"", ""--use_decomp"", ""1"", ""--moving_avg"", ""25"", ""--graph_alpha"", ""0.5"", ""--graph_top_k"", ""2"", ""--graph_sample_size"", ""2000"", ""--graph_sample_method"", ""uniform"", ""--static_graph_mode"", ""weighted"", ""--graph_cache"", ""0"", ""--gc_graph_dim"", ""16"", ""--gc_temperature"", ""1.0"", ""--gc_residual_init"", ""0.5"", ""--gc_dynamic_graph"", ""1"", ""--gc_symmetric_graph"", ""1"", ""--gc_input_modulation"", ""1"", ""--gc_direction_fusion"", ""1"", ""--gc_parallel_residual"", ""1"", ""--af_hidden_dim"", ""32"", ""--af_rank"", ""16"", ""--af_mode"", ""variable_scale_residual"", ""--dropout"", ""0.1"", ""--batch_size"", ""32"", ""--learning_rate"", ""0.0005"", ""--lradj"", ""type1"", ""--train_epochs"", ""100"", ""--patience"", ""6"", ""--num_workers"", ""0"", ""--gpu"", ""0"", ""--des"", ""ettm2_96_cmrhm_s2021"", ""--itr"", ""1"", ""--test_after_train"", ""0"", ""--checkpoints"", ""/home/cwh/Time-Series-Library/checkpoints"", ""--forecast_export_path"", ""/home/cwh/Time-Series-Library/paper/neurocomputing/figures/fig3_curve_candidates/source_npz/ettm2_h96_graphmambacmrhm.npz"", ""--forecast_export_origin"", ""2939"", ""--forecast_export_channel"", ""-1"", ""--forecast_export_context"", ""96"", ""--forecast_export_only""]"
ETTm2,96,S-Mamba,smamba,2939,OT,/home/cwh/Time-Series-Library/paper/neurocomputing/figures/fig3_curve_candidates/source_npz/ettm2_h96_smamba.npz,/home/cwh/Time-Series-Library/logs/q2_main_baselines/records/smamba_ettm2_sl336_pl96_s2021.json,formal_seed2021_record,"[""/home/cwh/Time-Series-Library/logs/q2_main_baselines/records/smamba_ettm2_sl336_pl96_s2021.json""]","[""/home/cwh/Time-Series-Library/.venv/bin/python"", ""-u"", ""/home/cwh/Time-Series-Library/run.py"", ""--task_name"", ""long_term_forecast"", ""--is_training"", ""0"", ""--root_path"", ""/home/cwh/Time-Series-Library/dataset/ETT-small"", ""--data_path"", ""ETTm2.csv"", ""--model_id"", ""smamba_ettm2_sl336_pl96_s2021"", ""--model"", ""SMamba"", ""--seed"", ""2021"", ""--data"", ""ETTm2"", ""--features"", ""M"", ""--target"", ""OT"", ""--freq"", ""t"", ""--seq_len"", ""336"", ""--label_len"", ""48"", ""--pred_len"", ""96"", ""--enc_in"", ""7"", ""--dec_in"", ""7"", ""--c_out"", ""7"", ""--d_model"", ""256"", ""--d_ff"", ""256"", ""--n_heads"", ""4"", ""--e_layers"", ""2"", ""--d_layers"", ""1"", ""--factor"", ""3"", ""--dropout"", ""0.1"", ""--batch_size"", ""32"", ""--learning_rate"", ""5e-05"", ""--train_epochs"", ""10"", ""--patience"", ""3"", ""--lradj"", ""type1"", ""--num_workers"", ""0"", ""--gpu"", ""0"", ""--des"", ""smamba_ettm2_sl336_pl96_s2021"", ""--itr"", ""1"", ""--checkpoints"", ""/home/cwh/Time-Series-Library/logs/q2_main_baselines/checkpoints"", ""--test_after_train"", ""1"", ""--d_state"", ""2"", ""--use_norm"", ""1"", ""--forecast_export_path"", ""/home/cwh/Time-Series-Library/paper/neurocomputing/figures/fig3_curve_candidates/source_npz/ettm2_h96_smamba.npz"", ""--forecast_export_origin"", ""2939"", ""--forecast_export_channel"", ""-1"", ""--forecast_export_context"", ""96"", ""--forecast_export_only""]"
ETTm2,96,iTransformer,itransformer,2939,OT,/home/cwh/Time-Series-Library/paper/neurocomputing/figures/fig3_curve_candidates/source_npz/ettm2_h96_itransformer.npz,/home/cwh/Time-Series-Library/logs/q2_main_baselines/records/itransformer_ettm2_sl336_pl96_s2021.json,formal_seed2021_record,"[""/home/cwh/Time-Series-Library/logs/q2_main_baselines/records/itransformer_ettm2_sl336_pl96_s2021.json""]","[""/home/cwh/Time-Series-Library/.venv/bin/python"", ""-u"", ""/home/cwh/Time-Series-Library/run.py"", ""--task_name"", ""long_term_forecast"", ""--is_training"", ""0"", ""--root_path"", ""/home/cwh/Time-Series-Library/dataset/ETT-small"", ""--data_path"", ""ETTm2.csv"", ""--model_id"", ""itransformer_ettm2_sl336_pl96_s2021"", ""--model"", ""iTransformer"", ""--seed"", ""2021"", ""--data"", ""ETTm2"", ""--features"", ""M"", ""--target"", ""OT"", ""--freq"", ""t"", ""--seq_len"", ""336"", ""--label_len"", ""48"", ""--pred_len"", ""96"", ""--enc_in"", ""7"", ""--dec_in"", ""7"", ""--c_out"", ""7"", ""--d_model"", ""128"", ""--d_ff"", ""128"", ""--n_heads"", ""8"", ""--e_layers"", ""2"", ""--d_layers"", ""1"", ""--factor"", ""3"", ""--dropout"", ""0.1"", ""--batch_size"", ""32"", ""--learning_rate"", ""0.0001"", ""--train_epochs"", ""10"", ""--patience"", ""3"", ""--lradj"", ""type1"", ""--num_workers"", ""0"", ""--gpu"", ""0"", ""--des"", ""itransformer_ettm2_sl336_pl96_s2021"", ""--itr"", ""1"", ""--checkpoints"", ""/home/cwh/Time-Series-Library/logs/q2_main_baselines/checkpoints"", ""--test_after_train"", ""1"", ""--forecast_export_path"", ""/home/cwh/Time-Series-Library/paper/neurocomputing/figures/fig3_curve_candidates/source_npz/ettm2_h96_itransformer.npz"", ""--forecast_export_origin"", ""2939"", ""--forecast_export_channel"", ""-1"", ""--forecast_export_context"", ""96"", ""--forecast_export_only""]"
ETTm2,96,TimeMixer,timemixer,2939,OT,/home/cwh/Time-Series-Library/paper/neurocomputing/figures/fig3_curve_candidates/source_npz/ettm2_h96_timemixer.npz,/home/cwh/Time-Series-Library/logs/q2_main_baselines/records/timemixer_ettm2_sl336_pl96_s2021.json,validated_lr1e4_stability_repair,"[""/home/cwh/Time-Series-Library/logs/q2_main_baselines/records/timemixer_ettm2_sl336_pl96_s2021.json""]","[""/home/cwh/Time-Series-Library/.venv/bin/python"", ""-u"", ""/home/cwh/Time-Series-Library/run.py"", ""--task_name"", ""long_term_forecast"", ""--is_training"", ""0"", ""--root_path"", ""/home/cwh/Time-Series-Library/dataset/ETT-small"", ""--data_path"", ""ETTm2.csv"", ""--model_id"", ""timemixer_stable_ettm2_sl336_pl96_lr1e4_s2021"", ""--model"", ""TimeMixer"", ""--seed"", ""2021"", ""--data"", ""ETTm2"", ""--features"", ""M"", ""--target"", ""OT"", ""--freq"", ""t"", ""--seq_len"", ""336"", ""--label_len"", ""0"", ""--pred_len"", ""96"", ""--enc_in"", ""7"", ""--dec_in"", ""7"", ""--c_out"", ""7"", ""--d_model"", ""16"", ""--d_ff"", ""32"", ""--n_heads"", ""4"", ""--e_layers"", ""2"", ""--d_layers"", ""1"", ""--factor"", ""3"", ""--dropout"", ""0.1"", ""--batch_size"", ""32"", ""--learning_rate"", ""0.0001"", ""--train_epochs"", ""10"", ""--patience"", ""10"", ""--lradj"", ""type1"", ""--num_workers"", ""0"", ""--gpu"", ""0"", ""--des"", ""timemixer_stable_ettm2_sl336_pl96_lr1e4_s2021"", ""--itr"", ""1"", ""--checkpoints"", ""/home/cwh/Time-Series-Library/logs/q2_timemixer_stability/checkpoints"", ""--test_after_train"", ""1"", ""--down_sampling_layers"", ""3"", ""--down_sampling_window"", ""2"", ""--down_sampling_method"", ""avg"", ""--forecast_export_path"", ""/home/cwh/Time-Series-Library/paper/neurocomputing/figures/fig3_curve_candidates/source_npz/ettm2_h96_timemixer.npz"", ""--forecast_export_origin"", ""2939"", ""--forecast_export_channel"", ""-1"", ""--forecast_export_context"", ""96"", ""--forecast_export_only""]"
ETTm2,96,MSGNet,msgnet,2939,OT,/home/cwh/Time-Series-Library/paper/neurocomputing/figures/fig3_curve_candidates/source_npz/ettm2_h96_msgnet.npz,/home/cwh/Time-Series-Library/logs/q2_main_baselines/records/msgnet_ettm2_sl336_pl96_s2021.json,formal_seed2021_record,"[""/home/cwh/Time-Series-Library/logs/q2_main_baselines/records/msgnet_ettm2_sl336_pl96_s2021.json""]","[""/home/cwh/Time-Series-Library/.venv/bin/python"", ""-u"", ""/home/cwh/Time-Series-Library/run.py"", ""--task_name"", ""long_term_forecast"", ""--is_training"", ""0"", ""--root_path"", ""/home/cwh/Time-Series-Library/dataset/ETT-small"", ""--data_path"", ""ETTm2.csv"", ""--model_id"", ""msgnet_ettm2_sl336_pl96_s2021"", ""--model"", ""MSGNet"", ""--seed"", ""2021"", ""--data"", ""ETTm2"", ""--features"", ""M"", ""--target"", ""OT"", ""--freq"", ""t"", ""--seq_len"", ""336"", ""--label_len"", ""48"", ""--pred_len"", ""96"", ""--enc_in"", ""7"", ""--dec_in"", ""7"", ""--c_out"", ""7"", ""--d_model"", ""32"", ""--d_ff"", ""32"", ""--n_heads"", ""4"", ""--e_layers"", ""2"", ""--d_layers"", ""1"", ""--factor"", ""3"", ""--dropout"", ""0.3"", ""--batch_size"", ""32"", ""--learning_rate"", ""0.0001"", ""--train_epochs"", ""10"", ""--patience"", ""3"", ""--lradj"", ""type1"", ""--num_workers"", ""0"", ""--gpu"", ""0"", ""--des"", ""msgnet_ettm2_sl336_pl96_s2021"", ""--itr"", ""1"", ""--checkpoints"", ""/home/cwh/Time-Series-Library/logs/q2_main_baselines/checkpoints"", ""--test_after_train"", ""1"", ""--top_k"", ""3"", ""--conv_channel"", ""32"", ""--skip_channel"", ""32"", ""--forecast_export_path"", ""/home/cwh/Time-Series-Library/paper/neurocomputing/figures/fig3_curve_candidates/source_npz/ettm2_h96_msgnet.npz"", ""--forecast_export_origin"", ""2939"", ""--forecast_export_channel"", ""-1"", ""--forecast_export_context"", ""96"", ""--forecast_export_only""]"
ETTm2,96,PatchTST,patchtst,2939,OT,/home/cwh/Time-Series-Library/paper/neurocomputing/figures/fig3_curve_candidates/source_npz/ettm2_h96_patchtst.npz,/home/cwh/Time-Series-Library/logs/q2_main_baselines/records/patchtst_ettm2_sl336_pl96_s2021.json,formal_seed2021_record,"[""/home/cwh/Time-Series-Library/logs/q2_main_baselines/records/patchtst_ettm2_sl336_pl96_s2021.json""]","[""/home/cwh/Time-Series-Library/.venv/bin/python"", ""-u"", ""/home/cwh/Time-Series-Library/run.py"", ""--task_name"", ""long_term_forecast"", ""--is_training"", ""0"", ""--root_path"", ""/home/cwh/Time-Series-Library/dataset/ETT-small"", ""--data_path"", ""ETTm2.csv"", ""--model_id"", ""patchtst_ettm2_sl336_pl96_s2021"", ""--model"", ""PatchTST"", ""--seed"", ""2021"", ""--data"", ""ETTm2"", ""--features"", ""M"", ""--target"", ""OT"", ""--freq"", ""t"", ""--seq_len"", ""336"", ""--label_len"", ""48"", ""--pred_len"", ""96"", ""--enc_in"", ""7"", ""--dec_in"", ""7"", ""--c_out"", ""7"", ""--d_model"", ""512"", ""--d_ff"", ""2048"", ""--n_heads"", ""8"", ""--e_layers"", ""3"", ""--d_layers"", ""1"", ""--factor"", ""3"", ""--dropout"", ""0.1"", ""--batch_size"", ""32"", ""--learning_rate"", ""0.0001"", ""--train_epochs"", ""10"", ""--patience"", ""3"", ""--lradj"", ""type1"", ""--num_workers"", ""0"", ""--gpu"", ""0"", ""--des"", ""patchtst_ettm2_sl336_pl96_s2021"", ""--itr"", ""1"", ""--checkpoints"", ""/home/cwh/Time-Series-Library/logs/q2_main_baselines/checkpoints"", ""--test_after_train"", ""1"", ""--patch_len"", ""16"", ""--stride"", ""8"", ""--forecast_export_path"", ""/home/cwh/Time-Series-Library/paper/neurocomputing/figures/fig3_curve_candidates/source_npz/ettm2_h96_patchtst.npz"", ""--forecast_export_origin"", ""2939"", ""--forecast_export_channel"", ""-1"", ""--forecast_export_context"", ""96"", ""--forecast_export_only""]"
ETTm2,96,TimesNet,timesnet,2939,OT,/home/cwh/Time-Series-Library/paper/neurocomputing/figures/fig3_curve_candidates/source_npz/ettm2_h96_timesnet.npz,/home/cwh/Time-Series-Library/logs/q2_main_baselines/records/timesnet_ettm2_sl336_pl96_s2021.json,formal_seed2021_record,"[""/home/cwh/Time-Series-Library/logs/q2_main_baselines/records/timesnet_ettm2_sl336_pl96_s2021.json""]","[""/home/cwh/Time-Series-Library/.venv/bin/python"", ""-u"", ""/home/cwh/Time-Series-Library/run.py"", ""--task_name"", ""long_term_forecast"", ""--is_training"", ""0"", ""--root_path"", ""/home/cwh/Time-Series-Library/dataset/ETT-small"", ""--data_path"", ""ETTm2.csv"", ""--model_id"", ""timesnet_ettm2_sl336_pl96_s2021"", ""--model"", ""TimesNet"", ""--seed"", ""2021"", ""--data"", ""ETTm2"", ""--features"", ""M"", ""--target"", ""OT"", ""--freq"", ""t"", ""--seq_len"", ""336"", ""--label_len"", ""48"", ""--pred_len"", ""96"", ""--enc_in"", ""7"", ""--dec_in"", ""7"", ""--c_out"", ""7"", ""--d_model"", ""32"", ""--d_ff"", ""32"", ""--n_heads"", ""4"", ""--e_layers"", ""2"", ""--d_layers"", ""1"", ""--factor"", ""3"", ""--dropout"", ""0.1"", ""--batch_size"", ""32"", ""--learning_rate"", ""0.0001"", ""--train_epochs"", ""10"", ""--patience"", ""3"", ""--lradj"", ""type1"", ""--num_workers"", ""0"", ""--gpu"", ""0"", ""--des"", ""timesnet_ettm2_sl336_pl96_s2021"", ""--itr"", ""1"", ""--checkpoints"", ""/home/cwh/Time-Series-Library/logs/q2_main_baselines/checkpoints"", ""--test_after_train"", ""1"", ""--top_k"", ""5"", ""--forecast_export_path"", ""/home/cwh/Time-Series-Library/paper/neurocomputing/figures/fig3_curve_candidates/source_npz/ettm2_h96_timesnet.npz"", ""--forecast_export_origin"", ""2939"", ""--forecast_export_channel"", ""-1"", ""--forecast_export_context"", ""96"", ""--forecast_export_only""]"
ETTm2,96,DLinear,dlinear,2939,OT,/home/cwh/Time-Series-Library/paper/neurocomputing/figures/fig3_curve_candidates/source_npz/ettm2_h96_dlinear.npz,/home/cwh/Time-Series-Library/logs/q2_main_baselines/records/dlinear_ettm2_sl336_pl96_s2021.json,formal_seed2021_record,"[""/home/cwh/Time-Series-Library/logs/q2_main_baselines/records/dlinear_ettm2_sl336_pl96_s2021.json""]","[""/home/cwh/Time-Series-Library/.venv/bin/python"", ""-u"", ""/home/cwh/Time-Series-Library/run.py"", ""--task_name"", ""long_term_forecast"", ""--is_training"", ""0"", ""--root_path"", ""/home/cwh/Time-Series-Library/dataset/ETT-small"", ""--data_path"", ""ETTm2.csv"", ""--model_id"", ""dlinear_ettm2_sl336_pl96_s2021"", ""--model"", ""DLinear"", ""--seed"", ""2021"", ""--data"", ""ETTm2"", ""--features"", ""M"", ""--target"", ""OT"", ""--freq"", ""t"", ""--seq_len"", ""336"", ""--label_len"", ""48"", ""--pred_len"", ""96"", ""--enc_in"", ""7"", ""--dec_in"", ""7"", ""--c_out"", ""7"", ""--d_model"", ""32"", ""--d_ff"", ""64"", ""--n_heads"", ""4"", ""--e_layers"", ""2"", ""--d_layers"", ""1"", ""--factor"", ""3"", ""--dropout"", ""0.1"", ""--batch_size"", ""32"", ""--learning_rate"", ""0.0001"", ""--train_epochs"", ""10"", ""--patience"", ""3"", ""--lradj"", ""type1"", ""--num_workers"", ""0"", ""--gpu"", ""0"", ""--des"", ""dlinear_ettm2_sl336_pl96_s2021"", ""--itr"", ""1"", ""--checkpoints"", ""/home/cwh/Time-Series-Library/logs/q2_main_baselines/checkpoints"", ""--test_after_train"", ""1"", ""--forecast_export_path"", ""/home/cwh/Time-Series-Library/paper/neurocomputing/figures/fig3_curve_candidates/source_npz/ettm2_h96_dlinear.npz"", ""--forecast_export_origin"", ""2939"", ""--forecast_export_channel"", ""-1"", ""--forecast_export_context"", ""96"", ""--forecast_export_only""]"
ETTm2,192,TimeRole,graphmambacmrhm,2939,OT,/home/cwh/Time-Series-Library/paper/neurocomputing/figures/fig3_curve_candidates/source_npz/ettm2_h192_graphmambacmrhm.npz,/home/cwh/Time-Series-Library/logs/q2_main_baselines/records/graphmambacmrhm_ettm2_sl336_pl192_s2021.json,formal_seed2021_record,"[""/home/cwh/Time-Series-Library/logs/q2_main_baselines/records/graphmambacmrhm_ettm2_sl336_pl192_s2021.json"", ""/home/cwh/Time-Series-Library/logs/cmrhm_unified_main/records/cmrhm_ettm2_p192_s2021.json"", ""/home/cwh/Time-Series-Library/logs/graphmamba_cmrhm_final_test/records/ettm2_192_cmrhm_s2021.json""]","[""/home/cwh/Time-Series-Library/.venv/bin/python"", ""-u"", ""/home/cwh/Time-Series-Library/run.py"", ""--task_name"", ""long_term_forecast"", ""--is_training"", ""0"", ""--root_path"", ""/home/cwh/Time-Series-Library/dataset/ETT-small"", ""--data_path"", ""ETTm2.csv"", ""--model_id"", ""ETTm2_96_192_ettm2_192_cmrhm_s2021"", ""--model"", ""GraphMambaCMRHM"", ""--seed"", ""2021"", ""--data"", ""ETTm2"", ""--features"", ""M"", ""--target"", ""OT"", ""--seq_len"", ""336"", ""--label_len"", ""48"", ""--pred_len"", ""192"", ""--enc_in"", ""7"", ""--dec_in"", ""7"", ""--c_out"", ""7"", ""--patch_len"", ""4"", ""--stride"", ""2"", ""--d_model"", ""64"", ""--d_ff"", ""128"", ""--d_state"", ""32"", ""--d_conv"", ""2"", ""--e_layers"", ""1"", ""--expand"", ""2"", ""--mamba_version"", ""1"", ""--mamba_bidirectional"", ""1"", ""--use_graph"", ""1"", ""--use_time_mamba"", ""1"", ""--use_patch"", ""1"", ""--use_decomp"", ""1"", ""--moving_avg"", ""25"", ""--graph_alpha"", ""0.5"", ""--graph_top_k"", ""2"", ""--graph_sample_size"", ""2000"", ""--graph_sample_method"", ""uniform"", ""--static_graph_mode"", ""weighted"", ""--graph_cache"", ""0"", ""--gc_graph_dim"", ""16"", ""--gc_temperature"", ""1.0"", ""--gc_residual_init"", ""0.5"", ""--gc_dynamic_graph"", ""1"", ""--gc_symmetric_graph"", ""1"", ""--gc_input_modulation"", ""1"", ""--gc_direction_fusion"", ""1"", ""--gc_parallel_residual"", ""1"", ""--af_hidden_dim"", ""32"", ""--af_rank"", ""16"", ""--af_mode"", ""variable_scale_residual"", ""--dropout"", ""0.1"", ""--batch_size"", ""32"", ""--learning_rate"", ""0.0005"", ""--lradj"", ""type1"", ""--train_epochs"", ""100"", ""--patience"", ""6"", ""--num_workers"", ""0"", ""--gpu"", ""0"", ""--des"", ""ettm2_192_cmrhm_s2021"", ""--itr"", ""1"", ""--test_after_train"", ""0"", ""--checkpoints"", ""/home/cwh/Time-Series-Library/checkpoints"", ""--forecast_export_path"", ""/home/cwh/Time-Series-Library/paper/neurocomputing/figures/fig3_curve_candidates/source_npz/ettm2_h192_graphmambacmrhm.npz"", ""--forecast_export_origin"", ""2939"", ""--forecast_export_channel"", ""-1"", ""--forecast_export_context"", ""96"", ""--forecast_export_only""]"
ETTm2,192,S-Mamba,smamba,2939,OT,/home/cwh/Time-Series-Library/paper/neurocomputing/figures/fig3_curve_candidates/source_npz/ettm2_h192_smamba.npz,/home/cwh/Time-Series-Library/logs/q2_main_baselines/records/smamba_ettm2_sl336_pl192_s2021.json,formal_seed2021_record,"[""/home/cwh/Time-Series-Library/logs/q2_main_baselines/records/smamba_ettm2_sl336_pl192_s2021.json""]","[""/home/cwh/Time-Series-Library/.venv/bin/python"", ""-u"", ""/home/cwh/Time-Series-Library/run.py"", ""--task_name"", ""long_term_forecast"", ""--is_training"", ""0"", ""--root_path"", ""/home/cwh/Time-Series-Library/dataset/ETT-small"", ""--data_path"", ""ETTm2.csv"", ""--model_id"", ""smamba_ettm2_sl336_pl192_s2021"", ""--model"", ""SMamba"", ""--seed"", ""2021"", ""--data"", ""ETTm2"", ""--features"", ""M"", ""--target"", ""OT"", ""--freq"", ""t"", ""--seq_len"", ""336"", ""--label_len"", ""48"", ""--pred_len"", ""192"", ""--enc_in"", ""7"", ""--dec_in"", ""7"", ""--c_out"", ""7"", ""--d_model"", ""128"", ""--d_ff"", ""128"", ""--n_heads"", ""4"", ""--e_layers"", ""2"", ""--d_layers"", ""1"", ""--factor"", ""3"", ""--dropout"", ""0.1"", ""--batch_size"", ""32"", ""--learning_rate"", ""5e-05"", ""--train_epochs"", ""10"", ""--patience"", ""3"", ""--lradj"", ""type1"", ""--num_workers"", ""0"", ""--gpu"", ""0"", ""--des"", ""smamba_ettm2_sl336_pl192_s2021"", ""--itr"", ""1"", ""--checkpoints"", ""/home/cwh/Time-Series-Library/logs/q2_main_baselines/checkpoints"", ""--test_after_train"", ""1"", ""--d_state"", ""2"", ""--use_norm"", ""1"", ""--forecast_export_path"", ""/home/cwh/Time-Series-Library/paper/neurocomputing/figures/fig3_curve_candidates/source_npz/ettm2_h192_smamba.npz"", ""--forecast_export_origin"", ""2939"", ""--forecast_export_channel"", ""-1"", ""--forecast_export_context"", ""96"", ""--forecast_export_only""]"
ETTm2,192,iTransformer,itransformer,2939,OT,/home/cwh/Time-Series-Library/paper/neurocomputing/figures/fig3_curve_candidates/source_npz/ettm2_h192_itransformer.npz,/home/cwh/Time-Series-Library/logs/q2_main_baselines/records/itransformer_ettm2_sl336_pl192_s2021.json,formal_seed2021_record,"[""/home/cwh/Time-Series-Library/logs/q2_main_baselines/records/itransformer_ettm2_sl336_pl192_s2021.json""]","[""/home/cwh/Time-Series-Library/.venv/bin/python"", ""-u"", ""/home/cwh/Time-Series-Library/run.py"", ""--task_name"", ""long_term_forecast"", ""--is_training"", ""0"", ""--root_path"", ""/home/cwh/Time-Series-Library/dataset/ETT-small"", ""--data_path"", ""ETTm2.csv"", ""--model_id"", ""itransformer_ettm2_sl336_pl192_s2021"", ""--model"", ""iTransformer"", ""--seed"", ""2021"", ""--data"", ""ETTm2"", ""--features"", ""M"", ""--target"", ""OT"", ""--freq"", ""t"", ""--seq_len"", ""336"", ""--label_len"", ""48"", ""--pred_len"", ""192"", ""--enc_in"", ""7"", ""--dec_in"", ""7"", ""--c_out"", ""7"", ""--d_model"", ""128"", ""--d_ff"", ""128"", ""--n_heads"", ""8"", ""--e_layers"", ""2"", ""--d_layers"", ""1"", ""--factor"", ""3"", ""--dropout"", ""0.1"", ""--batch_size"", ""32"", ""--learning_rate"", ""0.0001"", ""--train_epochs"", ""10"", ""--patience"", ""3"", ""--lradj"", ""type1"", ""--num_workers"", ""0"", ""--gpu"", ""0"", ""--des"", ""itransformer_ettm2_sl336_pl192_s2021"", ""--itr"", ""1"", ""--checkpoints"", ""/home/cwh/Time-Series-Library/logs/q2_main_baselines/checkpoints"", ""--test_after_train"", ""1"", ""--forecast_export_path"", ""/home/cwh/Time-Series-Library/paper/neurocomputing/figures/fig3_curve_candidates/source_npz/ettm2_h192_itransformer.npz"", ""--forecast_export_origin"", ""2939"", ""--forecast_export_channel"", ""-1"", ""--forecast_export_context"", ""96"", ""--forecast_export_only""]"
ETTm2,192,TimeMixer,timemixer,2939,OT,/home/cwh/Time-Series-Library/paper/neurocomputing/figures/fig3_curve_candidates/source_npz/ettm2_h192_timemixer.npz,/home/cwh/Time-Series-Library/logs/q2_main_baselines/records/timemixer_ettm2_sl336_pl192_s2021.json,validated_lr1e4_stability_repair,"[""/home/cwh/Time-Series-Library/logs/q2_main_baselines/records/timemixer_ettm2_sl336_pl192_s2021.json""]","[""/home/cwh/Time-Series-Library/.venv/bin/python"", ""-u"", ""/home/cwh/Time-Series-Library/run.py"", ""--task_name"", ""long_term_forecast"", ""--is_training"", ""0"", ""--root_path"", ""/home/cwh/Time-Series-Library/dataset/ETT-small"", ""--data_path"", ""ETTm2.csv"", ""--model_id"", ""timemixer_stable_ettm2_sl336_pl192_lr1e4_s2021"", ""--model"", ""TimeMixer"", ""--seed"", ""2021"", ""--data"", ""ETTm2"", ""--features"", ""M"", ""--target"", ""OT"", ""--freq"", ""t"", ""--seq_len"", ""336"", ""--label_len"", ""0"", ""--pred_len"", ""192"", ""--enc_in"", ""7"", ""--dec_in"", ""7"", ""--c_out"", ""7"", ""--d_model"", ""16"", ""--d_ff"", ""32"", ""--n_heads"", ""4"", ""--e_layers"", ""2"", ""--d_layers"", ""1"", ""--factor"", ""3"", ""--dropout"", ""0.1"", ""--batch_size"", ""32"", ""--learning_rate"", ""0.0001"", ""--train_epochs"", ""10"", ""--patience"", ""10"", ""--lradj"", ""type1"", ""--num_workers"", ""0"", ""--gpu"", ""0"", ""--des"", ""timemixer_stable_ettm2_sl336_pl192_lr1e4_s2021"", ""--itr"", ""1"", ""--checkpoints"", ""/home/cwh/Time-Series-Library/logs/q2_timemixer_stability/checkpoints"", ""--test_after_train"", ""1"", ""--down_sampling_layers"", ""3"", ""--down_sampling_window"", ""2"", ""--down_sampling_method"", ""avg"", ""--forecast_export_path"", ""/home/cwh/Time-Series-Library/paper/neurocomputing/figures/fig3_curve_candidates/source_npz/ettm2_h192_timemixer.npz"", ""--forecast_export_origin"", ""2939"", ""--forecast_export_channel"", ""-1"", ""--forecast_export_context"", ""96"", ""--forecast_export_only""]"
ETTm2,192,MSGNet,msgnet,2939,OT,/home/cwh/Time-Series-Library/paper/neurocomputing/figures/fig3_curve_candidates/source_npz/ettm2_h192_msgnet.npz,/home/cwh/Time-Series-Library/logs/q2_main_baselines/records/msgnet_ettm2_sl336_pl192_s2021.json,formal_seed2021_record,"[""/home/cwh/Time-Series-Library/logs/q2_main_baselines/records/msgnet_ettm2_sl336_pl192_s2021.json""]","[""/home/cwh/Time-Series-Library/.venv/bin/python"", ""-u"", ""/home/cwh/Time-Series-Library/run.py"", ""--task_name"", ""long_term_forecast"", ""--is_training"", ""0"", ""--root_path"", ""/home/cwh/Time-Series-Library/dataset/ETT-small"", ""--data_path"", ""ETTm2.csv"", ""--model_id"", ""msgnet_ettm2_sl336_pl192_s2021"", ""--model"", ""MSGNet"", ""--seed"", ""2021"", ""--data"", ""ETTm2"", ""--features"", ""M"", ""--target"", ""OT"", ""--freq"", ""t"", ""--seq_len"", ""336"", ""--label_len"", ""48"", ""--pred_len"", ""192"", ""--enc_in"", ""7"", ""--dec_in"", ""7"", ""--c_out"", ""7"", ""--d_model"", ""32"", ""--d_ff"", ""64"", ""--n_heads"", ""4"", ""--e_layers"", ""2"", ""--d_layers"", ""1"", ""--factor"", ""3"", ""--dropout"", ""0.3"", ""--batch_size"", ""32"", ""--learning_rate"", ""0.0001"", ""--train_epochs"", ""10"", ""--patience"", ""3"", ""--lradj"", ""type1"", ""--num_workers"", ""0"", ""--gpu"", ""0"", ""--des"", ""msgnet_ettm2_sl336_pl192_s2021"", ""--itr"", ""1"", ""--checkpoints"", ""/home/cwh/Time-Series-Library/logs/q2_main_baselines/checkpoints"", ""--test_after_train"", ""1"", ""--top_k"", ""3"", ""--conv_channel"", ""32"", ""--skip_channel"", ""32"", ""--forecast_export_path"", ""/home/cwh/Time-Series-Library/paper/neurocomputing/figures/fig3_curve_candidates/source_npz/ettm2_h192_msgnet.npz"", ""--forecast_export_origin"", ""2939"", ""--forecast_export_channel"", ""-1"", ""--forecast_export_context"", ""96"", ""--forecast_export_only""]"
ETTm2,192,PatchTST,patchtst,2939,OT,/home/cwh/Time-Series-Library/paper/neurocomputing/figures/fig3_curve_candidates/source_npz/ettm2_h192_patchtst.npz,/home/cwh/Time-Series-Library/logs/q2_main_baselines/records/patchtst_ettm2_sl336_pl192_s2021.json,formal_seed2021_record,"[""/home/cwh/Time-Series-Library/logs/q2_main_baselines/records/patchtst_ettm2_sl336_pl192_s2021.json""]","[""/home/cwh/Time-Series-Library/.venv/bin/python"", ""-u"", ""/home/cwh/Time-Series-Library/run.py"", ""--task_name"", ""long_term_forecast"", ""--is_training"", ""0"", ""--root_path"", ""/home/cwh/Time-Series-Library/dataset/ETT-small"", ""--data_path"", ""ETTm2.csv"", ""--model_id"", ""patchtst_ettm2_sl336_pl192_s2021"", ""--model"", ""PatchTST"", ""--seed"", ""2021"", ""--data"", ""ETTm2"", ""--features"", ""M"", ""--target"", ""OT"", ""--freq"", ""t"", ""--seq_len"", ""336"", ""--label_len"", ""48"", ""--pred_len"", ""192"", ""--enc_in"", ""7"", ""--dec_in"", ""7"", ""--c_out"", ""7"", ""--d_model"", ""512"", ""--d_ff"", ""2048"", ""--n_heads"", ""8"", ""--e_layers"", ""3"", ""--d_layers"", ""1"", ""--factor"", ""3"", ""--dropout"", ""0.1"", ""--batch_size"", ""32"", ""--learning_rate"", ""0.0001"", ""--train_epochs"", ""10"", ""--patience"", ""3"", ""--lradj"", ""type1"", ""--num_workers"", ""0"", ""--gpu"", ""0"", ""--des"", ""patchtst_ettm2_sl336_pl192_s2021"", ""--itr"", ""1"", ""--checkpoints"", ""/home/cwh/Time-Series-Library/logs/q2_main_baselines/checkpoints"", ""--test_after_train"", ""1"", ""--patch_len"", ""16"", ""--stride"", ""8"", ""--forecast_export_path"", ""/home/cwh/Time-Series-Library/paper/neurocomputing/figures/fig3_curve_candidates/source_npz/ettm2_h192_patchtst.npz"", ""--forecast_export_origin"", ""2939"", ""--forecast_export_channel"", ""-1"", ""--forecast_export_context"", ""96"", ""--forecast_export_only""]"
ETTm2,192,TimesNet,timesnet,2939,OT,/home/cwh/Time-Series-Library/paper/neurocomputing/figures/fig3_curve_candidates/source_npz/ettm2_h192_timesnet.npz,/home/cwh/Time-Series-Library/logs/q2_main_baselines/records/timesnet_ettm2_sl336_pl192_s2021.json,formal_seed2021_record,"[""/home/cwh/Time-Series-Library/logs/q2_main_baselines/records/timesnet_ettm2_sl336_pl192_s2021.json""]","[""/home/cwh/Time-Series-Library/.venv/bin/python"", ""-u"", ""/home/cwh/Time-Series-Library/run.py"", ""--task_name"", ""long_term_forecast"", ""--is_training"", ""0"", ""--root_path"", ""/home/cwh/Time-Series-Library/dataset/ETT-small"", ""--data_path"", ""ETTm2.csv"", ""--model_id"", ""timesnet_ettm2_sl336_pl192_s2021"", ""--model"", ""TimesNet"", ""--seed"", ""2021"", ""--data"", ""ETTm2"", ""--features"", ""M"", ""--target"", ""OT"", ""--freq"", ""t"", ""--seq_len"", ""336"", ""--label_len"", ""48"", ""--pred_len"", ""192"", ""--enc_in"", ""7"", ""--dec_in"", ""7"", ""--c_out"", ""7"", ""--d_model"", ""32"", ""--d_ff"", ""32"", ""--n_heads"", ""4"", ""--e_layers"", ""2"", ""--d_layers"", ""1"", ""--factor"", ""3"", ""--dropout"", ""0.1"", ""--batch_size"", ""32"", ""--learning_rate"", ""0.0001"", ""--train_epochs"", ""10"", ""--patience"", ""3"", ""--lradj"", ""type1"", ""--num_workers"", ""0"", ""--gpu"", ""0"", ""--des"", ""timesnet_ettm2_sl336_pl192_s2021"", ""--itr"", ""1"", ""--checkpoints"", ""/home/cwh/Time-Series-Library/logs/q2_main_baselines/checkpoints"", ""--test_after_train"", ""1"", ""--top_k"", ""5"", ""--forecast_export_path"", ""/home/cwh/Time-Series-Library/paper/neurocomputing/figures/fig3_curve_candidates/source_npz/ettm2_h192_timesnet.npz"", ""--forecast_export_origin"", ""2939"", ""--forecast_export_channel"", ""-1"", ""--forecast_export_context"", ""96"", ""--forecast_export_only""]"
ETTm2,192,DLinear,dlinear,2939,OT,/home/cwh/Time-Series-Library/paper/neurocomputing/figures/fig3_curve_candidates/source_npz/ettm2_h192_dlinear.npz,/home/cwh/Time-Series-Library/logs/q2_main_baselines/records/dlinear_ettm2_sl336_pl192_s2021.json,formal_seed2021_record,"[""/home/cwh/Time-Series-Library/logs/q2_main_baselines/records/dlinear_ettm2_sl336_pl192_s2021.json""]","[""/home/cwh/Time-Series-Library/.venv/bin/python"", ""-u"", ""/home/cwh/Time-Series-Library/run.py"", ""--task_name"", ""long_term_forecast"", ""--is_training"", ""0"", ""--root_path"", ""/home/cwh/Time-Series-Library/dataset/ETT-small"", ""--data_path"", ""ETTm2.csv"", ""--model_id"", ""dlinear_ettm2_sl336_pl192_s2021"", ""--model"", ""DLinear"", ""--seed"", ""2021"", ""--data"", ""ETTm2"", ""--features"", ""M"", ""--target"", ""OT"", ""--freq"", ""t"", ""--seq_len"", ""336"", ""--label_len"", ""48"", ""--pred_len"", ""192"", ""--enc_in"", ""7"", ""--dec_in"", ""7"", ""--c_out"", ""7"", ""--d_model"", ""32"", ""--d_ff"", ""64"", ""--n_heads"", ""4"", ""--e_layers"", ""2"", ""--d_layers"", ""1"", ""--factor"", ""3"", ""--dropout"", ""0.1"", ""--batch_size"", ""32"", ""--learning_rate"", ""0.0001"", ""--train_epochs"", ""10"", ""--patience"", ""3"", ""--lradj"", ""type1"", ""--num_workers"", ""0"", ""--gpu"", ""0"", ""--des"", ""dlinear_ettm2_sl336_pl192_s2021"", ""--itr"", ""1"", ""--checkpoints"", ""/home/cwh/Time-Series-Library/logs/q2_main_baselines/checkpoints"", ""--test_after_train"", ""1"", ""--forecast_export_path"", ""/home/cwh/Time-Series-Library/paper/neurocomputing/figures/fig3_curve_candidates/source_npz/ettm2_h192_dlinear.npz"", ""--forecast_export_origin"", ""2939"", ""--forecast_export_channel"", ""-1"", ""--forecast_export_context"", ""96"", ""--forecast_export_only""]"
ETTm2,336,TimeRole,graphmambacmrhm,2939,OT,/home/cwh/Time-Series-Library/paper/neurocomputing/figures/fig3_curve_candidates/source_npz/ettm2_h336_graphmambacmrhm.npz,/home/cwh/Time-Series-Library/logs/q2_main_baselines/records/graphmambacmrhm_ettm2_sl336_pl336_s2021.json,formal_seed2021_record,"[""/home/cwh/Time-Series-Library/logs/q2_main_baselines/records/graphmambacmrhm_ettm2_sl336_pl336_s2021.json"", ""/home/cwh/Time-Series-Library/logs/cmrhm_unified_main/records/cmrhm_ettm2_p336_s2021.json"", ""/home/cwh/Time-Series-Library/logs/graphmamba_cmrhm_final_test/records/ettm2_336_cmrhm_s2021.json""]","[""/home/cwh/Time-Series-Library/.venv/bin/python"", ""-u"", ""/home/cwh/Time-Series-Library/run.py"", ""--task_name"", ""long_term_forecast"", ""--is_training"", ""0"", ""--root_path"", ""/home/cwh/Time-Series-Library/dataset/ETT-small"", ""--data_path"", ""ETTm2.csv"", ""--model_id"", ""ETTm2_96_336_ettm2_336_cmrhm_s2021"", ""--model"", ""GraphMambaCMRHM"", ""--seed"", ""2021"", ""--data"", ""ETTm2"", ""--features"", ""M"", ""--target"", ""OT"", ""--seq_len"", ""336"", ""--label_len"", ""48"", ""--pred_len"", ""336"", ""--enc_in"", ""7"", ""--dec_in"", ""7"", ""--c_out"", ""7"", ""--patch_len"", ""4"", ""--stride"", ""2"", ""--d_model"", ""64"", ""--d_ff"", ""128"", ""--d_state"", ""32"", ""--d_conv"", ""2"", ""--e_layers"", ""1"", ""--expand"", ""2"", ""--mamba_version"", ""1"", ""--mamba_bidirectional"", ""1"", ""--use_graph"", ""1"", ""--use_time_mamba"", ""1"", ""--use_patch"", ""1"", ""--use_decomp"", ""1"", ""--moving_avg"", ""25"", ""--graph_alpha"", ""0.5"", ""--graph_top_k"", ""2"", ""--graph_sample_size"", ""2000"", ""--graph_sample_method"", ""uniform"", ""--static_graph_mode"", ""weighted"", ""--graph_cache"", ""0"", ""--gc_graph_dim"", ""16"", ""--gc_temperature"", ""1.0"", ""--gc_residual_init"", ""0.5"", ""--gc_dynamic_graph"", ""1"", ""--gc_symmetric_graph"", ""1"", ""--gc_input_modulation"", ""1"", ""--gc_direction_fusion"", ""1"", ""--gc_parallel_residual"", ""1"", ""--af_hidden_dim"", ""32"", ""--af_rank"", ""16"", ""--af_mode"", ""variable_scale_residual"", ""--dropout"", ""0.1"", ""--batch_size"", ""32"", ""--learning_rate"", ""0.0005"", ""--lradj"", ""type1"", ""--train_epochs"", ""100"", ""--patience"", ""6"", ""--num_workers"", ""0"", ""--gpu"", ""0"", ""--des"", ""ettm2_336_cmrhm_s2021"", ""--itr"", ""1"", ""--test_after_train"", ""0"", ""--checkpoints"", ""/home/cwh/Time-Series-Library/checkpoints"", ""--forecast_export_path"", ""/home/cwh/Time-Series-Library/paper/neurocomputing/figures/fig3_curve_candidates/source_npz/ettm2_h336_graphmambacmrhm.npz"", ""--forecast_export_origin"", ""2939"", ""--forecast_export_channel"", ""-1"", ""--forecast_export_context"", ""96"", ""--forecast_export_only""]"
ETTm2,336,S-Mamba,smamba,2939,OT,/home/cwh/Time-Series-Library/paper/neurocomputing/figures/fig3_curve_candidates/source_npz/ettm2_h336_smamba.npz,/home/cwh/Time-Series-Library/logs/q2_main_baselines/records/smamba_ettm2_sl336_pl336_s2021.json,formal_seed2021_record,"[""/home/cwh/Time-Series-Library/logs/q2_main_baselines/records/smamba_ettm2_sl336_pl336_s2021.json""]","[""/home/cwh/Time-Series-Library/.venv/bin/python"", ""-u"", ""/home/cwh/Time-Series-Library/run.py"", ""--task_name"", ""long_term_forecast"", ""--is_training"", ""0"", ""--root_path"", ""/home/cwh/Time-Series-Library/dataset/ETT-small"", ""--data_path"", ""ETTm2.csv"", ""--model_id"", ""smamba_ettm2_sl336_pl336_s2021"", ""--model"", ""SMamba"", ""--seed"", ""2021"", ""--data"", ""ETTm2"", ""--features"", ""M"", ""--target"", ""OT"", ""--freq"", ""t"", ""--seq_len"", ""336"", ""--label_len"", ""48"", ""--pred_len"", ""336"", ""--enc_in"", ""7"", ""--dec_in"", ""7"", ""--c_out"", ""7"", ""--d_model"", ""128"", ""--d_ff"", ""128"", ""--n_heads"", ""4"", ""--e_layers"", ""2"", ""--d_layers"", ""1"", ""--factor"", ""3"", ""--dropout"", ""0.1"", ""--batch_size"", ""32"", ""--learning_rate"", ""3e-05"", ""--train_epochs"", ""10"", ""--patience"", ""3"", ""--lradj"", ""type1"", ""--num_workers"", ""0"", ""--gpu"", ""0"", ""--des"", ""smamba_ettm2_sl336_pl336_s2021"", ""--itr"", ""1"", ""--checkpoints"", ""/home/cwh/Time-Series-Library/logs/q2_main_baselines/checkpoints"", ""--test_after_train"", ""1"", ""--d_state"", ""2"", ""--use_norm"", ""1"", ""--forecast_export_path"", ""/home/cwh/Time-Series-Library/paper/neurocomputing/figures/fig3_curve_candidates/source_npz/ettm2_h336_smamba.npz"", ""--forecast_export_origin"", ""2939"", ""--forecast_export_channel"", ""-1"", ""--forecast_export_context"", ""96"", ""--forecast_export_only""]"
ETTm2,336,iTransformer,itransformer,2939,OT,/home/cwh/Time-Series-Library/paper/neurocomputing/figures/fig3_curve_candidates/source_npz/ettm2_h336_itransformer.npz,/home/cwh/Time-Series-Library/logs/q2_main_baselines/records/itransformer_ettm2_sl336_pl336_s2021.json,formal_seed2021_record,"[""/home/cwh/Time-Series-Library/logs/q2_main_baselines/records/itransformer_ettm2_sl336_pl336_s2021.json""]","[""/home/cwh/Time-Series-Library/.venv/bin/python"", ""-u"", ""/home/cwh/Time-Series-Library/run.py"", ""--task_name"", ""long_term_forecast"", ""--is_training"", ""0"", ""--root_path"", ""/home/cwh/Time-Series-Library/dataset/ETT-small"", ""--data_path"", ""ETTm2.csv"", ""--model_id"", ""itransformer_ettm2_sl336_pl336_s2021"", ""--model"", ""iTransformer"", ""--seed"", ""2021"", ""--data"", ""ETTm2"", ""--features"", ""M"", ""--target"", ""OT"", ""--freq"", ""t"", ""--seq_len"", ""336"", ""--label_len"", ""48"", ""--pred_len"", ""336"", ""--enc_in"", ""7"", ""--dec_in"", ""7"", ""--c_out"", ""7"", ""--d_model"", ""128"", ""--d_ff"", ""128"", ""--n_heads"", ""8"", ""--e_layers"", ""2"", ""--d_layers"", ""1"", ""--factor"", ""3"", ""--dropout"", ""0.1"", ""--batch_size"", ""32"", ""--learning_rate"", ""0.0001"", ""--train_epochs"", ""10"", ""--patience"", ""3"", ""--lradj"", ""type1"", ""--num_workers"", ""0"", ""--gpu"", ""0"", ""--des"", ""itransformer_ettm2_sl336_pl336_s2021"", ""--itr"", ""1"", ""--checkpoints"", ""/home/cwh/Time-Series-Library/logs/q2_main_baselines/checkpoints"", ""--test_after_train"", ""1"", ""--forecast_export_path"", ""/home/cwh/Time-Series-Library/paper/neurocomputing/figures/fig3_curve_candidates/source_npz/ettm2_h336_itransformer.npz"", ""--forecast_export_origin"", ""2939"", ""--forecast_export_channel"", ""-1"", ""--forecast_export_context"", ""96"", ""--forecast_export_only""]"
ETTm2,336,TimeMixer,timemixer,2939,OT,/home/cwh/Time-Series-Library/paper/neurocomputing/figures/fig3_curve_candidates/source_npz/ettm2_h336_timemixer.npz,/home/cwh/Time-Series-Library/logs/q2_main_baselines/records/timemixer_ettm2_sl336_pl336_s2021.json,validated_lr1e4_stability_repair,"[""/home/cwh/Time-Series-Library/logs/q2_main_baselines/records/timemixer_ettm2_sl336_pl336_s2021.json""]","[""/home/cwh/Time-Series-Library/.venv/bin/python"", ""-u"", ""/home/cwh/Time-Series-Library/run.py"", ""--task_name"", ""long_term_forecast"", ""--is_training"", ""0"", ""--root_path"", ""/home/cwh/Time-Series-Library/dataset/ETT-small"", ""--data_path"", ""ETTm2.csv"", ""--model_id"", ""timemixer_stable_ettm2_sl336_pl336_lr1e4_s2021"", ""--model"", ""TimeMixer"", ""--seed"", ""2021"", ""--data"", ""ETTm2"", ""--features"", ""M"", ""--target"", ""OT"", ""--freq"", ""t"", ""--seq_len"", ""336"", ""--label_len"", ""0"", ""--pred_len"", ""336"", ""--enc_in"", ""7"", ""--dec_in"", ""7"", ""--c_out"", ""7"", ""--d_model"", ""16"", ""--d_ff"", ""32"", ""--n_heads"", ""4"", ""--e_layers"", ""2"", ""--d_layers"", ""1"", ""--factor"", ""3"", ""--dropout"", ""0.1"", ""--batch_size"", ""32"", ""--learning_rate"", ""0.0001"", ""--train_epochs"", ""10"", ""--patience"", ""10"", ""--lradj"", ""type1"", ""--num_workers"", ""0"", ""--gpu"", ""0"", ""--des"", ""timemixer_stable_ettm2_sl336_pl336_lr1e4_s2021"", ""--itr"", ""1"", ""--checkpoints"", ""/home/cwh/Time-Series-Library/logs/q2_timemixer_stability/checkpoints"", ""--test_after_train"", ""1"", ""--down_sampling_layers"", ""3"", ""--down_sampling_window"", ""2"", ""--down_sampling_method"", ""avg"", ""--forecast_export_path"", ""/home/cwh/Time-Series-Library/paper/neurocomputing/figures/fig3_curve_candidates/source_npz/ettm2_h336_timemixer.npz"", ""--forecast_export_origin"", ""2939"", ""--forecast_export_channel"", ""-1"", ""--forecast_export_context"", ""96"", ""--forecast_export_only""]"
ETTm2,336,MSGNet,msgnet,2939,OT,/home/cwh/Time-Series-Library/paper/neurocomputing/figures/fig3_curve_candidates/source_npz/ettm2_h336_msgnet.npz,/home/cwh/Time-Series-Library/logs/q2_main_baselines/records/msgnet_ettm2_sl336_pl336_s2021.json,formal_seed2021_record,"[""/home/cwh/Time-Series-Library/logs/q2_main_baselines/records/msgnet_ettm2_sl336_pl336_s2021.json""]","[""/home/cwh/Time-Series-Library/.venv/bin/python"", ""-u"", ""/home/cwh/Time-Series-Library/run.py"", ""--task_name"", ""long_term_forecast"", ""--is_training"", ""0"", ""--root_path"", ""/home/cwh/Time-Series-Library/dataset/ETT-small"", ""--data_path"", ""ETTm2.csv"", ""--model_id"", ""msgnet_ettm2_sl336_pl336_s2021"", ""--model"", ""MSGNet"", ""--seed"", ""2021"", ""--data"", ""ETTm2"", ""--features"", ""M"", ""--target"", ""OT"", ""--freq"", ""t"", ""--seq_len"", ""336"", ""--label_len"", ""48"", ""--pred_len"", ""336"", ""--enc_in"", ""7"", ""--dec_in"", ""7"", ""--c_out"", ""7"", ""--d_model"", ""32"", ""--d_ff"", ""32"", ""--n_heads"", ""4"", ""--e_layers"", ""2"", ""--d_layers"", ""1"", ""--factor"", ""3"", ""--dropout"", ""0.3"", ""--batch_size"", ""32"", ""--learning_rate"", ""0.0001"", ""--train_epochs"", ""10"", ""--patience"", ""3"", ""--lradj"", ""type1"", ""--num_workers"", ""0"", ""--gpu"", ""0"", ""--des"", ""msgnet_ettm2_sl336_pl336_s2021"", ""--itr"", ""1"", ""--checkpoints"", ""/home/cwh/Time-Series-Library/logs/q2_main_baselines/checkpoints"", ""--test_after_train"", ""1"", ""--top_k"", ""3"", ""--conv_channel"", ""32"", ""--skip_channel"", ""32"", ""--forecast_export_path"", ""/home/cwh/Time-Series-Library/paper/neurocomputing/figures/fig3_curve_candidates/source_npz/ettm2_h336_msgnet.npz"", ""--forecast_export_origin"", ""2939"", ""--forecast_export_channel"", ""-1"", ""--forecast_export_context"", ""96"", ""--forecast_export_only""]"
ETTm2,336,PatchTST,patchtst,2939,OT,/home/cwh/Time-Series-Library/paper/neurocomputing/figures/fig3_curve_candidates/source_npz/ettm2_h336_patchtst.npz,/home/cwh/Time-Series-Library/logs/q2_main_baselines/records/patchtst_ettm2_sl336_pl336_s2021.json,formal_seed2021_record,"[""/home/cwh/Time-Series-Library/logs/q2_main_baselines/records/patchtst_ettm2_sl336_pl336_s2021.json""]","[""/home/cwh/Time-Series-Library/.venv/bin/python"", ""-u"", ""/home/cwh/Time-Series-Library/run.py"", ""--task_name"", ""long_term_forecast"", ""--is_training"", ""0"", ""--root_path"", ""/home/cwh/Time-Series-Library/dataset/ETT-small"", ""--data_path"", ""ETTm2.csv"", ""--model_id"", ""patchtst_ettm2_sl336_pl336_s2021"", ""--model"", ""PatchTST"", ""--seed"", ""2021"", ""--data"", ""ETTm2"", ""--features"", ""M"", ""--target"", ""OT"", ""--freq"", ""t"", ""--seq_len"", ""336"", ""--label_len"", ""48"", ""--pred_len"", ""336"", ""--enc_in"", ""7"", ""--dec_in"", ""7"", ""--c_out"", ""7"", ""--d_model"", ""512"", ""--d_ff"", ""2048"", ""--n_heads"", ""8"", ""--e_layers"", ""3"", ""--d_layers"", ""1"", ""--factor"", ""3"", ""--dropout"", ""0.1"", ""--batch_size"", ""32"", ""--learning_rate"", ""0.0001"", ""--train_epochs"", ""10"", ""--patience"", ""3"", ""--lradj"", ""type1"", ""--num_workers"", ""0"", ""--gpu"", ""0"", ""--des"", ""patchtst_ettm2_sl336_pl336_s2021"", ""--itr"", ""1"", ""--checkpoints"", ""/home/cwh/Time-Series-Library/logs/q2_main_baselines/checkpoints"", ""--test_after_train"", ""1"", ""--patch_len"", ""16"", ""--stride"", ""8"", ""--forecast_export_path"", ""/home/cwh/Time-Series-Library/paper/neurocomputing/figures/fig3_curve_candidates/source_npz/ettm2_h336_patchtst.npz"", ""--forecast_export_origin"", ""2939"", ""--forecast_export_channel"", ""-1"", ""--forecast_export_context"", ""96"", ""--forecast_export_only""]"
ETTm2,336,TimesNet,timesnet,2939,OT,/home/cwh/Time-Series-Library/paper/neurocomputing/figures/fig3_curve_candidates/source_npz/ettm2_h336_timesnet.npz,/home/cwh/Time-Series-Library/logs/q2_main_baselines/records/timesnet_ettm2_sl336_pl336_s2021.json,formal_seed2021_record,"[""/home/cwh/Time-Series-Library/logs/q2_main_baselines/records/timesnet_ettm2_sl336_pl336_s2021.json""]","[""/home/cwh/Time-Series-Library/.venv/bin/python"", ""-u"", ""/home/cwh/Time-Series-Library/run.py"", ""--task_name"", ""long_term_forecast"", ""--is_training"", ""0"", ""--root_path"", ""/home/cwh/Time-Series-Library/dataset/ETT-small"", ""--data_path"", ""ETTm2.csv"", ""--model_id"", ""timesnet_ettm2_sl336_pl336_s2021"", ""--model"", ""TimesNet"", ""--seed"", ""2021"", ""--data"", ""ETTm2"", ""--features"", ""M"", ""--target"", ""OT"", ""--freq"", ""t"", ""--seq_len"", ""336"", ""--label_len"", ""48"", ""--pred_len"", ""336"", ""--enc_in"", ""7"", ""--dec_in"", ""7"", ""--c_out"", ""7"", ""--d_model"", ""32"", ""--d_ff"", ""32"", ""--n_heads"", ""4"", ""--e_layers"", ""2"", ""--d_layers"", ""1"", ""--factor"", ""3"", ""--dropout"", ""0.1"", ""--batch_size"", ""32"", ""--learning_rate"", ""0.0001"", ""--train_epochs"", ""10"", ""--patience"", ""3"", ""--lradj"", ""type1"", ""--num_workers"", ""0"", ""--gpu"", ""0"", ""--des"", ""timesnet_ettm2_sl336_pl336_s2021"", ""--itr"", ""1"", ""--checkpoints"", ""/home/cwh/Time-Series-Library/logs/q2_main_baselines/checkpoints"", ""--test_after_train"", ""1"", ""--top_k"", ""5"", ""--forecast_export_path"", ""/home/cwh/Time-Series-Library/paper/neurocomputing/figures/fig3_curve_candidates/source_npz/ettm2_h336_timesnet.npz"", ""--forecast_export_origin"", ""2939"", ""--forecast_export_channel"", ""-1"", ""--forecast_export_context"", ""96"", ""--forecast_export_only""]"
ETTm2,336,DLinear,dlinear,2939,OT,/home/cwh/Time-Series-Library/paper/neurocomputing/figures/fig3_curve_candidates/source_npz/ettm2_h336_dlinear.npz,/home/cwh/Time-Series-Library/logs/q2_main_baselines/records/dlinear_ettm2_sl336_pl336_s2021.json,formal_seed2021_record,"[""/home/cwh/Time-Series-Library/logs/q2_main_baselines/records/dlinear_ettm2_sl336_pl336_s2021.json""]","[""/home/cwh/Time-Series-Library/.venv/bin/python"", ""-u"", ""/home/cwh/Time-Series-Library/run.py"", ""--task_name"", ""long_term_forecast"", ""--is_training"", ""0"", ""--root_path"", ""/home/cwh/Time-Series-Library/dataset/ETT-small"", ""--data_path"", ""ETTm2.csv"", ""--model_id"", ""dlinear_ettm2_sl336_pl336_s2021"", ""--model"", ""DLinear"", ""--seed"", ""2021"", ""--data"", ""ETTm2"", ""--features"", ""M"", ""--target"", ""OT"", ""--freq"", ""t"", ""--seq_len"", ""336"", ""--label_len"", ""48"", ""--pred_len"", ""336"", ""--enc_in"", ""7"", ""--dec_in"", ""7"", ""--c_out"", ""7"", ""--d_model"", ""32"", ""--d_ff"", ""64"", ""--n_heads"", ""4"", ""--e_layers"", ""2"", ""--d_layers"", ""1"", ""--factor"", ""3"", ""--dropout"", ""0.1"", ""--batch_size"", ""32"", ""--learning_rate"", ""0.0001"", ""--train_epochs"", ""10"", ""--patience"", ""3"", ""--lradj"", ""type1"", ""--num_workers"", ""0"", ""--gpu"", ""0"", ""--des"", ""dlinear_ettm2_sl336_pl336_s2021"", ""--itr"", ""1"", ""--checkpoints"", ""/home/cwh/Time-Series-Library/logs/q2_main_baselines/checkpoints"", ""--test_after_train"", ""1"", ""--forecast_export_path"", ""/home/cwh/Time-Series-Library/paper/neurocomputing/figures/fig3_curve_candidates/source_npz/ettm2_h336_dlinear.npz"", ""--forecast_export_origin"", ""2939"", ""--forecast_export_channel"", ""-1"", ""--forecast_export_context"", ""96"", ""--forecast_export_only""]"
ETTm2,720,TimeRole,graphmambacmrhm,2939,OT,/home/cwh/Time-Series-Library/paper/neurocomputing/figures/fig3_curve_candidates/source_npz/ettm2_h720_graphmambacmrhm.npz,/home/cwh/Time-Series-Library/logs/q2_main_baselines/records/graphmambacmrhm_ettm2_sl336_pl720_s2021.json,formal_seed2021_record,"[""/home/cwh/Time-Series-Library/logs/q2_main_baselines/records/graphmambacmrhm_ettm2_sl336_pl720_s2021.json"", ""/home/cwh/Time-Series-Library/logs/cmrhm_unified_main/records/cmrhm_ettm2_p720_s2021.json"", ""/home/cwh/Time-Series-Library/logs/graphmamba_cmrhm_final_test/records/ettm2_720_cmrhm_s2021.json""]","[""/home/cwh/Time-Series-Library/.venv/bin/python"", ""-u"", ""/home/cwh/Time-Series-Library/run.py"", ""--task_name"", ""long_term_forecast"", ""--is_training"", ""0"", ""--root_path"", ""/home/cwh/Time-Series-Library/dataset/ETT-small"", ""--data_path"", ""ETTm2.csv"", ""--model_id"", ""ETTm2_96_720_ettm2_720_cmrhm_s2021"", ""--model"", ""GraphMambaCMRHM"", ""--seed"", ""2021"", ""--data"", ""ETTm2"", ""--features"", ""M"", ""--target"", ""OT"", ""--seq_len"", ""336"", ""--label_len"", ""48"", ""--pred_len"", ""720"", ""--enc_in"", ""7"", ""--dec_in"", ""7"", ""--c_out"", ""7"", ""--patch_len"", ""4"", ""--stride"", ""2"", ""--d_model"", ""64"", ""--d_ff"", ""128"", ""--d_state"", ""32"", ""--d_conv"", ""2"", ""--e_layers"", ""1"", ""--expand"", ""2"", ""--mamba_version"", ""1"", ""--mamba_bidirectional"", ""1"", ""--use_graph"", ""1"", ""--use_time_mamba"", ""1"", ""--use_patch"", ""1"", ""--use_decomp"", ""1"", ""--moving_avg"", ""25"", ""--graph_alpha"", ""0.5"", ""--graph_top_k"", ""2"", ""--graph_sample_size"", ""2000"", ""--graph_sample_method"", ""uniform"", ""--static_graph_mode"", ""weighted"", ""--graph_cache"", ""0"", ""--gc_graph_dim"", ""16"", ""--gc_temperature"", ""1.0"", ""--gc_residual_init"", ""0.5"", ""--gc_dynamic_graph"", ""1"", ""--gc_symmetric_graph"", ""1"", ""--gc_input_modulation"", ""1"", ""--gc_direction_fusion"", ""1"", ""--gc_parallel_residual"", ""1"", ""--af_hidden_dim"", ""32"", ""--af_rank"", ""16"", ""--af_mode"", ""variable_scale_residual"", ""--dropout"", ""0.1"", ""--batch_size"", ""32"", ""--learning_rate"", ""0.0005"", ""--lradj"", ""type1"", ""--train_epochs"", ""100"", ""--patience"", ""6"", ""--num_workers"", ""0"", ""--gpu"", ""0"", ""--des"", ""ettm2_720_cmrhm_s2021"", ""--itr"", ""1"", ""--test_after_train"", ""0"", ""--checkpoints"", ""/home/cwh/Time-Series-Library/checkpoints"", ""--forecast_export_path"", ""/home/cwh/Time-Series-Library/paper/neurocomputing/figures/fig3_curve_candidates/source_npz/ettm2_h720_graphmambacmrhm.npz"", ""--forecast_export_origin"", ""2939"", ""--forecast_export_channel"", ""-1"", ""--forecast_export_context"", ""96"", ""--forecast_export_only""]"
ETTm2,720,S-Mamba,smamba,2939,OT,/home/cwh/Time-Series-Library/paper/neurocomputing/figures/fig3_curve_candidates/source_npz/ettm2_h720_smamba.npz,/home/cwh/Time-Series-Library/logs/q2_main_baselines/records/smamba_ettm2_sl336_pl720_s2021.json,formal_seed2021_record,"[""/home/cwh/Time-Series-Library/logs/q2_main_baselines/records/smamba_ettm2_sl336_pl720_s2021.json""]","[""/home/cwh/Time-Series-Library/.venv/bin/python"", ""-u"", ""/home/cwh/Time-Series-Library/run.py"", ""--task_name"", ""long_term_forecast"", ""--is_training"", ""0"", ""--root_path"", ""/home/cwh/Time-Series-Library/dataset/ETT-small"", ""--data_path"", ""ETTm2.csv"", ""--model_id"", ""smamba_ettm2_sl336_pl720_s2021"", ""--model"", ""SMamba"", ""--seed"", ""2021"", ""--data"", ""ETTm2"", ""--features"", ""M"", ""--target"", ""OT"", ""--freq"", ""t"", ""--seq_len"", ""336"", ""--label_len"", ""48"", ""--pred_len"", ""720"", ""--enc_in"", ""7"", ""--dec_in"", ""7"", ""--c_out"", ""7"", ""--d_model"", ""128"", ""--d_ff"", ""128"", ""--n_heads"", ""4"", ""--e_layers"", ""2"", ""--d_layers"", ""1"", ""--factor"", ""3"", ""--dropout"", ""0.1"", ""--batch_size"", ""32"", ""--learning_rate"", ""5e-05"", ""--train_epochs"", ""10"", ""--patience"", ""3"", ""--lradj"", ""type1"", ""--num_workers"", ""0"", ""--gpu"", ""0"", ""--des"", ""smamba_ettm2_sl336_pl720_s2021"", ""--itr"", ""1"", ""--checkpoints"", ""/home/cwh/Time-Series-Library/logs/q2_main_baselines/checkpoints"", ""--test_after_train"", ""1"", ""--d_state"", ""2"", ""--use_norm"", ""1"", ""--forecast_export_path"", ""/home/cwh/Time-Series-Library/paper/neurocomputing/figures/fig3_curve_candidates/source_npz/ettm2_h720_smamba.npz"", ""--forecast_export_origin"", ""2939"", ""--forecast_export_channel"", ""-1"", ""--forecast_export_context"", ""96"", ""--forecast_export_only""]"
ETTm2,720,iTransformer,itransformer,2939,OT,/home/cwh/Time-Series-Library/paper/neurocomputing/figures/fig3_curve_candidates/source_npz/ettm2_h720_itransformer.npz,/home/cwh/Time-Series-Library/logs/q2_main_baselines/records/itransformer_ettm2_sl336_pl720_s2021.json,formal_seed2021_record,"[""/home/cwh/Time-Series-Library/logs/q2_main_baselines/records/itransformer_ettm2_sl336_pl720_s2021.json""]","[""/home/cwh/Time-Series-Library/.venv/bin/python"", ""-u"", ""/home/cwh/Time-Series-Library/run.py"", ""--task_name"", ""long_term_forecast"", ""--is_training"", ""0"", ""--root_path"", ""/home/cwh/Time-Series-Library/dataset/ETT-small"", ""--data_path"", ""ETTm2.csv"", ""--model_id"", ""itransformer_ettm2_sl336_pl720_s2021"", ""--model"", ""iTransformer"", ""--seed"", ""2021"", ""--data"", ""ETTm2"", ""--features"", ""M"", ""--target"", ""OT"", ""--freq"", ""t"", ""--seq_len"", ""336"", ""--label_len"", ""48"", ""--pred_len"", ""720"", ""--enc_in"", ""7"", ""--dec_in"", ""7"", ""--c_out"", ""7"", ""--d_model"", ""128"", ""--d_ff"", ""128"", ""--n_heads"", ""8"", ""--e_layers"", ""2"", ""--d_layers"", ""1"", ""--factor"", ""3"", ""--dropout"", ""0.1"", ""--batch_size"", ""32"", ""--learning_rate"", ""0.0001"", ""--train_epochs"", ""10"", ""--patience"", ""3"", ""--lradj"", ""type1"", ""--num_workers"", ""0"", ""--gpu"", ""0"", ""--des"", ""itransformer_ettm2_sl336_pl720_s2021"", ""--itr"", ""1"", ""--checkpoints"", ""/home/cwh/Time-Series-Library/logs/q2_main_baselines/checkpoints"", ""--test_after_train"", ""1"", ""--forecast_export_path"", ""/home/cwh/Time-Series-Library/paper/neurocomputing/figures/fig3_curve_candidates/source_npz/ettm2_h720_itransformer.npz"", ""--forecast_export_origin"", ""2939"", ""--forecast_export_channel"", ""-1"", ""--forecast_export_context"", ""96"", ""--forecast_export_only""]"
ETTm2,720,TimeMixer,timemixer,2939,OT,/home/cwh/Time-Series-Library/paper/neurocomputing/figures/fig3_curve_candidates/source_npz/ettm2_h720_timemixer.npz,/home/cwh/Time-Series-Library/logs/q2_main_baselines/records/timemixer_ettm2_sl336_pl720_s2021.json,validated_lr1e4_stability_repair,"[""/home/cwh/Time-Series-Library/logs/q2_main_baselines/records/timemixer_ettm2_sl336_pl720_s2021.json""]","[""/home/cwh/Time-Series-Library/.venv/bin/python"", ""-u"", ""/home/cwh/Time-Series-Library/run.py"", ""--task_name"", ""long_term_forecast"", ""--is_training"", ""0"", ""--root_path"", ""/home/cwh/Time-Series-Library/dataset/ETT-small"", ""--data_path"", ""ETTm2.csv"", ""--model_id"", ""timemixer_stable_ettm2_sl336_pl720_lr1e4_s2021"", ""--model"", ""TimeMixer"", ""--seed"", ""2021"", ""--data"", ""ETTm2"", ""--features"", ""M"", ""--target"", ""OT"", ""--freq"", ""t"", ""--seq_len"", ""336"", ""--label_len"", ""0"", ""--pred_len"", ""720"", ""--enc_in"", ""7"", ""--dec_in"", ""7"", ""--c_out"", ""7"", ""--d_model"", ""16"", ""--d_ff"", ""32"", ""--n_heads"", ""4"", ""--e_layers"", ""2"", ""--d_layers"", ""1"", ""--factor"", ""3"", ""--dropout"", ""0.1"", ""--batch_size"", ""32"", ""--learning_rate"", ""0.0001"", ""--train_epochs"", ""10"", ""--patience"", ""10"", ""--lradj"", ""type1"", ""--num_workers"", ""0"", ""--gpu"", ""0"", ""--des"", ""timemixer_stable_ettm2_sl336_pl720_lr1e4_s2021"", ""--itr"", ""1"", ""--checkpoints"", ""/home/cwh/Time-Series-Library/logs/q2_timemixer_stability/checkpoints"", ""--test_after_train"", ""1"", ""--down_sampling_layers"", ""3"", ""--down_sampling_window"", ""2"", ""--down_sampling_method"", ""avg"", ""--forecast_export_path"", ""/home/cwh/Time-Series-Library/paper/neurocomputing/figures/fig3_curve_candidates/source_npz/ettm2_h720_timemixer.npz"", ""--forecast_export_origin"", ""2939"", ""--forecast_export_channel"", ""-1"", ""--forecast_export_context"", ""96"", ""--forecast_export_only""]"
ETTm2,720,MSGNet,msgnet,2939,OT,/home/cwh/Time-Series-Library/paper/neurocomputing/figures/fig3_curve_candidates/source_npz/ettm2_h720_msgnet.npz,/home/cwh/Time-Series-Library/logs/q2_main_baselines/records/msgnet_ettm2_sl336_pl720_s2021.json,formal_seed2021_record,"[""/home/cwh/Time-Series-Library/logs/q2_main_baselines/records/msgnet_ettm2_sl336_pl720_s2021.json""]","[""/home/cwh/Time-Series-Library/.venv/bin/python"", ""-u"", ""/home/cwh/Time-Series-Library/run.py"", ""--task_name"", ""long_term_forecast"", ""--is_training"", ""0"", ""--root_path"", ""/home/cwh/Time-Series-Library/dataset/ETT-small"", ""--data_path"", ""ETTm2.csv"", ""--model_id"", ""msgnet_ettm2_sl336_pl720_s2021"", ""--model"", ""MSGNet"", ""--seed"", ""2021"", ""--data"", ""ETTm2"", ""--features"", ""M"", ""--target"", ""OT"", ""--freq"", ""t"", ""--seq_len"", ""336"", ""--label_len"", ""48"", ""--pred_len"", ""720"", ""--enc_in"", ""7"", ""--dec_in"", ""7"", ""--c_out"", ""7"", ""--d_model"", ""32"", ""--d_ff"", ""64"", ""--n_heads"", ""4"", ""--e_layers"", ""2"", ""--d_layers"", ""1"", ""--factor"", ""3"", ""--dropout"", ""0.3"", ""--batch_size"", ""32"", ""--learning_rate"", ""0.0001"", ""--train_epochs"", ""10"", ""--patience"", ""3"", ""--lradj"", ""type1"", ""--num_workers"", ""0"", ""--gpu"", ""0"", ""--des"", ""msgnet_ettm2_sl336_pl720_s2021"", ""--itr"", ""1"", ""--checkpoints"", ""/home/cwh/Time-Series-Library/logs/q2_main_baselines/checkpoints"", ""--test_after_train"", ""1"", ""--top_k"", ""3"", ""--conv_channel"", ""32"", ""--skip_channel"", ""32"", ""--forecast_export_path"", ""/home/cwh/Time-Series-Library/paper/neurocomputing/figures/fig3_curve_candidates/source_npz/ettm2_h720_msgnet.npz"", ""--forecast_export_origin"", ""2939"", ""--forecast_export_channel"", ""-1"", ""--forecast_export_context"", ""96"", ""--forecast_export_only""]"
ETTm2,720,PatchTST,patchtst,2939,OT,/home/cwh/Time-Series-Library/paper/neurocomputing/figures/fig3_curve_candidates/source_npz/ettm2_h720_patchtst.npz,/home/cwh/Time-Series-Library/logs/q2_main_baselines/records/patchtst_ettm2_sl336_pl720_s2021.json,formal_seed2021_record,"[""/home/cwh/Time-Series-Library/logs/q2_main_baselines/records/patchtst_ettm2_sl336_pl720_s2021.json""]","[""/home/cwh/Time-Series-Library/.venv/bin/python"", ""-u"", ""/home/cwh/Time-Series-Library/run.py"", ""--task_name"", ""long_term_forecast"", ""--is_training"", ""0"", ""--root_path"", ""/home/cwh/Time-Series-Library/dataset/ETT-small"", ""--data_path"", ""ETTm2.csv"", ""--model_id"", ""patchtst_ettm2_sl336_pl720_s2021"", ""--model"", ""PatchTST"", ""--seed"", ""2021"", ""--data"", ""ETTm2"", ""--features"", ""M"", ""--target"", ""OT"", ""--freq"", ""t"", ""--seq_len"", ""336"", ""--label_len"", ""48"", ""--pred_len"", ""720"", ""--enc_in"", ""7"", ""--dec_in"", ""7"", ""--c_out"", ""7"", ""--d_model"", ""512"", ""--d_ff"", ""2048"", ""--n_heads"", ""8"", ""--e_layers"", ""3"", ""--d_layers"", ""1"", ""--factor"", ""3"", ""--dropout"", ""0.1"", ""--batch_size"", ""32"", ""--learning_rate"", ""0.0001"", ""--train_epochs"", ""10"", ""--patience"", ""3"", ""--lradj"", ""type1"", ""--num_workers"", ""0"", ""--gpu"", ""0"", ""--des"", ""patchtst_ettm2_sl336_pl720_s2021"", ""--itr"", ""1"", ""--checkpoints"", ""/home/cwh/Time-Series-Library/logs/q2_main_baselines/checkpoints"", ""--test_after_train"", ""1"", ""--patch_len"", ""16"", ""--stride"", ""8"", ""--forecast_export_path"", ""/home/cwh/Time-Series-Library/paper/neurocomputing/figures/fig3_curve_candidates/source_npz/ettm2_h720_patchtst.npz"", ""--forecast_export_origin"", ""2939"", ""--forecast_export_channel"", ""-1"", ""--forecast_export_context"", ""96"", ""--forecast_export_only""]"
ETTm2,720,TimesNet,timesnet,2939,OT,/home/cwh/Time-Series-Library/paper/neurocomputing/figures/fig3_curve_candidates/source_npz/ettm2_h720_timesnet.npz,/home/cwh/Time-Series-Library/logs/q2_main_baselines/records/timesnet_ettm2_sl336_pl720_s2021.json,formal_seed2021_record,"[""/home/cwh/Time-Series-Library/logs/q2_main_baselines/records/timesnet_ettm2_sl336_pl720_s2021.json""]","[""/home/cwh/Time-Series-Library/.venv/bin/python"", ""-u"", ""/home/cwh/Time-Series-Library/run.py"", ""--task_name"", ""long_term_forecast"", ""--is_training"", ""0"", ""--root_path"", ""/home/cwh/Time-Series-Library/dataset/ETT-small"", ""--data_path"", ""ETTm2.csv"", ""--model_id"", ""timesnet_ettm2_sl336_pl720_s2021"", ""--model"", ""TimesNet"", ""--seed"", ""2021"", ""--data"", ""ETTm2"", ""--features"", ""M"", ""--target"", ""OT"", ""--freq"", ""t"", ""--seq_len"", ""336"", ""--label_len"", ""48"", ""--pred_len"", ""720"", ""--enc_in"", ""7"", ""--dec_in"", ""7"", ""--c_out"", ""7"", ""--d_model"", ""32"", ""--d_ff"", ""32"", ""--n_heads"", ""4"", ""--e_layers"", ""2"", ""--d_layers"", ""1"", ""--factor"", ""3"", ""--dropout"", ""0.1"", ""--batch_size"", ""32"", ""--learning_rate"", ""0.0001"", ""--train_epochs"", ""10"", ""--patience"", ""3"", ""--lradj"", ""type1"", ""--num_workers"", ""0"", ""--gpu"", ""0"", ""--des"", ""timesnet_ettm2_sl336_pl720_s2021"", ""--itr"", ""1"", ""--checkpoints"", ""/home/cwh/Time-Series-Library/logs/q2_main_baselines/checkpoints"", ""--test_after_train"", ""1"", ""--top_k"", ""5"", ""--forecast_export_path"", ""/home/cwh/Time-Series-Library/paper/neurocomputing/figures/fig3_curve_candidates/source_npz/ettm2_h720_timesnet.npz"", ""--forecast_export_origin"", ""2939"", ""--forecast_export_channel"", ""-1"", ""--forecast_export_context"", ""96"", ""--forecast_export_only""]"
ETTm2,720,DLinear,dlinear,2939,OT,/home/cwh/Time-Series-Library/paper/neurocomputing/figures/fig3_curve_candidates/source_npz/ettm2_h720_dlinear.npz,/home/cwh/Time-Series-Library/logs/q2_main_baselines/records/dlinear_ettm2_sl336_pl720_s2021.json,formal_seed2021_record,"[""/home/cwh/Time-Series-Library/logs/q2_main_baselines/records/dlinear_ettm2_sl336_pl720_s2021.json""]","[""/home/cwh/Time-Series-Library/.venv/bin/python"", ""-u"", ""/home/cwh/Time-Series-Library/run.py"", ""--task_name"", ""long_term_forecast"", ""--is_training"", ""0"", ""--root_path"", ""/home/cwh/Time-Series-Library/dataset/ETT-small"", ""--data_path"", ""ETTm2.csv"", ""--model_id"", ""dlinear_ettm2_sl336_pl720_s2021"", ""--model"", ""DLinear"", ""--seed"", ""2021"", ""--data"", ""ETTm2"", ""--features"", ""M"", ""--target"", ""OT"", ""--freq"", ""t"", ""--seq_len"", ""336"", ""--label_len"", ""48"", ""--pred_len"", ""720"", ""--enc_in"", ""7"", ""--dec_in"", ""7"", ""--c_out"", ""7"", ""--d_model"", ""32"", ""--d_ff"", ""64"", ""--n_heads"", ""4"", ""--e_layers"", ""2"", ""--d_layers"", ""1"", ""--factor"", ""3"", ""--dropout"", ""0.1"", ""--batch_size"", ""32"", ""--learning_rate"", ""0.0001"", ""--train_epochs"", ""10"", ""--patience"", ""3"", ""--lradj"", ""type1"", ""--num_workers"", ""0"", ""--gpu"", ""0"", ""--des"", ""dlinear_ettm2_sl336_pl720_s2021"", ""--itr"", ""1"", ""--checkpoints"", ""/home/cwh/Time-Series-Library/logs/q2_main_baselines/checkpoints"", ""--test_after_train"", ""1"", ""--forecast_export_path"", ""/home/cwh/Time-Series-Library/paper/neurocomputing/figures/fig3_curve_candidates/source_npz/ettm2_h720_dlinear.npz"", ""--forecast_export_origin"", ""2939"", ""--forecast_export_channel"", ""-1"", ""--forecast_export_context"", ""96"", ""--forecast_export_only""]"
Weather,96,TimeRole,graphmambacmrhm,893,CO2 (ppm),/home/cwh/Time-Series-Library/paper/neurocomputing/figures/fig3_curve_candidates/source_npz/weather_h96_graphmambacmrhm.npz,/home/cwh/Time-Series-Library/logs/q2_main_baselines/records/graphmambacmrhm_weather_sl336_pl96_s2021.json,formal_seed2021_record,"[""/home/cwh/Time-Series-Library/logs/q2_main_baselines/records/graphmambacmrhm_weather_sl336_pl96_s2021.json"", ""/home/cwh/Time-Series-Library/logs/cmrhm_unified_main/records/cmrhm_weather_p96_s2021.json"", ""/home/cwh/Time-Series-Library/logs/graphmamba_cmrhm_six_dataset_final/records/sixds_weather_p96_s2021.json""]","[""/home/cwh/Time-Series-Library/.venv/bin/python"", ""-u"", ""/home/cwh/Time-Series-Library/run.py"", ""--task_name"", ""long_term_forecast"", ""--is_training"", ""0"", ""--root_path"", ""/home/cwh/Time-Series-Library/dataset/weather"", ""--data_path"", ""weather.csv"", ""--model_id"", ""weather_336_96_sixds_weather_p96_s2021"", ""--model"", ""GraphMambaCMRHM"", ""--seed"", ""2021"", ""--data"", ""custom"", ""--features"", ""M"", ""--target"", ""CO2 (ppm)"", ""--seq_len"", ""336"", ""--label_len"", ""48"", ""--pred_len"", ""96"", ""--enc_in"", ""21"", ""--dec_in"", ""21"", ""--c_out"", ""21"", ""--patch_len"", ""4"", ""--stride"", ""2"", ""--d_model"", ""64"", ""--d_ff"", ""128"", ""--d_state"", ""32"", ""--d_conv"", ""2"", ""--e_layers"", ""1"", ""--expand"", ""2"", ""--mamba_version"", ""1"", ""--mamba_bidirectional"", ""1"", ""--use_graph"", ""1"", ""--use_time_mamba"", ""1"", ""--use_patch"", ""1"", ""--use_decomp"", ""1"", ""--moving_avg"", ""25"", ""--dual_scale_scan_mode"", ""auto"", ""--periodic_period"", ""24"", ""--periodic_local_patch"", ""4"", ""--periodic_local_stride"", ""2"", ""--periodic_period_stride"", ""12"", ""--periodic_use_adapter"", ""1"", ""--graph_alpha"", ""0.5"", ""--graph_top_k"", ""2"", ""--graph_sample_size"", ""2000"", ""--graph_sample_method"", ""uniform"", ""--static_graph_mode"", ""weighted"", ""--graph_cache"", ""1"", ""--dropout"", ""0.1"", ""--batch_size"", ""32"", ""--learning_rate"", ""0.0005"", ""--lradj"", ""type1"", ""--train_epochs"", ""100"", ""--patience"", ""6"", ""--num_workers"", ""0"", ""--gpu"", ""0"", ""--des"", ""sixds_weather_p96_s2021"", ""--itr"", ""1"", ""--test_after_train"", ""1"", ""--checkpoints"", ""/home/cwh/Time-Series-Library/checkpoints"", ""--forecast_export_path"", ""/home/cwh/Time-Series-Library/paper/neurocomputing/figures/fig3_curve_candidates/source_npz/weather_h96_graphmambacmrhm.npz"", ""--forecast_export_origin"", ""893"", ""--forecast_export_channel"", ""-1"", ""--forecast_export_context"", ""96"", ""--forecast_export_only""]"
Weather,96,S-Mamba,smamba,893,CO2 (ppm),/home/cwh/Time-Series-Library/paper/neurocomputing/figures/fig3_curve_candidates/source_npz/weather_h96_smamba.npz,/home/cwh/Time-Series-Library/logs/q2_main_baselines/records/smamba_weather_sl336_pl96_s2021.json,formal_seed2021_record,"[""/home/cwh/Time-Series-Library/logs/q2_main_baselines/records/smamba_weather_sl336_pl96_s2021.json""]","[""/home/cwh/Time-Series-Library/.venv/bin/python"", ""-u"", ""/home/cwh/Time-Series-Library/run.py"", ""--task_name"", ""long_term_forecast"", ""--is_training"", ""0"", ""--root_path"", ""/home/cwh/Time-Series-Library/dataset/weather"", ""--data_path"", ""weather.csv"", ""--model_id"", ""smamba_weather_sl336_pl96_s2021"", ""--model"", ""SMamba"", ""--seed"", ""2021"", ""--data"", ""custom"", ""--features"", ""M"", ""--target"", ""CO2 (ppm)"", ""--freq"", ""t"", ""--seq_len"", ""336"", ""--label_len"", ""48"", ""--pred_len"", ""96"", ""--enc_in"", ""21"", ""--dec_in"", ""21"", ""--c_out"", ""21"", ""--d_model"", ""512"", ""--d_ff"", ""512"", ""--n_heads"", ""4"", ""--e_layers"", ""3"", ""--d_layers"", ""1"", ""--factor"", ""3"", ""--dropout"", ""0.1"", ""--batch_size"", ""32"", ""--learning_rate"", ""5e-05"", ""--train_epochs"", ""5"", ""--patience"", ""3"", ""--lradj"", ""type1"", ""--num_workers"", ""0"", ""--gpu"", ""0"", ""--des"", ""smamba_weather_sl336_pl96_s2021"", ""--itr"", ""1"", ""--checkpoints"", ""/home/cwh/Time-Series-Library/logs/q2_main_baselines/checkpoints"", ""--test_after_train"", ""1"", ""--d_state"", ""2"", ""--use_norm"", ""1"", ""--forecast_export_path"", ""/home/cwh/Time-Series-Library/paper/neurocomputing/figures/fig3_curve_candidates/source_npz/weather_h96_smamba.npz"", ""--forecast_export_origin"", ""893"", ""--forecast_export_channel"", ""-1"", ""--forecast_export_context"", ""96"", ""--forecast_export_only""]"
Weather,96,iTransformer,itransformer,893,CO2 (ppm),/home/cwh/Time-Series-Library/paper/neurocomputing/figures/fig3_curve_candidates/source_npz/weather_h96_itransformer.npz,/home/cwh/Time-Series-Library/logs/q2_main_baselines/records/itransformer_weather_sl336_pl96_s2021.json,formal_seed2021_record,"[""/home/cwh/Time-Series-Library/logs/q2_main_baselines/records/itransformer_weather_sl336_pl96_s2021.json""]","[""/home/cwh/Time-Series-Library/.venv/bin/python"", ""-u"", ""/home/cwh/Time-Series-Library/run.py"", ""--task_name"", ""long_term_forecast"", ""--is_training"", ""0"", ""--root_path"", ""/home/cwh/Time-Series-Library/dataset/weather"", ""--data_path"", ""weather.csv"", ""--model_id"", ""itransformer_weather_sl336_pl96_s2021"", ""--model"", ""iTransformer"", ""--seed"", ""2021"", ""--data"", ""custom"", ""--features"", ""M"", ""--target"", ""CO2 (ppm)"", ""--freq"", ""t"", ""--seq_len"", ""336"", ""--label_len"", ""48"", ""--pred_len"", ""96"", ""--enc_in"", ""21"", ""--dec_in"", ""21"", ""--c_out"", ""21"", ""--d_model"", ""512"", ""--d_ff"", ""512"", ""--n_heads"", ""8"", ""--e_layers"", ""3"", ""--d_layers"", ""1"", ""--factor"", ""3"", ""--dropout"", ""0.1"", ""--batch_size"", ""32"", ""--learning_rate"", ""0.0001"", ""--train_epochs"", ""10"", ""--patience"", ""3"", ""--lradj"", ""type1"", ""--num_workers"", ""0"", ""--gpu"", ""0"", ""--des"", ""itransformer_weather_sl336_pl96_s2021"", ""--itr"", ""1"", ""--checkpoints"", ""/home/cwh/Time-Series-Library/logs/q2_main_baselines/checkpoints"", ""--test_after_train"", ""1"", ""--forecast_export_path"", ""/home/cwh/Time-Series-Library/paper/neurocomputing/figures/fig3_curve_candidates/source_npz/weather_h96_itransformer.npz"", ""--forecast_export_origin"", ""893"", ""--forecast_export_channel"", ""-1"", ""--forecast_export_context"", ""96"", ""--forecast_export_only""]"
Weather,96,TimeMixer,timemixer,893,CO2 (ppm),/home/cwh/Time-Series-Library/paper/neurocomputing/figures/fig3_curve_candidates/source_npz/weather_h96_timemixer.npz,/home/cwh/Time-Series-Library/logs/q2_main_baselines/records/timemixer_weather_sl336_pl96_s2021.json,validated_lr1e4_stability_repair,"[""/home/cwh/Time-Series-Library/logs/q2_main_baselines/records/timemixer_weather_sl336_pl96_s2021.json""]","[""/home/cwh/Time-Series-Library/.venv/bin/python"", ""-u"", ""/home/cwh/Time-Series-Library/run.py"", ""--task_name"", ""long_term_forecast"", ""--is_training"", ""0"", ""--root_path"", ""/home/cwh/Time-Series-Library/dataset/weather"", ""--data_path"", ""weather.csv"", ""--model_id"", ""timemixer_stable_weather_sl336_pl96_lr1e4_s2021"", ""--model"", ""TimeMixer"", ""--seed"", ""2021"", ""--data"", ""custom"", ""--features"", ""M"", ""--target"", ""CO2 (ppm)"", ""--freq"", ""t"", ""--seq_len"", ""336"", ""--label_len"", ""0"", ""--pred_len"", ""96"", ""--enc_in"", ""21"", ""--dec_in"", ""21"", ""--c_out"", ""21"", ""--d_model"", ""16"", ""--d_ff"", ""32"", ""--n_heads"", ""4"", ""--e_layers"", ""3"", ""--d_layers"", ""1"", ""--factor"", ""3"", ""--dropout"", ""0.1"", ""--batch_size"", ""32"", ""--learning_rate"", ""0.0001"", ""--train_epochs"", ""20"", ""--patience"", ""10"", ""--lradj"", ""type1"", ""--num_workers"", ""0"", ""--gpu"", ""0"", ""--des"", ""timemixer_stable_weather_sl336_pl96_lr1e4_s2021"", ""--itr"", ""1"", ""--checkpoints"", ""/home/cwh/Time-Series-Library/logs/q2_timemixer_stability/checkpoints"", ""--test_after_train"", ""1"", ""--down_sampling_layers"", ""3"", ""--down_sampling_window"", ""2"", ""--down_sampling_method"", ""avg"", ""--forecast_export_path"", ""/home/cwh/Time-Series-Library/paper/neurocomputing/figures/fig3_curve_candidates/source_npz/weather_h96_timemixer.npz"", ""--forecast_export_origin"", ""893"", ""--forecast_export_channel"", ""-1"", ""--forecast_export_context"", ""96"", ""--forecast_export_only""]"
Weather,96,MSGNet,msgnet,893,CO2 (ppm),/home/cwh/Time-Series-Library/paper/neurocomputing/figures/fig3_curve_candidates/source_npz/weather_h96_msgnet.npz,/home/cwh/Time-Series-Library/logs/q2_main_baselines/records/msgnet_weather_sl336_pl96_s2021.json,formal_seed2021_record,"[""/home/cwh/Time-Series-Library/logs/q2_main_baselines/records/msgnet_weather_sl336_pl96_s2021.json""]","[""/home/cwh/Time-Series-Library/.venv/bin/python"", ""-u"", ""/home/cwh/Time-Series-Library/run.py"", ""--task_name"", ""long_term_forecast"", ""--is_training"", ""0"", ""--root_path"", ""/home/cwh/Time-Series-Library/dataset/weather"", ""--data_path"", ""weather.csv"", ""--model_id"", ""msgnet_weather_sl336_pl96_s2021"", ""--model"", ""MSGNet"", ""--seed"", ""2021"", ""--data"", ""custom"", ""--features"", ""M"", ""--target"", ""CO2 (ppm)"", ""--freq"", ""t"", ""--seq_len"", ""336"", ""--label_len"", ""48"", ""--pred_len"", ""96"", ""--enc_in"", ""21"", ""--dec_in"", ""21"", ""--c_out"", ""21"", ""--d_model"", ""64"", ""--d_ff"", ""128"", ""--n_heads"", ""4"", ""--e_layers"", ""2"", ""--d_layers"", ""1"", ""--factor"", ""3"", ""--dropout"", ""0.1"", ""--batch_size"", ""32"", ""--learning_rate"", ""0.0001"", ""--train_epochs"", ""3"", ""--patience"", ""3"", ""--lradj"", ""type1"", ""--num_workers"", ""0"", ""--gpu"", ""0"", ""--des"", ""msgnet_weather_sl336_pl96_s2021"", ""--itr"", ""1"", ""--checkpoints"", ""/home/cwh/Time-Series-Library/logs/q2_main_baselines/checkpoints"", ""--test_after_train"", ""1"", ""--top_k"", ""5"", ""--conv_channel"", ""32"", ""--skip_channel"", ""32"", ""--forecast_export_path"", ""/home/cwh/Time-Series-Library/paper/neurocomputing/figures/fig3_curve_candidates/source_npz/weather_h96_msgnet.npz"", ""--forecast_export_origin"", ""893"", ""--forecast_export_channel"", ""-1"", ""--forecast_export_context"", ""96"", ""--forecast_export_only""]"
Weather,96,PatchTST,patchtst,893,CO2 (ppm),/home/cwh/Time-Series-Library/paper/neurocomputing/figures/fig3_curve_candidates/source_npz/weather_h96_patchtst.npz,/home/cwh/Time-Series-Library/logs/q2_main_baselines/records/patchtst_weather_sl336_pl96_s2021.json,formal_seed2021_record,"[""/home/cwh/Time-Series-Library/logs/q2_main_baselines/records/patchtst_weather_sl336_pl96_s2021.json""]","[""/home/cwh/Time-Series-Library/.venv/bin/python"", ""-u"", ""/home/cwh/Time-Series-Library/run.py"", ""--task_name"", ""long_term_forecast"", ""--is_training"", ""0"", ""--root_path"", ""/home/cwh/Time-Series-Library/dataset/weather"", ""--data_path"", ""weather.csv"", ""--model_id"", ""patchtst_weather_sl336_pl96_s2021"", ""--model"", ""PatchTST"", ""--seed"", ""2021"", ""--data"", ""custom"", ""--features"", ""M"", ""--target"", ""CO2 (ppm)"", ""--freq"", ""t"", ""--seq_len"", ""336"", ""--label_len"", ""48"", ""--pred_len"", ""96"", ""--enc_in"", ""21"", ""--dec_in"", ""21"", ""--c_out"", ""21"", ""--d_model"", ""512"", ""--d_ff"", ""2048"", ""--n_heads"", ""4"", ""--e_layers"", ""2"", ""--d_layers"", ""1"", ""--factor"", ""3"", ""--dropout"", ""0.1"", ""--batch_size"", ""32"", ""--learning_rate"", ""0.0001"", ""--train_epochs"", ""10"", ""--patience"", ""3"", ""--lradj"", ""type1"", ""--num_workers"", ""0"", ""--gpu"", ""0"", ""--des"", ""patchtst_weather_sl336_pl96_s2021"", ""--itr"", ""1"", ""--checkpoints"", ""/home/cwh/Time-Series-Library/logs/q2_main_baselines/checkpoints"", ""--test_after_train"", ""1"", ""--patch_len"", ""16"", ""--stride"", ""8"", ""--forecast_export_path"", ""/home/cwh/Time-Series-Library/paper/neurocomputing/figures/fig3_curve_candidates/source_npz/weather_h96_patchtst.npz"", ""--forecast_export_origin"", ""893"", ""--forecast_export_channel"", ""-1"", ""--forecast_export_context"", ""96"", ""--forecast_export_only""]"
Weather,96,TimesNet,timesnet,893,CO2 (ppm),/home/cwh/Time-Series-Library/paper/neurocomputing/figures/fig3_curve_candidates/source_npz/weather_h96_timesnet.npz,/home/cwh/Time-Series-Library/logs/q2_main_baselines/records/timesnet_weather_sl336_pl96_s2021.json,formal_seed2021_record,"[""/home/cwh/Time-Series-Library/logs/q2_main_baselines/records/timesnet_weather_sl336_pl96_s2021.json""]","[""/home/cwh/Time-Series-Library/.venv/bin/python"", ""-u"", ""/home/cwh/Time-Series-Library/run.py"", ""--task_name"", ""long_term_forecast"", ""--is_training"", ""0"", ""--root_path"", ""/home/cwh/Time-Series-Library/dataset/weather"", ""--data_path"", ""weather.csv"", ""--model_id"", ""timesnet_weather_sl336_pl96_s2021"", ""--model"", ""TimesNet"", ""--seed"", ""2021"", ""--data"", ""custom"", ""--features"", ""M"", ""--target"", ""CO2 (ppm)"", ""--freq"", ""t"", ""--seq_len"", ""336"", ""--label_len"", ""48"", ""--pred_len"", ""96"", ""--enc_in"", ""21"", ""--dec_in"", ""21"", ""--c_out"", ""21"", ""--d_model"", ""32"", ""--d_ff"", ""32"", ""--n_heads"", ""4"", ""--e_layers"", ""2"", ""--d_layers"", ""1"", ""--factor"", ""3"", ""--dropout"", ""0.1"", ""--batch_size"", ""32"", ""--learning_rate"", ""0.0001"", ""--train_epochs"", ""10"", ""--patience"", ""3"", ""--lradj"", ""type1"", ""--num_workers"", ""0"", ""--gpu"", ""0"", ""--des"", ""timesnet_weather_sl336_pl96_s2021"", ""--itr"", ""1"", ""--checkpoints"", ""/home/cwh/Time-Series-Library/logs/q2_main_baselines/checkpoints"", ""--test_after_train"", ""1"", ""--top_k"", ""5"", ""--forecast_export_path"", ""/home/cwh/Time-Series-Library/paper/neurocomputing/figures/fig3_curve_candidates/source_npz/weather_h96_timesnet.npz"", ""--forecast_export_origin"", ""893"", ""--forecast_export_channel"", ""-1"", ""--forecast_export_context"", ""96"", ""--forecast_export_only""]"
Weather,96,DLinear,dlinear,893,CO2 (ppm),/home/cwh/Time-Series-Library/paper/neurocomputing/figures/fig3_curve_candidates/source_npz/weather_h96_dlinear.npz,/home/cwh/Time-Series-Library/logs/q2_main_baselines/records/dlinear_weather_sl336_pl96_s2021.json,formal_seed2021_record,"[""/home/cwh/Time-Series-Library/logs/q2_main_baselines/records/dlinear_weather_sl336_pl96_s2021.json""]","[""/home/cwh/Time-Series-Library/.venv/bin/python"", ""-u"", ""/home/cwh/Time-Series-Library/run.py"", ""--task_name"", ""long_term_forecast"", ""--is_training"", ""0"", ""--root_path"", ""/home/cwh/Time-Series-Library/dataset/weather"", ""--data_path"", ""weather.csv"", ""--model_id"", ""dlinear_weather_sl336_pl96_s2021"", ""--model"", ""DLinear"", ""--seed"", ""2021"", ""--data"", ""custom"", ""--features"", ""M"", ""--target"", ""CO2 (ppm)"", ""--freq"", ""t"", ""--seq_len"", ""336"", ""--label_len"", ""48"", ""--pred_len"", ""96"", ""--enc_in"", ""21"", ""--dec_in"", ""21"", ""--c_out"", ""21"", ""--d_model"", ""32"", ""--d_ff"", ""64"", ""--n_heads"", ""4"", ""--e_layers"", ""2"", ""--d_layers"", ""1"", ""--factor"", ""3"", ""--dropout"", ""0.1"", ""--batch_size"", ""32"", ""--learning_rate"", ""0.0001"", ""--train_epochs"", ""10"", ""--patience"", ""3"", ""--lradj"", ""type1"", ""--num_workers"", ""0"", ""--gpu"", ""0"", ""--des"", ""dlinear_weather_sl336_pl96_s2021"", ""--itr"", ""1"", ""--checkpoints"", ""/home/cwh/Time-Series-Library/logs/q2_main_baselines/checkpoints"", ""--test_after_train"", ""1"", ""--forecast_export_path"", ""/home/cwh/Time-Series-Library/paper/neurocomputing/figures/fig3_curve_candidates/source_npz/weather_h96_dlinear.npz"", ""--forecast_export_origin"", ""893"", ""--forecast_export_channel"", ""-1"", ""--forecast_export_context"", ""96"", ""--forecast_export_only""]"
Weather,192,TimeRole,graphmambacmrhm,893,CO2 (ppm),/home/cwh/Time-Series-Library/paper/neurocomputing/figures/fig3_curve_candidates/source_npz/weather_h192_graphmambacmrhm.npz,/home/cwh/Time-Series-Library/logs/q2_main_baselines/records/graphmambacmrhm_weather_sl336_pl192_s2021.json,formal_seed2021_record,"[""/home/cwh/Time-Series-Library/logs/q2_main_baselines/records/graphmambacmrhm_weather_sl336_pl192_s2021.json"", ""/home/cwh/Time-Series-Library/logs/cmrhm_unified_main/records/cmrhm_weather_p192_s2021.json"", ""/home/cwh/Time-Series-Library/logs/graphmamba_cmrhm_six_dataset_final/records/sixds_weather_p192_s2021.json""]","[""/home/cwh/Time-Series-Library/.venv/bin/python"", ""-u"", ""/home/cwh/Time-Series-Library/run.py"", ""--task_name"", ""long_term_forecast"", ""--is_training"", ""0"", ""--root_path"", ""/home/cwh/Time-Series-Library/dataset/weather"", ""--data_path"", ""weather.csv"", ""--model_id"", ""weather_336_192_sixds_weather_p192_s2021"", ""--model"", ""GraphMambaCMRHM"", ""--seed"", ""2021"", ""--data"", ""custom"", ""--features"", ""M"", ""--target"", ""CO2 (ppm)"", ""--seq_len"", ""336"", ""--label_len"", ""48"", ""--pred_len"", ""192"", ""--enc_in"", ""21"", ""--dec_in"", ""21"", ""--c_out"", ""21"", ""--patch_len"", ""4"", ""--stride"", ""2"", ""--d_model"", ""64"", ""--d_ff"", ""128"", ""--d_state"", ""32"", ""--d_conv"", ""2"", ""--e_layers"", ""1"", ""--expand"", ""2"", ""--mamba_version"", ""1"", ""--mamba_bidirectional"", ""1"", ""--use_graph"", ""1"", ""--use_time_mamba"", ""1"", ""--use_patch"", ""1"", ""--use_decomp"", ""1"", ""--moving_avg"", ""25"", ""--dual_scale_scan_mode"", ""auto"", ""--periodic_period"", ""24"", ""--periodic_local_patch"", ""4"", ""--periodic_local_stride"", ""2"", ""--periodic_period_stride"", ""12"", ""--periodic_use_adapter"", ""1"", ""--graph_alpha"", ""0.5"", ""--graph_top_k"", ""2"", ""--graph_sample_size"", ""2000"", ""--graph_sample_method"", ""uniform"", ""--static_graph_mode"", ""weighted"", ""--graph_cache"", ""1"", ""--dropout"", ""0.1"", ""--batch_size"", ""32"", ""--learning_rate"", ""0.0005"", ""--lradj"", ""type1"", ""--train_epochs"", ""100"", ""--patience"", ""6"", ""--num_workers"", ""0"", ""--gpu"", ""0"", ""--des"", ""sixds_weather_p192_s2021"", ""--itr"", ""1"", ""--test_after_train"", ""1"", ""--checkpoints"", ""/home/cwh/Time-Series-Library/checkpoints"", ""--forecast_export_path"", ""/home/cwh/Time-Series-Library/paper/neurocomputing/figures/fig3_curve_candidates/source_npz/weather_h192_graphmambacmrhm.npz"", ""--forecast_export_origin"", ""893"", ""--forecast_export_channel"", ""-1"", ""--forecast_export_context"", ""96"", ""--forecast_export_only""]"
Weather,192,S-Mamba,smamba,893,CO2 (ppm),/home/cwh/Time-Series-Library/paper/neurocomputing/figures/fig3_curve_candidates/source_npz/weather_h192_smamba.npz,/home/cwh/Time-Series-Library/logs/q2_main_baselines/records/smamba_weather_sl336_pl192_s2021.json,formal_seed2021_record,"[""/home/cwh/Time-Series-Library/logs/q2_main_baselines/records/smamba_weather_sl336_pl192_s2021.json""]","[""/home/cwh/Time-Series-Library/.venv/bin/python"", ""-u"", ""/home/cwh/Time-Series-Library/run.py"", ""--task_name"", ""long_term_forecast"", ""--is_training"", ""0"", ""--root_path"", ""/home/cwh/Time-Series-Library/dataset/weather"", ""--data_path"", ""weather.csv"", ""--model_id"", ""smamba_weather_sl336_pl192_s2021"", ""--model"", ""SMamba"", ""--seed"", ""2021"", ""--data"", ""custom"", ""--features"", ""M"", ""--target"", ""CO2 (ppm)"", ""--freq"", ""t"", ""--seq_len"", ""336"", ""--label_len"", ""48"", ""--pred_len"", ""192"", ""--enc_in"", ""21"", ""--dec_in"", ""21"", ""--c_out"", ""21"", ""--d_model"", ""512"", ""--d_ff"", ""512"", ""--n_heads"", ""4"", ""--e_layers"", ""3"", ""--d_layers"", ""1"", ""--factor"", ""3"", ""--dropout"", ""0.1"", ""--batch_size"", ""32"", ""--learning_rate"", ""5e-05"", ""--train_epochs"", ""5"", ""--patience"", ""3"", ""--lradj"", ""type1"", ""--num_workers"", ""0"", ""--gpu"", ""0"", ""--des"", ""smamba_weather_sl336_pl192_s2021"", ""--itr"", ""1"", ""--checkpoints"", ""/home/cwh/Time-Series-Library/logs/q2_main_baselines/checkpoints"", ""--test_after_train"", ""1"", ""--d_state"", ""2"", ""--use_norm"", ""1"", ""--forecast_export_path"", ""/home/cwh/Time-Series-Library/paper/neurocomputing/figures/fig3_curve_candidates/source_npz/weather_h192_smamba.npz"", ""--forecast_export_origin"", ""893"", ""--forecast_export_channel"", ""-1"", ""--forecast_export_context"", ""96"", ""--forecast_export_only""]"
Weather,192,iTransformer,itransformer,893,CO2 (ppm),/home/cwh/Time-Series-Library/paper/neurocomputing/figures/fig3_curve_candidates/source_npz/weather_h192_itransformer.npz,/home/cwh/Time-Series-Library/logs/q2_main_baselines/records/itransformer_weather_sl336_pl192_s2021.json,formal_seed2021_record,"[""/home/cwh/Time-Series-Library/logs/q2_main_baselines/records/itransformer_weather_sl336_pl192_s2021.json""]","[""/home/cwh/Time-Series-Library/.venv/bin/python"", ""-u"", ""/home/cwh/Time-Series-Library/run.py"", ""--task_name"", ""long_term_forecast"", ""--is_training"", ""0"", ""--root_path"", ""/home/cwh/Time-Series-Library/dataset/weather"", ""--data_path"", ""weather.csv"", ""--model_id"", ""itransformer_weather_sl336_pl192_s2021"", ""--model"", ""iTransformer"", ""--seed"", ""2021"", ""--data"", ""custom"", ""--features"", ""M"", ""--target"", ""CO2 (ppm)"", ""--freq"", ""t"", ""--seq_len"", ""336"", ""--label_len"", ""48"", ""--pred_len"", ""192"", ""--enc_in"", ""21"", ""--dec_in"", ""21"", ""--c_out"", ""21"", ""--d_model"", ""512"", ""--d_ff"", ""512"", ""--n_heads"", ""8"", ""--e_layers"", ""3"", ""--d_layers"", ""1"", ""--factor"", ""3"", ""--dropout"", ""0.1"", ""--batch_size"", ""32"", ""--learning_rate"", ""0.0001"", ""--train_epochs"", ""10"", ""--patience"", ""3"", ""--lradj"", ""type1"", ""--num_workers"", ""0"", ""--gpu"", ""0"", ""--des"", ""itransformer_weather_sl336_pl192_s2021"", ""--itr"", ""1"", ""--checkpoints"", ""/home/cwh/Time-Series-Library/logs/q2_main_baselines/checkpoints"", ""--test_after_train"", ""1"", ""--forecast_export_path"", ""/home/cwh/Time-Series-Library/paper/neurocomputing/figures/fig3_curve_candidates/source_npz/weather_h192_itransformer.npz"", ""--forecast_export_origin"", ""893"", ""--forecast_export_channel"", ""-1"", ""--forecast_export_context"", ""96"", ""--forecast_export_only""]"
Weather,192,TimeMixer,timemixer,893,CO2 (ppm),/home/cwh/Time-Series-Library/paper/neurocomputing/figures/fig3_curve_candidates/source_npz/weather_h192_timemixer.npz,/home/cwh/Time-Series-Library/logs/q2_main_baselines/records/timemixer_weather_sl336_pl192_s2021.json,validated_lr1e4_stability_repair,"[""/home/cwh/Time-Series-Library/logs/q2_main_baselines/records/timemixer_weather_sl336_pl192_s2021.json""]","[""/home/cwh/Time-Series-Library/.venv/bin/python"", ""-u"", ""/home/cwh/Time-Series-Library/run.py"", ""--task_name"", ""long_term_forecast"", ""--is_training"", ""0"", ""--root_path"", ""/home/cwh/Time-Series-Library/dataset/weather"", ""--data_path"", ""weather.csv"", ""--model_id"", ""timemixer_stable_weather_sl336_pl192_lr1e4_s2021"", ""--model"", ""TimeMixer"", ""--seed"", ""2021"", ""--data"", ""custom"", ""--features"", ""M"", ""--target"", ""CO2 (ppm)"", ""--freq"", ""t"", ""--seq_len"", ""336"", ""--label_len"", ""0"", ""--pred_len"", ""192"", ""--enc_in"", ""21"", ""--dec_in"", ""21"", ""--c_out"", ""21"", ""--d_model"", ""16"", ""--d_ff"", ""32"", ""--n_heads"", ""4"", ""--e_layers"", ""3"", ""--d_layers"", ""1"", ""--factor"", ""3"", ""--dropout"", ""0.1"", ""--batch_size"", ""32"", ""--learning_rate"", ""0.0001"", ""--train_epochs"", ""20"", ""--patience"", ""10"", ""--lradj"", ""type1"", ""--num_workers"", ""0"", ""--gpu"", ""0"", ""--des"", ""timemixer_stable_weather_sl336_pl192_lr1e4_s2021"", ""--itr"", ""1"", ""--checkpoints"", ""/home/cwh/Time-Series-Library/logs/q2_timemixer_stability/checkpoints"", ""--test_after_train"", ""1"", ""--down_sampling_layers"", ""3"", ""--down_sampling_window"", ""2"", ""--down_sampling_method"", ""avg"", ""--forecast_export_path"", ""/home/cwh/Time-Series-Library/paper/neurocomputing/figures/fig3_curve_candidates/source_npz/weather_h192_timemixer.npz"", ""--forecast_export_origin"", ""893"", ""--forecast_export_channel"", ""-1"", ""--forecast_export_context"", ""96"", ""--forecast_export_only""]"
Weather,192,MSGNet,msgnet,893,CO2 (ppm),/home/cwh/Time-Series-Library/paper/neurocomputing/figures/fig3_curve_candidates/source_npz/weather_h192_msgnet.npz,/home/cwh/Time-Series-Library/logs/q2_main_baselines/records/msgnet_weather_sl336_pl192_s2021.json,formal_seed2021_record,"[""/home/cwh/Time-Series-Library/logs/q2_main_baselines/records/msgnet_weather_sl336_pl192_s2021.json""]","[""/home/cwh/Time-Series-Library/.venv/bin/python"", ""-u"", ""/home/cwh/Time-Series-Library/run.py"", ""--task_name"", ""long_term_forecast"", ""--is_training"", ""0"", ""--root_path"", ""/home/cwh/Time-Series-Library/dataset/weather"", ""--data_path"", ""weather.csv"", ""--model_id"", ""msgnet_weather_sl336_pl192_s2021"", ""--model"", ""MSGNet"", ""--seed"", ""2021"", ""--data"", ""custom"", ""--features"", ""M"", ""--target"", ""CO2 (ppm)"", ""--freq"", ""t"", ""--seq_len"", ""336"", ""--label_len"", ""48"", ""--pred_len"", ""192"", ""--enc_in"", ""21"", ""--dec_in"", ""21"", ""--c_out"", ""21"", ""--d_model"", ""64"", ""--d_ff"", ""128"", ""--n_heads"", ""4"", ""--e_layers"", ""2"", ""--d_layers"", ""1"", ""--factor"", ""3"", ""--dropout"", ""0.1"", ""--batch_size"", ""32"", ""--learning_rate"", ""0.0001"", ""--train_epochs"", ""10"", ""--patience"", ""3"", ""--lradj"", ""type1"", ""--num_workers"", ""0"", ""--gpu"", ""0"", ""--des"", ""msgnet_weather_sl336_pl192_s2021"", ""--itr"", ""1"", ""--checkpoints"", ""/home/cwh/Time-Series-Library/logs/q2_main_baselines/checkpoints"", ""--test_after_train"", ""1"", ""--top_k"", ""5"", ""--conv_channel"", ""32"", ""--skip_channel"", ""32"", ""--forecast_export_path"", ""/home/cwh/Time-Series-Library/paper/neurocomputing/figures/fig3_curve_candidates/source_npz/weather_h192_msgnet.npz"", ""--forecast_export_origin"", ""893"", ""--forecast_export_channel"", ""-1"", ""--forecast_export_context"", ""96"", ""--forecast_export_only""]"
Weather,192,PatchTST,patchtst,893,CO2 (ppm),/home/cwh/Time-Series-Library/paper/neurocomputing/figures/fig3_curve_candidates/source_npz/weather_h192_patchtst.npz,/home/cwh/Time-Series-Library/logs/q2_main_baselines/records/patchtst_weather_sl336_pl192_s2021.json,formal_seed2021_record,"[""/home/cwh/Time-Series-Library/logs/q2_main_baselines/records/patchtst_weather_sl336_pl192_s2021.json""]","[""/home/cwh/Time-Series-Library/.venv/bin/python"", ""-u"", ""/home/cwh/Time-Series-Library/run.py"", ""--task_name"", ""long_term_forecast"", ""--is_training"", ""0"", ""--root_path"", ""/home/cwh/Time-Series-Library/dataset/weather"", ""--data_path"", ""weather.csv"", ""--model_id"", ""patchtst_weather_sl336_pl192_s2021"", ""--model"", ""PatchTST"", ""--seed"", ""2021"", ""--data"", ""custom"", ""--features"", ""M"", ""--target"", ""CO2 (ppm)"", ""--freq"", ""t"", ""--seq_len"", ""336"", ""--label_len"", ""48"", ""--pred_len"", ""192"", ""--enc_in"", ""21"", ""--dec_in"", ""21"", ""--c_out"", ""21"", ""--d_model"", ""512"", ""--d_ff"", ""2048"", ""--n_heads"", ""4"", ""--e_layers"", ""2"", ""--d_layers"", ""1"", ""--factor"", ""3"", ""--dropout"", ""0.1"", ""--batch_size"", ""32"", ""--learning_rate"", ""0.0001"", ""--train_epochs"", ""10"", ""--patience"", ""3"", ""--lradj"", ""type1"", ""--num_workers"", ""0"", ""--gpu"", ""0"", ""--des"", ""patchtst_weather_sl336_pl192_s2021"", ""--itr"", ""1"", ""--checkpoints"", ""/home/cwh/Time-Series-Library/logs/q2_main_baselines/checkpoints"", ""--test_after_train"", ""1"", ""--patch_len"", ""16"", ""--stride"", ""8"", ""--forecast_export_path"", ""/home/cwh/Time-Series-Library/paper/neurocomputing/figures/fig3_curve_candidates/source_npz/weather_h192_patchtst.npz"", ""--forecast_export_origin"", ""893"", ""--forecast_export_channel"", ""-1"", ""--forecast_export_context"", ""96"", ""--forecast_export_only""]"
Weather,192,TimesNet,timesnet,893,CO2 (ppm),/home/cwh/Time-Series-Library/paper/neurocomputing/figures/fig3_curve_candidates/source_npz/weather_h192_timesnet.npz,/home/cwh/Time-Series-Library/logs/q2_main_baselines/records/timesnet_weather_sl336_pl192_s2021.json,formal_seed2021_record,"[""/home/cwh/Time-Series-Library/logs/q2_main_baselines/records/timesnet_weather_sl336_pl192_s2021.json""]","[""/home/cwh/Time-Series-Library/.venv/bin/python"", ""-u"", ""/home/cwh/Time-Series-Library/run.py"", ""--task_name"", ""long_term_forecast"", ""--is_training"", ""0"", ""--root_path"", ""/home/cwh/Time-Series-Library/dataset/weather"", ""--data_path"", ""weather.csv"", ""--model_id"", ""timesnet_weather_sl336_pl192_s2021"", ""--model"", ""TimesNet"", ""--seed"", ""2021"", ""--data"", ""custom"", ""--features"", ""M"", ""--target"", ""CO2 (ppm)"", ""--freq"", ""t"", ""--seq_len"", ""336"", ""--label_len"", ""48"", ""--pred_len"", ""192"", ""--enc_in"", ""21"", ""--dec_in"", ""21"", ""--c_out"", ""21"", ""--d_model"", ""32"", ""--d_ff"", ""32"", ""--n_heads"", ""4"", ""--e_layers"", ""2"", ""--d_layers"", ""1"", ""--factor"", ""3"", ""--dropout"", ""0.1"", ""--batch_size"", ""32"", ""--learning_rate"", ""0.0001"", ""--train_epochs"", ""10"", ""--patience"", ""3"", ""--lradj"", ""type1"", ""--num_workers"", ""0"", ""--gpu"", ""0"", ""--des"", ""timesnet_weather_sl336_pl192_s2021"", ""--itr"", ""1"", ""--checkpoints"", ""/home/cwh/Time-Series-Library/logs/q2_main_baselines/checkpoints"", ""--test_after_train"", ""1"", ""--top_k"", ""5"", ""--forecast_export_path"", ""/home/cwh/Time-Series-Library/paper/neurocomputing/figures/fig3_curve_candidates/source_npz/weather_h192_timesnet.npz"", ""--forecast_export_origin"", ""893"", ""--forecast_export_channel"", ""-1"", ""--forecast_export_context"", ""96"", ""--forecast_export_only""]"
Weather,192,DLinear,dlinear,893,CO2 (ppm),/home/cwh/Time-Series-Library/paper/neurocomputing/figures/fig3_curve_candidates/source_npz/weather_h192_dlinear.npz,/home/cwh/Time-Series-Library/logs/q2_main_baselines/records/dlinear_weather_sl336_pl192_s2021.json,formal_seed2021_record,"[""/home/cwh/Time-Series-Library/logs/q2_main_baselines/records/dlinear_weather_sl336_pl192_s2021.json""]","[""/home/cwh/Time-Series-Library/.venv/bin/python"", ""-u"", ""/home/cwh/Time-Series-Library/run.py"", ""--task_name"", ""long_term_forecast"", ""--is_training"", ""0"", ""--root_path"", ""/home/cwh/Time-Series-Library/dataset/weather"", ""--data_path"", ""weather.csv"", ""--model_id"", ""dlinear_weather_sl336_pl192_s2021"", ""--model"", ""DLinear"", ""--seed"", ""2021"", ""--data"", ""custom"", ""--features"", ""M"", ""--target"", ""CO2 (ppm)"", ""--freq"", ""t"", ""--seq_len"", ""336"", ""--label_len"", ""48"", ""--pred_len"", ""192"", ""--enc_in"", ""21"", ""--dec_in"", ""21"", ""--c_out"", ""21"", ""--d_model"", ""32"", ""--d_ff"", ""64"", ""--n_heads"", ""4"", ""--e_layers"", ""2"", ""--d_layers"", ""1"", ""--factor"", ""3"", ""--dropout"", ""0.1"", ""--batch_size"", ""32"", ""--learning_rate"", ""0.0001"", ""--train_epochs"", ""10"", ""--patience"", ""3"", ""--lradj"", ""type1"", ""--num_workers"", ""0"", ""--gpu"", ""0"", ""--des"", ""dlinear_weather_sl336_pl192_s2021"", ""--itr"", ""1"", ""--checkpoints"", ""/home/cwh/Time-Series-Library/logs/q2_main_baselines/checkpoints"", ""--test_after_train"", ""1"", ""--forecast_export_path"", ""/home/cwh/Time-Series-Library/paper/neurocomputing/figures/fig3_curve_candidates/source_npz/weather_h192_dlinear.npz"", ""--forecast_export_origin"", ""893"", ""--forecast_export_channel"", ""-1"", ""--forecast_export_context"", ""96"", ""--forecast_export_only""]"
Weather,336,TimeRole,graphmambacmrhm,893,CO2 (ppm),/home/cwh/Time-Series-Library/paper/neurocomputing/figures/fig3_curve_candidates/source_npz/weather_h336_graphmambacmrhm.npz,/home/cwh/Time-Series-Library/logs/q2_main_baselines/records/graphmambacmrhm_weather_sl336_pl336_s2021.json,formal_seed2021_record,"[""/home/cwh/Time-Series-Library/logs/q2_main_baselines/records/graphmambacmrhm_weather_sl336_pl336_s2021.json"", ""/home/cwh/Time-Series-Library/logs/cmrhm_unified_main/records/cmrhm_weather_p336_s2021.json"", ""/home/cwh/Time-Series-Library/logs/graphmamba_cmrhm_six_dataset_final/records/sixds_weather_p336_s2021.json""]","[""/home/cwh/Time-Series-Library/.venv/bin/python"", ""-u"", ""/home/cwh/Time-Series-Library/run.py"", ""--task_name"", ""long_term_forecast"", ""--is_training"", ""0"", ""--root_path"", ""/home/cwh/Time-Series-Library/dataset/weather"", ""--data_path"", ""weather.csv"", ""--model_id"", ""weather_336_336_sixds_weather_p336_s2021"", ""--model"", ""GraphMambaCMRHM"", ""--seed"", ""2021"", ""--data"", ""custom"", ""--features"", ""M"", ""--target"", ""CO2 (ppm)"", ""--seq_len"", ""336"", ""--label_len"", ""48"", ""--pred_len"", ""336"", ""--enc_in"", ""21"", ""--dec_in"", ""21"", ""--c_out"", ""21"", ""--patch_len"", ""4"", ""--stride"", ""2"", ""--d_model"", ""64"", ""--d_ff"", ""128"", ""--d_state"", ""32"", ""--d_conv"", ""2"", ""--e_layers"", ""1"", ""--expand"", ""2"", ""--mamba_version"", ""1"", ""--mamba_bidirectional"", ""1"", ""--use_graph"", ""1"", ""--use_time_mamba"", ""1"", ""--use_patch"", ""1"", ""--use_decomp"", ""1"", ""--moving_avg"", ""25"", ""--dual_scale_scan_mode"", ""auto"", ""--periodic_period"", ""24"", ""--periodic_local_patch"", ""4"", ""--periodic_local_stride"", ""2"", ""--periodic_period_stride"", ""12"", ""--periodic_use_adapter"", ""1"", ""--graph_alpha"", ""0.5"", ""--graph_top_k"", ""2"", ""--graph_sample_size"", ""2000"", ""--graph_sample_method"", ""uniform"", ""--static_graph_mode"", ""weighted"", ""--graph_cache"", ""1"", ""--dropout"", ""0.1"", ""--batch_size"", ""32"", ""--learning_rate"", ""0.0005"", ""--lradj"", ""type1"", ""--train_epochs"", ""100"", ""--patience"", ""6"", ""--num_workers"", ""0"", ""--gpu"", ""0"", ""--des"", ""sixds_weather_p336_s2021"", ""--itr"", ""1"", ""--test_after_train"", ""1"", ""--checkpoints"", ""/home/cwh/Time-Series-Library/checkpoints"", ""--forecast_export_path"", ""/home/cwh/Time-Series-Library/paper/neurocomputing/figures/fig3_curve_candidates/source_npz/weather_h336_graphmambacmrhm.npz"", ""--forecast_export_origin"", ""893"", ""--forecast_export_channel"", ""-1"", ""--forecast_export_context"", ""96"", ""--forecast_export_only""]"
Weather,336,S-Mamba,smamba,893,CO2 (ppm),/home/cwh/Time-Series-Library/paper/neurocomputing/figures/fig3_curve_candidates/source_npz/weather_h336_smamba.npz,/home/cwh/Time-Series-Library/logs/q2_main_baselines/records/smamba_weather_sl336_pl336_s2021.json,formal_seed2021_record,"[""/home/cwh/Time-Series-Library/logs/q2_main_baselines/records/smamba_weather_sl336_pl336_s2021.json""]","[""/home/cwh/Time-Series-Library/.venv/bin/python"", ""-u"", ""/home/cwh/Time-Series-Library/run.py"", ""--task_name"", ""long_term_forecast"", ""--is_training"", ""0"", ""--root_path"", ""/home/cwh/Time-Series-Library/dataset/weather"", ""--data_path"", ""weather.csv"", ""--model_id"", ""smamba_weather_sl336_pl336_s2021"", ""--model"", ""SMamba"", ""--seed"", ""2021"", ""--data"", ""custom"", ""--features"", ""M"", ""--target"", ""CO2 (ppm)"", ""--freq"", ""t"", ""--seq_len"", ""336"", ""--label_len"", ""48"", ""--pred_len"", ""336"", ""--enc_in"", ""21"", ""--dec_in"", ""21"", ""--c_out"", ""21"", ""--d_model"", ""512"", ""--d_ff"", ""512"", ""--n_heads"", ""4"", ""--e_layers"", ""3"", ""--d_layers"", ""1"", ""--factor"", ""3"", ""--dropout"", ""0.1"", ""--batch_size"", ""32"", ""--learning_rate"", ""5e-05"", ""--train_epochs"", ""5"", ""--patience"", ""3"", ""--lradj"", ""type1"", ""--num_workers"", ""0"", ""--gpu"", ""0"", ""--des"", ""smamba_weather_sl336_pl336_s2021"", ""--itr"", ""1"", ""--checkpoints"", ""/home/cwh/Time-Series-Library/logs/q2_main_baselines/checkpoints"", ""--test_after_train"", ""1"", ""--d_state"", ""2"", ""--use_norm"", ""1"", ""--forecast_export_path"", ""/home/cwh/Time-Series-Library/paper/neurocomputing/figures/fig3_curve_candidates/source_npz/weather_h336_smamba.npz"", ""--forecast_export_origin"", ""893"", ""--forecast_export_channel"", ""-1"", ""--forecast_export_context"", ""96"", ""--forecast_export_only""]"
Weather,336,iTransformer,itransformer,893,CO2 (ppm),/home/cwh/Time-Series-Library/paper/neurocomputing/figures/fig3_curve_candidates/source_npz/weather_h336_itransformer.npz,/home/cwh/Time-Series-Library/logs/q2_main_baselines/records/itransformer_weather_sl336_pl336_s2021.json,formal_seed2021_record,"[""/home/cwh/Time-Series-Library/logs/q2_main_baselines/records/itransformer_weather_sl336_pl336_s2021.json""]","[""/home/cwh/Time-Series-Library/.venv/bin/python"", ""-u"", ""/home/cwh/Time-Series-Library/run.py"", ""--task_name"", ""long_term_forecast"", ""--is_training"", ""0"", ""--root_path"", ""/home/cwh/Time-Series-Library/dataset/weather"", ""--data_path"", ""weather.csv"", ""--model_id"", ""itransformer_weather_sl336_pl336_s2021"", ""--model"", ""iTransformer"", ""--seed"", ""2021"", ""--data"", ""custom"", ""--features"", ""M"", ""--target"", ""CO2 (ppm)"", ""--freq"", ""t"", ""--seq_len"", ""336"", ""--label_len"", ""48"", ""--pred_len"", ""336"", ""--enc_in"", ""21"", ""--dec_in"", ""21"", ""--c_out"", ""21"", ""--d_model"", ""512"", ""--d_ff"", ""512"", ""--n_heads"", ""8"", ""--e_layers"", ""3"", ""--d_layers"", ""1"", ""--factor"", ""3"", ""--dropout"", ""0.1"", ""--batch_size"", ""32"", ""--learning_rate"", ""0.0001"", ""--train_epochs"", ""10"", ""--patience"", ""3"", ""--lradj"", ""type1"", ""--num_workers"", ""0"", ""--gpu"", ""0"", ""--des"", ""itransformer_weather_sl336_pl336_s2021"", ""--itr"", ""1"", ""--checkpoints"", ""/home/cwh/Time-Series-Library/logs/q2_main_baselines/checkpoints"", ""--test_after_train"", ""1"", ""--forecast_export_path"", ""/home/cwh/Time-Series-Library/paper/neurocomputing/figures/fig3_curve_candidates/source_npz/weather_h336_itransformer.npz"", ""--forecast_export_origin"", ""893"", ""--forecast_export_channel"", ""-1"", ""--forecast_export_context"", ""96"", ""--forecast_export_only""]"
Weather,336,TimeMixer,timemixer,893,CO2 (ppm),/home/cwh/Time-Series-Library/paper/neurocomputing/figures/fig3_curve_candidates/source_npz/weather_h336_timemixer.npz,/home/cwh/Time-Series-Library/logs/q2_main_baselines/records/timemixer_weather_sl336_pl336_s2021.json,validated_lr1e4_stability_repair,"[""/home/cwh/Time-Series-Library/logs/q2_main_baselines/records/timemixer_weather_sl336_pl336_s2021.json""]","[""/home/cwh/Time-Series-Library/.venv/bin/python"", ""-u"", ""/home/cwh/Time-Series-Library/run.py"", ""--task_name"", ""long_term_forecast"", ""--is_training"", ""0"", ""--root_path"", ""/home/cwh/Time-Series-Library/dataset/weather"", ""--data_path"", ""weather.csv"", ""--model_id"", ""timemixer_stable_weather_sl336_pl336_lr1e4_s2021"", ""--model"", ""TimeMixer"", ""--seed"", ""2021"", ""--data"", ""custom"", ""--features"", ""M"", ""--target"", ""CO2 (ppm)"", ""--freq"", ""t"", ""--seq_len"", ""336"", ""--label_len"", ""0"", ""--pred_len"", ""336"", ""--enc_in"", ""21"", ""--dec_in"", ""21"", ""--c_out"", ""21"", ""--d_model"", ""16"", ""--d_ff"", ""32"", ""--n_heads"", ""4"", ""--e_layers"", ""3"", ""--d_layers"", ""1"", ""--factor"", ""3"", ""--dropout"", ""0.1"", ""--batch_size"", ""32"", ""--learning_rate"", ""0.0001"", ""--train_epochs"", ""20"", ""--patience"", ""10"", ""--lradj"", ""type1"", ""--num_workers"", ""0"", ""--gpu"", ""0"", ""--des"", ""timemixer_stable_weather_sl336_pl336_lr1e4_s2021"", ""--itr"", ""1"", ""--checkpoints"", ""/home/cwh/Time-Series-Library/logs/q2_timemixer_stability/checkpoints"", ""--test_after_train"", ""1"", ""--down_sampling_layers"", ""3"", ""--down_sampling_window"", ""2"", ""--down_sampling_method"", ""avg"", ""--forecast_export_path"", ""/home/cwh/Time-Series-Library/paper/neurocomputing/figures/fig3_curve_candidates/source_npz/weather_h336_timemixer.npz"", ""--forecast_export_origin"", ""893"", ""--forecast_export_channel"", ""-1"", ""--forecast_export_context"", ""96"", ""--forecast_export_only""]"
Weather,336,MSGNet,msgnet,893,CO2 (ppm),/home/cwh/Time-Series-Library/paper/neurocomputing/figures/fig3_curve_candidates/source_npz/weather_h336_msgnet.npz,/home/cwh/Time-Series-Library/logs/q2_main_baselines/records/msgnet_weather_sl336_pl336_s2021.json,formal_seed2021_record,"[""/home/cwh/Time-Series-Library/logs/q2_main_baselines/records/msgnet_weather_sl336_pl336_s2021.json""]","[""/home/cwh/Time-Series-Library/.venv/bin/python"", ""-u"", ""/home/cwh/Time-Series-Library/run.py"", ""--task_name"", ""long_term_forecast"", ""--is_training"", ""0"", ""--root_path"", ""/home/cwh/Time-Series-Library/dataset/weather"", ""--data_path"", ""weather.csv"", ""--model_id"", ""msgnet_weather_sl336_pl336_s2021"", ""--model"", ""MSGNet"", ""--seed"", ""2021"", ""--data"", ""custom"", ""--features"", ""M"", ""--target"", ""CO2 (ppm)"", ""--freq"", ""t"", ""--seq_len"", ""336"", ""--label_len"", ""48"", ""--pred_len"", ""336"", ""--enc_in"", ""21"", ""--dec_in"", ""21"", ""--c_out"", ""21"", ""--d_model"", ""64"", ""--d_ff"", ""128"", ""--n_heads"", ""4"", ""--e_layers"", ""1"", ""--d_layers"", ""1"", ""--factor"", ""3"", ""--dropout"", ""0.1"", ""--batch_size"", ""32"", ""--learning_rate"", ""0.0001"", ""--train_epochs"", ""10"", ""--patience"", ""3"", ""--lradj"", ""type1"", ""--num_workers"", ""0"", ""--gpu"", ""0"", ""--des"", ""msgnet_weather_sl336_pl336_s2021"", ""--itr"", ""1"", ""--checkpoints"", ""/home/cwh/Time-Series-Library/logs/q2_main_baselines/checkpoints"", ""--test_after_train"", ""1"", ""--top_k"", ""5"", ""--conv_channel"", ""32"", ""--skip_channel"", ""32"", ""--forecast_export_path"", ""/home/cwh/Time-Series-Library/paper/neurocomputing/figures/fig3_curve_candidates/source_npz/weather_h336_msgnet.npz"", ""--forecast_export_origin"", ""893"", ""--forecast_export_channel"", ""-1"", ""--forecast_export_context"", ""96"", ""--forecast_export_only""]"
Weather,336,PatchTST,patchtst,893,CO2 (ppm),/home/cwh/Time-Series-Library/paper/neurocomputing/figures/fig3_curve_candidates/source_npz/weather_h336_patchtst.npz,/home/cwh/Time-Series-Library/logs/q2_main_baselines/records/patchtst_weather_sl336_pl336_s2021.json,formal_seed2021_record,"[""/home/cwh/Time-Series-Library/logs/q2_main_baselines/records/patchtst_weather_sl336_pl336_s2021.json""]","[""/home/cwh/Time-Series-Library/.venv/bin/python"", ""-u"", ""/home/cwh/Time-Series-Library/run.py"", ""--task_name"", ""long_term_forecast"", ""--is_training"", ""0"", ""--root_path"", ""/home/cwh/Time-Series-Library/dataset/weather"", ""--data_path"", ""weather.csv"", ""--model_id"", ""patchtst_weather_sl336_pl336_s2021"", ""--model"", ""PatchTST"", ""--seed"", ""2021"", ""--data"", ""custom"", ""--features"", ""M"", ""--target"", ""CO2 (ppm)"", ""--freq"", ""t"", ""--seq_len"", ""336"", ""--label_len"", ""48"", ""--pred_len"", ""336"", ""--enc_in"", ""21"", ""--dec_in"", ""21"", ""--c_out"", ""21"", ""--d_model"", ""512"", ""--d_ff"", ""2048"", ""--n_heads"", ""4"", ""--e_layers"", ""2"", ""--d_layers"", ""1"", ""--factor"", ""3"", ""--dropout"", ""0.1"", ""--batch_size"", ""32"", ""--learning_rate"", ""0.0001"", ""--train_epochs"", ""10"", ""--patience"", ""3"", ""--lradj"", ""type1"", ""--num_workers"", ""0"", ""--gpu"", ""0"", ""--des"", ""patchtst_weather_sl336_pl336_s2021"", ""--itr"", ""1"", ""--checkpoints"", ""/home/cwh/Time-Series-Library/logs/q2_main_baselines/checkpoints"", ""--test_after_train"", ""1"", ""--patch_len"", ""16"", ""--stride"", ""8"", ""--forecast_export_path"", ""/home/cwh/Time-Series-Library/paper/neurocomputing/figures/fig3_curve_candidates/source_npz/weather_h336_patchtst.npz"", ""--forecast_export_origin"", ""893"", ""--forecast_export_channel"", ""-1"", ""--forecast_export_context"", ""96"", ""--forecast_export_only""]"
Weather,336,TimesNet,timesnet,893,CO2 (ppm),/home/cwh/Time-Series-Library/paper/neurocomputing/figures/fig3_curve_candidates/source_npz/weather_h336_timesnet.npz,/home/cwh/Time-Series-Library/logs/q2_main_baselines/records/timesnet_weather_sl336_pl336_s2021.json,formal_seed2021_record,"[""/home/cwh/Time-Series-Library/logs/q2_main_baselines/records/timesnet_weather_sl336_pl336_s2021.json""]","[""/home/cwh/Time-Series-Library/.venv/bin/python"", ""-u"", ""/home/cwh/Time-Series-Library/run.py"", ""--task_name"", ""long_term_forecast"", ""--is_training"", ""0"", ""--root_path"", ""/home/cwh/Time-Series-Library/dataset/weather"", ""--data_path"", ""weather.csv"", ""--model_id"", ""timesnet_weather_sl336_pl336_s2021"", ""--model"", ""TimesNet"", ""--seed"", ""2021"", ""--data"", ""custom"", ""--features"", ""M"", ""--target"", ""CO2 (ppm)"", ""--freq"", ""t"", ""--seq_len"", ""336"", ""--label_len"", ""48"", ""--pred_len"", ""336"", ""--enc_in"", ""21"", ""--dec_in"", ""21"", ""--c_out"", ""21"", ""--d_model"", ""32"", ""--d_ff"", ""32"", ""--n_heads"", ""4"", ""--e_layers"", ""2"", ""--d_layers"", ""1"", ""--factor"", ""3"", ""--dropout"", ""0.1"", ""--batch_size"", ""32"", ""--learning_rate"", ""0.0001"", ""--train_epochs"", ""10"", ""--patience"", ""3"", ""--lradj"", ""type1"", ""--num_workers"", ""0"", ""--gpu"", ""0"", ""--des"", ""timesnet_weather_sl336_pl336_s2021"", ""--itr"", ""1"", ""--checkpoints"", ""/home/cwh/Time-Series-Library/logs/q2_main_baselines/checkpoints"", ""--test_after_train"", ""1"", ""--top_k"", ""5"", ""--forecast_export_path"", ""/home/cwh/Time-Series-Library/paper/neurocomputing/figures/fig3_curve_candidates/source_npz/weather_h336_timesnet.npz"", ""--forecast_export_origin"", ""893"", ""--forecast_export_channel"", ""-1"", ""--forecast_export_context"", ""96"", ""--forecast_export_only""]"
Weather,336,DLinear,dlinear,893,CO2 (ppm),/home/cwh/Time-Series-Library/paper/neurocomputing/figures/fig3_curve_candidates/source_npz/weather_h336_dlinear.npz,/home/cwh/Time-Series-Library/logs/q2_main_baselines/records/dlinear_weather_sl336_pl336_s2021.json,formal_seed2021_record,"[""/home/cwh/Time-Series-Library/logs/q2_main_baselines/records/dlinear_weather_sl336_pl336_s2021.json""]","[""/home/cwh/Time-Series-Library/.venv/bin/python"", ""-u"", ""/home/cwh/Time-Series-Library/run.py"", ""--task_name"", ""long_term_forecast"", ""--is_training"", ""0"", ""--root_path"", ""/home/cwh/Time-Series-Library/dataset/weather"", ""--data_path"", ""weather.csv"", ""--model_id"", ""dlinear_weather_sl336_pl336_s2021"", ""--model"", ""DLinear"", ""--seed"", ""2021"", ""--data"", ""custom"", ""--features"", ""M"", ""--target"", ""CO2 (ppm)"", ""--freq"", ""t"", ""--seq_len"", ""336"", ""--label_len"", ""48"", ""--pred_len"", ""336"", ""--enc_in"", ""21"", ""--dec_in"", ""21"", ""--c_out"", ""21"", ""--d_model"", ""32"", ""--d_ff"", ""64"", ""--n_heads"", ""4"", ""--e_layers"", ""2"", ""--d_layers"", ""1"", ""--factor"", ""3"", ""--dropout"", ""0.1"", ""--batch_size"", ""32"", ""--learning_rate"", ""0.0001"", ""--train_epochs"", ""10"", ""--patience"", ""3"", ""--lradj"", ""type1"", ""--num_workers"", ""0"", ""--gpu"", ""0"", ""--des"", ""dlinear_weather_sl336_pl336_s2021"", ""--itr"", ""1"", ""--checkpoints"", ""/home/cwh/Time-Series-Library/logs/q2_main_baselines/checkpoints"", ""--test_after_train"", ""1"", ""--forecast_export_path"", ""/home/cwh/Time-Series-Library/paper/neurocomputing/figures/fig3_curve_candidates/source_npz/weather_h336_dlinear.npz"", ""--forecast_export_origin"", ""893"", ""--forecast_export_channel"", ""-1"", ""--forecast_export_context"", ""96"", ""--forecast_export_only""]"
Weather,720,TimeRole,graphmambacmrhm,893,CO2 (ppm),/home/cwh/Time-Series-Library/paper/neurocomputing/figures/fig3_curve_candidates/source_npz/weather_h720_graphmambacmrhm.npz,/home/cwh/Time-Series-Library/logs/q2_main_baselines/records/graphmambacmrhm_weather_sl336_pl720_s2021.json,formal_seed2021_record,"[""/home/cwh/Time-Series-Library/logs/q2_main_baselines/records/graphmambacmrhm_weather_sl336_pl720_s2021.json"", ""/home/cwh/Time-Series-Library/logs/cmrhm_unified_main/records/cmrhm_weather_p720_s2021.json"", ""/home/cwh/Time-Series-Library/logs/graphmamba_cmrhm_six_dataset_final/records/sixds_weather_p720_s2021.json""]","[""/home/cwh/Time-Series-Library/.venv/bin/python"", ""-u"", ""/home/cwh/Time-Series-Library/run.py"", ""--task_name"", ""long_term_forecast"", ""--is_training"", ""0"", ""--root_path"", ""/home/cwh/Time-Series-Library/dataset/weather"", ""--data_path"", ""weather.csv"", ""--model_id"", ""weather_336_720_sixds_weather_p720_s2021"", ""--model"", ""GraphMambaCMRHM"", ""--seed"", ""2021"", ""--data"", ""custom"", ""--features"", ""M"", ""--target"", ""CO2 (ppm)"", ""--seq_len"", ""336"", ""--label_len"", ""48"", ""--pred_len"", ""720"", ""--enc_in"", ""21"", ""--dec_in"", ""21"", ""--c_out"", ""21"", ""--patch_len"", ""4"", ""--stride"", ""2"", ""--d_model"", ""64"", ""--d_ff"", ""128"", ""--d_state"", ""32"", ""--d_conv"", ""2"", ""--e_layers"", ""1"", ""--expand"", ""2"", ""--mamba_version"", ""1"", ""--mamba_bidirectional"", ""1"", ""--use_graph"", ""1"", ""--use_time_mamba"", ""1"", ""--use_patch"", ""1"", ""--use_decomp"", ""1"", ""--moving_avg"", ""25"", ""--dual_scale_scan_mode"", ""auto"", ""--periodic_period"", ""24"", ""--periodic_local_patch"", ""4"", ""--periodic_local_stride"", ""2"", ""--periodic_period_stride"", ""12"", ""--periodic_use_adapter"", ""1"", ""--graph_alpha"", ""0.5"", ""--graph_top_k"", ""2"", ""--graph_sample_size"", ""2000"", ""--graph_sample_method"", ""uniform"", ""--static_graph_mode"", ""weighted"", ""--graph_cache"", ""1"", ""--dropout"", ""0.1"", ""--batch_size"", ""32"", ""--learning_rate"", ""0.0005"", ""--lradj"", ""type1"", ""--train_epochs"", ""100"", ""--patience"", ""6"", ""--num_workers"", ""0"", ""--gpu"", ""0"", ""--des"", ""sixds_weather_p720_s2021"", ""--itr"", ""1"", ""--test_after_train"", ""1"", ""--checkpoints"", ""/home/cwh/Time-Series-Library/checkpoints"", ""--forecast_export_path"", ""/home/cwh/Time-Series-Library/paper/neurocomputing/figures/fig3_curve_candidates/source_npz/weather_h720_graphmambacmrhm.npz"", ""--forecast_export_origin"", ""893"", ""--forecast_export_channel"", ""-1"", ""--forecast_export_context"", ""96"", ""--forecast_export_only""]"
Weather,720,S-Mamba,smamba,893,CO2 (ppm),/home/cwh/Time-Series-Library/paper/neurocomputing/figures/fig3_curve_candidates/source_npz/weather_h720_smamba.npz,/home/cwh/Time-Series-Library/logs/q2_main_baselines/records/smamba_weather_sl336_pl720_s2021.json,formal_seed2021_record,"[""/home/cwh/Time-Series-Library/logs/q2_main_baselines/records/smamba_weather_sl336_pl720_s2021.json""]","[""/home/cwh/Time-Series-Library/.venv/bin/python"", ""-u"", ""/home/cwh/Time-Series-Library/run.py"", ""--task_name"", ""long_term_forecast"", ""--is_training"", ""0"", ""--root_path"", ""/home/cwh/Time-Series-Library/dataset/weather"", ""--data_path"", ""weather.csv"", ""--model_id"", ""smamba_weather_sl336_pl720_s2021"", ""--model"", ""SMamba"", ""--seed"", ""2021"", ""--data"", ""custom"", ""--features"", ""M"", ""--target"", ""CO2 (ppm)"", ""--freq"", ""t"", ""--seq_len"", ""336"", ""--label_len"", ""48"", ""--pred_len"", ""720"", ""--enc_in"", ""21"", ""--dec_in"", ""21"", ""--c_out"", ""21"", ""--d_model"", ""512"", ""--d_ff"", ""512"", ""--n_heads"", ""4"", ""--e_layers"", ""3"", ""--d_layers"", ""1"", ""--factor"", ""3"", ""--dropout"", ""0.1"", ""--batch_size"", ""32"", ""--learning_rate"", ""5e-05"", ""--train_epochs"", ""5"", ""--patience"", ""3"", ""--lradj"", ""type1"", ""--num_workers"", ""0"", ""--gpu"", ""0"", ""--des"", ""smamba_weather_sl336_pl720_s2021"", ""--itr"", ""1"", ""--checkpoints"", ""/home/cwh/Time-Series-Library/logs/q2_main_baselines/checkpoints"", ""--test_after_train"", ""1"", ""--d_state"", ""2"", ""--use_norm"", ""1"", ""--forecast_export_path"", ""/home/cwh/Time-Series-Library/paper/neurocomputing/figures/fig3_curve_candidates/source_npz/weather_h720_smamba.npz"", ""--forecast_export_origin"", ""893"", ""--forecast_export_channel"", ""-1"", ""--forecast_export_context"", ""96"", ""--forecast_export_only""]"
Weather,720,iTransformer,itransformer,893,CO2 (ppm),/home/cwh/Time-Series-Library/paper/neurocomputing/figures/fig3_curve_candidates/source_npz/weather_h720_itransformer.npz,/home/cwh/Time-Series-Library/logs/q2_main_baselines/records/itransformer_weather_sl336_pl720_s2021.json,formal_seed2021_record,"[""/home/cwh/Time-Series-Library/logs/q2_main_baselines/records/itransformer_weather_sl336_pl720_s2021.json""]","[""/home/cwh/Time-Series-Library/.venv/bin/python"", ""-u"", ""/home/cwh/Time-Series-Library/run.py"", ""--task_name"", ""long_term_forecast"", ""--is_training"", ""0"", ""--root_path"", ""/home/cwh/Time-Series-Library/dataset/weather"", ""--data_path"", ""weather.csv"", ""--model_id"", ""itransformer_weather_sl336_pl720_s2021"", ""--model"", ""iTransformer"", ""--seed"", ""2021"", ""--data"", ""custom"", ""--features"", ""M"", ""--target"", ""CO2 (ppm)"", ""--freq"", ""t"", ""--seq_len"", ""336"", ""--label_len"", ""48"", ""--pred_len"", ""720"", ""--enc_in"", ""21"", ""--dec_in"", ""21"", ""--c_out"", ""21"", ""--d_model"", ""512"", ""--d_ff"", ""512"", ""--n_heads"", ""8"", ""--e_layers"", ""3"", ""--d_layers"", ""1"", ""--factor"", ""3"", ""--dropout"", ""0.1"", ""--batch_size"", ""32"", ""--learning_rate"", ""0.0001"", ""--train_epochs"", ""10"", ""--patience"", ""3"", ""--lradj"", ""type1"", ""--num_workers"", ""0"", ""--gpu"", ""0"", ""--des"", ""itransformer_weather_sl336_pl720_s2021"", ""--itr"", ""1"", ""--checkpoints"", ""/home/cwh/Time-Series-Library/logs/q2_main_baselines/checkpoints"", ""--test_after_train"", ""1"", ""--forecast_export_path"", ""/home/cwh/Time-Series-Library/paper/neurocomputing/figures/fig3_curve_candidates/source_npz/weather_h720_itransformer.npz"", ""--forecast_export_origin"", ""893"", ""--forecast_export_channel"", ""-1"", ""--forecast_export_context"", ""96"", ""--forecast_export_only""]"
Weather,720,TimeMixer,timemixer,893,CO2 (ppm),/home/cwh/Time-Series-Library/paper/neurocomputing/figures/fig3_curve_candidates/source_npz/weather_h720_timemixer.npz,/home/cwh/Time-Series-Library/logs/q2_main_baselines/records/timemixer_weather_sl336_pl720_s2021.json,validated_lr1e4_stability_repair,"[""/home/cwh/Time-Series-Library/logs/q2_main_baselines/records/timemixer_weather_sl336_pl720_s2021.json""]","[""/home/cwh/Time-Series-Library/.venv/bin/python"", ""-u"", ""/home/cwh/Time-Series-Library/run.py"", ""--task_name"", ""long_term_forecast"", ""--is_training"", ""0"", ""--root_path"", ""/home/cwh/Time-Series-Library/dataset/weather"", ""--data_path"", ""weather.csv"", ""--model_id"", ""timemixer_stable_weather_sl336_pl720_lr1e4_s2021"", ""--model"", ""TimeMixer"", ""--seed"", ""2021"", ""--data"", ""custom"", ""--features"", ""M"", ""--target"", ""CO2 (ppm)"", ""--freq"", ""t"", ""--seq_len"", ""336"", ""--label_len"", ""0"", ""--pred_len"", ""720"", ""--enc_in"", ""21"", ""--dec_in"", ""21"", ""--c_out"", ""21"", ""--d_model"", ""16"", ""--d_ff"", ""32"", ""--n_heads"", ""4"", ""--e_layers"", ""3"", ""--d_layers"", ""1"", ""--factor"", ""3"", ""--dropout"", ""0.1"", ""--batch_size"", ""32"", ""--learning_rate"", ""0.0001"", ""--train_epochs"", ""20"", ""--patience"", ""10"", ""--lradj"", ""type1"", ""--num_workers"", ""0"", ""--gpu"", ""0"", ""--des"", ""timemixer_stable_weather_sl336_pl720_lr1e4_s2021"", ""--itr"", ""1"", ""--checkpoints"", ""/home/cwh/Time-Series-Library/logs/q2_timemixer_stability/checkpoints"", ""--test_after_train"", ""1"", ""--down_sampling_layers"", ""3"", ""--down_sampling_window"", ""2"", ""--down_sampling_method"", ""avg"", ""--forecast_export_path"", ""/home/cwh/Time-Series-Library/paper/neurocomputing/figures/fig3_curve_candidates/source_npz/weather_h720_timemixer.npz"", ""--forecast_export_origin"", ""893"", ""--forecast_export_channel"", ""-1"", ""--forecast_export_context"", ""96"", ""--forecast_export_only""]"
Weather,720,MSGNet,msgnet,893,CO2 (ppm),/home/cwh/Time-Series-Library/paper/neurocomputing/figures/fig3_curve_candidates/source_npz/weather_h720_msgnet.npz,/home/cwh/Time-Series-Library/logs/q2_main_baselines/records/msgnet_weather_sl336_pl720_s2021.json,formal_seed2021_record,"[""/home/cwh/Time-Series-Library/logs/q2_main_baselines/records/msgnet_weather_sl336_pl720_s2021.json""]","[""/home/cwh/Time-Series-Library/.venv/bin/python"", ""-u"", ""/home/cwh/Time-Series-Library/run.py"", ""--task_name"", ""long_term_forecast"", ""--is_training"", ""0"", ""--root_path"", ""/home/cwh/Time-Series-Library/dataset/weather"", ""--data_path"", ""weather.csv"", ""--model_id"", ""msgnet_weather_sl336_pl720_s2021"", ""--model"", ""MSGNet"", ""--seed"", ""2021"", ""--data"", ""custom"", ""--features"", ""M"", ""--target"", ""CO2 (ppm)"", ""--freq"", ""t"", ""--seq_len"", ""336"", ""--label_len"", ""48"", ""--pred_len"", ""720"", ""--enc_in"", ""21"", ""--dec_in"", ""21"", ""--c_out"", ""21"", ""--d_model"", ""64"", ""--d_ff"", ""128"", ""--n_heads"", ""4"", ""--e_layers"", ""2"", ""--d_layers"", ""1"", ""--factor"", ""3"", ""--dropout"", ""0.1"", ""--batch_size"", ""32"", ""--learning_rate"", ""0.0001"", ""--train_epochs"", ""10"", ""--patience"", ""3"", ""--lradj"", ""type1"", ""--num_workers"", ""0"", ""--gpu"", ""0"", ""--des"", ""msgnet_weather_sl336_pl720_s2021"", ""--itr"", ""1"", ""--checkpoints"", ""/home/cwh/Time-Series-Library/logs/q2_main_baselines/checkpoints"", ""--test_after_train"", ""1"", ""--top_k"", ""5"", ""--conv_channel"", ""32"", ""--skip_channel"", ""32"", ""--forecast_export_path"", ""/home/cwh/Time-Series-Library/paper/neurocomputing/figures/fig3_curve_candidates/source_npz/weather_h720_msgnet.npz"", ""--forecast_export_origin"", ""893"", ""--forecast_export_channel"", ""-1"", ""--forecast_export_context"", ""96"", ""--forecast_export_only""]"
Weather,720,PatchTST,patchtst,893,CO2 (ppm),/home/cwh/Time-Series-Library/paper/neurocomputing/figures/fig3_curve_candidates/source_npz/weather_h720_patchtst.npz,/home/cwh/Time-Series-Library/logs/q2_main_baselines/records/patchtst_weather_sl336_pl720_s2021.json,formal_seed2021_record,"[""/home/cwh/Time-Series-Library/logs/q2_main_baselines/records/patchtst_weather_sl336_pl720_s2021.json""]","[""/home/cwh/Time-Series-Library/.venv/bin/python"", ""-u"", ""/home/cwh/Time-Series-Library/run.py"", ""--task_name"", ""long_term_forecast"", ""--is_training"", ""0"", ""--root_path"", ""/home/cwh/Time-Series-Library/dataset/weather"", ""--data_path"", ""weather.csv"", ""--model_id"", ""patchtst_weather_sl336_pl720_s2021"", ""--model"", ""PatchTST"", ""--seed"", ""2021"", ""--data"", ""custom"", ""--features"", ""M"", ""--target"", ""CO2 (ppm)"", ""--freq"", ""t"", ""--seq_len"", ""336"", ""--label_len"", ""48"", ""--pred_len"", ""720"", ""--enc_in"", ""21"", ""--dec_in"", ""21"", ""--c_out"", ""21"", ""--d_model"", ""512"", ""--d_ff"", ""2048"", ""--n_heads"", ""4"", ""--e_layers"", ""2"", ""--d_layers"", ""1"", ""--factor"", ""3"", ""--dropout"", ""0.1"", ""--batch_size"", ""32"", ""--learning_rate"", ""0.0001"", ""--train_epochs"", ""10"", ""--patience"", ""3"", ""--lradj"", ""type1"", ""--num_workers"", ""0"", ""--gpu"", ""0"", ""--des"", ""patchtst_weather_sl336_pl720_s2021"", ""--itr"", ""1"", ""--checkpoints"", ""/home/cwh/Time-Series-Library/logs/q2_main_baselines/checkpoints"", ""--test_after_train"", ""1"", ""--patch_len"", ""16"", ""--stride"", ""8"", ""--forecast_export_path"", ""/home/cwh/Time-Series-Library/paper/neurocomputing/figures/fig3_curve_candidates/source_npz/weather_h720_patchtst.npz"", ""--forecast_export_origin"", ""893"", ""--forecast_export_channel"", ""-1"", ""--forecast_export_context"", ""96"", ""--forecast_export_only""]"
Weather,720,TimesNet,timesnet,893,CO2 (ppm),/home/cwh/Time-Series-Library/paper/neurocomputing/figures/fig3_curve_candidates/source_npz/weather_h720_timesnet.npz,/home/cwh/Time-Series-Library/logs/q2_main_baselines/records/timesnet_weather_sl336_pl720_s2021.json,formal_seed2021_record,"[""/home/cwh/Time-Series-Library/logs/q2_main_baselines/records/timesnet_weather_sl336_pl720_s2021.json""]","[""/home/cwh/Time-Series-Library/.venv/bin/python"", ""-u"", ""/home/cwh/Time-Series-Library/run.py"", ""--task_name"", ""long_term_forecast"", ""--is_training"", ""0"", ""--root_path"", ""/home/cwh/Time-Series-Library/dataset/weather"", ""--data_path"", ""weather.csv"", ""--model_id"", ""timesnet_weather_sl336_pl720_s2021"", ""--model"", ""TimesNet"", ""--seed"", ""2021"", ""--data"", ""custom"", ""--features"", ""M"", ""--target"", ""CO2 (ppm)"", ""--freq"", ""t"", ""--seq_len"", ""336"", ""--label_len"", ""48"", ""--pred_len"", ""720"", ""--enc_in"", ""21"", ""--dec_in"", ""21"", ""--c_out"", ""21"", ""--d_model"", ""32"", ""--d_ff"", ""32"", ""--n_heads"", ""4"", ""--e_layers"", ""2"", ""--d_layers"", ""1"", ""--factor"", ""3"", ""--dropout"", ""0.1"", ""--batch_size"", ""32"", ""--learning_rate"", ""0.0001"", ""--train_epochs"", ""10"", ""--patience"", ""3"", ""--lradj"", ""type1"", ""--num_workers"", ""0"", ""--gpu"", ""0"", ""--des"", ""timesnet_weather_sl336_pl720_s2021"", ""--itr"", ""1"", ""--checkpoints"", ""/home/cwh/Time-Series-Library/logs/q2_main_baselines/checkpoints"", ""--test_after_train"", ""1"", ""--top_k"", ""5"", ""--forecast_export_path"", ""/home/cwh/Time-Series-Library/paper/neurocomputing/figures/fig3_curve_candidates/source_npz/weather_h720_timesnet.npz"", ""--forecast_export_origin"", ""893"", ""--forecast_export_channel"", ""-1"", ""--forecast_export_context"", ""96"", ""--forecast_export_only""]"
Weather,720,DLinear,dlinear,893,CO2 (ppm),/home/cwh/Time-Series-Library/paper/neurocomputing/figures/fig3_curve_candidates/source_npz/weather_h720_dlinear.npz,/home/cwh/Time-Series-Library/logs/q2_main_baselines/records/dlinear_weather_sl336_pl720_s2021.json,formal_seed2021_record,"[""/home/cwh/Time-Series-Library/logs/q2_main_baselines/records/dlinear_weather_sl336_pl720_s2021.json""]","[""/home/cwh/Time-Series-Library/.venv/bin/python"", ""-u"", ""/home/cwh/Time-Series-Library/run.py"", ""--task_name"", ""long_term_forecast"", ""--is_training"", ""0"", ""--root_path"", ""/home/cwh/Time-Series-Library/dataset/weather"", ""--data_path"", ""weather.csv"", ""--model_id"", ""dlinear_weather_sl336_pl720_s2021"", ""--model"", ""DLinear"", ""--seed"", ""2021"", ""--data"", ""custom"", ""--features"", ""M"", ""--target"", ""CO2 (ppm)"", ""--freq"", ""t"", ""--seq_len"", ""336"", ""--label_len"", ""48"", ""--pred_len"", ""720"", ""--enc_in"", ""21"", ""--dec_in"", ""21"", ""--c_out"", ""21"", ""--d_model"", ""32"", ""--d_ff"", ""64"", ""--n_heads"", ""4"", ""--e_layers"", ""2"", ""--d_layers"", ""1"", ""--factor"", ""3"", ""--dropout"", ""0.1"", ""--batch_size"", ""32"", ""--learning_rate"", ""0.0001"", ""--train_epochs"", ""10"", ""--patience"", ""3"", ""--lradj"", ""type1"", ""--num_workers"", ""0"", ""--gpu"", ""0"", ""--des"", ""dlinear_weather_sl336_pl720_s2021"", ""--itr"", ""1"", ""--checkpoints"", ""/home/cwh/Time-Series-Library/logs/q2_main_baselines/checkpoints"", ""--test_after_train"", ""1"", ""--forecast_export_path"", ""/home/cwh/Time-Series-Library/paper/neurocomputing/figures/fig3_curve_candidates/source_npz/weather_h720_dlinear.npz"", ""--forecast_export_origin"", ""893"", ""--forecast_export_channel"", ""-1"", ""--forecast_export_context"", ""96"", ""--forecast_export_only""]"
