{"status": "waiting", "stage": "closest_formal", "detail": "tmux session timerole_p0_closest_formal is active", "updated_at": "2026-08-24T01:22:11.275520+08:00"}
{"status": "waiting", "stage": "closest_formal", "detail": "tmux session timerole_p0_closest_formal is active", "updated_at": "2026-08-24T01:23:11.278231+08:00"}
{"status": "waiting", "stage": "closest_formal", "detail": "tmux session timerole_p0_closest_formal is active", "updated_at": "2026-08-24T01:24:11.281217+08:00"}
{"status": "waiting", "stage": "closest_formal", "detail": "tmux session timerole_p0_closest_formal is active", "updated_at": "2026-08-24T01:25:11.285280+08:00"}
{"status": "waiting", "stage": "closest_formal", "detail": "tmux session timerole_p0_closest_formal is active", "updated_at": "2026-08-24T01:26:11.289451+08:00"}
{"status": "waiting", "stage": "closest_formal", "detail": "tmux session timerole_p0_closest_formal is active", "updated_at": "2026-08-24T01:27:11.293775+08:00"}
{"status": "waiting", "stage": "closest_formal", "detail": "tmux session timerole_p0_closest_formal is active", "updated_at": "2026-08-24T01:28:11.298333+08:00"}
{"status": "waiting", "stage": "closest_formal", "detail": "tmux session timerole_p0_closest_formal is active", "updated_at": "2026-08-24T01:29:11.301778+08:00"}
{"status": "waiting", "stage": "closest_formal", "detail": "tmux session timerole_p0_closest_formal is active", "updated_at": "2026-08-24T01:30:11.305445+08:00"}
{"status": "waiting", "stage": "closest_formal", "detail": "tmux session timerole_p0_closest_formal is active", "updated_at": "2026-08-24T01:31:11.308896+08:00"}
{"status": "waiting", "stage": "closest_formal", "detail": "tmux session timerole_p0_closest_formal is active", "updated_at": "2026-08-24T01:32:11.312342+08:00"}
{"status": "waiting", "stage": "closest_formal", "detail": "tmux session timerole_p0_closest_formal is active", "updated_at": "2026-08-24T01:33:11.316094+08:00"}
{"status": "waiting", "stage": "closest_formal", "detail": "tmux session timerole_p0_closest_formal is active", "updated_at": "2026-08-24T01:34:11.319602+08:00"}
{"status": "waiting", "stage": "closest_formal", "detail": "tmux session timerole_p0_closest_formal is active", "updated_at": "2026-08-24T01:35:11.322138+08:00"}
{"status": "waiting", "stage": "closest_formal", "detail": "tmux session timerole_p0_closest_formal is active", "updated_at": "2026-08-24T01:36:11.325183+08:00"}
{"status": "waiting", "stage": "closest_formal", "detail": "tmux session timerole_p0_closest_formal is active", "updated_at": "2026-08-24T01:37:11.327991+08:00"}
{"status": "waiting", "stage": "closest_formal", "detail": "tmux session timerole_p0_closest_formal is active", "updated_at": "2026-08-24T01:38:11.331467+08:00"}
{"status": "waiting", "stage": "closest_formal", "detail": "tmux session timerole_p0_closest_formal is active", "updated_at": "2026-08-24T01:39:11.335254+08:00"}
{"status": "waiting", "stage": "closest_formal", "detail": "tmux session timerole_p0_closest_formal is active", "updated_at": "2026-08-24T01:40:11.338904+08:00"}
{"status": "waiting", "stage": "closest_formal", "detail": "tmux session timerole_p0_closest_formal is active", "updated_at": "2026-08-24T01:41:11.342661+08:00"}
{"status": "waiting", "stage": "closest_formal", "detail": "tmux session timerole_p0_closest_formal is active", "updated_at": "2026-08-24T01:42:11.346365+08:00"}
{"status": "waiting", "stage": "closest_formal", "detail": "tmux session timerole_p0_closest_formal is active", "updated_at": "2026-08-24T01:43:11.349903+08:00"}
{"status": "waiting", "stage": "closest_formal", "detail": "tmux session timerole_p0_closest_formal is active", "updated_at": "2026-08-24T01:44:11.353480+08:00"}
{"status": "waiting", "stage": "closest_formal", "detail": "tmux session timerole_p0_closest_formal is active", "updated_at": "2026-08-24T01:45:11.355968+08:00"}
{"status": "waiting", "stage": "closest_formal", "detail": "tmux session timerole_p0_closest_formal is active", "updated_at": "2026-08-24T01:46:11.358822+08:00"}
{"status": "waiting", "stage": "closest_formal", "detail": "tmux session timerole_p0_closest_formal is active", "updated_at": "2026-08-24T01:47:11.361555+08:00"}
{"status": "waiting", "stage": "closest_formal", "detail": "tmux session timerole_p0_closest_formal is active", "updated_at": "2026-08-24T01:48:11.365749+08:00"}
{"status": "waiting", "stage": "closest_formal", "detail": "tmux session timerole_p0_closest_formal is active", "updated_at": "2026-08-24T01:49:11.369519+08:00"}
{"status": "waiting", "stage": "closest_formal", "detail": "tmux session timerole_p0_closest_formal is active", "updated_at": "2026-08-24T01:50:11.372128+08:00"}
{"status": "waiting", "stage": "closest_formal", "detail": "tmux session timerole_p0_closest_formal is active", "updated_at": "2026-08-24T01:51:11.374955+08:00"}
{"status": "waiting", "stage": "closest_formal", "detail": "tmux session timerole_p0_closest_formal is active", "updated_at": "2026-08-24T01:52:11.378544+08:00"}
{"status": "waiting", "stage": "closest_formal", "detail": "tmux session timerole_p0_closest_formal is active", "updated_at": "2026-08-24T01:53:11.382286+08:00"}
{"status": "waiting", "stage": "closest_formal", "detail": "tmux session timerole_p0_closest_formal is active", "updated_at": "2026-08-24T01:54:11.385632+08:00"}
{"status": "waiting", "stage": "closest_formal", "detail": "tmux session timerole_p0_closest_formal is active", "updated_at": "2026-08-24T01:55:11.389124+08:00"}
{"status": "waiting", "stage": "closest_formal", "detail": "tmux session timerole_p0_closest_formal is active", "updated_at": "2026-08-24T01:56:11.391882+08:00"}
{"status": "waiting", "stage": "closest_formal", "detail": "tmux session timerole_p0_closest_formal is active", "updated_at": "2026-08-24T01:57:11.395692+08:00"}
{"status": "waiting", "stage": "closest_formal", "detail": "tmux session timerole_p0_closest_formal is active", "updated_at": "2026-08-24T01:58:11.399478+08:00"}
{"status": "waiting", "stage": "closest_formal", "detail": "tmux session timerole_p0_closest_formal is active", "updated_at": "2026-08-24T01:59:11.402715+08:00"}
{"status": "waiting", "stage": "closest_formal", "detail": "tmux session timerole_p0_closest_formal is active", "updated_at": "2026-08-24T02:00:11.405478+08:00"}
{"status": "waiting", "stage": "closest_formal", "detail": "tmux session timerole_p0_closest_formal is active", "updated_at": "2026-08-24T02:01:11.409345+08:00"}
{"status": "waiting", "stage": "closest_formal", "detail": "tmux session timerole_p0_closest_formal is active", "updated_at": "2026-08-24T02:02:11.413055+08:00"}
{"status": "waiting", "stage": "closest_formal", "detail": "tmux session timerole_p0_closest_formal is active", "updated_at": "2026-08-24T02:03:11.415773+08:00"}
{"status": "waiting", "stage": "closest_formal", "detail": "tmux session timerole_p0_closest_formal is active", "updated_at": "2026-08-24T02:04:11.419136+08:00"}
{"status": "waiting", "stage": "closest_formal", "detail": "tmux session timerole_p0_closest_formal is active", "updated_at": "2026-08-24T02:05:11.422552+08:00"}
{"status": "waiting", "stage": "closest_formal", "detail": "tmux session timerole_p0_closest_formal is active", "updated_at": "2026-08-24T02:06:11.425287+08:00"}
{"status": "waiting", "stage": "closest_formal", "detail": "tmux session timerole_p0_closest_formal is active", "updated_at": "2026-08-24T02:07:11.429094+08:00"}
{"status": "waiting", "stage": "closest_formal", "detail": "tmux session timerole_p0_closest_formal is active", "updated_at": "2026-08-24T02:08:11.441369+08:00"}
{"status": "waiting", "stage": "closest_formal", "detail": "tmux session timerole_p0_closest_formal is active", "updated_at": "2026-08-24T02:09:11.453558+08:00"}
{"status": "waiting", "stage": "closest_formal", "detail": "tmux session timerole_p0_closest_formal is active", "updated_at": "2026-08-24T02:10:11.456541+08:00"}
{"status": "waiting", "stage": "closest_formal", "detail": "tmux session timerole_p0_closest_formal is active", "updated_at": "2026-08-24T02:11:11.466247+08:00"}
{"status": "waiting", "stage": "closest_formal", "detail": "tmux session timerole_p0_closest_formal is active", "updated_at": "2026-08-24T02:12:11.470073+08:00"}
{"status": "waiting", "stage": "closest_formal", "detail": "tmux session timerole_p0_closest_formal is active", "updated_at": "2026-08-24T02:13:11.473493+08:00"}
{"status": "waiting", "stage": "closest_formal", "detail": "tmux session timerole_p0_closest_formal is active", "updated_at": "2026-08-24T02:14:11.476944+08:00"}
{"status": "waiting", "stage": "closest_formal", "detail": "tmux session timerole_p0_closest_formal is active", "updated_at": "2026-08-24T02:15:11.480926+08:00"}
{"status": "waiting", "stage": "closest_formal", "detail": "tmux session timerole_p0_closest_formal is active", "updated_at": "2026-08-24T02:16:11.484730+08:00"}
{"status": "waiting", "stage": "closest_formal", "detail": "tmux session timerole_p0_closest_formal is active", "updated_at": "2026-08-24T02:17:11.488108+08:00"}
{"status": "waiting", "stage": "closest_formal", "detail": "tmux session timerole_p0_closest_formal is active", "updated_at": "2026-08-24T02:18:11.491643+08:00"}
{"status": "waiting", "stage": "closest_formal", "detail": "tmux session timerole_p0_closest_formal is active", "updated_at": "2026-08-24T02:19:11.493947+08:00"}
{"status": "waiting", "stage": "closest_formal", "detail": "tmux session timerole_p0_closest_formal is active", "updated_at": "2026-08-24T02:20:11.496839+08:00"}
{"status": "waiting", "stage": "closest_formal", "detail": "tmux session timerole_p0_closest_formal is active", "updated_at": "2026-08-24T02:21:11.500057+08:00"}
{"status": "waiting", "stage": "closest_formal", "detail": "tmux session timerole_p0_closest_formal is active", "updated_at": "2026-08-24T02:22:11.503928+08:00"}
{"status": "waiting", "stage": "closest_formal", "detail": "tmux session timerole_p0_closest_formal is active", "updated_at": "2026-08-24T02:23:11.507705+08:00"}
{"status": "waiting", "stage": "closest_formal", "detail": "tmux session timerole_p0_closest_formal is active", "updated_at": "2026-08-24T02:24:11.520021+08:00"}
{"status": "waiting", "stage": "closest_formal", "detail": "tmux session timerole_p0_closest_formal is active", "updated_at": "2026-08-24T02:25:11.523509+08:00"}
{"status": "waiting", "stage": "closest_formal", "detail": "tmux session timerole_p0_closest_formal is active", "updated_at": "2026-08-24T02:26:11.526845+08:00"}
{"status": "waiting", "stage": "closest_formal", "detail": "tmux session timerole_p0_closest_formal is active", "updated_at": "2026-08-24T02:27:11.530452+08:00"}
{"status": "waiting", "stage": "closest_formal", "detail": "tmux session timerole_p0_closest_formal is active", "updated_at": "2026-08-24T02:28:11.534110+08:00"}
{"status": "waiting", "stage": "closest_formal", "detail": "tmux session timerole_p0_closest_formal is active", "updated_at": "2026-08-24T02:29:11.538471+08:00"}
{"status": "launching", "stage": "closest_finalize", "detail": "/home/cwh/Time-Series-Library/.venv/bin/python -u scripts/finalize_timerole_closest.py", "updated_at": "2026-08-24T02:30:11.552240+08:00"}
{"status": "waiting", "stage": "closest_finalize", "detail": "tmux session timerole_p0_closest_finalize is active", "updated_at": "2026-08-24T02:30:11.559333+08:00"}
{"status": "gate_passed", "stage": "closest_finalize", "detail": "/home/cwh/Time-Series-Library/logs/timerole_p0/closest/formal/final/audit.json", "updated_at": "2026-08-24T02:31:11.562580+08:00"}
{"status": "launching", "stage": "sensitivity", "detail": "/home/cwh/Time-Series-Library/.venv/bin/python -u scripts/run_timerole_p0_sensitivity.py --gpu 0 --epochs 100 --patience 6 --timeout-seconds 7200", "updated_at": "2026-08-24T02:31:11.565135+08:00"}
{"status": "waiting", "stage": "sensitivity", "detail": "tmux session timerole_p0_sensitivity is active", "updated_at": "2026-08-24T02:31:11.571936+08:00"}
{"status": "waiting", "stage": "sensitivity", "detail": "tmux session timerole_p0_sensitivity is active", "updated_at": "2026-08-24T02:32:11.575874+08:00"}
{"status": "waiting", "stage": "sensitivity", "detail": "tmux session timerole_p0_sensitivity is active", "updated_at": "2026-08-24T02:33:11.578698+08:00"}
{"status": "waiting", "stage": "sensitivity", "detail": "tmux session timerole_p0_sensitivity is active", "updated_at": "2026-08-24T02:34:11.582937+08:00"}
{"status": "waiting", "stage": "sensitivity", "detail": "tmux session timerole_p0_sensitivity is active", "updated_at": "2026-08-24T02:35:11.585769+08:00"}
{"status": "waiting", "stage": "sensitivity", "detail": "tmux session timerole_p0_sensitivity is active", "updated_at": "2026-08-24T02:36:11.598269+08:00"}
{"status": "waiting", "stage": "sensitivity", "detail": "tmux session timerole_p0_sensitivity is active", "updated_at": "2026-08-24T02:37:11.601059+08:00"}
{"status": "waiting", "stage": "sensitivity", "detail": "tmux session timerole_p0_sensitivity is active", "updated_at": "2026-08-24T02:38:11.605640+08:00"}
{"status": "waiting", "stage": "sensitivity", "detail": "tmux session timerole_p0_sensitivity is active", "updated_at": "2026-08-24T02:39:11.609323+08:00"}
{"status": "waiting", "stage": "sensitivity", "detail": "tmux session timerole_p0_sensitivity is active", "updated_at": "2026-08-24T02:40:11.613729+08:00"}
{"status": "waiting", "stage": "sensitivity", "detail": "tmux session timerole_p0_sensitivity is active", "updated_at": "2026-08-24T02:41:11.626161+08:00"}
{"status": "waiting", "stage": "sensitivity", "detail": "tmux session timerole_p0_sensitivity is active", "updated_at": "2026-08-24T02:42:11.629006+08:00"}
{"status": "waiting", "stage": "sensitivity", "detail": "tmux session timerole_p0_sensitivity is active", "updated_at": "2026-08-24T02:43:11.640557+08:00"}
{"status": "waiting", "stage": "sensitivity", "detail": "tmux session timerole_p0_sensitivity is active", "updated_at": "2026-08-24T02:44:11.652055+08:00"}
{"status": "waiting", "stage": "sensitivity", "detail": "tmux session timerole_p0_sensitivity is active", "updated_at": "2026-08-24T02:45:11.655479+08:00"}
{"status": "waiting", "stage": "sensitivity", "detail": "tmux session timerole_p0_sensitivity is active", "updated_at": "2026-08-24T02:46:11.659174+08:00"}
{"status": "waiting", "stage": "sensitivity", "detail": "tmux session timerole_p0_sensitivity is active", "updated_at": "2026-08-24T02:47:11.661742+08:00"}
{"status": "waiting", "stage": "sensitivity", "detail": "tmux session timerole_p0_sensitivity is active", "updated_at": "2026-08-24T02:48:11.665167+08:00"}
{"status": "waiting", "stage": "sensitivity", "detail": "tmux session timerole_p0_sensitivity is active", "updated_at": "2026-08-24T02:49:11.668903+08:00"}
{"status": "waiting", "stage": "sensitivity", "detail": "tmux session timerole_p0_sensitivity is active", "updated_at": "2026-08-24T02:50:11.671891+08:00"}
{"status": "waiting", "stage": "sensitivity", "detail": "tmux session timerole_p0_sensitivity is active", "updated_at": "2026-08-24T02:51:11.675636+08:00"}
{"status": "waiting", "stage": "sensitivity", "detail": "tmux session timerole_p0_sensitivity is active", "updated_at": "2026-08-24T02:52:11.678084+08:00"}
{"status": "waiting", "stage": "sensitivity", "detail": "tmux session timerole_p0_sensitivity is active", "updated_at": "2026-08-24T02:53:11.690415+08:00"}
{"status": "waiting", "stage": "sensitivity", "detail": "tmux session timerole_p0_sensitivity is active", "updated_at": "2026-08-24T02:54:11.702224+08:00"}
{"status": "waiting", "stage": "sensitivity", "detail": "tmux session timerole_p0_sensitivity is active", "updated_at": "2026-08-24T02:55:11.705065+08:00"}
{"status": "waiting", "stage": "sensitivity", "detail": "tmux session timerole_p0_sensitivity is active", "updated_at": "2026-08-24T02:56:11.707746+08:00"}
{"status": "waiting", "stage": "sensitivity", "detail": "tmux session timerole_p0_sensitivity is active", "updated_at": "2026-08-24T02:57:11.719762+08:00"}
{"status": "waiting", "stage": "sensitivity", "detail": "tmux session timerole_p0_sensitivity is active", "updated_at": "2026-08-24T02:58:11.723634+08:00"}
{"status": "waiting", "stage": "sensitivity", "detail": "tmux session timerole_p0_sensitivity is active", "updated_at": "2026-08-24T02:59:11.726422+08:00"}
{"status": "waiting", "stage": "sensitivity", "detail": "tmux session timerole_p0_sensitivity is active", "updated_at": "2026-08-24T03:00:11.729788+08:00"}
{"status": "waiting", "stage": "sensitivity", "detail": "tmux session timerole_p0_sensitivity is active", "updated_at": "2026-08-24T03:01:11.741171+08:00"}
{"status": "waiting", "stage": "sensitivity", "detail": "tmux session timerole_p0_sensitivity is active", "updated_at": "2026-08-24T03:02:11.744511+08:00"}
{"status": "waiting", "stage": "sensitivity", "detail": "tmux session timerole_p0_sensitivity is active", "updated_at": "2026-08-24T03:03:11.747692+08:00"}
{"status": "waiting", "stage": "sensitivity", "detail": "tmux session timerole_p0_sensitivity is active", "updated_at": "2026-08-24T03:04:11.750579+08:00"}
{"status": "waiting", "stage": "sensitivity", "detail": "tmux session timerole_p0_sensitivity is active", "updated_at": "2026-08-24T03:05:11.753387+08:00"}
{"status": "waiting", "stage": "sensitivity", "detail": "tmux session timerole_p0_sensitivity is active", "updated_at": "2026-08-24T03:06:11.756255+08:00"}
{"status": "waiting", "stage": "sensitivity", "detail": "tmux session timerole_p0_sensitivity is active", "updated_at": "2026-08-24T03:07:11.758788+08:00"}
{"status": "waiting", "stage": "sensitivity", "detail": "tmux session timerole_p0_sensitivity is active", "updated_at": "2026-08-24T03:08:11.762660+08:00"}
{"status": "waiting", "stage": "sensitivity", "detail": "tmux session timerole_p0_sensitivity is active", "updated_at": "2026-08-24T03:09:11.765646+08:00"}
{"status": "waiting", "stage": "sensitivity", "detail": "tmux session timerole_p0_sensitivity is active", "updated_at": "2026-08-24T03:10:11.768183+08:00"}
{"status": "waiting", "stage": "sensitivity", "detail": "tmux session timerole_p0_sensitivity is active", "updated_at": "2026-08-24T03:11:11.772395+08:00"}
{"status": "waiting", "stage": "sensitivity", "detail": "tmux session timerole_p0_sensitivity is active", "updated_at": "2026-08-24T03:12:11.784887+08:00"}
{"status": "waiting", "stage": "sensitivity", "detail": "tmux session timerole_p0_sensitivity is active", "updated_at": "2026-08-24T03:13:11.787882+08:00"}
{"status": "waiting", "stage": "sensitivity", "detail": "tmux session timerole_p0_sensitivity is active", "updated_at": "2026-08-24T03:14:11.790661+08:00"}
{"status": "waiting", "stage": "sensitivity", "detail": "tmux session timerole_p0_sensitivity is active", "updated_at": "2026-08-24T03:15:11.793065+08:00"}
{"status": "waiting", "stage": "sensitivity", "detail": "tmux session timerole_p0_sensitivity is active", "updated_at": "2026-08-24T03:16:11.796414+08:00"}
{"status": "waiting", "stage": "sensitivity", "detail": "tmux session timerole_p0_sensitivity is active", "updated_at": "2026-08-24T03:17:11.799672+08:00"}
{"status": "waiting", "stage": "sensitivity", "detail": "tmux session timerole_p0_sensitivity is active", "updated_at": "2026-08-24T03:18:11.804617+08:00"}
{"status": "waiting", "stage": "sensitivity", "detail": "tmux session timerole_p0_sensitivity is active", "updated_at": "2026-08-24T03:19:11.816619+08:00"}
{"status": "waiting", "stage": "sensitivity", "detail": "tmux session timerole_p0_sensitivity is active", "updated_at": "2026-08-24T03:20:11.820485+08:00"}
{"status": "waiting", "stage": "sensitivity", "detail": "tmux session timerole_p0_sensitivity is active", "updated_at": "2026-08-24T03:21:11.832576+08:00"}
{"status": "waiting", "stage": "sensitivity", "detail": "tmux session timerole_p0_sensitivity is active", "updated_at": "2026-08-24T03:22:11.835219+08:00"}
{"status": "waiting", "stage": "sensitivity", "detail": "tmux session timerole_p0_sensitivity is active", "updated_at": "2026-08-24T03:23:11.847662+08:00"}
{"status": "waiting", "stage": "sensitivity", "detail": "tmux session timerole_p0_sensitivity is active", "updated_at": "2026-08-24T03:24:11.859423+08:00"}
{"status": "waiting", "stage": "sensitivity", "detail": "tmux session timerole_p0_sensitivity is active", "updated_at": "2026-08-24T03:25:11.862914+08:00"}
{"status": "waiting", "stage": "sensitivity", "detail": "tmux session timerole_p0_sensitivity is active", "updated_at": "2026-08-24T03:26:11.866534+08:00"}
{"status": "waiting", "stage": "sensitivity", "detail": "tmux session timerole_p0_sensitivity is active", "updated_at": "2026-08-24T03:27:11.870874+08:00"}
{"status": "waiting", "stage": "sensitivity", "detail": "tmux session timerole_p0_sensitivity is active", "updated_at": "2026-08-24T03:28:11.874353+08:00"}
{"status": "waiting", "stage": "sensitivity", "detail": "tmux session timerole_p0_sensitivity is active", "updated_at": "2026-08-24T03:29:11.878833+08:00"}
{"status": "waiting", "stage": "sensitivity", "detail": "tmux session timerole_p0_sensitivity is active", "updated_at": "2026-08-24T03:30:11.891126+08:00"}
{"status": "waiting", "stage": "sensitivity", "detail": "tmux session timerole_p0_sensitivity is active", "updated_at": "2026-08-24T03:31:11.894648+08:00"}
{"status": "waiting", "stage": "sensitivity", "detail": "tmux session timerole_p0_sensitivity is active", "updated_at": "2026-08-24T03:32:11.897585+08:00"}
{"status": "waiting", "stage": "sensitivity", "detail": "tmux session timerole_p0_sensitivity is active", "updated_at": "2026-08-24T03:33:11.900177+08:00"}
{"status": "waiting", "stage": "sensitivity", "detail": "tmux session timerole_p0_sensitivity is active", "updated_at": "2026-08-24T03:34:11.903384+08:00"}
{"status": "waiting", "stage": "sensitivity", "detail": "tmux session timerole_p0_sensitivity is active", "updated_at": "2026-08-24T03:35:11.905965+08:00"}
{"status": "waiting", "stage": "sensitivity", "detail": "tmux session timerole_p0_sensitivity is active", "updated_at": "2026-08-24T03:36:11.909335+08:00"}
{"status": "waiting", "stage": "sensitivity", "detail": "tmux session timerole_p0_sensitivity is active", "updated_at": "2026-08-24T03:37:11.921485+08:00"}
{"status": "waiting", "stage": "sensitivity", "detail": "tmux session timerole_p0_sensitivity is active", "updated_at": "2026-08-24T03:38:11.924741+08:00"}
{"status": "waiting", "stage": "sensitivity", "detail": "tmux session timerole_p0_sensitivity is active", "updated_at": "2026-08-24T03:39:11.936161+08:00"}
{"status": "waiting", "stage": "sensitivity", "detail": "tmux session timerole_p0_sensitivity is active", "updated_at": "2026-08-24T03:40:11.939340+08:00"}
{"status": "waiting", "stage": "sensitivity", "detail": "tmux session timerole_p0_sensitivity is active", "updated_at": "2026-08-24T03:41:11.943765+08:00"}
{"status": "waiting", "stage": "sensitivity", "detail": "tmux session timerole_p0_sensitivity is active", "updated_at": "2026-08-24T03:42:11.947637+08:00"}
{"status": "waiting", "stage": "sensitivity", "detail": "tmux session timerole_p0_sensitivity is active", "updated_at": "2026-08-24T03:43:11.960864+08:00"}
{"status": "waiting", "stage": "sensitivity", "detail": "tmux session timerole_p0_sensitivity is active", "updated_at": "2026-08-24T03:44:11.964793+08:00"}
{"status": "waiting", "stage": "sensitivity", "detail": "tmux session timerole_p0_sensitivity is active", "updated_at": "2026-08-24T03:45:11.967560+08:00"}
{"status": "waiting", "stage": "sensitivity", "detail": "tmux session timerole_p0_sensitivity is active", "updated_at": "2026-08-24T03:46:11.970552+08:00"}
{"status": "waiting", "stage": "sensitivity", "detail": "tmux session timerole_p0_sensitivity is active", "updated_at": "2026-08-24T03:47:11.974133+08:00"}
{"status": "waiting", "stage": "sensitivity", "detail": "tmux session timerole_p0_sensitivity is active", "updated_at": "2026-08-24T03:48:11.985959+08:00"}
{"status": "waiting", "stage": "sensitivity", "detail": "tmux session timerole_p0_sensitivity is active", "updated_at": "2026-08-24T03:49:11.998416+08:00"}
{"status": "waiting", "stage": "sensitivity", "detail": "tmux session timerole_p0_sensitivity is active", "updated_at": "2026-08-24T03:50:12.010376+08:00"}
{"status": "waiting", "stage": "sensitivity", "detail": "tmux session timerole_p0_sensitivity is active", "updated_at": "2026-08-24T03:51:12.013033+08:00"}
{"status": "waiting", "stage": "sensitivity", "detail": "tmux session timerole_p0_sensitivity is active", "updated_at": "2026-08-24T03:52:12.016467+08:00"}
{"status": "waiting", "stage": "sensitivity", "detail": "tmux session timerole_p0_sensitivity is active", "updated_at": "2026-08-24T03:53:12.020181+08:00"}
{"status": "waiting", "stage": "sensitivity", "detail": "tmux session timerole_p0_sensitivity is active", "updated_at": "2026-08-24T03:54:12.024054+08:00"}
{"status": "waiting", "stage": "sensitivity", "detail": "tmux session timerole_p0_sensitivity is active", "updated_at": "2026-08-24T03:55:12.027029+08:00"}
{"status": "waiting", "stage": "sensitivity", "detail": "tmux session timerole_p0_sensitivity is active", "updated_at": "2026-08-24T03:56:12.031089+08:00"}
{"status": "waiting", "stage": "sensitivity", "detail": "tmux session timerole_p0_sensitivity is active", "updated_at": "2026-08-24T03:57:12.034969+08:00"}
{"status": "waiting", "stage": "sensitivity", "detail": "tmux session timerole_p0_sensitivity is active", "updated_at": "2026-08-24T03:58:12.037568+08:00"}
{"status": "waiting", "stage": "sensitivity", "detail": "tmux session timerole_p0_sensitivity is active", "updated_at": "2026-08-24T03:59:12.040646+08:00"}
{"status": "waiting", "stage": "sensitivity", "detail": "tmux session timerole_p0_sensitivity is active", "updated_at": "2026-08-24T04:00:12.044030+08:00"}
{"status": "waiting", "stage": "sensitivity", "detail": "tmux session timerole_p0_sensitivity is active", "updated_at": "2026-08-24T04:01:12.046881+08:00"}
{"status": "waiting", "stage": "sensitivity", "detail": "tmux session timerole_p0_sensitivity is active", "updated_at": "2026-08-24T04:02:12.049803+08:00"}
{"status": "waiting", "stage": "sensitivity", "detail": "tmux session timerole_p0_sensitivity is active", "updated_at": "2026-08-24T04:03:12.052629+08:00"}
{"status": "waiting", "stage": "sensitivity", "detail": "tmux session timerole_p0_sensitivity is active", "updated_at": "2026-08-24T04:04:12.055791+08:00"}
{"status": "waiting", "stage": "sensitivity", "detail": "tmux session timerole_p0_sensitivity is active", "updated_at": "2026-08-24T04:05:12.058567+08:00"}
{"status": "waiting", "stage": "sensitivity", "detail": "tmux session timerole_p0_sensitivity is active", "updated_at": "2026-08-24T04:06:12.062235+08:00"}
{"status": "waiting", "stage": "sensitivity", "detail": "tmux session timerole_p0_sensitivity is active", "updated_at": "2026-08-24T04:07:12.065069+08:00"}
{"status": "waiting", "stage": "sensitivity", "detail": "tmux session timerole_p0_sensitivity is active", "updated_at": "2026-08-24T04:08:12.076719+08:00"}
{"status": "waiting", "stage": "sensitivity", "detail": "tmux session timerole_p0_sensitivity is active", "updated_at": "2026-08-24T04:09:12.080238+08:00"}
{"status": "waiting", "stage": "sensitivity", "detail": "tmux session timerole_p0_sensitivity is active", "updated_at": "2026-08-24T04:10:12.083720+08:00"}
{"status": "waiting", "stage": "sensitivity", "detail": "tmux session timerole_p0_sensitivity is active", "updated_at": "2026-08-24T04:11:12.086623+08:00"}
{"status": "waiting", "stage": "sensitivity", "detail": "tmux session timerole_p0_sensitivity is active", "updated_at": "2026-08-24T04:12:12.090220+08:00"}
{"status": "waiting", "stage": "sensitivity", "detail": "tmux session timerole_p0_sensitivity is active", "updated_at": "2026-08-24T04:13:12.093744+08:00"}
{"status": "waiting", "stage": "sensitivity", "detail": "tmux session timerole_p0_sensitivity is active", "updated_at": "2026-08-24T04:14:12.097393+08:00"}
{"status": "waiting", "stage": "sensitivity", "detail": "tmux session timerole_p0_sensitivity is active", "updated_at": "2026-08-24T04:15:12.109622+08:00"}
{"status": "waiting", "stage": "sensitivity", "detail": "tmux session timerole_p0_sensitivity is active", "updated_at": "2026-08-24T04:16:12.113182+08:00"}
{"status": "waiting", "stage": "sensitivity", "detail": "tmux session timerole_p0_sensitivity is active", "updated_at": "2026-08-24T04:17:12.115942+08:00"}
{"status": "waiting", "stage": "sensitivity", "detail": "tmux session timerole_p0_sensitivity is active", "updated_at": "2026-08-24T04:18:12.127682+08:00"}
{"status": "waiting", "stage": "sensitivity", "detail": "tmux session timerole_p0_sensitivity is active", "updated_at": "2026-08-24T04:19:12.131153+08:00"}
{"status": "waiting", "stage": "sensitivity", "detail": "tmux session timerole_p0_sensitivity is active", "updated_at": "2026-08-24T04:20:12.133847+08:00"}
{"status": "waiting", "stage": "sensitivity", "detail": "tmux session timerole_p0_sensitivity is active", "updated_at": "2026-08-24T04:21:12.137674+08:00"}
{"status": "waiting", "stage": "sensitivity", "detail": "tmux session timerole_p0_sensitivity is active", "updated_at": "2026-08-24T04:22:12.141342+08:00"}
{"status": "waiting", "stage": "sensitivity", "detail": "tmux session timerole_p0_sensitivity is active", "updated_at": "2026-08-24T04:23:12.144820+08:00"}
{"status": "waiting", "stage": "sensitivity", "detail": "tmux session timerole_p0_sensitivity is active", "updated_at": "2026-08-24T04:24:12.148502+08:00"}
{"status": "waiting", "stage": "sensitivity", "detail": "tmux session timerole_p0_sensitivity is active", "updated_at": "2026-08-24T04:25:12.151415+08:00"}
{"status": "waiting", "stage": "sensitivity", "detail": "tmux session timerole_p0_sensitivity is active", "updated_at": "2026-08-24T04:26:12.154320+08:00"}
{"status": "waiting", "stage": "sensitivity", "detail": "tmux session timerole_p0_sensitivity is active", "updated_at": "2026-08-24T04:27:12.157711+08:00"}
{"status": "waiting", "stage": "sensitivity", "detail": "tmux session timerole_p0_sensitivity is active", "updated_at": "2026-08-24T04:28:12.160670+08:00"}
{"status": "waiting", "stage": "sensitivity", "detail": "tmux session timerole_p0_sensitivity is active", "updated_at": "2026-08-24T04:29:12.164474+08:00"}
{"status": "waiting", "stage": "sensitivity", "detail": "tmux session timerole_p0_sensitivity is active", "updated_at": "2026-08-24T04:30:12.176250+08:00"}
{"status": "waiting", "stage": "sensitivity", "detail": "tmux session timerole_p0_sensitivity is active", "updated_at": "2026-08-24T04:31:12.179501+08:00"}
{"status": "waiting", "stage": "sensitivity", "detail": "tmux session timerole_p0_sensitivity is active", "updated_at": "2026-08-24T04:32:12.183127+08:00"}
{"status": "waiting", "stage": "sensitivity", "detail": "tmux session timerole_p0_sensitivity is active", "updated_at": "2026-08-24T04:33:12.195768+08:00"}
{"status": "waiting", "stage": "sensitivity", "detail": "tmux session timerole_p0_sensitivity is active", "updated_at": "2026-08-24T04:34:12.198692+08:00"}
{"status": "waiting", "stage": "sensitivity", "detail": "tmux session timerole_p0_sensitivity is active", "updated_at": "2026-08-24T04:35:12.201951+08:00"}
{"status": "waiting", "stage": "sensitivity", "detail": "tmux session timerole_p0_sensitivity is active", "updated_at": "2026-08-24T04:36:12.205482+08:00"}
{"status": "waiting", "stage": "sensitivity", "detail": "tmux session timerole_p0_sensitivity is active", "updated_at": "2026-08-24T04:37:12.209313+08:00"}
{"status": "waiting", "stage": "sensitivity", "detail": "tmux session timerole_p0_sensitivity is active", "updated_at": "2026-08-24T04:38:12.221459+08:00"}
{"status": "waiting", "stage": "sensitivity", "detail": "tmux session timerole_p0_sensitivity is active", "updated_at": "2026-08-24T04:39:12.224506+08:00"}
{"status": "waiting", "stage": "sensitivity", "detail": "tmux session timerole_p0_sensitivity is active", "updated_at": "2026-08-24T04:40:12.228116+08:00"}
{"status": "waiting", "stage": "sensitivity", "detail": "tmux session timerole_p0_sensitivity is active", "updated_at": "2026-08-24T04:41:12.231099+08:00"}
{"status": "waiting", "stage": "sensitivity", "detail": "tmux session timerole_p0_sensitivity is active", "updated_at": "2026-08-24T04:42:12.235847+08:00"}
{"status": "waiting", "stage": "sensitivity", "detail": "tmux session timerole_p0_sensitivity is active", "updated_at": "2026-08-24T04:43:12.238720+08:00"}
{"status": "waiting", "stage": "sensitivity", "detail": "tmux session timerole_p0_sensitivity is active", "updated_at": "2026-08-24T04:44:12.241717+08:00"}
{"status": "waiting", "stage": "sensitivity", "detail": "tmux session timerole_p0_sensitivity is active", "updated_at": "2026-08-24T04:45:12.244347+08:00"}
{"status": "waiting", "stage": "sensitivity", "detail": "tmux session timerole_p0_sensitivity is active", "updated_at": "2026-08-24T04:46:12.248275+08:00"}
{"status": "waiting", "stage": "sensitivity", "detail": "tmux session timerole_p0_sensitivity is active", "updated_at": "2026-08-24T04:47:12.251318+08:00"}
{"status": "waiting", "stage": "sensitivity", "detail": "tmux session timerole_p0_sensitivity is active", "updated_at": "2026-08-24T04:48:12.254651+08:00"}
{"status": "waiting", "stage": "sensitivity", "detail": "tmux session timerole_p0_sensitivity is active", "updated_at": "2026-08-24T04:49:12.258328+08:00"}
{"status": "waiting", "stage": "sensitivity", "detail": "tmux session timerole_p0_sensitivity is active", "updated_at": "2026-08-24T04:50:12.261734+08:00"}
{"status": "waiting", "stage": "sensitivity", "detail": "tmux session timerole_p0_sensitivity is active", "updated_at": "2026-08-24T04:51:12.264820+08:00"}
{"status": "waiting", "stage": "sensitivity", "detail": "tmux session timerole_p0_sensitivity is active", "updated_at": "2026-08-24T04:52:12.268594+08:00"}
{"status": "waiting", "stage": "sensitivity", "detail": "tmux session timerole_p0_sensitivity is active", "updated_at": "2026-08-24T04:53:12.271479+08:00"}
{"status": "waiting", "stage": "sensitivity", "detail": "tmux session timerole_p0_sensitivity is active", "updated_at": "2026-08-24T04:54:12.274806+08:00"}
{"status": "waiting", "stage": "sensitivity", "detail": "tmux session timerole_p0_sensitivity is active", "updated_at": "2026-08-24T04:55:12.279052+08:00"}
{"status": "waiting", "stage": "sensitivity", "detail": "tmux session timerole_p0_sensitivity is active", "updated_at": "2026-08-24T04:56:12.281835+08:00"}
{"status": "waiting", "stage": "sensitivity", "detail": "tmux session timerole_p0_sensitivity is active", "updated_at": "2026-08-24T04:57:12.285207+08:00"}
{"status": "waiting", "stage": "sensitivity", "detail": "tmux session timerole_p0_sensitivity is active", "updated_at": "2026-08-24T04:58:12.289564+08:00"}
{"status": "waiting", "stage": "sensitivity", "detail": "tmux session timerole_p0_sensitivity is active", "updated_at": "2026-08-24T04:59:12.292367+08:00"}
{"status": "waiting", "stage": "sensitivity", "detail": "tmux session timerole_p0_sensitivity is active", "updated_at": "2026-08-24T05:00:12.295012+08:00"}
{"status": "waiting", "stage": "sensitivity", "detail": "tmux session timerole_p0_sensitivity is active", "updated_at": "2026-08-24T05:01:12.297828+08:00"}
{"status": "waiting", "stage": "sensitivity", "detail": "tmux session timerole_p0_sensitivity is active", "updated_at": "2026-08-24T05:02:12.301484+08:00"}
{"status": "waiting", "stage": "sensitivity", "detail": "tmux session timerole_p0_sensitivity is active", "updated_at": "2026-08-24T05:03:12.304285+08:00"}
{"status": "waiting", "stage": "sensitivity", "detail": "tmux session timerole_p0_sensitivity is active", "updated_at": "2026-08-24T05:04:12.308504+08:00"}
{"status": "waiting", "stage": "sensitivity", "detail": "tmux session timerole_p0_sensitivity is active", "updated_at": "2026-08-24T05:05:12.312685+08:00"}
{"status": "waiting", "stage": "sensitivity", "detail": "tmux session timerole_p0_sensitivity is active", "updated_at": "2026-08-24T05:06:12.315927+08:00"}
{"status": "waiting", "stage": "sensitivity", "detail": "tmux session timerole_p0_sensitivity is active", "updated_at": "2026-08-24T05:07:12.319027+08:00"}
{"status": "waiting", "stage": "sensitivity", "detail": "tmux session timerole_p0_sensitivity is active", "updated_at": "2026-08-24T05:08:12.321772+08:00"}
{"status": "waiting", "stage": "sensitivity", "detail": "tmux session timerole_p0_sensitivity is active", "updated_at": "2026-08-24T05:09:12.324295+08:00"}
{"status": "waiting", "stage": "sensitivity", "detail": "tmux session timerole_p0_sensitivity is active", "updated_at": "2026-08-24T05:10:12.327773+08:00"}
{"status": "waiting", "stage": "sensitivity", "detail": "tmux session timerole_p0_sensitivity is active", "updated_at": "2026-08-24T05:11:12.331614+08:00"}
{"status": "waiting", "stage": "sensitivity", "detail": "tmux session timerole_p0_sensitivity is active", "updated_at": "2026-08-24T05:12:12.335209+08:00"}
{"status": "waiting", "stage": "sensitivity", "detail": "tmux session timerole_p0_sensitivity is active", "updated_at": "2026-08-24T05:13:12.338603+08:00"}
{"status": "waiting", "stage": "sensitivity", "detail": "tmux session timerole_p0_sensitivity is active", "updated_at": "2026-08-24T05:14:12.342153+08:00"}
{"status": "waiting", "stage": "sensitivity", "detail": "tmux session timerole_p0_sensitivity is active", "updated_at": "2026-08-24T05:15:12.344771+08:00"}
{"status": "waiting", "stage": "sensitivity", "detail": "tmux session timerole_p0_sensitivity is active", "updated_at": "2026-08-24T05:16:12.348336+08:00"}
{"status": "waiting", "stage": "sensitivity", "detail": "tmux session timerole_p0_sensitivity is active", "updated_at": "2026-08-24T05:17:12.351805+08:00"}
{"status": "waiting", "stage": "sensitivity", "detail": "tmux session timerole_p0_sensitivity is active", "updated_at": "2026-08-24T05:18:12.355782+08:00"}
{"status": "waiting", "stage": "sensitivity", "detail": "tmux session timerole_p0_sensitivity is active", "updated_at": "2026-08-24T05:19:12.359286+08:00"}
{"status": "waiting", "stage": "sensitivity", "detail": "tmux session timerole_p0_sensitivity is active", "updated_at": "2026-08-24T05:20:12.363025+08:00"}
{"status": "waiting", "stage": "sensitivity", "detail": "tmux session timerole_p0_sensitivity is active", "updated_at": "2026-08-24T05:21:12.366060+08:00"}
{"status": "waiting", "stage": "sensitivity", "detail": "tmux session timerole_p0_sensitivity is active", "updated_at": "2026-08-24T05:22:12.368911+08:00"}
{"status": "waiting", "stage": "sensitivity", "detail": "tmux session timerole_p0_sensitivity is active", "updated_at": "2026-08-24T05:23:12.372385+08:00"}
{"status": "waiting", "stage": "sensitivity", "detail": "tmux session timerole_p0_sensitivity is active", "updated_at": "2026-08-24T05:24:12.376572+08:00"}
{"status": "waiting", "stage": "sensitivity", "detail": "tmux session timerole_p0_sensitivity is active", "updated_at": "2026-08-24T05:25:12.379961+08:00"}
{"status": "waiting", "stage": "sensitivity", "detail": "tmux session timerole_p0_sensitivity is active", "updated_at": "2026-08-24T05:26:12.383312+08:00"}
{"status": "waiting", "stage": "sensitivity", "detail": "tmux session timerole_p0_sensitivity is active", "updated_at": "2026-08-24T05:27:12.386852+08:00"}
{"status": "waiting", "stage": "sensitivity", "detail": "tmux session timerole_p0_sensitivity is active", "updated_at": "2026-08-24T05:28:12.390652+08:00"}
{"status": "waiting", "stage": "sensitivity", "detail": "tmux session timerole_p0_sensitivity is active", "updated_at": "2026-08-24T05:29:12.394374+08:00"}
{"status": "waiting", "stage": "sensitivity", "detail": "tmux session timerole_p0_sensitivity is active", "updated_at": "2026-08-24T05:30:12.398255+08:00"}
{"status": "waiting", "stage": "sensitivity", "detail": "tmux session timerole_p0_sensitivity is active", "updated_at": "2026-08-24T05:31:12.401640+08:00"}
{"status": "waiting", "stage": "sensitivity", "detail": "tmux session timerole_p0_sensitivity is active", "updated_at": "2026-08-24T05:32:12.404097+08:00"}
{"status": "waiting", "stage": "sensitivity", "detail": "tmux session timerole_p0_sensitivity is active", "updated_at": "2026-08-24T05:33:12.408006+08:00"}
{"status": "waiting", "stage": "sensitivity", "detail": "tmux session timerole_p0_sensitivity is active", "updated_at": "2026-08-24T05:34:12.411789+08:00"}
{"status": "waiting", "stage": "sensitivity", "detail": "tmux session timerole_p0_sensitivity is active", "updated_at": "2026-08-24T05:35:12.414399+08:00"}
{"status": "waiting", "stage": "sensitivity", "detail": "tmux session timerole_p0_sensitivity is active", "updated_at": "2026-08-24T05:36:12.416927+08:00"}
{"status": "waiting", "stage": "sensitivity", "detail": "tmux session timerole_p0_sensitivity is active", "updated_at": "2026-08-24T05:37:12.419664+08:00"}
{"status": "waiting", "stage": "sensitivity", "detail": "tmux session timerole_p0_sensitivity is active", "updated_at": "2026-08-24T05:38:12.421988+08:00"}
{"status": "waiting", "stage": "sensitivity", "detail": "tmux session timerole_p0_sensitivity is active", "updated_at": "2026-08-24T05:39:12.425882+08:00"}
{"status": "waiting", "stage": "sensitivity", "detail": "tmux session timerole_p0_sensitivity is active", "updated_at": "2026-08-24T05:40:12.428890+08:00"}
{"status": "waiting", "stage": "sensitivity", "detail": "tmux session timerole_p0_sensitivity is active", "updated_at": "2026-08-24T05:41:12.431493+08:00"}
{"status": "waiting", "stage": "sensitivity", "detail": "tmux session timerole_p0_sensitivity is active", "updated_at": "2026-08-24T05:42:12.434763+08:00"}
{"status": "waiting", "stage": "sensitivity", "detail": "tmux session timerole_p0_sensitivity is active", "updated_at": "2026-08-24T05:43:12.439683+08:00"}
{"status": "waiting", "stage": "sensitivity", "detail": "tmux session timerole_p0_sensitivity is active", "updated_at": "2026-08-24T05:44:12.443343+08:00"}
{"status": "waiting", "stage": "sensitivity", "detail": "tmux session timerole_p0_sensitivity is active", "updated_at": "2026-08-24T05:45:12.447116+08:00"}
{"status": "waiting", "stage": "sensitivity", "detail": "tmux session timerole_p0_sensitivity is active", "updated_at": "2026-08-24T05:46:12.450472+08:00"}
{"status": "waiting", "stage": "sensitivity", "detail": "tmux session timerole_p0_sensitivity is active", "updated_at": "2026-08-24T05:47:12.453544+08:00"}
{"status": "waiting", "stage": "sensitivity", "detail": "tmux session timerole_p0_sensitivity is active", "updated_at": "2026-08-24T05:48:12.457128+08:00"}
{"status": "waiting", "stage": "sensitivity", "detail": "tmux session timerole_p0_sensitivity is active", "updated_at": "2026-08-24T05:49:12.461322+08:00"}
{"status": "waiting", "stage": "sensitivity", "detail": "tmux session timerole_p0_sensitivity is active", "updated_at": "2026-08-24T05:50:12.463770+08:00"}
{"status": "waiting", "stage": "sensitivity", "detail": "tmux session timerole_p0_sensitivity is active", "updated_at": "2026-08-24T05:51:12.466629+08:00"}
{"status": "waiting", "stage": "sensitivity", "detail": "tmux session timerole_p0_sensitivity is active", "updated_at": "2026-08-24T05:52:12.470051+08:00"}
{"status": "waiting", "stage": "sensitivity", "detail": "tmux session timerole_p0_sensitivity is active", "updated_at": "2026-08-24T05:53:12.472872+08:00"}
{"status": "waiting", "stage": "sensitivity", "detail": "tmux session timerole_p0_sensitivity is active", "updated_at": "2026-08-24T05:54:12.476583+08:00"}
{"status": "waiting", "stage": "sensitivity", "detail": "tmux session timerole_p0_sensitivity is active", "updated_at": "2026-08-24T05:55:12.480079+08:00"}
{"status": "waiting", "stage": "sensitivity", "detail": "tmux session timerole_p0_sensitivity is active", "updated_at": "2026-08-24T05:56:12.482721+08:00"}
{"status": "waiting", "stage": "sensitivity", "detail": "tmux session timerole_p0_sensitivity is active", "updated_at": "2026-08-24T05:57:12.485383+08:00"}
{"status": "waiting", "stage": "sensitivity", "detail": "tmux session timerole_p0_sensitivity is active", "updated_at": "2026-08-24T05:58:12.489137+08:00"}
{"status": "waiting", "stage": "sensitivity", "detail": "tmux session timerole_p0_sensitivity is active", "updated_at": "2026-08-24T05:59:12.492617+08:00"}
{"status": "waiting", "stage": "sensitivity", "detail": "tmux session timerole_p0_sensitivity is active", "updated_at": "2026-08-24T06:00:12.495337+08:00"}
{"status": "waiting", "stage": "sensitivity", "detail": "tmux session timerole_p0_sensitivity is active", "updated_at": "2026-08-24T06:01:12.515290+08:00"}
{"status": "waiting", "stage": "sensitivity", "detail": "tmux session timerole_p0_sensitivity is active", "updated_at": "2026-08-24T06:02:12.519024+08:00"}
{"status": "waiting", "stage": "sensitivity", "detail": "tmux session timerole_p0_sensitivity is active", "updated_at": "2026-08-24T06:03:12.522799+08:00"}
{"status": "waiting", "stage": "sensitivity", "detail": "tmux session timerole_p0_sensitivity is active", "updated_at": "2026-08-24T06:04:12.525444+08:00"}
{"status": "waiting", "stage": "sensitivity", "detail": "tmux session timerole_p0_sensitivity is active", "updated_at": "2026-08-24T06:05:12.529459+08:00"}
{"status": "waiting", "stage": "sensitivity", "detail": "tmux session timerole_p0_sensitivity is active", "updated_at": "2026-08-24T06:06:12.532377+08:00"}
{"status": "waiting", "stage": "sensitivity", "detail": "tmux session timerole_p0_sensitivity is active", "updated_at": "2026-08-24T06:07:12.535885+08:00"}
{"status": "waiting", "stage": "sensitivity", "detail": "tmux session timerole_p0_sensitivity is active", "updated_at": "2026-08-24T06:08:12.539111+08:00"}
{"status": "waiting", "stage": "sensitivity", "detail": "tmux session timerole_p0_sensitivity is active", "updated_at": "2026-08-24T06:09:12.543241+08:00"}
{"status": "waiting", "stage": "sensitivity", "detail": "tmux session timerole_p0_sensitivity is active", "updated_at": "2026-08-24T06:10:12.546943+08:00"}
{"status": "waiting", "stage": "sensitivity", "detail": "tmux session timerole_p0_sensitivity is active", "updated_at": "2026-08-24T06:11:12.549546+08:00"}
{"status": "waiting", "stage": "sensitivity", "detail": "tmux session timerole_p0_sensitivity is active", "updated_at": "2026-08-24T06:12:12.551956+08:00"}
{"status": "waiting", "stage": "sensitivity", "detail": "tmux session timerole_p0_sensitivity is active", "updated_at": "2026-08-24T06:13:12.555818+08:00"}
{"status": "waiting", "stage": "sensitivity", "detail": "tmux session timerole_p0_sensitivity is active", "updated_at": "2026-08-24T06:14:12.559383+08:00"}
{"status": "waiting", "stage": "sensitivity", "detail": "tmux session timerole_p0_sensitivity is active", "updated_at": "2026-08-24T06:15:12.561849+08:00"}
{"status": "waiting", "stage": "sensitivity", "detail": "tmux session timerole_p0_sensitivity is active", "updated_at": "2026-08-24T06:16:12.564731+08:00"}
{"status": "waiting", "stage": "sensitivity", "detail": "tmux session timerole_p0_sensitivity is active", "updated_at": "2026-08-24T06:17:12.568309+08:00"}
{"status": "waiting", "stage": "sensitivity", "detail": "tmux session timerole_p0_sensitivity is active", "updated_at": "2026-08-24T06:18:12.571159+08:00"}
{"status": "waiting", "stage": "sensitivity", "detail": "tmux session timerole_p0_sensitivity is active", "updated_at": "2026-08-24T06:19:12.582242+08:00"}
{"status": "waiting", "stage": "sensitivity", "detail": "tmux session timerole_p0_sensitivity is active", "updated_at": "2026-08-24T06:20:12.584626+08:00"}
{"status": "waiting", "stage": "sensitivity", "detail": "tmux session timerole_p0_sensitivity is active", "updated_at": "2026-08-24T06:21:12.587906+08:00"}
{"status": "waiting", "stage": "sensitivity", "detail": "tmux session timerole_p0_sensitivity is active", "updated_at": "2026-08-24T06:22:12.590966+08:00"}
{"status": "waiting", "stage": "sensitivity", "detail": "tmux session timerole_p0_sensitivity is active", "updated_at": "2026-08-24T06:23:12.594472+08:00"}
{"status": "waiting", "stage": "sensitivity", "detail": "tmux session timerole_p0_sensitivity is active", "updated_at": "2026-08-24T06:24:12.596879+08:00"}
{"status": "waiting", "stage": "sensitivity", "detail": "tmux session timerole_p0_sensitivity is active", "updated_at": "2026-08-24T06:25:12.600201+08:00"}
{"status": "waiting", "stage": "sensitivity", "detail": "tmux session timerole_p0_sensitivity is active", "updated_at": "2026-08-24T06:26:12.603501+08:00"}
{"status": "waiting", "stage": "sensitivity", "detail": "tmux session timerole_p0_sensitivity is active", "updated_at": "2026-08-24T06:27:12.607050+08:00"}
{"status": "waiting", "stage": "sensitivity", "detail": "tmux session timerole_p0_sensitivity is active", "updated_at": "2026-08-24T06:28:12.610784+08:00"}
{"status": "waiting", "stage": "sensitivity", "detail": "tmux session timerole_p0_sensitivity is active", "updated_at": "2026-08-24T06:29:12.614367+08:00"}
{"status": "waiting", "stage": "sensitivity", "detail": "tmux session timerole_p0_sensitivity is active", "updated_at": "2026-08-24T06:30:12.616977+08:00"}
{"status": "waiting", "stage": "sensitivity", "detail": "tmux session timerole_p0_sensitivity is active", "updated_at": "2026-08-24T06:31:12.619609+08:00"}
{"status": "waiting", "stage": "sensitivity", "detail": "tmux session timerole_p0_sensitivity is active", "updated_at": "2026-08-24T06:32:12.623040+08:00"}
{"status": "waiting", "stage": "sensitivity", "detail": "tmux session timerole_p0_sensitivity is active", "updated_at": "2026-08-24T06:33:12.626369+08:00"}
{"status": "waiting", "stage": "sensitivity", "detail": "tmux session timerole_p0_sensitivity is active", "updated_at": "2026-08-24T06:34:12.629013+08:00"}
{"status": "waiting", "stage": "sensitivity", "detail": "tmux session timerole_p0_sensitivity is active", "updated_at": "2026-08-24T06:35:12.632619+08:00"}
{"status": "waiting", "stage": "sensitivity", "detail": "tmux session timerole_p0_sensitivity is active", "updated_at": "2026-08-24T06:36:12.636402+08:00"}
{"status": "waiting", "stage": "sensitivity", "detail": "tmux session timerole_p0_sensitivity is active", "updated_at": "2026-08-24T06:37:12.639032+08:00"}
{"status": "waiting", "stage": "sensitivity", "detail": "tmux session timerole_p0_sensitivity is active", "updated_at": "2026-08-24T06:38:12.642849+08:00"}
{"status": "waiting", "stage": "sensitivity", "detail": "tmux session timerole_p0_sensitivity is active", "updated_at": "2026-08-24T06:39:12.646496+08:00"}
{"status": "waiting", "stage": "sensitivity", "detail": "tmux session timerole_p0_sensitivity is active", "updated_at": "2026-08-24T06:40:12.649346+08:00"}
{"status": "waiting", "stage": "sensitivity", "detail": "tmux session timerole_p0_sensitivity is active", "updated_at": "2026-08-24T06:41:12.653060+08:00"}
{"status": "waiting", "stage": "sensitivity", "detail": "tmux session timerole_p0_sensitivity is active", "updated_at": "2026-08-24T06:42:12.656512+08:00"}
{"status": "waiting", "stage": "sensitivity", "detail": "tmux session timerole_p0_sensitivity is active", "updated_at": "2026-08-24T06:43:12.659187+08:00"}
{"status": "waiting", "stage": "sensitivity", "detail": "tmux session timerole_p0_sensitivity is active", "updated_at": "2026-08-24T06:44:12.662597+08:00"}
{"status": "waiting", "stage": "sensitivity", "detail": "tmux session timerole_p0_sensitivity is active", "updated_at": "2026-08-24T06:45:12.665627+08:00"}
{"status": "waiting", "stage": "sensitivity", "detail": "tmux session timerole_p0_sensitivity is active", "updated_at": "2026-08-24T06:46:12.668304+08:00"}
{"status": "waiting", "stage": "sensitivity", "detail": "tmux session timerole_p0_sensitivity is active", "updated_at": "2026-08-24T06:47:12.670847+08:00"}
{"status": "waiting", "stage": "sensitivity", "detail": "tmux session timerole_p0_sensitivity is active", "updated_at": "2026-08-24T06:48:12.673758+08:00"}
{"status": "waiting", "stage": "sensitivity", "detail": "tmux session timerole_p0_sensitivity is active", "updated_at": "2026-08-24T06:49:12.676815+08:00"}
{"status": "waiting", "stage": "sensitivity", "detail": "tmux session timerole_p0_sensitivity is active", "updated_at": "2026-08-24T06:50:12.680839+08:00"}
{"status": "waiting", "stage": "sensitivity", "detail": "tmux session timerole_p0_sensitivity is active", "updated_at": "2026-08-24T06:51:12.684668+08:00"}
{"status": "waiting", "stage": "sensitivity", "detail": "tmux session timerole_p0_sensitivity is active", "updated_at": "2026-08-24T06:52:12.687447+08:00"}
{"status": "waiting", "stage": "sensitivity", "detail": "tmux session timerole_p0_sensitivity is active", "updated_at": "2026-08-24T06:53:12.690273+08:00"}
{"status": "waiting", "stage": "sensitivity", "detail": "tmux session timerole_p0_sensitivity is active", "updated_at": "2026-08-24T06:54:12.694126+08:00"}
{"status": "waiting", "stage": "sensitivity", "detail": "tmux session timerole_p0_sensitivity is active", "updated_at": "2026-08-24T06:55:12.696839+08:00"}
{"status": "waiting", "stage": "sensitivity", "detail": "tmux session timerole_p0_sensitivity is active", "updated_at": "2026-08-24T06:56:12.700231+08:00"}
{"status": "waiting", "stage": "sensitivity", "detail": "tmux session timerole_p0_sensitivity is active", "updated_at": "2026-08-24T06:57:12.703506+08:00"}
{"status": "waiting", "stage": "sensitivity", "detail": "tmux session timerole_p0_sensitivity is active", "updated_at": "2026-08-24T06:58:12.706835+08:00"}
{"status": "waiting", "stage": "sensitivity", "detail": "tmux session timerole_p0_sensitivity is active", "updated_at": "2026-08-24T06:59:12.710234+08:00"}
{"status": "waiting", "stage": "sensitivity", "detail": "tmux session timerole_p0_sensitivity is active", "updated_at": "2026-08-24T07:00:12.713876+08:00"}
{"status": "waiting", "stage": "sensitivity", "detail": "tmux session timerole_p0_sensitivity is active", "updated_at": "2026-08-24T07:01:12.717388+08:00"}
{"status": "waiting", "stage": "sensitivity", "detail": "tmux session timerole_p0_sensitivity is active", "updated_at": "2026-08-24T07:02:12.720100+08:00"}
{"status": "waiting", "stage": "sensitivity", "detail": "tmux session timerole_p0_sensitivity is active", "updated_at": "2026-08-24T07:03:12.722878+08:00"}
{"status": "waiting", "stage": "sensitivity", "detail": "tmux session timerole_p0_sensitivity is active", "updated_at": "2026-08-24T07:04:12.727261+08:00"}
{"status": "waiting", "stage": "sensitivity", "detail": "tmux session timerole_p0_sensitivity is active", "updated_at": "2026-08-24T07:05:12.730659+08:00"}
{"status": "waiting", "stage": "sensitivity", "detail": "tmux session timerole_p0_sensitivity is active", "updated_at": "2026-08-24T07:06:12.734084+08:00"}
{"status": "waiting", "stage": "sensitivity", "detail": "tmux session timerole_p0_sensitivity is active", "updated_at": "2026-08-24T07:07:12.737271+08:00"}
{"status": "waiting", "stage": "sensitivity", "detail": "tmux session timerole_p0_sensitivity is active", "updated_at": "2026-08-24T07:08:12.740984+08:00"}
{"status": "waiting", "stage": "sensitivity", "detail": "tmux session timerole_p0_sensitivity is active", "updated_at": "2026-08-24T07:09:12.744103+08:00"}
{"status": "waiting", "stage": "sensitivity", "detail": "tmux session timerole_p0_sensitivity is active", "updated_at": "2026-08-24T07:10:12.747717+08:00"}
{"status": "waiting", "stage": "sensitivity", "detail": "tmux session timerole_p0_sensitivity is active", "updated_at": "2026-08-24T07:11:12.751044+08:00"}
{"status": "waiting", "stage": "sensitivity", "detail": "tmux session timerole_p0_sensitivity is active", "updated_at": "2026-08-24T07:12:12.762537+08:00"}
{"status": "waiting", "stage": "sensitivity", "detail": "tmux session timerole_p0_sensitivity is active", "updated_at": "2026-08-24T07:13:12.765303+08:00"}
{"status": "waiting", "stage": "sensitivity", "detail": "tmux session timerole_p0_sensitivity is active", "updated_at": "2026-08-24T07:14:12.776335+08:00"}
{"status": "waiting", "stage": "sensitivity", "detail": "tmux session timerole_p0_sensitivity is active", "updated_at": "2026-08-24T07:15:12.788815+08:00"}
{"status": "waiting", "stage": "sensitivity", "detail": "tmux session timerole_p0_sensitivity is active", "updated_at": "2026-08-24T07:16:12.791649+08:00"}
{"status": "waiting", "stage": "sensitivity", "detail": "tmux session timerole_p0_sensitivity is active", "updated_at": "2026-08-24T07:17:12.795095+08:00"}
{"status": "waiting", "stage": "sensitivity", "detail": "tmux session timerole_p0_sensitivity is active", "updated_at": "2026-08-24T07:18:12.798936+08:00"}
{"status": "waiting", "stage": "sensitivity", "detail": "tmux session timerole_p0_sensitivity is active", "updated_at": "2026-08-24T07:19:12.802295+08:00"}
{"status": "waiting", "stage": "sensitivity", "detail": "tmux session timerole_p0_sensitivity is active", "updated_at": "2026-08-24T07:20:12.814781+08:00"}
{"status": "waiting", "stage": "sensitivity", "detail": "tmux session timerole_p0_sensitivity is active", "updated_at": "2026-08-24T07:21:12.819329+08:00"}
{"status": "waiting", "stage": "sensitivity", "detail": "tmux session timerole_p0_sensitivity is active", "updated_at": "2026-08-24T07:22:12.822762+08:00"}
{"status": "waiting", "stage": "sensitivity", "detail": "tmux session timerole_p0_sensitivity is active", "updated_at": "2026-08-24T07:23:12.826365+08:00"}
{"status": "waiting", "stage": "sensitivity", "detail": "tmux session timerole_p0_sensitivity is active", "updated_at": "2026-08-24T07:24:12.829756+08:00"}
{"status": "waiting", "stage": "sensitivity", "detail": "tmux session timerole_p0_sensitivity is active", "updated_at": "2026-08-24T07:25:12.833798+08:00"}
{"status": "waiting", "stage": "sensitivity", "detail": "tmux session timerole_p0_sensitivity is active", "updated_at": "2026-08-24T07:26:12.837622+08:00"}
{"status": "waiting", "stage": "sensitivity", "detail": "tmux session timerole_p0_sensitivity is active", "updated_at": "2026-08-24T07:27:12.840653+08:00"}
{"status": "waiting", "stage": "sensitivity", "detail": "tmux session timerole_p0_sensitivity is active", "updated_at": "2026-08-24T07:28:12.843968+08:00"}
{"status": "waiting", "stage": "sensitivity", "detail": "tmux session timerole_p0_sensitivity is active", "updated_at": "2026-08-24T07:29:12.848326+08:00"}
{"status": "waiting", "stage": "sensitivity", "detail": "tmux session timerole_p0_sensitivity is active", "updated_at": "2026-08-24T07:30:12.851009+08:00"}
{"status": "waiting", "stage": "sensitivity", "detail": "tmux session timerole_p0_sensitivity is active", "updated_at": "2026-08-24T07:31:12.855202+08:00"}
{"status": "waiting", "stage": "sensitivity", "detail": "tmux session timerole_p0_sensitivity is active", "updated_at": "2026-08-24T07:32:12.858923+08:00"}
{"status": "waiting", "stage": "sensitivity", "detail": "tmux session timerole_p0_sensitivity is active", "updated_at": "2026-08-24T07:33:12.864115+08:00"}
{"status": "waiting", "stage": "sensitivity", "detail": "tmux session timerole_p0_sensitivity is active", "updated_at": "2026-08-24T07:34:12.867527+08:00"}
{"status": "waiting", "stage": "sensitivity", "detail": "tmux session timerole_p0_sensitivity is active", "updated_at": "2026-08-24T07:35:12.871225+08:00"}
{"status": "waiting", "stage": "sensitivity", "detail": "tmux session timerole_p0_sensitivity is active", "updated_at": "2026-08-24T07:36:12.874897+08:00"}
{"status": "waiting", "stage": "sensitivity", "detail": "tmux session timerole_p0_sensitivity is active", "updated_at": "2026-08-24T07:37:12.878342+08:00"}
{"status": "waiting", "stage": "sensitivity", "detail": "tmux session timerole_p0_sensitivity is active", "updated_at": "2026-08-24T07:38:12.882636+08:00"}
{"status": "waiting", "stage": "sensitivity", "detail": "tmux session timerole_p0_sensitivity is active", "updated_at": "2026-08-24T07:39:12.885373+08:00"}
{"status": "waiting", "stage": "sensitivity", "detail": "tmux session timerole_p0_sensitivity is active", "updated_at": "2026-08-24T07:40:12.887969+08:00"}
{"status": "waiting", "stage": "sensitivity", "detail": "tmux session timerole_p0_sensitivity is active", "updated_at": "2026-08-24T07:41:12.891063+08:00"}
{"status": "waiting", "stage": "sensitivity", "detail": "tmux session timerole_p0_sensitivity is active", "updated_at": "2026-08-24T07:42:12.894338+08:00"}
{"status": "waiting", "stage": "sensitivity", "detail": "tmux session timerole_p0_sensitivity is active", "updated_at": "2026-08-24T07:43:12.897665+08:00"}
{"status": "waiting", "stage": "sensitivity", "detail": "tmux session timerole_p0_sensitivity is active", "updated_at": "2026-08-24T07:44:12.901842+08:00"}
{"status": "waiting", "stage": "sensitivity", "detail": "tmux session timerole_p0_sensitivity is active", "updated_at": "2026-08-24T07:45:12.905669+08:00"}
{"status": "waiting", "stage": "sensitivity", "detail": "tmux session timerole_p0_sensitivity is active", "updated_at": "2026-08-24T07:46:12.917175+08:00"}
{"status": "waiting", "stage": "sensitivity", "detail": "tmux session timerole_p0_sensitivity is active", "updated_at": "2026-08-24T07:47:12.921132+08:00"}
{"status": "waiting", "stage": "sensitivity", "detail": "tmux session timerole_p0_sensitivity is active", "updated_at": "2026-08-24T07:48:12.925617+08:00"}
{"status": "waiting", "stage": "sensitivity", "detail": "tmux session timerole_p0_sensitivity is active", "updated_at": "2026-08-24T07:49:12.929243+08:00"}
{"status": "waiting", "stage": "sensitivity", "detail": "tmux session timerole_p0_sensitivity is active", "updated_at": "2026-08-24T07:50:12.932803+08:00"}
{"status": "waiting", "stage": "sensitivity", "detail": "tmux session timerole_p0_sensitivity is active", "updated_at": "2026-08-24T07:51:12.936538+08:00"}
{"status": "waiting", "stage": "sensitivity", "detail": "tmux session timerole_p0_sensitivity is active", "updated_at": "2026-08-24T07:52:12.940104+08:00"}
{"status": "waiting", "stage": "sensitivity", "detail": "tmux session timerole_p0_sensitivity is active", "updated_at": "2026-08-24T07:53:12.943638+08:00"}
{"status": "waiting", "stage": "sensitivity", "detail": "tmux session timerole_p0_sensitivity is active", "updated_at": "2026-08-24T07:54:12.946996+08:00"}
{"status": "waiting", "stage": "sensitivity", "detail": "tmux session timerole_p0_sensitivity is active", "updated_at": "2026-08-24T07:55:12.950522+08:00"}
{"status": "waiting", "stage": "sensitivity", "detail": "tmux session timerole_p0_sensitivity is active", "updated_at": "2026-08-24T07:56:12.953379+08:00"}
{"status": "waiting", "stage": "sensitivity", "detail": "tmux session timerole_p0_sensitivity is active", "updated_at": "2026-08-24T07:57:12.957161+08:00"}
{"status": "waiting", "stage": "sensitivity", "detail": "tmux session timerole_p0_sensitivity is active", "updated_at": "2026-08-24T07:58:12.960953+08:00"}
{"status": "waiting", "stage": "sensitivity", "detail": "tmux session timerole_p0_sensitivity is active", "updated_at": "2026-08-24T07:59:12.963582+08:00"}
{"status": "waiting", "stage": "sensitivity", "detail": "tmux session timerole_p0_sensitivity is active", "updated_at": "2026-08-24T08:00:12.966326+08:00"}
{"status": "waiting", "stage": "sensitivity", "detail": "tmux session timerole_p0_sensitivity is active", "updated_at": "2026-08-24T08:01:12.970527+08:00"}
{"status": "waiting", "stage": "sensitivity", "detail": "tmux session timerole_p0_sensitivity is active", "updated_at": "2026-08-24T08:02:12.982993+08:00"}
{"status": "waiting", "stage": "sensitivity", "detail": "tmux session timerole_p0_sensitivity is active", "updated_at": "2026-08-24T08:03:12.985842+08:00"}
{"status": "waiting", "stage": "sensitivity", "detail": "tmux session timerole_p0_sensitivity is active", "updated_at": "2026-08-24T08:04:12.989314+08:00"}
{"status": "waiting", "stage": "sensitivity", "detail": "tmux session timerole_p0_sensitivity is active", "updated_at": "2026-08-24T08:05:12.992056+08:00"}
{"status": "waiting", "stage": "sensitivity", "detail": "tmux session timerole_p0_sensitivity is active", "updated_at": "2026-08-24T08:06:12.995360+08:00"}
{"status": "waiting", "stage": "sensitivity", "detail": "tmux session timerole_p0_sensitivity is active", "updated_at": "2026-08-24T08:07:12.997928+08:00"}
{"status": "waiting", "stage": "sensitivity", "detail": "tmux session timerole_p0_sensitivity is active", "updated_at": "2026-08-24T08:08:13.001257+08:00"}
{"status": "waiting", "stage": "sensitivity", "detail": "tmux session timerole_p0_sensitivity is active", "updated_at": "2026-08-24T08:09:13.004482+08:00"}
{"status": "waiting", "stage": "sensitivity", "detail": "tmux session timerole_p0_sensitivity is active", "updated_at": "2026-08-24T08:10:13.016360+08:00"}
{"status": "waiting", "stage": "sensitivity", "detail": "tmux session timerole_p0_sensitivity is active", "updated_at": "2026-08-24T08:11:13.020076+08:00"}
{"status": "waiting", "stage": "sensitivity", "detail": "tmux session timerole_p0_sensitivity is active", "updated_at": "2026-08-24T08:12:13.023437+08:00"}
{"status": "waiting", "stage": "sensitivity", "detail": "tmux session timerole_p0_sensitivity is active", "updated_at": "2026-08-24T08:13:13.026211+08:00"}
{"status": "waiting", "stage": "sensitivity", "detail": "tmux session timerole_p0_sensitivity is active", "updated_at": "2026-08-24T08:14:13.028894+08:00"}
{"status": "waiting", "stage": "sensitivity", "detail": "tmux session timerole_p0_sensitivity is active", "updated_at": "2026-08-24T08:15:13.032735+08:00"}
{"status": "waiting", "stage": "sensitivity", "detail": "tmux session timerole_p0_sensitivity is active", "updated_at": "2026-08-24T08:16:13.036458+08:00"}
{"status": "waiting", "stage": "sensitivity", "detail": "tmux session timerole_p0_sensitivity is active", "updated_at": "2026-08-24T08:17:13.039887+08:00"}
{"status": "waiting", "stage": "sensitivity", "detail": "tmux session timerole_p0_sensitivity is active", "updated_at": "2026-08-24T08:18:13.042704+08:00"}
{"status": "waiting", "stage": "sensitivity", "detail": "tmux session timerole_p0_sensitivity is active", "updated_at": "2026-08-24T08:19:13.045114+08:00"}
{"status": "waiting", "stage": "sensitivity", "detail": "tmux session timerole_p0_sensitivity is active", "updated_at": "2026-08-24T08:20:13.047508+08:00"}
{"status": "waiting", "stage": "sensitivity", "detail": "tmux session timerole_p0_sensitivity is active", "updated_at": "2026-08-24T08:21:13.051068+08:00"}
{"status": "waiting", "stage": "sensitivity", "detail": "tmux session timerole_p0_sensitivity is active", "updated_at": "2026-08-24T08:22:13.054421+08:00"}
{"status": "waiting", "stage": "sensitivity", "detail": "tmux session timerole_p0_sensitivity is active", "updated_at": "2026-08-24T08:23:13.057237+08:00"}
{"status": "waiting", "stage": "sensitivity", "detail": "tmux session timerole_p0_sensitivity is active", "updated_at": "2026-08-24T08:24:13.060063+08:00"}
{"status": "waiting", "stage": "sensitivity", "detail": "tmux session timerole_p0_sensitivity is active", "updated_at": "2026-08-24T08:25:13.063555+08:00"}
{"status": "waiting", "stage": "sensitivity", "detail": "tmux session timerole_p0_sensitivity is active", "updated_at": "2026-08-24T08:26:13.066256+08:00"}
{"status": "waiting", "stage": "sensitivity", "detail": "tmux session timerole_p0_sensitivity is active", "updated_at": "2026-08-24T08:27:13.068829+08:00"}
{"status": "waiting", "stage": "sensitivity", "detail": "tmux session timerole_p0_sensitivity is active", "updated_at": "2026-08-24T08:28:13.071479+08:00"}
{"status": "waiting", "stage": "sensitivity", "detail": "tmux session timerole_p0_sensitivity is active", "updated_at": "2026-08-24T08:29:13.074757+08:00"}
{"status": "waiting", "stage": "sensitivity", "detail": "tmux session timerole_p0_sensitivity is active", "updated_at": "2026-08-24T08:30:13.078460+08:00"}
{"status": "waiting", "stage": "sensitivity", "detail": "tmux session timerole_p0_sensitivity is active", "updated_at": "2026-08-24T08:31:13.081894+08:00"}
{"status": "waiting", "stage": "sensitivity", "detail": "tmux session timerole_p0_sensitivity is active", "updated_at": "2026-08-24T08:32:13.085213+08:00"}
{"status": "waiting", "stage": "sensitivity", "detail": "tmux session timerole_p0_sensitivity is active", "updated_at": "2026-08-24T08:33:13.088853+08:00"}
{"status": "waiting", "stage": "sensitivity", "detail": "tmux session timerole_p0_sensitivity is active", "updated_at": "2026-08-24T08:34:13.091247+08:00"}
{"status": "waiting", "stage": "sensitivity", "detail": "tmux session timerole_p0_sensitivity is active", "updated_at": "2026-08-24T08:35:13.093611+08:00"}
{"status": "waiting", "stage": "sensitivity", "detail": "tmux session timerole_p0_sensitivity is active", "updated_at": "2026-08-24T08:36:13.096154+08:00"}
{"status": "waiting", "stage": "sensitivity", "detail": "tmux session timerole_p0_sensitivity is active", "updated_at": "2026-08-24T08:37:13.099753+08:00"}
{"status": "waiting", "stage": "sensitivity", "detail": "tmux session timerole_p0_sensitivity is active", "updated_at": "2026-08-24T08:38:13.102476+08:00"}
{"status": "waiting", "stage": "sensitivity", "detail": "tmux session timerole_p0_sensitivity is active", "updated_at": "2026-08-24T08:39:13.105703+08:00"}
{"status": "waiting", "stage": "sensitivity", "detail": "tmux session timerole_p0_sensitivity is active", "updated_at": "2026-08-24T08:40:13.108530+08:00"}
{"status": "waiting", "stage": "sensitivity", "detail": "tmux session timerole_p0_sensitivity is active", "updated_at": "2026-08-24T08:41:13.112310+08:00"}
{"status": "waiting", "stage": "sensitivity", "detail": "tmux session timerole_p0_sensitivity is active", "updated_at": "2026-08-24T08:42:13.115919+08:00"}
{"status": "waiting", "stage": "sensitivity", "detail": "tmux session timerole_p0_sensitivity is active", "updated_at": "2026-08-24T08:43:13.118949+08:00"}
{"status": "waiting", "stage": "sensitivity", "detail": "tmux session timerole_p0_sensitivity is active", "updated_at": "2026-08-24T08:44:13.122063+08:00"}
{"status": "waiting", "stage": "sensitivity", "detail": "tmux session timerole_p0_sensitivity is active", "updated_at": "2026-08-24T08:45:13.125347+08:00"}
{"status": "waiting", "stage": "sensitivity", "detail": "tmux session timerole_p0_sensitivity is active", "updated_at": "2026-08-24T08:46:13.128559+08:00"}
{"status": "waiting", "stage": "sensitivity", "detail": "tmux session timerole_p0_sensitivity is active", "updated_at": "2026-08-24T08:47:13.131768+08:00"}
{"status": "waiting", "stage": "sensitivity", "detail": "tmux session timerole_p0_sensitivity is active", "updated_at": "2026-08-24T08:48:13.135519+08:00"}
{"status": "waiting", "stage": "sensitivity", "detail": "tmux session timerole_p0_sensitivity is active", "updated_at": "2026-08-24T08:49:13.139445+08:00"}
{"status": "waiting", "stage": "sensitivity", "detail": "tmux session timerole_p0_sensitivity is active", "updated_at": "2026-08-24T08:50:13.151453+08:00"}
{"status": "waiting", "stage": "sensitivity", "detail": "tmux session timerole_p0_sensitivity is active", "updated_at": "2026-08-24T08:51:13.155598+08:00"}
{"status": "waiting", "stage": "sensitivity", "detail": "tmux session timerole_p0_sensitivity is active", "updated_at": "2026-08-24T08:52:13.158517+08:00"}
{"status": "waiting", "stage": "sensitivity", "detail": "tmux session timerole_p0_sensitivity is active", "updated_at": "2026-08-24T08:53:13.161803+08:00"}
{"status": "waiting", "stage": "sensitivity", "detail": "tmux session timerole_p0_sensitivity is active", "updated_at": "2026-08-24T08:54:13.173086+08:00"}
{"status": "waiting", "stage": "sensitivity", "detail": "tmux session timerole_p0_sensitivity is active", "updated_at": "2026-08-24T08:55:13.176314+08:00"}
{"status": "waiting", "stage": "sensitivity", "detail": "tmux session timerole_p0_sensitivity is active", "updated_at": "2026-08-24T08:56:13.178898+08:00"}
{"status": "waiting", "stage": "sensitivity", "detail": "tmux session timerole_p0_sensitivity is active", "updated_at": "2026-08-24T08:57:13.181793+08:00"}
{"status": "waiting", "stage": "sensitivity", "detail": "tmux session timerole_p0_sensitivity is active", "updated_at": "2026-08-24T08:58:13.185825+08:00"}
{"status": "waiting", "stage": "sensitivity", "detail": "tmux session timerole_p0_sensitivity is active", "updated_at": "2026-08-24T08:59:13.189291+08:00"}
{"status": "waiting", "stage": "sensitivity", "detail": "tmux session timerole_p0_sensitivity is active", "updated_at": "2026-08-24T09:00:13.192439+08:00"}
{"status": "waiting", "stage": "sensitivity", "detail": "tmux session timerole_p0_sensitivity is active", "updated_at": "2026-08-24T09:01:13.195733+08:00"}
{"status": "waiting", "stage": "sensitivity", "detail": "tmux session timerole_p0_sensitivity is active", "updated_at": "2026-08-24T09:02:13.199446+08:00"}
{"status": "waiting", "stage": "sensitivity", "detail": "tmux session timerole_p0_sensitivity is active", "updated_at": "2026-08-24T09:03:13.202074+08:00"}
{"status": "waiting", "stage": "sensitivity", "detail": "tmux session timerole_p0_sensitivity is active", "updated_at": "2026-08-24T09:04:13.213066+08:00"}
{"status": "waiting", "stage": "sensitivity", "detail": "tmux session timerole_p0_sensitivity is active", "updated_at": "2026-08-24T09:05:13.216524+08:00"}
{"status": "waiting", "stage": "sensitivity", "detail": "tmux session timerole_p0_sensitivity is active", "updated_at": "2026-08-24T09:06:13.219470+08:00"}
{"status": "waiting", "stage": "sensitivity", "detail": "tmux session timerole_p0_sensitivity is active", "updated_at": "2026-08-24T09:07:13.222416+08:00"}
{"status": "waiting", "stage": "sensitivity", "detail": "tmux session timerole_p0_sensitivity is active", "updated_at": "2026-08-24T09:08:13.225287+08:00"}
{"status": "waiting", "stage": "sensitivity", "detail": "tmux session timerole_p0_sensitivity is active", "updated_at": "2026-08-24T09:09:13.236696+08:00"}
{"status": "waiting", "stage": "sensitivity", "detail": "tmux session timerole_p0_sensitivity is active", "updated_at": "2026-08-24T09:10:13.239308+08:00"}
{"status": "waiting", "stage": "sensitivity", "detail": "tmux session timerole_p0_sensitivity is active", "updated_at": "2026-08-24T09:11:13.242634+08:00"}
{"status": "waiting", "stage": "sensitivity", "detail": "tmux session timerole_p0_sensitivity is active", "updated_at": "2026-08-24T09:12:13.246140+08:00"}
{"status": "waiting", "stage": "sensitivity", "detail": "tmux session timerole_p0_sensitivity is active", "updated_at": "2026-08-24T09:13:13.250201+08:00"}
{"status": "waiting", "stage": "sensitivity", "detail": "tmux session timerole_p0_sensitivity is active", "updated_at": "2026-08-24T09:14:13.253475+08:00"}
{"status": "waiting", "stage": "sensitivity", "detail": "tmux session timerole_p0_sensitivity is active", "updated_at": "2026-08-24T09:15:13.256121+08:00"}
{"status": "waiting", "stage": "sensitivity", "detail": "tmux session timerole_p0_sensitivity is active", "updated_at": "2026-08-24T09:16:13.268015+08:00"}
{"status": "waiting", "stage": "sensitivity", "detail": "tmux session timerole_p0_sensitivity is active", "updated_at": "2026-08-24T09:17:13.271602+08:00"}
{"status": "waiting", "stage": "sensitivity", "detail": "tmux session timerole_p0_sensitivity is active", "updated_at": "2026-08-24T09:18:13.275353+08:00"}
{"status": "waiting", "stage": "sensitivity", "detail": "tmux session timerole_p0_sensitivity is active", "updated_at": "2026-08-24T09:19:13.277989+08:00"}
{"status": "waiting", "stage": "sensitivity", "detail": "tmux session timerole_p0_sensitivity is active", "updated_at": "2026-08-24T09:20:13.281566+08:00"}
{"status": "waiting", "stage": "sensitivity", "detail": "tmux session timerole_p0_sensitivity is active", "updated_at": "2026-08-24T09:21:13.285115+08:00"}
{"status": "waiting", "stage": "sensitivity", "detail": "tmux session timerole_p0_sensitivity is active", "updated_at": "2026-08-24T09:22:13.288645+08:00"}
{"status": "waiting", "stage": "sensitivity", "detail": "tmux session timerole_p0_sensitivity is active", "updated_at": "2026-08-24T09:23:13.291886+08:00"}
{"status": "waiting", "stage": "sensitivity", "detail": "tmux session timerole_p0_sensitivity is active", "updated_at": "2026-08-24T09:24:13.295351+08:00"}
{"status": "waiting", "stage": "sensitivity", "detail": "tmux session timerole_p0_sensitivity is active", "updated_at": "2026-08-24T09:25:13.298814+08:00"}
{"status": "waiting", "stage": "sensitivity", "detail": "tmux session timerole_p0_sensitivity is active", "updated_at": "2026-08-24T09:26:13.301321+08:00"}
{"status": "waiting", "stage": "sensitivity", "detail": "tmux session timerole_p0_sensitivity is active", "updated_at": "2026-08-24T09:27:13.303824+08:00"}
{"status": "waiting", "stage": "sensitivity", "detail": "tmux session timerole_p0_sensitivity is active", "updated_at": "2026-08-24T09:28:13.306388+08:00"}
{"status": "waiting", "stage": "sensitivity", "detail": "tmux session timerole_p0_sensitivity is active", "updated_at": "2026-08-24T09:29:13.309996+08:00"}
{"status": "waiting", "stage": "sensitivity", "detail": "tmux session timerole_p0_sensitivity is active", "updated_at": "2026-08-24T09:30:13.313390+08:00"}
{"status": "waiting", "stage": "sensitivity", "detail": "tmux session timerole_p0_sensitivity is active", "updated_at": "2026-08-24T09:31:13.316840+08:00"}
{"status": "waiting", "stage": "sensitivity", "detail": "tmux session timerole_p0_sensitivity is active", "updated_at": "2026-08-24T09:32:13.319328+08:00"}
{"status": "waiting", "stage": "sensitivity", "detail": "tmux session timerole_p0_sensitivity is active", "updated_at": "2026-08-24T09:33:13.322102+08:00"}
{"status": "waiting", "stage": "sensitivity", "detail": "tmux session timerole_p0_sensitivity is active", "updated_at": "2026-08-24T09:34:13.324747+08:00"}
{"status": "waiting", "stage": "sensitivity", "detail": "tmux session timerole_p0_sensitivity is active", "updated_at": "2026-08-24T09:35:13.328390+08:00"}
{"status": "waiting", "stage": "sensitivity", "detail": "tmux session timerole_p0_sensitivity is active", "updated_at": "2026-08-24T09:36:13.331747+08:00"}
{"status": "waiting", "stage": "sensitivity", "detail": "tmux session timerole_p0_sensitivity is active", "updated_at": "2026-08-24T09:37:13.335496+08:00"}
{"status": "waiting", "stage": "sensitivity", "detail": "tmux session timerole_p0_sensitivity is active", "updated_at": "2026-08-24T09:38:13.338948+08:00"}
{"status": "waiting", "stage": "sensitivity", "detail": "tmux session timerole_p0_sensitivity is active", "updated_at": "2026-08-24T09:39:13.341690+08:00"}
{"status": "waiting", "stage": "sensitivity", "detail": "tmux session timerole_p0_sensitivity is active", "updated_at": "2026-08-24T09:40:13.344535+08:00"}
{"status": "waiting", "stage": "sensitivity", "detail": "tmux session timerole_p0_sensitivity is active", "updated_at": "2026-08-24T09:41:13.347135+08:00"}
{"status": "waiting", "stage": "sensitivity", "detail": "tmux session timerole_p0_sensitivity is active", "updated_at": "2026-08-24T09:42:13.349494+08:00"}
{"status": "waiting", "stage": "sensitivity", "detail": "tmux session timerole_p0_sensitivity is active", "updated_at": "2026-08-24T09:43:13.353702+08:00"}
{"status": "waiting", "stage": "sensitivity", "detail": "tmux session timerole_p0_sensitivity is active", "updated_at": "2026-08-24T09:44:13.356282+08:00"}
{"status": "waiting", "stage": "sensitivity", "detail": "tmux session timerole_p0_sensitivity is active", "updated_at": "2026-08-24T09:45:13.359668+08:00"}
{"status": "waiting", "stage": "sensitivity", "detail": "tmux session timerole_p0_sensitivity is active", "updated_at": "2026-08-24T09:46:13.363212+08:00"}
{"status": "waiting", "stage": "sensitivity", "detail": "tmux session timerole_p0_sensitivity is active", "updated_at": "2026-08-24T09:47:13.365690+08:00"}
{"status": "waiting", "stage": "sensitivity", "detail": "tmux session timerole_p0_sensitivity is active", "updated_at": "2026-08-24T09:48:13.369041+08:00"}
{"status": "waiting", "stage": "sensitivity", "detail": "tmux session timerole_p0_sensitivity is active", "updated_at": "2026-08-24T09:49:13.372656+08:00"}
{"status": "waiting", "stage": "sensitivity", "detail": "tmux session timerole_p0_sensitivity is active", "updated_at": "2026-08-24T09:50:13.385037+08:00"}
{"status": "waiting", "stage": "sensitivity", "detail": "tmux session timerole_p0_sensitivity is active", "updated_at": "2026-08-24T09:51:13.388694+08:00"}
{"status": "waiting", "stage": "sensitivity", "detail": "tmux session timerole_p0_sensitivity is active", "updated_at": "2026-08-24T09:52:13.391744+08:00"}
{"status": "waiting", "stage": "sensitivity", "detail": "tmux session timerole_p0_sensitivity is active", "updated_at": "2026-08-24T09:53:13.394317+08:00"}
{"status": "waiting", "stage": "sensitivity", "detail": "tmux session timerole_p0_sensitivity is active", "updated_at": "2026-08-24T09:54:13.397919+08:00"}
{"status": "waiting", "stage": "sensitivity", "detail": "tmux session timerole_p0_sensitivity is active", "updated_at": "2026-08-24T09:55:13.400696+08:00"}
{"status": "waiting", "stage": "sensitivity", "detail": "tmux session timerole_p0_sensitivity is active", "updated_at": "2026-08-24T09:56:13.404534+08:00"}
{"status": "waiting", "stage": "sensitivity", "detail": "tmux session timerole_p0_sensitivity is active", "updated_at": "2026-08-24T09:57:13.407368+08:00"}
{"status": "waiting", "stage": "sensitivity", "detail": "tmux session timerole_p0_sensitivity is active", "updated_at": "2026-08-24T09:58:13.411474+08:00"}
{"status": "waiting", "stage": "sensitivity", "detail": "tmux session timerole_p0_sensitivity is active", "updated_at": "2026-08-24T09:59:13.414288+08:00"}
{"status": "waiting", "stage": "sensitivity", "detail": "tmux session timerole_p0_sensitivity is active", "updated_at": "2026-08-24T10:00:13.418116+08:00"}
{"status": "waiting", "stage": "sensitivity", "detail": "tmux session timerole_p0_sensitivity is active", "updated_at": "2026-08-24T10:01:13.421033+08:00"}
{"status": "waiting", "stage": "sensitivity", "detail": "tmux session timerole_p0_sensitivity is active", "updated_at": "2026-08-24T10:02:13.433411+08:00"}
{"status": "waiting", "stage": "sensitivity", "detail": "tmux session timerole_p0_sensitivity is active", "updated_at": "2026-08-24T10:03:13.438850+08:00"}
{"status": "waiting", "stage": "sensitivity", "detail": "tmux session timerole_p0_sensitivity is active", "updated_at": "2026-08-24T10:04:13.442691+08:00"}
{"status": "gate_passed", "stage": "sensitivity", "detail": "/home/cwh/Time-Series-Library/logs/timerole_p0/sensitivity/status.json", "updated_at": "2026-08-24T10:05:13.455061+08:00"}
{"status": "launching", "stage": "ecl_pilot", "detail": "/home/cwh/Time-Series-Library/.venv/bin/python -u scripts/run_timerole_p0_ecl_solar.py --phase pilot --datasets electricity --gpu 0 --pilot-epochs 2 --timeout-seconds 21600", "updated_at": "2026-08-24T10:05:13.457454+08:00"}
{"status": "waiting", "stage": "ecl_pilot", "detail": "tmux session timerole_p0_ecl_pilot is active", "updated_at": "2026-08-24T10:05:13.462895+08:00"}
{"status": "waiting", "stage": "ecl_pilot", "detail": "tmux session timerole_p0_ecl_pilot is active", "updated_at": "2026-08-24T10:06:13.465492+08:00"}
{"status": "waiting", "stage": "ecl_pilot", "detail": "tmux session timerole_p0_ecl_pilot is active", "updated_at": "2026-08-24T10:07:13.468187+08:00"}
{"status": "waiting", "stage": "ecl_pilot", "detail": "tmux session timerole_p0_ecl_pilot is active", "updated_at": "2026-08-24T10:08:13.472360+08:00"}
{"status": "waiting", "stage": "ecl_pilot", "detail": "tmux session timerole_p0_ecl_pilot is active", "updated_at": "2026-08-24T10:09:13.475130+08:00"}
{"status": "waiting", "stage": "ecl_pilot", "detail": "tmux session timerole_p0_ecl_pilot is active", "updated_at": "2026-08-24T10:10:13.477985+08:00"}
{"status": "waiting", "stage": "ecl_pilot", "detail": "tmux session timerole_p0_ecl_pilot is active", "updated_at": "2026-08-24T10:11:13.480823+08:00"}
{"status": "waiting", "stage": "ecl_pilot", "detail": "tmux session timerole_p0_ecl_pilot is active", "updated_at": "2026-08-24T10:12:13.483876+08:00"}
{"status": "waiting", "stage": "ecl_pilot", "detail": "tmux session timerole_p0_ecl_pilot is active", "updated_at": "2026-08-24T10:13:13.486606+08:00"}
{"status": "waiting", "stage": "ecl_pilot", "detail": "tmux session timerole_p0_ecl_pilot is active", "updated_at": "2026-08-24T10:14:13.489095+08:00"}
{"status": "waiting", "stage": "ecl_pilot", "detail": "tmux session timerole_p0_ecl_pilot is active", "updated_at": "2026-08-24T10:15:13.491832+08:00"}
{"status": "waiting", "stage": "ecl_pilot", "detail": "tmux session timerole_p0_ecl_pilot is active", "updated_at": "2026-08-24T10:16:13.497062+08:00"}
{"status": "waiting", "stage": "ecl_pilot", "detail": "tmux session timerole_p0_ecl_pilot is active", "updated_at": "2026-08-24T10:17:13.499860+08:00"}
{"status": "waiting", "stage": "ecl_pilot", "detail": "tmux session timerole_p0_ecl_pilot is active", "updated_at": "2026-08-24T10:18:13.503109+08:00"}
{"status": "waiting", "stage": "ecl_pilot", "detail": "tmux session timerole_p0_ecl_pilot is active", "updated_at": "2026-08-24T10:19:13.506079+08:00"}
{"status": "waiting", "stage": "ecl_pilot", "detail": "tmux session timerole_p0_ecl_pilot is active", "updated_at": "2026-08-24T10:20:13.509806+08:00"}
{"status": "waiting", "stage": "ecl_pilot", "detail": "tmux session timerole_p0_ecl_pilot is active", "updated_at": "2026-08-24T10:21:13.512439+08:00"}
{"status": "waiting", "stage": "ecl_pilot", "detail": "tmux session timerole_p0_ecl_pilot is active", "updated_at": "2026-08-24T10:22:13.515274+08:00"}
{"status": "waiting", "stage": "ecl_pilot", "detail": "tmux session timerole_p0_ecl_pilot is active", "updated_at": "2026-08-24T10:23:13.518218+08:00"}
{"status": "waiting", "stage": "ecl_pilot", "detail": "tmux session timerole_p0_ecl_pilot is active", "updated_at": "2026-08-24T10:24:13.521305+08:00"}
{"status": "waiting", "stage": "ecl_pilot", "detail": "tmux session timerole_p0_ecl_pilot is active", "updated_at": "2026-08-24T10:25:13.523860+08:00"}
{"status": "waiting", "stage": "ecl_pilot", "detail": "tmux session timerole_p0_ecl_pilot is active", "updated_at": "2026-08-24T10:26:13.526962+08:00"}
{"status": "waiting", "stage": "ecl_pilot", "detail": "tmux session timerole_p0_ecl_pilot is active", "updated_at": "2026-08-24T10:27:13.529681+08:00"}
{"status": "waiting", "stage": "ecl_pilot", "detail": "tmux session timerole_p0_ecl_pilot is active", "updated_at": "2026-08-24T10:28:13.532292+08:00"}
{"status": "waiting", "stage": "ecl_pilot", "detail": "tmux session timerole_p0_ecl_pilot is active", "updated_at": "2026-08-24T10:29:13.535668+08:00"}
{"status": "waiting", "stage": "ecl_pilot", "detail": "tmux session timerole_p0_ecl_pilot is active", "updated_at": "2026-08-24T10:30:13.539089+08:00"}
{"status": "waiting", "stage": "ecl_pilot", "detail": "tmux session timerole_p0_ecl_pilot is active", "updated_at": "2026-08-24T10:31:13.541954+08:00"}
{"status": "waiting", "stage": "ecl_pilot", "detail": "tmux session timerole_p0_ecl_pilot is active", "updated_at": "2026-08-24T10:32:13.544653+08:00"}
{"status": "waiting", "stage": "ecl_pilot", "detail": "tmux session timerole_p0_ecl_pilot is active", "updated_at": "2026-08-24T10:33:13.555878+08:00"}
{"status": "waiting", "stage": "ecl_pilot", "detail": "tmux session timerole_p0_ecl_pilot is active", "updated_at": "2026-08-24T10:34:13.558689+08:00"}
{"status": "waiting", "stage": "ecl_pilot", "detail": "tmux session timerole_p0_ecl_pilot is active", "updated_at": "2026-08-24T10:35:13.563139+08:00"}
{"status": "waiting", "stage": "ecl_pilot", "detail": "tmux session timerole_p0_ecl_pilot is active", "updated_at": "2026-08-24T10:36:13.566068+08:00"}
{"status": "waiting", "stage": "ecl_pilot", "detail": "tmux session timerole_p0_ecl_pilot is active", "updated_at": "2026-08-24T10:37:13.569119+08:00"}
{"status": "waiting", "stage": "ecl_pilot", "detail": "tmux session timerole_p0_ecl_pilot is active", "updated_at": "2026-08-24T10:38:13.571905+08:00"}
{"status": "waiting", "stage": "ecl_pilot", "detail": "tmux session timerole_p0_ecl_pilot is active", "updated_at": "2026-08-24T10:39:13.574772+08:00"}
{"status": "waiting", "stage": "ecl_pilot", "detail": "tmux session timerole_p0_ecl_pilot is active", "updated_at": "2026-08-24T10:40:13.577795+08:00"}
{"status": "waiting", "stage": "ecl_pilot", "detail": "tmux session timerole_p0_ecl_pilot is active", "updated_at": "2026-08-24T10:41:13.580653+08:00"}
{"status": "waiting", "stage": "ecl_pilot", "detail": "tmux session timerole_p0_ecl_pilot is active", "updated_at": "2026-08-24T10:42:13.583800+08:00"}
{"status": "waiting", "stage": "ecl_pilot", "detail": "tmux session timerole_p0_ecl_pilot is active", "updated_at": "2026-08-24T10:43:13.587025+08:00"}
{"status": "waiting", "stage": "ecl_pilot", "detail": "tmux session timerole_p0_ecl_pilot is active", "updated_at": "2026-08-24T10:44:13.589966+08:00"}
{"status": "waiting", "stage": "ecl_pilot", "detail": "tmux session timerole_p0_ecl_pilot is active", "updated_at": "2026-08-24T10:45:13.592771+08:00"}
{"status": "waiting", "stage": "ecl_pilot", "detail": "tmux session timerole_p0_ecl_pilot is active", "updated_at": "2026-08-24T10:46:13.595553+08:00"}
{"status": "waiting", "stage": "ecl_pilot", "detail": "tmux session timerole_p0_ecl_pilot is active", "updated_at": "2026-08-24T10:47:13.598535+08:00"}
{"status": "waiting", "stage": "ecl_pilot", "detail": "tmux session timerole_p0_ecl_pilot is active", "updated_at": "2026-08-24T10:48:13.601530+08:00"}
{"status": "waiting", "stage": "ecl_pilot", "detail": "tmux session timerole_p0_ecl_pilot is active", "updated_at": "2026-08-24T10:49:13.604315+08:00"}
{"status": "waiting", "stage": "ecl_pilot", "detail": "tmux session timerole_p0_ecl_pilot is active", "updated_at": "2026-08-24T10:50:13.607047+08:00"}
{"status": "waiting", "stage": "ecl_pilot", "detail": "tmux session timerole_p0_ecl_pilot is active", "updated_at": "2026-08-24T10:51:13.609739+08:00"}
{"status": "waiting", "stage": "ecl_pilot", "detail": "tmux session timerole_p0_ecl_pilot is active", "updated_at": "2026-08-24T10:52:13.621244+08:00"}
{"status": "waiting", "stage": "ecl_pilot", "detail": "tmux session timerole_p0_ecl_pilot is active", "updated_at": "2026-08-24T10:53:13.624637+08:00"}
{"status": "waiting", "stage": "ecl_pilot", "detail": "tmux session timerole_p0_ecl_pilot is active", "updated_at": "2026-08-24T10:54:13.636349+08:00"}
{"status": "gate_passed", "stage": "closest_finalize", "detail": "resume: /home/cwh/Time-Series-Library/logs/timerole_p0/closest/formal/final/audit.json", "updated_at": "2026-08-24T10:59:54.118237+08:00"}
{"status": "gate_passed", "stage": "sensitivity", "detail": "resume: /home/cwh/Time-Series-Library/logs/timerole_p0/sensitivity/status.json", "updated_at": "2026-08-24T10:59:54.118522+08:00"}
{"status": "launching", "stage": "ecl_pilot", "detail": "/home/cwh/Time-Series-Library/.venv/bin/python -u scripts/run_timerole_p0_ecl_solar.py --phase pilot --datasets electricity --gpu 0 --pilot-epochs 2 --timeout-seconds 21600", "updated_at": "2026-08-24T10:59:54.121019+08:00"}
{"status": "waiting", "stage": "ecl_pilot", "detail": "tmux session timerole_p0_ecl_pilot is active", "updated_at": "2026-08-24T10:59:54.126666+08:00"}
{"status": "waiting", "stage": "ecl_pilot", "detail": "tmux session timerole_p0_ecl_pilot is active", "updated_at": "2026-08-24T11:00:54.129856+08:00"}
{"status": "waiting", "stage": "ecl_pilot", "detail": "tmux session timerole_p0_ecl_pilot is active", "updated_at": "2026-08-24T11:01:54.133563+08:00"}
{"status": "waiting", "stage": "ecl_pilot", "detail": "tmux session timerole_p0_ecl_pilot is active", "updated_at": "2026-08-24T11:02:54.136741+08:00"}
{"status": "blocked", "stage": "supervisor", "detail": "timerole_p0_ecl_pilot exited with code 1; see /home/cwh/Time-Series-Library/logs/timerole_p0/supervisor/timerole_p0_ecl_pilot.log", "updated_at": "2026-08-24T11:03:54.139892+08:00"}
{"status": "gate_passed", "stage": "closest_finalize", "detail": "resume: /home/cwh/Time-Series-Library/logs/timerole_p0/closest/formal/final/audit.json", "updated_at": "2026-08-24T11:04:42.877743+08:00"}
{"status": "gate_passed", "stage": "sensitivity", "detail": "resume: /home/cwh/Time-Series-Library/logs/timerole_p0/sensitivity/status.json", "updated_at": "2026-08-24T11:04:42.878040+08:00"}
{"status": "waiting", "stage": "external_history_length_test", "detail": "tmux session timerole_history_length_test is active", "updated_at": "2026-08-24T11:04:42.880326+08:00"}
{"status": "waiting", "stage": "external_history_length_test", "detail": "tmux session timerole_history_length_test is active", "updated_at": "2026-08-24T11:05:42.891922+08:00"}
{"status": "waiting", "stage": "external_history_length_test", "detail": "tmux session timerole_history_length_test is active", "updated_at": "2026-08-24T11:06:42.894889+08:00"}
{"status": "waiting", "stage": "external_history_length_test", "detail": "tmux session timerole_history_length_test is active", "updated_at": "2026-08-24T11:07:42.898434+08:00"}
{"status": "waiting", "stage": "external_history_length_test", "detail": "tmux session timerole_history_length_test is active", "updated_at": "2026-08-24T11:08:42.902550+08:00"}
{"status": "waiting", "stage": "external_history_length_test", "detail": "tmux session timerole_history_length_test is active", "updated_at": "2026-08-24T11:09:42.906084+08:00"}
{"status": "waiting", "stage": "external_history_length_test", "detail": "tmux session timerole_history_length_test is active", "updated_at": "2026-08-24T11:10:42.908670+08:00"}
{"status": "waiting", "stage": "external_history_length_test", "detail": "tmux session timerole_history_length_test is active", "updated_at": "2026-08-24T11:11:42.911536+08:00"}
{"status": "waiting", "stage": "external_history_length_test", "detail": "tmux session timerole_history_length_test is active", "updated_at": "2026-08-24T11:12:42.915478+08:00"}
{"status": "waiting", "stage": "external_history_length_test", "detail": "tmux session timerole_history_length_test is active", "updated_at": "2026-08-24T11:13:42.919544+08:00"}
{"status": "waiting", "stage": "external_history_length_test", "detail": "tmux session timerole_history_length_test is active", "updated_at": "2026-08-24T11:14:42.922429+08:00"}
{"status": "launching", "stage": "ecl_pilot", "detail": "/home/cwh/Time-Series-Library/.venv/bin/python -u scripts/run_timerole_p0_ecl_solar.py --phase pilot --datasets electricity --gpu 0 --pilot-epochs 2 --timeout-seconds 21600", "updated_at": "2026-08-24T11:15:42.927262+08:00"}
{"status": "waiting", "stage": "ecl_pilot", "detail": "tmux session timerole_p0_ecl_pilot is active", "updated_at": "2026-08-24T11:15:42.932802+08:00"}
{"status": "waiting", "stage": "ecl_pilot", "detail": "tmux session timerole_p0_ecl_pilot is active", "updated_at": "2026-08-24T11:16:42.938487+08:00"}
{"status": "waiting", "stage": "ecl_pilot", "detail": "tmux session timerole_p0_ecl_pilot is active", "updated_at": "2026-08-24T11:17:42.941677+08:00"}
{"status": "waiting", "stage": "ecl_pilot", "detail": "tmux session timerole_p0_ecl_pilot is active", "updated_at": "2026-08-24T11:18:42.944609+08:00"}
{"status": "waiting", "stage": "ecl_pilot", "detail": "tmux session timerole_p0_ecl_pilot is active", "updated_at": "2026-08-24T11:19:42.947854+08:00"}
{"status": "waiting", "stage": "ecl_pilot", "detail": "tmux session timerole_p0_ecl_pilot is active", "updated_at": "2026-08-24T11:20:42.950619+08:00"}
{"status": "waiting", "stage": "ecl_pilot", "detail": "tmux session timerole_p0_ecl_pilot is active", "updated_at": "2026-08-24T11:21:42.953289+08:00"}
{"status": "waiting", "stage": "ecl_pilot", "detail": "tmux session timerole_p0_ecl_pilot is active", "updated_at": "2026-08-24T11:22:42.956102+08:00"}
{"status": "waiting", "stage": "ecl_pilot", "detail": "tmux session timerole_p0_ecl_pilot is active", "updated_at": "2026-08-24T11:23:42.958808+08:00"}
{"status": "waiting", "stage": "ecl_pilot", "detail": "tmux session timerole_p0_ecl_pilot is active", "updated_at": "2026-08-24T11:24:42.961517+08:00"}
{"status": "waiting", "stage": "ecl_pilot", "detail": "tmux session timerole_p0_ecl_pilot is active", "updated_at": "2026-08-24T11:25:42.964187+08:00"}
{"status": "waiting", "stage": "ecl_pilot", "detail": "tmux session timerole_p0_ecl_pilot is active", "updated_at": "2026-08-24T11:26:42.966865+08:00"}
{"status": "waiting", "stage": "ecl_pilot", "detail": "tmux session timerole_p0_ecl_pilot is active", "updated_at": "2026-08-24T11:27:42.970535+08:00"}
{"status": "waiting", "stage": "ecl_pilot", "detail": "tmux session timerole_p0_ecl_pilot is active", "updated_at": "2026-08-24T11:28:42.973539+08:00"}
{"status": "waiting", "stage": "ecl_pilot", "detail": "tmux session timerole_p0_ecl_pilot is active", "updated_at": "2026-08-24T11:29:42.975854+08:00"}
{"status": "waiting", "stage": "ecl_pilot", "detail": "tmux session timerole_p0_ecl_pilot is active", "updated_at": "2026-08-24T11:30:42.978419+08:00"}
{"status": "waiting", "stage": "ecl_pilot", "detail": "tmux session timerole_p0_ecl_pilot is active", "updated_at": "2026-08-24T11:31:42.981037+08:00"}
{"status": "waiting", "stage": "ecl_pilot", "detail": "tmux session timerole_p0_ecl_pilot is active", "updated_at": "2026-08-24T11:32:42.983654+08:00"}
{"status": "waiting", "stage": "ecl_pilot", "detail": "tmux session timerole_p0_ecl_pilot is active", "updated_at": "2026-08-24T11:33:42.986385+08:00"}
{"status": "waiting", "stage": "ecl_pilot", "detail": "tmux session timerole_p0_ecl_pilot is active", "updated_at": "2026-08-24T11:34:42.989615+08:00"}
{"status": "waiting", "stage": "ecl_pilot", "detail": "tmux session timerole_p0_ecl_pilot is active", "updated_at": "2026-08-24T11:35:42.992215+08:00"}
{"status": "waiting", "stage": "ecl_pilot", "detail": "tmux session timerole_p0_ecl_pilot is active", "updated_at": "2026-08-24T11:36:42.995513+08:00"}
{"status": "waiting", "stage": "ecl_pilot", "detail": "tmux session timerole_p0_ecl_pilot is active", "updated_at": "2026-08-24T11:37:42.998416+08:00"}
{"status": "waiting", "stage": "ecl_pilot", "detail": "tmux session timerole_p0_ecl_pilot is active", "updated_at": "2026-08-24T11:38:43.001107+08:00"}
{"status": "waiting", "stage": "ecl_pilot", "detail": "tmux session timerole_p0_ecl_pilot is active", "updated_at": "2026-08-24T11:39:43.003933+08:00"}
{"status": "waiting", "stage": "ecl_pilot", "detail": "tmux session timerole_p0_ecl_pilot is active", "updated_at": "2026-08-24T11:40:43.006807+08:00"}
{"status": "waiting", "stage": "ecl_pilot", "detail": "tmux session timerole_p0_ecl_pilot is active", "updated_at": "2026-08-24T11:41:43.009583+08:00"}
{"status": "blocked", "stage": "supervisor", "detail": "timerole_p0_ecl_pilot exited with code 1; see /home/cwh/Time-Series-Library/logs/timerole_p0/supervisor/timerole_p0_ecl_pilot.log", "updated_at": "2026-08-24T11:42:43.012701+08:00"}
{"status": "gate_passed", "stage": "closest_finalize", "detail": "resume: /home/cwh/Time-Series-Library/logs/timerole_p0/closest/formal/final/audit.json", "updated_at": "2026-08-24T11:44:10.212430+08:00"}
{"status": "gate_passed", "stage": "sensitivity", "detail": "resume: /home/cwh/Time-Series-Library/logs/timerole_p0/sensitivity/status.json", "updated_at": "2026-08-24T11:44:10.212711+08:00"}
{"status": "launching", "stage": "ecl_pilot", "detail": "/home/cwh/Time-Series-Library/.venv/bin/python -u scripts/run_timerole_p0_ecl_solar.py --phase pilot --datasets electricity --gpu 0 --pilot-epochs 2 --timeout-seconds 21600", "updated_at": "2026-08-24T11:44:10.225575+08:00"}
{"status": "waiting", "stage": "ecl_pilot", "detail": "tmux session timerole_p0_ecl_pilot is active", "updated_at": "2026-08-24T11:44:10.230632+08:00"}
{"status": "waiting", "stage": "ecl_pilot", "detail": "tmux session timerole_p0_ecl_pilot is active", "updated_at": "2026-08-24T11:45:10.234199+08:00"}
{"status": "waiting", "stage": "ecl_pilot", "detail": "tmux session timerole_p0_ecl_pilot is active", "updated_at": "2026-08-24T11:46:10.238479+08:00"}
{"status": "waiting", "stage": "ecl_pilot", "detail": "tmux session timerole_p0_ecl_pilot is active", "updated_at": "2026-08-24T11:47:10.242275+08:00"}
{"status": "waiting", "stage": "ecl_pilot", "detail": "tmux session timerole_p0_ecl_pilot is active", "updated_at": "2026-08-24T11:48:10.245949+08:00"}
{"status": "waiting", "stage": "ecl_pilot", "detail": "tmux session timerole_p0_ecl_pilot is active", "updated_at": "2026-08-24T11:49:10.249291+08:00"}
{"status": "waiting", "stage": "ecl_pilot", "detail": "tmux session timerole_p0_ecl_pilot is active", "updated_at": "2026-08-24T11:50:10.252922+08:00"}
{"status": "waiting", "stage": "ecl_pilot", "detail": "tmux session timerole_p0_ecl_pilot is active", "updated_at": "2026-08-24T11:51:10.256808+08:00"}
{"status": "waiting", "stage": "ecl_pilot", "detail": "tmux session timerole_p0_ecl_pilot is active", "updated_at": "2026-08-24T11:52:10.269743+08:00"}
{"status": "waiting", "stage": "ecl_pilot", "detail": "tmux session timerole_p0_ecl_pilot is active", "updated_at": "2026-08-24T11:53:10.273268+08:00"}
{"status": "waiting", "stage": "ecl_pilot", "detail": "tmux session timerole_p0_ecl_pilot is active", "updated_at": "2026-08-24T11:54:10.277525+08:00"}
{"status": "waiting", "stage": "ecl_pilot", "detail": "tmux session timerole_p0_ecl_pilot is active", "updated_at": "2026-08-24T11:55:10.281021+08:00"}
{"status": "waiting", "stage": "ecl_pilot", "detail": "tmux session timerole_p0_ecl_pilot is active", "updated_at": "2026-08-24T11:56:10.284645+08:00"}
{"status": "waiting", "stage": "ecl_pilot", "detail": "tmux session timerole_p0_ecl_pilot is active", "updated_at": "2026-08-24T11:57:10.287852+08:00"}
{"status": "waiting", "stage": "ecl_pilot", "detail": "tmux session timerole_p0_ecl_pilot is active", "updated_at": "2026-08-24T11:58:10.291530+08:00"}
{"status": "waiting", "stage": "ecl_pilot", "detail": "tmux session timerole_p0_ecl_pilot is active", "updated_at": "2026-08-24T11:59:10.295302+08:00"}
{"status": "waiting", "stage": "ecl_pilot", "detail": "tmux session timerole_p0_ecl_pilot is active", "updated_at": "2026-08-24T12:00:10.299271+08:00"}
{"status": "waiting", "stage": "ecl_pilot", "detail": "tmux session timerole_p0_ecl_pilot is active", "updated_at": "2026-08-24T12:01:10.302683+08:00"}
{"status": "waiting", "stage": "ecl_pilot", "detail": "tmux session timerole_p0_ecl_pilot is active", "updated_at": "2026-08-24T12:02:10.306177+08:00"}
{"status": "waiting", "stage": "ecl_pilot", "detail": "tmux session timerole_p0_ecl_pilot is active", "updated_at": "2026-08-24T12:03:10.309835+08:00"}
{"status": "waiting", "stage": "ecl_pilot", "detail": "tmux session timerole_p0_ecl_pilot is active", "updated_at": "2026-08-24T12:04:10.313414+08:00"}
{"status": "waiting", "stage": "ecl_pilot", "detail": "tmux session timerole_p0_ecl_pilot is active", "updated_at": "2026-08-24T12:05:10.316811+08:00"}
{"status": "waiting", "stage": "ecl_pilot", "detail": "tmux session timerole_p0_ecl_pilot is active", "updated_at": "2026-08-24T12:06:10.320233+08:00"}
{"status": "waiting", "stage": "ecl_pilot", "detail": "tmux session timerole_p0_ecl_pilot is active", "updated_at": "2026-08-24T12:07:10.323646+08:00"}
{"status": "waiting", "stage": "ecl_pilot", "detail": "tmux session timerole_p0_ecl_pilot is active", "updated_at": "2026-08-24T12:08:10.327235+08:00"}
{"status": "waiting", "stage": "ecl_pilot", "detail": "tmux session timerole_p0_ecl_pilot is active", "updated_at": "2026-08-24T12:09:10.330691+08:00"}
{"status": "waiting", "stage": "ecl_pilot", "detail": "tmux session timerole_p0_ecl_pilot is active", "updated_at": "2026-08-24T12:10:10.334470+08:00"}
{"status": "waiting", "stage": "ecl_pilot", "detail": "tmux session timerole_p0_ecl_pilot is active", "updated_at": "2026-08-24T12:11:10.338036+08:00"}
{"status": "waiting", "stage": "ecl_pilot", "detail": "tmux session timerole_p0_ecl_pilot is active", "updated_at": "2026-08-24T12:12:10.341405+08:00"}
{"status": "waiting", "stage": "ecl_pilot", "detail": "tmux session timerole_p0_ecl_pilot is active", "updated_at": "2026-08-24T12:13:10.344590+08:00"}
{"status": "waiting", "stage": "ecl_pilot", "detail": "tmux session timerole_p0_ecl_pilot is active", "updated_at": "2026-08-24T12:14:10.347889+08:00"}
{"status": "waiting", "stage": "ecl_pilot", "detail": "tmux session timerole_p0_ecl_pilot is active", "updated_at": "2026-08-24T12:15:10.359845+08:00"}
{"status": "waiting", "stage": "ecl_pilot", "detail": "tmux session timerole_p0_ecl_pilot is active", "updated_at": "2026-08-24T12:16:10.363084+08:00"}
{"status": "waiting", "stage": "ecl_pilot", "detail": "tmux session timerole_p0_ecl_pilot is active", "updated_at": "2026-08-24T12:17:10.365914+08:00"}
{"status": "waiting", "stage": "ecl_pilot", "detail": "tmux session timerole_p0_ecl_pilot is active", "updated_at": "2026-08-24T12:18:10.368980+08:00"}
{"status": "waiting", "stage": "ecl_pilot", "detail": "tmux session timerole_p0_ecl_pilot is active", "updated_at": "2026-08-24T12:19:10.371869+08:00"}
{"status": "waiting", "stage": "ecl_pilot", "detail": "tmux session timerole_p0_ecl_pilot is active", "updated_at": "2026-08-24T12:20:10.374977+08:00"}
{"status": "waiting", "stage": "ecl_pilot", "detail": "tmux session timerole_p0_ecl_pilot is active", "updated_at": "2026-08-24T12:21:10.378263+08:00"}
{"status": "waiting", "stage": "ecl_pilot", "detail": "tmux session timerole_p0_ecl_pilot is active", "updated_at": "2026-08-24T12:22:10.381811+08:00"}
{"status": "waiting", "stage": "ecl_pilot", "detail": "tmux session timerole_p0_ecl_pilot is active", "updated_at": "2026-08-24T12:23:10.384929+08:00"}
{"status": "waiting", "stage": "ecl_pilot", "detail": "tmux session timerole_p0_ecl_pilot is active", "updated_at": "2026-08-24T12:24:10.388510+08:00"}
{"status": "waiting", "stage": "ecl_pilot", "detail": "tmux session timerole_p0_ecl_pilot is active", "updated_at": "2026-08-24T12:25:10.400588+08:00"}
{"status": "waiting", "stage": "ecl_pilot", "detail": "tmux session timerole_p0_ecl_pilot is active", "updated_at": "2026-08-24T12:26:10.404054+08:00"}
{"status": "waiting", "stage": "ecl_pilot", "detail": "tmux session timerole_p0_ecl_pilot is active", "updated_at": "2026-08-24T12:27:10.407628+08:00"}
{"status": "waiting", "stage": "ecl_pilot", "detail": "tmux session timerole_p0_ecl_pilot is active", "updated_at": "2026-08-24T12:28:10.410721+08:00"}
{"status": "waiting", "stage": "ecl_pilot", "detail": "tmux session timerole_p0_ecl_pilot is active", "updated_at": "2026-08-24T12:29:10.413817+08:00"}
{"status": "waiting", "stage": "ecl_pilot", "detail": "tmux session timerole_p0_ecl_pilot is active", "updated_at": "2026-08-24T12:30:10.416843+08:00"}
{"status": "waiting", "stage": "ecl_pilot", "detail": "tmux session timerole_p0_ecl_pilot is active", "updated_at": "2026-08-24T12:31:10.419911+08:00"}
{"status": "waiting", "stage": "ecl_pilot", "detail": "tmux session timerole_p0_ecl_pilot is active", "updated_at": "2026-08-24T12:32:10.422928+08:00"}
{"status": "waiting", "stage": "ecl_pilot", "detail": "tmux session timerole_p0_ecl_pilot is active", "updated_at": "2026-08-24T12:33:10.426228+08:00"}
{"status": "waiting", "stage": "ecl_pilot", "detail": "tmux session timerole_p0_ecl_pilot is active", "updated_at": "2026-08-24T12:34:10.429488+08:00"}
{"status": "waiting", "stage": "ecl_pilot", "detail": "tmux session timerole_p0_ecl_pilot is active", "updated_at": "2026-08-24T12:35:10.432582+08:00"}
{"status": "waiting", "stage": "ecl_pilot", "detail": "tmux session timerole_p0_ecl_pilot is active", "updated_at": "2026-08-24T12:36:10.435575+08:00"}
{"status": "waiting", "stage": "ecl_pilot", "detail": "tmux session timerole_p0_ecl_pilot is active", "updated_at": "2026-08-24T12:37:10.438601+08:00"}
{"status": "waiting", "stage": "ecl_pilot", "detail": "tmux session timerole_p0_ecl_pilot is active", "updated_at": "2026-08-24T12:38:10.441718+08:00"}
{"status": "waiting", "stage": "ecl_pilot", "detail": "tmux session timerole_p0_ecl_pilot is active", "updated_at": "2026-08-24T12:39:10.444855+08:00"}
{"status": "waiting", "stage": "ecl_pilot", "detail": "tmux session timerole_p0_ecl_pilot is active", "updated_at": "2026-08-24T12:40:10.447917+08:00"}
{"status": "waiting", "stage": "ecl_pilot", "detail": "tmux session timerole_p0_ecl_pilot is active", "updated_at": "2026-08-24T12:41:10.451365+08:00"}
{"status": "waiting", "stage": "ecl_pilot", "detail": "tmux session timerole_p0_ecl_pilot is active", "updated_at": "2026-08-24T12:42:10.454774+08:00"}
{"status": "waiting", "stage": "ecl_pilot", "detail": "tmux session timerole_p0_ecl_pilot is active", "updated_at": "2026-08-24T12:43:10.458303+08:00"}
{"status": "waiting", "stage": "ecl_pilot", "detail": "tmux session timerole_p0_ecl_pilot is active", "updated_at": "2026-08-24T12:44:10.461279+08:00"}
{"status": "waiting", "stage": "ecl_pilot", "detail": "tmux session timerole_p0_ecl_pilot is active", "updated_at": "2026-08-24T12:45:10.464161+08:00"}
{"status": "waiting", "stage": "ecl_pilot", "detail": "tmux session timerole_p0_ecl_pilot is active", "updated_at": "2026-08-24T12:46:10.467316+08:00"}
{"status": "waiting", "stage": "ecl_pilot", "detail": "tmux session timerole_p0_ecl_pilot is active", "updated_at": "2026-08-24T12:47:10.470133+08:00"}
{"status": "waiting", "stage": "ecl_pilot", "detail": "tmux session timerole_p0_ecl_pilot is active", "updated_at": "2026-08-24T12:48:10.473021+08:00"}
{"status": "waiting", "stage": "ecl_pilot", "detail": "tmux session timerole_p0_ecl_pilot is active", "updated_at": "2026-08-24T12:49:10.476780+08:00"}
{"status": "waiting", "stage": "ecl_pilot", "detail": "tmux session timerole_p0_ecl_pilot is active", "updated_at": "2026-08-24T12:50:10.480020+08:00"}
{"status": "waiting", "stage": "ecl_pilot", "detail": "tmux session timerole_p0_ecl_pilot is active", "updated_at": "2026-08-24T12:51:10.483118+08:00"}
{"status": "waiting", "stage": "ecl_pilot", "detail": "tmux session timerole_p0_ecl_pilot is active", "updated_at": "2026-08-24T12:52:10.486200+08:00"}
{"status": "waiting", "stage": "ecl_pilot", "detail": "tmux session timerole_p0_ecl_pilot is active", "updated_at": "2026-08-24T12:53:10.489261+08:00"}
{"status": "waiting", "stage": "ecl_pilot", "detail": "tmux session timerole_p0_ecl_pilot is active", "updated_at": "2026-08-24T12:54:10.492467+08:00"}
{"status": "waiting", "stage": "ecl_pilot", "detail": "tmux session timerole_p0_ecl_pilot is active", "updated_at": "2026-08-24T12:55:10.495656+08:00"}
{"status": "waiting", "stage": "ecl_pilot", "detail": "tmux session timerole_p0_ecl_pilot is active", "updated_at": "2026-08-24T12:56:10.499301+08:00"}
{"status": "waiting", "stage": "ecl_pilot", "detail": "tmux session timerole_p0_ecl_pilot is active", "updated_at": "2026-08-24T12:57:10.502385+08:00"}
{"status": "waiting", "stage": "ecl_pilot", "detail": "tmux session timerole_p0_ecl_pilot is active", "updated_at": "2026-08-24T12:58:10.506004+08:00"}
{"status": "waiting", "stage": "ecl_pilot", "detail": "tmux session timerole_p0_ecl_pilot is active", "updated_at": "2026-08-24T12:59:10.509318+08:00"}
{"status": "waiting", "stage": "ecl_pilot", "detail": "tmux session timerole_p0_ecl_pilot is active", "updated_at": "2026-08-24T13:00:10.512375+08:00"}
{"status": "waiting", "stage": "ecl_pilot", "detail": "tmux session timerole_p0_ecl_pilot is active", "updated_at": "2026-08-24T13:01:10.515432+08:00"}
{"status": "waiting", "stage": "ecl_pilot", "detail": "tmux session timerole_p0_ecl_pilot is active", "updated_at": "2026-08-24T13:02:10.518296+08:00"}
{"status": "waiting", "stage": "ecl_pilot", "detail": "tmux session timerole_p0_ecl_pilot is active", "updated_at": "2026-08-24T13:03:10.522049+08:00"}
{"status": "waiting", "stage": "ecl_pilot", "detail": "tmux session timerole_p0_ecl_pilot is active", "updated_at": "2026-08-24T13:04:10.525548+08:00"}
{"status": "waiting", "stage": "ecl_pilot", "detail": "tmux session timerole_p0_ecl_pilot is active", "updated_at": "2026-08-24T13:05:10.528601+08:00"}
{"status": "waiting", "stage": "ecl_pilot", "detail": "tmux session timerole_p0_ecl_pilot is active", "updated_at": "2026-08-24T13:06:10.532437+08:00"}
{"status": "waiting", "stage": "ecl_pilot", "detail": "tmux session timerole_p0_ecl_pilot is active", "updated_at": "2026-08-24T13:07:10.535658+08:00"}
{"status": "waiting", "stage": "ecl_pilot", "detail": "tmux session timerole_p0_ecl_pilot is active", "updated_at": "2026-08-24T13:08:10.538683+08:00"}
{"status": "waiting", "stage": "ecl_pilot", "detail": "tmux session timerole_p0_ecl_pilot is active", "updated_at": "2026-08-24T13:09:10.541449+08:00"}
{"status": "waiting", "stage": "ecl_pilot", "detail": "tmux session timerole_p0_ecl_pilot is active", "updated_at": "2026-08-24T13:10:10.544087+08:00"}
{"status": "waiting", "stage": "ecl_pilot", "detail": "tmux session timerole_p0_ecl_pilot is active", "updated_at": "2026-08-24T13:11:10.546874+08:00"}
{"status": "waiting", "stage": "ecl_pilot", "detail": "tmux session timerole_p0_ecl_pilot is active", "updated_at": "2026-08-24T13:12:10.549849+08:00"}
{"status": "waiting", "stage": "ecl_pilot", "detail": "tmux session timerole_p0_ecl_pilot is active", "updated_at": "2026-08-24T13:13:10.552922+08:00"}
{"status": "waiting", "stage": "ecl_pilot", "detail": "tmux session timerole_p0_ecl_pilot is active", "updated_at": "2026-08-24T13:14:10.555522+08:00"}
{"status": "waiting", "stage": "ecl_pilot", "detail": "tmux session timerole_p0_ecl_pilot is active", "updated_at": "2026-08-24T13:15:10.558282+08:00"}
{"status": "waiting", "stage": "ecl_pilot", "detail": "tmux session timerole_p0_ecl_pilot is active", "updated_at": "2026-08-24T13:16:10.561006+08:00"}
{"status": "waiting", "stage": "ecl_pilot", "detail": "tmux session timerole_p0_ecl_pilot is active", "updated_at": "2026-08-24T13:17:10.563582+08:00"}
{"status": "waiting", "stage": "ecl_pilot", "detail": "tmux session timerole_p0_ecl_pilot is active", "updated_at": "2026-08-24T13:18:10.566747+08:00"}
{"status": "waiting", "stage": "ecl_pilot", "detail": "tmux session timerole_p0_ecl_pilot is active", "updated_at": "2026-08-24T13:19:10.570377+08:00"}
{"status": "waiting", "stage": "ecl_pilot", "detail": "tmux session timerole_p0_ecl_pilot is active", "updated_at": "2026-08-24T13:20:10.573547+08:00"}
{"status": "waiting", "stage": "ecl_pilot", "detail": "tmux session timerole_p0_ecl_pilot is active", "updated_at": "2026-08-24T13:21:10.577155+08:00"}
{"status": "waiting", "stage": "ecl_pilot", "detail": "tmux session timerole_p0_ecl_pilot is active", "updated_at": "2026-08-24T13:22:10.580579+08:00"}
{"status": "waiting", "stage": "ecl_pilot", "detail": "tmux session timerole_p0_ecl_pilot is active", "updated_at": "2026-08-24T13:23:10.583826+08:00"}
{"status": "waiting", "stage": "ecl_pilot", "detail": "tmux session timerole_p0_ecl_pilot is active", "updated_at": "2026-08-24T13:24:10.587299+08:00"}
{"status": "waiting", "stage": "ecl_pilot", "detail": "tmux session timerole_p0_ecl_pilot is active", "updated_at": "2026-08-24T13:25:10.590674+08:00"}
{"status": "waiting", "stage": "ecl_pilot", "detail": "tmux session timerole_p0_ecl_pilot is active", "updated_at": "2026-08-24T13:26:10.594842+08:00"}
{"status": "waiting", "stage": "ecl_pilot", "detail": "tmux session timerole_p0_ecl_pilot is active", "updated_at": "2026-08-24T13:27:10.597740+08:00"}
{"status": "waiting", "stage": "ecl_pilot", "detail": "tmux session timerole_p0_ecl_pilot is active", "updated_at": "2026-08-24T13:28:10.600913+08:00"}
{"status": "waiting", "stage": "ecl_pilot", "detail": "tmux session timerole_p0_ecl_pilot is active", "updated_at": "2026-08-24T13:29:10.604061+08:00"}
{"status": "waiting", "stage": "ecl_pilot", "detail": "tmux session timerole_p0_ecl_pilot is active", "updated_at": "2026-08-24T13:30:10.607116+08:00"}
{"status": "waiting", "stage": "ecl_pilot", "detail": "tmux session timerole_p0_ecl_pilot is active", "updated_at": "2026-08-24T13:31:10.610486+08:00"}
{"status": "waiting", "stage": "ecl_pilot", "detail": "tmux session timerole_p0_ecl_pilot is active", "updated_at": "2026-08-24T13:32:10.613856+08:00"}
{"status": "waiting", "stage": "ecl_pilot", "detail": "tmux session timerole_p0_ecl_pilot is active", "updated_at": "2026-08-24T13:33:10.616792+08:00"}
{"status": "waiting", "stage": "ecl_pilot", "detail": "tmux session timerole_p0_ecl_pilot is active", "updated_at": "2026-08-24T13:34:10.620085+08:00"}
{"status": "waiting", "stage": "ecl_pilot", "detail": "tmux session timerole_p0_ecl_pilot is active", "updated_at": "2026-08-24T13:35:10.623160+08:00"}
{"status": "waiting", "stage": "ecl_pilot", "detail": "tmux session timerole_p0_ecl_pilot is active", "updated_at": "2026-08-24T13:36:10.625962+08:00"}
{"status": "waiting", "stage": "ecl_pilot", "detail": "tmux session timerole_p0_ecl_pilot is active", "updated_at": "2026-08-24T13:37:10.629296+08:00"}
{"status": "waiting", "stage": "ecl_pilot", "detail": "tmux session timerole_p0_ecl_pilot is active", "updated_at": "2026-08-24T13:38:10.632482+08:00"}
{"status": "waiting", "stage": "ecl_pilot", "detail": "tmux session timerole_p0_ecl_pilot is active", "updated_at": "2026-08-24T13:39:10.635453+08:00"}
{"status": "waiting", "stage": "ecl_pilot", "detail": "tmux session timerole_p0_ecl_pilot is active", "updated_at": "2026-08-24T13:40:10.639059+08:00"}
{"status": "waiting", "stage": "ecl_pilot", "detail": "tmux session timerole_p0_ecl_pilot is active", "updated_at": "2026-08-24T13:41:10.642205+08:00"}
{"status": "waiting", "stage": "ecl_pilot", "detail": "tmux session timerole_p0_ecl_pilot is active", "updated_at": "2026-08-24T13:42:10.645681+08:00"}
{"status": "waiting", "stage": "ecl_pilot", "detail": "tmux session timerole_p0_ecl_pilot is active", "updated_at": "2026-08-24T13:43:10.648961+08:00"}
{"status": "waiting", "stage": "ecl_pilot", "detail": "tmux session timerole_p0_ecl_pilot is active", "updated_at": "2026-08-24T13:44:10.652220+08:00"}
{"status": "waiting", "stage": "ecl_pilot", "detail": "tmux session timerole_p0_ecl_pilot is active", "updated_at": "2026-08-24T13:45:10.655499+08:00"}
{"status": "waiting", "stage": "ecl_pilot", "detail": "tmux session timerole_p0_ecl_pilot is active", "updated_at": "2026-08-24T13:46:10.658720+08:00"}
{"status": "waiting", "stage": "ecl_pilot", "detail": "tmux session timerole_p0_ecl_pilot is active", "updated_at": "2026-08-24T13:47:10.661949+08:00"}
{"status": "waiting", "stage": "ecl_pilot", "detail": "tmux session timerole_p0_ecl_pilot is active", "updated_at": "2026-08-24T13:48:10.665034+08:00"}
{"status": "waiting", "stage": "ecl_pilot", "detail": "tmux session timerole_p0_ecl_pilot is active", "updated_at": "2026-08-24T13:49:10.668256+08:00"}
{"status": "waiting", "stage": "ecl_pilot", "detail": "tmux session timerole_p0_ecl_pilot is active", "updated_at": "2026-08-24T13:50:10.671407+08:00"}
{"status": "waiting", "stage": "ecl_pilot", "detail": "tmux session timerole_p0_ecl_pilot is active", "updated_at": "2026-08-24T13:51:10.674595+08:00"}
{"status": "waiting", "stage": "ecl_pilot", "detail": "tmux session timerole_p0_ecl_pilot is active", "updated_at": "2026-08-24T13:52:10.678040+08:00"}
{"status": "waiting", "stage": "ecl_pilot", "detail": "tmux session timerole_p0_ecl_pilot is active", "updated_at": "2026-08-24T13:53:10.681458+08:00"}
{"status": "waiting", "stage": "ecl_pilot", "detail": "tmux session timerole_p0_ecl_pilot is active", "updated_at": "2026-08-24T13:54:10.684676+08:00"}
{"status": "waiting", "stage": "ecl_pilot", "detail": "tmux session timerole_p0_ecl_pilot is active", "updated_at": "2026-08-24T13:55:10.688228+08:00"}
{"status": "waiting", "stage": "ecl_pilot", "detail": "tmux session timerole_p0_ecl_pilot is active", "updated_at": "2026-08-24T13:56:10.690826+08:00"}
{"status": "waiting", "stage": "ecl_pilot", "detail": "tmux session timerole_p0_ecl_pilot is active", "updated_at": "2026-08-24T13:57:10.693602+08:00"}
{"status": "waiting", "stage": "ecl_pilot", "detail": "tmux session timerole_p0_ecl_pilot is active", "updated_at": "2026-08-24T13:58:10.696851+08:00"}
{"status": "waiting", "stage": "ecl_pilot", "detail": "tmux session timerole_p0_ecl_pilot is active", "updated_at": "2026-08-24T13:59:10.699927+08:00"}
{"status": "waiting", "stage": "ecl_pilot", "detail": "tmux session timerole_p0_ecl_pilot is active", "updated_at": "2026-08-24T14:00:10.703946+08:00"}
{"status": "waiting", "stage": "ecl_pilot", "detail": "tmux session timerole_p0_ecl_pilot is active", "updated_at": "2026-08-24T14:01:10.707078+08:00"}
{"status": "waiting", "stage": "ecl_pilot", "detail": "tmux session timerole_p0_ecl_pilot is active", "updated_at": "2026-08-24T14:02:10.710143+08:00"}
{"status": "waiting", "stage": "ecl_pilot", "detail": "tmux session timerole_p0_ecl_pilot is active", "updated_at": "2026-08-24T14:03:10.713132+08:00"}
{"status": "waiting", "stage": "ecl_pilot", "detail": "tmux session timerole_p0_ecl_pilot is active", "updated_at": "2026-08-24T14:04:10.716022+08:00"}
{"status": "waiting", "stage": "ecl_pilot", "detail": "tmux session timerole_p0_ecl_pilot is active", "updated_at": "2026-08-24T14:05:10.718838+08:00"}
{"status": "waiting", "stage": "ecl_pilot", "detail": "tmux session timerole_p0_ecl_pilot is active", "updated_at": "2026-08-24T14:06:10.721911+08:00"}
{"status": "waiting", "stage": "ecl_pilot", "detail": "tmux session timerole_p0_ecl_pilot is active", "updated_at": "2026-08-24T14:07:10.724735+08:00"}
{"status": "waiting", "stage": "ecl_pilot", "detail": "tmux session timerole_p0_ecl_pilot is active", "updated_at": "2026-08-24T14:08:10.728047+08:00"}
{"status": "waiting", "stage": "ecl_pilot", "detail": "tmux session timerole_p0_ecl_pilot is active", "updated_at": "2026-08-24T14:09:10.730833+08:00"}
{"status": "waiting", "stage": "ecl_pilot", "detail": "tmux session timerole_p0_ecl_pilot is active", "updated_at": "2026-08-24T14:10:10.733789+08:00"}
{"status": "waiting", "stage": "ecl_pilot", "detail": "tmux session timerole_p0_ecl_pilot is active", "updated_at": "2026-08-24T14:11:10.736935+08:00"}
{"status": "waiting", "stage": "ecl_pilot", "detail": "tmux session timerole_p0_ecl_pilot is active", "updated_at": "2026-08-24T14:12:10.740390+08:00"}
{"status": "waiting", "stage": "ecl_pilot", "detail": "tmux session timerole_p0_ecl_pilot is active", "updated_at": "2026-08-24T14:13:10.743168+08:00"}
{"status": "waiting", "stage": "ecl_pilot", "detail": "tmux session timerole_p0_ecl_pilot is active", "updated_at": "2026-08-24T14:14:10.745857+08:00"}
{"status": "waiting", "stage": "ecl_pilot", "detail": "tmux session timerole_p0_ecl_pilot is active", "updated_at": "2026-08-24T14:15:10.748796+08:00"}
{"status": "waiting", "stage": "ecl_pilot", "detail": "tmux session timerole_p0_ecl_pilot is active", "updated_at": "2026-08-24T14:16:10.752534+08:00"}
{"status": "waiting", "stage": "ecl_pilot", "detail": "tmux session timerole_p0_ecl_pilot is active", "updated_at": "2026-08-24T14:17:10.755554+08:00"}
{"status": "waiting", "stage": "ecl_pilot", "detail": "tmux session timerole_p0_ecl_pilot is active", "updated_at": "2026-08-24T14:18:10.758194+08:00"}
{"status": "waiting", "stage": "ecl_pilot", "detail": "tmux session timerole_p0_ecl_pilot is active", "updated_at": "2026-08-24T14:19:10.760858+08:00"}
{"status": "waiting", "stage": "ecl_pilot", "detail": "tmux session timerole_p0_ecl_pilot is active", "updated_at": "2026-08-24T14:20:10.763808+08:00"}
{"status": "waiting", "stage": "ecl_pilot", "detail": "tmux session timerole_p0_ecl_pilot is active", "updated_at": "2026-08-24T14:21:10.768448+08:00"}
{"status": "waiting", "stage": "ecl_pilot", "detail": "tmux session timerole_p0_ecl_pilot is active", "updated_at": "2026-08-24T14:22:10.771570+08:00"}
{"status": "waiting", "stage": "ecl_pilot", "detail": "tmux session timerole_p0_ecl_pilot is active", "updated_at": "2026-08-24T14:23:10.774970+08:00"}
{"status": "waiting", "stage": "ecl_pilot", "detail": "tmux session timerole_p0_ecl_pilot is active", "updated_at": "2026-08-24T14:24:10.777897+08:00"}
{"status": "waiting", "stage": "ecl_pilot", "detail": "tmux session timerole_p0_ecl_pilot is active", "updated_at": "2026-08-24T14:25:10.780623+08:00"}
{"status": "waiting", "stage": "ecl_pilot", "detail": "tmux session timerole_p0_ecl_pilot is active", "updated_at": "2026-08-24T14:26:10.783331+08:00"}
{"status": "waiting", "stage": "ecl_pilot", "detail": "tmux session timerole_p0_ecl_pilot is active", "updated_at": "2026-08-24T14:27:10.786264+08:00"}
{"status": "waiting", "stage": "ecl_pilot", "detail": "tmux session timerole_p0_ecl_pilot is active", "updated_at": "2026-08-24T14:28:10.788888+08:00"}
{"status": "waiting", "stage": "ecl_pilot", "detail": "tmux session timerole_p0_ecl_pilot is active", "updated_at": "2026-08-24T14:29:10.791757+08:00"}
{"status": "waiting", "stage": "ecl_pilot", "detail": "tmux session timerole_p0_ecl_pilot is active", "updated_at": "2026-08-24T14:30:10.794479+08:00"}
{"status": "waiting", "stage": "ecl_pilot", "detail": "tmux session timerole_p0_ecl_pilot is active", "updated_at": "2026-08-24T14:31:10.797500+08:00"}
{"status": "waiting", "stage": "ecl_pilot", "detail": "tmux session timerole_p0_ecl_pilot is active", "updated_at": "2026-08-24T14:32:10.800801+08:00"}
{"status": "waiting", "stage": "ecl_pilot", "detail": "tmux session timerole_p0_ecl_pilot is active", "updated_at": "2026-08-24T14:33:10.803857+08:00"}
{"status": "waiting", "stage": "ecl_pilot", "detail": "tmux session timerole_p0_ecl_pilot is active", "updated_at": "2026-08-24T14:34:10.806941+08:00"}
{"status": "waiting", "stage": "ecl_pilot", "detail": "tmux session timerole_p0_ecl_pilot is active", "updated_at": "2026-08-24T14:35:10.809338+08:00"}
{"status": "waiting", "stage": "ecl_pilot", "detail": "tmux session timerole_p0_ecl_pilot is active", "updated_at": "2026-08-24T14:36:10.812092+08:00"}
{"status": "waiting", "stage": "ecl_pilot", "detail": "tmux session timerole_p0_ecl_pilot is active", "updated_at": "2026-08-24T14:37:10.815338+08:00"}
{"status": "waiting", "stage": "ecl_pilot", "detail": "tmux session timerole_p0_ecl_pilot is active", "updated_at": "2026-08-24T14:38:10.818282+08:00"}
{"status": "waiting", "stage": "ecl_pilot", "detail": "tmux session timerole_p0_ecl_pilot is active", "updated_at": "2026-08-24T14:39:10.821078+08:00"}
{"status": "waiting", "stage": "ecl_pilot", "detail": "tmux session timerole_p0_ecl_pilot is active", "updated_at": "2026-08-24T14:40:10.823832+08:00"}
{"status": "waiting", "stage": "ecl_pilot", "detail": "tmux session timerole_p0_ecl_pilot is active", "updated_at": "2026-08-24T14:41:10.826561+08:00"}
{"status": "waiting", "stage": "ecl_pilot", "detail": "tmux session timerole_p0_ecl_pilot is active", "updated_at": "2026-08-24T14:42:10.829456+08:00"}
{"status": "waiting", "stage": "ecl_pilot", "detail": "tmux session timerole_p0_ecl_pilot is active", "updated_at": "2026-08-24T14:43:10.832418+08:00"}
{"status": "waiting", "stage": "ecl_pilot", "detail": "tmux session timerole_p0_ecl_pilot is active", "updated_at": "2026-08-24T14:44:10.835347+08:00"}
{"status": "waiting", "stage": "ecl_pilot", "detail": "tmux session timerole_p0_ecl_pilot is active", "updated_at": "2026-08-24T14:45:10.838134+08:00"}
{"status": "waiting", "stage": "ecl_pilot", "detail": "tmux session timerole_p0_ecl_pilot is active", "updated_at": "2026-08-24T14:46:10.841247+08:00"}
{"status": "waiting", "stage": "ecl_pilot", "detail": "tmux session timerole_p0_ecl_pilot is active", "updated_at": "2026-08-24T14:47:10.843891+08:00"}
{"status": "waiting", "stage": "ecl_pilot", "detail": "tmux session timerole_p0_ecl_pilot is active", "updated_at": "2026-08-24T14:48:10.846741+08:00"}
{"status": "waiting", "stage": "ecl_pilot", "detail": "tmux session timerole_p0_ecl_pilot is active", "updated_at": "2026-08-24T14:49:10.849346+08:00"}
{"status": "waiting", "stage": "ecl_pilot", "detail": "tmux session timerole_p0_ecl_pilot is active", "updated_at": "2026-08-24T14:50:10.852082+08:00"}
{"status": "waiting", "stage": "ecl_pilot", "detail": "tmux session timerole_p0_ecl_pilot is active", "updated_at": "2026-08-24T14:51:10.854727+08:00"}
{"status": "waiting", "stage": "ecl_pilot", "detail": "tmux session timerole_p0_ecl_pilot is active", "updated_at": "2026-08-24T14:52:10.857463+08:00"}
{"status": "waiting", "stage": "ecl_pilot", "detail": "tmux session timerole_p0_ecl_pilot is active", "updated_at": "2026-08-24T14:53:10.860111+08:00"}
{"status": "waiting", "stage": "ecl_pilot", "detail": "tmux session timerole_p0_ecl_pilot is active", "updated_at": "2026-08-24T14:54:10.862757+08:00"}
{"status": "waiting", "stage": "ecl_pilot", "detail": "tmux session timerole_p0_ecl_pilot is active", "updated_at": "2026-08-24T14:55:10.865994+08:00"}
{"status": "waiting", "stage": "ecl_pilot", "detail": "tmux session timerole_p0_ecl_pilot is active", "updated_at": "2026-08-24T14:56:10.868611+08:00"}
{"status": "waiting", "stage": "ecl_pilot", "detail": "tmux session timerole_p0_ecl_pilot is active", "updated_at": "2026-08-24T14:57:10.872702+08:00"}
{"status": "waiting", "stage": "ecl_pilot", "detail": "tmux session timerole_p0_ecl_pilot is active", "updated_at": "2026-08-24T14:58:10.875402+08:00"}
{"status": "waiting", "stage": "ecl_pilot", "detail": "tmux session timerole_p0_ecl_pilot is active", "updated_at": "2026-08-24T14:59:10.878104+08:00"}
{"status": "waiting", "stage": "ecl_pilot", "detail": "tmux session timerole_p0_ecl_pilot is active", "updated_at": "2026-08-24T15:00:10.880638+08:00"}
{"status": "waiting", "stage": "ecl_pilot", "detail": "tmux session timerole_p0_ecl_pilot is active", "updated_at": "2026-08-24T15:01:10.883269+08:00"}
{"status": "waiting", "stage": "ecl_pilot", "detail": "tmux session timerole_p0_ecl_pilot is active", "updated_at": "2026-08-24T15:02:10.886108+08:00"}
{"status": "waiting", "stage": "ecl_pilot", "detail": "tmux session timerole_p0_ecl_pilot is active", "updated_at": "2026-08-24T15:03:10.889918+08:00"}
{"status": "waiting", "stage": "ecl_pilot", "detail": "tmux session timerole_p0_ecl_pilot is active", "updated_at": "2026-08-24T15:04:10.892784+08:00"}
{"status": "waiting", "stage": "ecl_pilot", "detail": "tmux session timerole_p0_ecl_pilot is active", "updated_at": "2026-08-24T15:05:10.895553+08:00"}
{"status": "waiting", "stage": "ecl_pilot", "detail": "tmux session timerole_p0_ecl_pilot is active", "updated_at": "2026-08-24T15:06:10.901035+08:00"}
{"status": "waiting", "stage": "ecl_pilot", "detail": "tmux session timerole_p0_ecl_pilot is active", "updated_at": "2026-08-24T15:07:10.907456+08:00"}
{"status": "waiting", "stage": "ecl_pilot", "detail": "tmux session timerole_p0_ecl_pilot is active", "updated_at": "2026-08-24T15:08:10.909951+08:00"}
{"status": "waiting", "stage": "ecl_pilot", "detail": "tmux session timerole_p0_ecl_pilot is active", "updated_at": "2026-08-24T15:09:10.912739+08:00"}
{"status": "waiting", "stage": "ecl_pilot", "detail": "tmux session timerole_p0_ecl_pilot is active", "updated_at": "2026-08-24T15:10:10.918284+08:00"}
{"status": "waiting", "stage": "ecl_pilot", "detail": "tmux session timerole_p0_ecl_pilot is active", "updated_at": "2026-08-24T15:11:10.921959+08:00"}
{"status": "waiting", "stage": "ecl_pilot", "detail": "tmux session timerole_p0_ecl_pilot is active", "updated_at": "2026-08-24T15:12:10.924496+08:00"}
{"status": "waiting", "stage": "ecl_pilot", "detail": "tmux session timerole_p0_ecl_pilot is active", "updated_at": "2026-08-24T15:13:10.927309+08:00"}
{"status": "waiting", "stage": "ecl_pilot", "detail": "tmux session timerole_p0_ecl_pilot is active", "updated_at": "2026-08-24T15:14:10.933158+08:00"}
{"status": "waiting", "stage": "ecl_pilot", "detail": "tmux session timerole_p0_ecl_pilot is active", "updated_at": "2026-08-24T15:15:10.936697+08:00"}
{"status": "waiting", "stage": "ecl_pilot", "detail": "tmux session timerole_p0_ecl_pilot is active", "updated_at": "2026-08-24T15:16:10.940003+08:00"}
{"status": "waiting", "stage": "ecl_pilot", "detail": "tmux session timerole_p0_ecl_pilot is active", "updated_at": "2026-08-24T15:17:10.942670+08:00"}
{"status": "waiting", "stage": "ecl_pilot", "detail": "tmux session timerole_p0_ecl_pilot is active", "updated_at": "2026-08-24T15:18:10.946700+08:00"}
{"status": "waiting", "stage": "ecl_pilot", "detail": "tmux session timerole_p0_ecl_pilot is active", "updated_at": "2026-08-24T15:19:10.950808+08:00"}
{"status": "waiting", "stage": "ecl_pilot", "detail": "tmux session timerole_p0_ecl_pilot is active", "updated_at": "2026-08-24T15:20:10.953690+08:00"}
{"status": "waiting", "stage": "ecl_pilot", "detail": "tmux session timerole_p0_ecl_pilot is active", "updated_at": "2026-08-24T15:21:10.959036+08:00"}
{"status": "waiting", "stage": "ecl_pilot", "detail": "tmux session timerole_p0_ecl_pilot is active", "updated_at": "2026-08-24T15:22:10.962023+08:00"}
{"status": "waiting", "stage": "ecl_pilot", "detail": "tmux session timerole_p0_ecl_pilot is active", "updated_at": "2026-08-24T15:23:10.967227+08:00"}
{"status": "waiting", "stage": "ecl_pilot", "detail": "tmux session timerole_p0_ecl_pilot is active", "updated_at": "2026-08-24T15:24:10.969867+08:00"}
{"status": "waiting", "stage": "ecl_pilot", "detail": "tmux session timerole_p0_ecl_pilot is active", "updated_at": "2026-08-24T15:25:10.972952+08:00"}
{"status": "waiting", "stage": "ecl_pilot", "detail": "tmux session timerole_p0_ecl_pilot is active", "updated_at": "2026-08-24T15:26:10.977031+08:00"}
{"status": "waiting", "stage": "ecl_pilot", "detail": "tmux session timerole_p0_ecl_pilot is active", "updated_at": "2026-08-24T15:27:10.982292+08:00"}
{"status": "waiting", "stage": "ecl_pilot", "detail": "tmux session timerole_p0_ecl_pilot is active", "updated_at": "2026-08-24T15:28:10.987991+08:00"}
{"status": "waiting", "stage": "ecl_pilot", "detail": "tmux session timerole_p0_ecl_pilot is active", "updated_at": "2026-08-24T15:29:10.990604+08:00"}
{"status": "waiting", "stage": "ecl_pilot", "detail": "tmux session timerole_p0_ecl_pilot is active", "updated_at": "2026-08-24T15:30:10.993149+08:00"}
{"status": "waiting", "stage": "ecl_pilot", "detail": "tmux session timerole_p0_ecl_pilot is active", "updated_at": "2026-08-24T15:31:10.995790+08:00"}
{"status": "waiting", "stage": "ecl_pilot", "detail": "tmux session timerole_p0_ecl_pilot is active", "updated_at": "2026-08-24T15:32:10.998302+08:00"}
{"status": "waiting", "stage": "ecl_pilot", "detail": "tmux session timerole_p0_ecl_pilot is active", "updated_at": "2026-08-24T15:33:11.000762+08:00"}
{"status": "waiting", "stage": "ecl_pilot", "detail": "tmux session timerole_p0_ecl_pilot is active", "updated_at": "2026-08-24T15:34:11.003491+08:00"}
{"status": "waiting", "stage": "ecl_pilot", "detail": "tmux session timerole_p0_ecl_pilot is active", "updated_at": "2026-08-24T15:35:11.007621+08:00"}
{"status": "waiting", "stage": "ecl_pilot", "detail": "tmux session timerole_p0_ecl_pilot is active", "updated_at": "2026-08-24T15:36:11.011919+08:00"}
{"status": "waiting", "stage": "ecl_pilot", "detail": "tmux session timerole_p0_ecl_pilot is active", "updated_at": "2026-08-24T15:37:11.015220+08:00"}
{"status": "waiting", "stage": "ecl_pilot", "detail": "tmux session timerole_p0_ecl_pilot is active", "updated_at": "2026-08-24T15:38:11.018377+08:00"}
{"status": "waiting", "stage": "ecl_pilot", "detail": "tmux session timerole_p0_ecl_pilot is active", "updated_at": "2026-08-24T15:39:11.020921+08:00"}
{"status": "waiting", "stage": "ecl_pilot", "detail": "tmux session timerole_p0_ecl_pilot is active", "updated_at": "2026-08-24T15:40:11.024008+08:00"}
{"status": "waiting", "stage": "ecl_pilot", "detail": "tmux session timerole_p0_ecl_pilot is active", "updated_at": "2026-08-24T15:41:11.026559+08:00"}
{"status": "waiting", "stage": "ecl_pilot", "detail": "tmux session timerole_p0_ecl_pilot is active", "updated_at": "2026-08-24T15:42:11.029692+08:00"}
{"status": "waiting", "stage": "ecl_pilot", "detail": "tmux session timerole_p0_ecl_pilot is active", "updated_at": "2026-08-24T15:43:11.033072+08:00"}
{"status": "waiting", "stage": "ecl_pilot", "detail": "tmux session timerole_p0_ecl_pilot is active", "updated_at": "2026-08-24T15:44:11.037848+08:00"}
{"status": "waiting", "stage": "ecl_pilot", "detail": "tmux session timerole_p0_ecl_pilot is active", "updated_at": "2026-08-24T15:45:11.040440+08:00"}
{"status": "waiting", "stage": "ecl_pilot", "detail": "tmux session timerole_p0_ecl_pilot is active", "updated_at": "2026-08-24T15:46:11.043265+08:00"}
{"status": "waiting", "stage": "ecl_pilot", "detail": "tmux session timerole_p0_ecl_pilot is active", "updated_at": "2026-08-24T15:47:11.046910+08:00"}
{"status": "waiting", "stage": "ecl_pilot", "detail": "tmux session timerole_p0_ecl_pilot is active", "updated_at": "2026-08-24T15:48:11.049524+08:00"}
{"status": "waiting", "stage": "ecl_pilot", "detail": "tmux session timerole_p0_ecl_pilot is active", "updated_at": "2026-08-24T15:49:11.052026+08:00"}
{"status": "waiting", "stage": "ecl_pilot", "detail": "tmux session timerole_p0_ecl_pilot is active", "updated_at": "2026-08-24T15:50:11.055543+08:00"}
{"status": "waiting", "stage": "ecl_pilot", "detail": "tmux session timerole_p0_ecl_pilot is active", "updated_at": "2026-08-24T15:51:11.058611+08:00"}
{"status": "waiting", "stage": "ecl_pilot", "detail": "tmux session timerole_p0_ecl_pilot is active", "updated_at": "2026-08-24T15:52:11.061702+08:00"}
{"status": "waiting", "stage": "ecl_pilot", "detail": "tmux session timerole_p0_ecl_pilot is active", "updated_at": "2026-08-24T15:53:11.064391+08:00"}
{"status": "waiting", "stage": "ecl_pilot", "detail": "tmux session timerole_p0_ecl_pilot is active", "updated_at": "2026-08-24T15:54:11.068170+08:00"}
{"status": "waiting", "stage": "ecl_pilot", "detail": "tmux session timerole_p0_ecl_pilot is active", "updated_at": "2026-08-24T15:55:11.071190+08:00"}
{"status": "waiting", "stage": "ecl_pilot", "detail": "tmux session timerole_p0_ecl_pilot is active", "updated_at": "2026-08-24T15:56:11.074419+08:00"}
{"status": "waiting", "stage": "ecl_pilot", "detail": "tmux session timerole_p0_ecl_pilot is active", "updated_at": "2026-08-24T15:57:11.078194+08:00"}
{"status": "waiting", "stage": "ecl_pilot", "detail": "tmux session timerole_p0_ecl_pilot is active", "updated_at": "2026-08-24T15:58:11.080964+08:00"}
{"status": "waiting", "stage": "ecl_pilot", "detail": "tmux session timerole_p0_ecl_pilot is active", "updated_at": "2026-08-24T15:59:11.084284+08:00"}
{"status": "waiting", "stage": "ecl_pilot", "detail": "tmux session timerole_p0_ecl_pilot is active", "updated_at": "2026-08-24T16:00:11.086734+08:00"}
{"status": "waiting", "stage": "ecl_pilot", "detail": "tmux session timerole_p0_ecl_pilot is active", "updated_at": "2026-08-24T16:01:11.089225+08:00"}
{"status": "waiting", "stage": "ecl_pilot", "detail": "tmux session timerole_p0_ecl_pilot is active", "updated_at": "2026-08-24T16:02:11.092163+08:00"}
{"status": "waiting", "stage": "ecl_pilot", "detail": "tmux session timerole_p0_ecl_pilot is active", "updated_at": "2026-08-24T16:03:11.098008+08:00"}
{"status": "waiting", "stage": "ecl_pilot", "detail": "tmux session timerole_p0_ecl_pilot is active", "updated_at": "2026-08-24T16:04:11.100815+08:00"}
{"status": "waiting", "stage": "ecl_pilot", "detail": "tmux session timerole_p0_ecl_pilot is active", "updated_at": "2026-08-24T16:05:11.103982+08:00"}
{"status": "waiting", "stage": "ecl_pilot", "detail": "tmux session timerole_p0_ecl_pilot is active", "updated_at": "2026-08-24T16:06:11.107899+08:00"}
{"status": "waiting", "stage": "ecl_pilot", "detail": "tmux session timerole_p0_ecl_pilot is active", "updated_at": "2026-08-24T16:07:11.113415+08:00"}
{"status": "waiting", "stage": "ecl_pilot", "detail": "tmux session timerole_p0_ecl_pilot is active", "updated_at": "2026-08-24T16:08:11.116102+08:00"}
{"status": "waiting", "stage": "ecl_pilot", "detail": "tmux session timerole_p0_ecl_pilot is active", "updated_at": "2026-08-24T16:09:11.119061+08:00"}
{"status": "waiting", "stage": "ecl_pilot", "detail": "tmux session timerole_p0_ecl_pilot is active", "updated_at": "2026-08-24T16:10:11.121724+08:00"}
{"status": "waiting", "stage": "ecl_pilot", "detail": "tmux session timerole_p0_ecl_pilot is active", "updated_at": "2026-08-24T16:11:11.124856+08:00"}
{"status": "waiting", "stage": "ecl_pilot", "detail": "tmux session timerole_p0_ecl_pilot is active", "updated_at": "2026-08-24T16:12:11.127874+08:00"}
{"status": "waiting", "stage": "ecl_pilot", "detail": "tmux session timerole_p0_ecl_pilot is active", "updated_at": "2026-08-24T16:13:11.130483+08:00"}
{"status": "waiting", "stage": "ecl_pilot", "detail": "tmux session timerole_p0_ecl_pilot is active", "updated_at": "2026-08-24T16:14:11.133568+08:00"}
{"status": "waiting", "stage": "ecl_pilot", "detail": "tmux session timerole_p0_ecl_pilot is active", "updated_at": "2026-08-24T16:15:11.136919+08:00"}
{"status": "waiting", "stage": "ecl_pilot", "detail": "tmux session timerole_p0_ecl_pilot is active", "updated_at": "2026-08-24T16:16:11.139595+08:00"}
{"status": "waiting", "stage": "ecl_pilot", "detail": "tmux session timerole_p0_ecl_pilot is active", "updated_at": "2026-08-24T16:17:11.142851+08:00"}
{"status": "waiting", "stage": "ecl_pilot", "detail": "tmux session timerole_p0_ecl_pilot is active", "updated_at": "2026-08-24T16:18:11.147448+08:00"}
{"status": "waiting", "stage": "ecl_pilot", "detail": "tmux session timerole_p0_ecl_pilot is active", "updated_at": "2026-08-24T16:19:11.150517+08:00"}
{"status": "waiting", "stage": "ecl_pilot", "detail": "tmux session timerole_p0_ecl_pilot is active", "updated_at": "2026-08-24T16:20:11.154371+08:00"}
{"status": "waiting", "stage": "ecl_pilot", "detail": "tmux session timerole_p0_ecl_pilot is active", "updated_at": "2026-08-24T16:21:11.156691+08:00"}
{"status": "waiting", "stage": "ecl_pilot", "detail": "tmux session timerole_p0_ecl_pilot is active", "updated_at": "2026-08-24T16:22:11.162225+08:00"}
{"status": "waiting", "stage": "ecl_pilot", "detail": "tmux session timerole_p0_ecl_pilot is active", "updated_at": "2026-08-24T16:23:11.165798+08:00"}
{"status": "waiting", "stage": "ecl_pilot", "detail": "tmux session timerole_p0_ecl_pilot is active", "updated_at": "2026-08-24T16:24:11.168730+08:00"}
{"status": "waiting", "stage": "ecl_pilot", "detail": "tmux session timerole_p0_ecl_pilot is active", "updated_at": "2026-08-24T16:25:11.171399+08:00"}
{"status": "waiting", "stage": "ecl_pilot", "detail": "tmux session timerole_p0_ecl_pilot is active", "updated_at": "2026-08-24T16:26:11.175099+08:00"}
{"status": "waiting", "stage": "ecl_pilot", "detail": "tmux session timerole_p0_ecl_pilot is active", "updated_at": "2026-08-24T16:27:11.178932+08:00"}
{"status": "waiting", "stage": "ecl_pilot", "detail": "tmux session timerole_p0_ecl_pilot is active", "updated_at": "2026-08-24T16:28:11.183281+08:00"}
{"status": "waiting", "stage": "ecl_pilot", "detail": "tmux session timerole_p0_ecl_pilot is active", "updated_at": "2026-08-24T16:29:11.185718+08:00"}
{"status": "waiting", "stage": "ecl_pilot", "detail": "tmux session timerole_p0_ecl_pilot is active", "updated_at": "2026-08-24T16:30:11.188278+08:00"}
{"status": "waiting", "stage": "ecl_pilot", "detail": "tmux session timerole_p0_ecl_pilot is active", "updated_at": "2026-08-24T16:31:11.193009+08:00"}
{"status": "waiting", "stage": "ecl_pilot", "detail": "tmux session timerole_p0_ecl_pilot is active", "updated_at": "2026-08-24T16:32:11.195589+08:00"}
{"status": "waiting", "stage": "ecl_pilot", "detail": "tmux session timerole_p0_ecl_pilot is active", "updated_at": "2026-08-24T16:33:11.198165+08:00"}
{"status": "waiting", "stage": "ecl_pilot", "detail": "tmux session timerole_p0_ecl_pilot is active", "updated_at": "2026-08-24T16:34:11.203719+08:00"}
{"status": "waiting", "stage": "ecl_pilot", "detail": "tmux session timerole_p0_ecl_pilot is active", "updated_at": "2026-08-24T16:35:11.208592+08:00"}
{"status": "waiting", "stage": "ecl_pilot", "detail": "tmux session timerole_p0_ecl_pilot is active", "updated_at": "2026-08-24T16:36:11.211603+08:00"}
{"status": "waiting", "stage": "ecl_pilot", "detail": "tmux session timerole_p0_ecl_pilot is active", "updated_at": "2026-08-24T16:37:11.216189+08:00"}
{"status": "waiting", "stage": "ecl_pilot", "detail": "tmux session timerole_p0_ecl_pilot is active", "updated_at": "2026-08-24T16:38:11.219405+08:00"}
{"status": "waiting", "stage": "ecl_pilot", "detail": "tmux session timerole_p0_ecl_pilot is active", "updated_at": "2026-08-24T16:39:11.224599+08:00"}
{"status": "waiting", "stage": "ecl_pilot", "detail": "tmux session timerole_p0_ecl_pilot is active", "updated_at": "2026-08-24T16:40:11.229626+08:00"}
{"status": "waiting", "stage": "ecl_pilot", "detail": "tmux session timerole_p0_ecl_pilot is active", "updated_at": "2026-08-24T16:41:11.232835+08:00"}
{"status": "waiting", "stage": "ecl_pilot", "detail": "tmux session timerole_p0_ecl_pilot is active", "updated_at": "2026-08-24T16:42:11.237988+08:00"}
{"status": "waiting", "stage": "ecl_pilot", "detail": "tmux session timerole_p0_ecl_pilot is active", "updated_at": "2026-08-24T16:43:11.241240+08:00"}
{"status": "waiting", "stage": "ecl_pilot", "detail": "tmux session timerole_p0_ecl_pilot is active", "updated_at": "2026-08-24T16:44:11.247423+08:00"}
{"status": "waiting", "stage": "ecl_pilot", "detail": "tmux session timerole_p0_ecl_pilot is active", "updated_at": "2026-08-24T16:45:11.252873+08:00"}
{"status": "waiting", "stage": "ecl_pilot", "detail": "tmux session timerole_p0_ecl_pilot is active", "updated_at": "2026-08-24T16:46:11.255997+08:00"}
{"status": "waiting", "stage": "ecl_pilot", "detail": "tmux session timerole_p0_ecl_pilot is active", "updated_at": "2026-08-24T16:47:11.262555+08:00"}
{"status": "waiting", "stage": "ecl_pilot", "detail": "tmux session timerole_p0_ecl_pilot is active", "updated_at": "2026-08-24T16:48:11.265284+08:00"}
{"status": "waiting", "stage": "ecl_pilot", "detail": "tmux session timerole_p0_ecl_pilot is active", "updated_at": "2026-08-24T16:49:11.268291+08:00"}
{"status": "waiting", "stage": "ecl_pilot", "detail": "tmux session timerole_p0_ecl_pilot is active", "updated_at": "2026-08-24T16:50:11.273576+08:00"}
{"status": "waiting", "stage": "ecl_pilot", "detail": "tmux session timerole_p0_ecl_pilot is active", "updated_at": "2026-08-24T16:51:11.276338+08:00"}
{"status": "waiting", "stage": "ecl_pilot", "detail": "tmux session timerole_p0_ecl_pilot is active", "updated_at": "2026-08-24T16:52:11.279008+08:00"}
{"status": "waiting", "stage": "ecl_pilot", "detail": "tmux session timerole_p0_ecl_pilot is active", "updated_at": "2026-08-24T16:53:11.281746+08:00"}
{"status": "waiting", "stage": "ecl_pilot", "detail": "tmux session timerole_p0_ecl_pilot is active", "updated_at": "2026-08-24T16:54:11.286615+08:00"}
{"status": "waiting", "stage": "ecl_pilot", "detail": "tmux session timerole_p0_ecl_pilot is active", "updated_at": "2026-08-24T16:55:11.291609+08:00"}
{"status": "waiting", "stage": "ecl_pilot", "detail": "tmux session timerole_p0_ecl_pilot is active", "updated_at": "2026-08-24T16:56:11.296452+08:00"}
{"status": "waiting", "stage": "ecl_pilot", "detail": "tmux session timerole_p0_ecl_pilot is active", "updated_at": "2026-08-24T16:57:11.299083+08:00"}
{"status": "waiting", "stage": "ecl_pilot", "detail": "tmux session timerole_p0_ecl_pilot is active", "updated_at": "2026-08-24T16:58:11.302175+08:00"}
{"status": "waiting", "stage": "ecl_pilot", "detail": "tmux session timerole_p0_ecl_pilot is active", "updated_at": "2026-08-24T16:59:11.305175+08:00"}
{"status": "waiting", "stage": "ecl_pilot", "detail": "tmux session timerole_p0_ecl_pilot is active", "updated_at": "2026-08-24T17:00:11.307655+08:00"}
{"status": "waiting", "stage": "ecl_pilot", "detail": "tmux session timerole_p0_ecl_pilot is active", "updated_at": "2026-08-24T17:01:11.310408+08:00"}
{"status": "waiting", "stage": "ecl_pilot", "detail": "tmux session timerole_p0_ecl_pilot is active", "updated_at": "2026-08-24T17:02:11.314579+08:00"}
{"status": "waiting", "stage": "ecl_pilot", "detail": "tmux session timerole_p0_ecl_pilot is active", "updated_at": "2026-08-24T17:03:11.317162+08:00"}
{"status": "waiting", "stage": "ecl_pilot", "detail": "tmux session timerole_p0_ecl_pilot is active", "updated_at": "2026-08-24T17:04:11.319699+08:00"}
{"status": "waiting", "stage": "ecl_pilot", "detail": "tmux session timerole_p0_ecl_pilot is active", "updated_at": "2026-08-24T17:05:11.322182+08:00"}
{"status": "waiting", "stage": "ecl_pilot", "detail": "tmux session timerole_p0_ecl_pilot is active", "updated_at": "2026-08-24T17:06:11.324680+08:00"}
{"status": "waiting", "stage": "ecl_pilot", "detail": "tmux session timerole_p0_ecl_pilot is active", "updated_at": "2026-08-24T17:07:11.327660+08:00"}
{"status": "waiting", "stage": "ecl_pilot", "detail": "tmux session timerole_p0_ecl_pilot is active", "updated_at": "2026-08-24T17:08:11.330662+08:00"}
{"status": "waiting", "stage": "ecl_pilot", "detail": "tmux session timerole_p0_ecl_pilot is active", "updated_at": "2026-08-24T17:09:11.336438+08:00"}
{"status": "waiting", "stage": "ecl_pilot", "detail": "tmux session timerole_p0_ecl_pilot is active", "updated_at": "2026-08-24T17:10:11.339516+08:00"}
{"status": "waiting", "stage": "ecl_pilot", "detail": "tmux session timerole_p0_ecl_pilot is active", "updated_at": "2026-08-24T17:11:11.344767+08:00"}
{"status": "waiting", "stage": "ecl_pilot", "detail": "tmux session timerole_p0_ecl_pilot is active", "updated_at": "2026-08-24T17:12:11.347355+08:00"}
{"status": "waiting", "stage": "ecl_pilot", "detail": "tmux session timerole_p0_ecl_pilot is active", "updated_at": "2026-08-24T17:13:11.353270+08:00"}
{"status": "waiting", "stage": "ecl_pilot", "detail": "tmux session timerole_p0_ecl_pilot is active", "updated_at": "2026-08-24T17:14:11.356029+08:00"}
{"status": "waiting", "stage": "ecl_pilot", "detail": "tmux session timerole_p0_ecl_pilot is active", "updated_at": "2026-08-24T17:15:11.358602+08:00"}
{"status": "waiting", "stage": "ecl_pilot", "detail": "tmux session timerole_p0_ecl_pilot is active", "updated_at": "2026-08-24T17:16:11.361038+08:00"}
{"status": "waiting", "stage": "ecl_pilot", "detail": "tmux session timerole_p0_ecl_pilot is active", "updated_at": "2026-08-24T17:17:11.363993+08:00"}
{"status": "waiting", "stage": "ecl_pilot", "detail": "tmux session timerole_p0_ecl_pilot is active", "updated_at": "2026-08-24T17:18:11.366456+08:00"}
{"status": "waiting", "stage": "ecl_pilot", "detail": "tmux session timerole_p0_ecl_pilot is active", "updated_at": "2026-08-24T17:19:11.371827+08:00"}
{"status": "waiting", "stage": "ecl_pilot", "detail": "tmux session timerole_p0_ecl_pilot is active", "updated_at": "2026-08-24T17:20:11.374364+08:00"}
{"status": "waiting", "stage": "ecl_pilot", "detail": "tmux session timerole_p0_ecl_pilot is active", "updated_at": "2026-08-24T17:21:11.377423+08:00"}
{"status": "waiting", "stage": "ecl_pilot", "detail": "tmux session timerole_p0_ecl_pilot is active", "updated_at": "2026-08-24T17:22:11.381854+08:00"}
{"status": "waiting", "stage": "ecl_pilot", "detail": "tmux session timerole_p0_ecl_pilot is active", "updated_at": "2026-08-24T17:23:11.385793+08:00"}
{"status": "waiting", "stage": "ecl_pilot", "detail": "tmux session timerole_p0_ecl_pilot is active", "updated_at": "2026-08-24T17:24:11.388293+08:00"}
{"status": "waiting", "stage": "ecl_pilot", "detail": "tmux session timerole_p0_ecl_pilot is active", "updated_at": "2026-08-24T17:25:11.393721+08:00"}
{"status": "waiting", "stage": "ecl_pilot", "detail": "tmux session timerole_p0_ecl_pilot is active", "updated_at": "2026-08-24T17:26:11.396180+08:00"}
{"status": "waiting", "stage": "ecl_pilot", "detail": "tmux session timerole_p0_ecl_pilot is active", "updated_at": "2026-08-24T17:27:11.398790+08:00"}
{"status": "waiting", "stage": "ecl_pilot", "detail": "tmux session timerole_p0_ecl_pilot is active", "updated_at": "2026-08-24T17:28:11.402411+08:00"}
{"status": "waiting", "stage": "ecl_pilot", "detail": "tmux session timerole_p0_ecl_pilot is active", "updated_at": "2026-08-24T17:29:11.405682+08:00"}
{"status": "waiting", "stage": "ecl_pilot", "detail": "tmux session timerole_p0_ecl_pilot is active", "updated_at": "2026-08-24T17:30:11.408393+08:00"}
{"status": "waiting", "stage": "ecl_pilot", "detail": "tmux session timerole_p0_ecl_pilot is active", "updated_at": "2026-08-24T17:31:11.411364+08:00"}
{"status": "waiting", "stage": "ecl_pilot", "detail": "tmux session timerole_p0_ecl_pilot is active", "updated_at": "2026-08-24T17:32:11.414717+08:00"}
{"status": "waiting", "stage": "ecl_pilot", "detail": "tmux session timerole_p0_ecl_pilot is active", "updated_at": "2026-08-24T17:33:11.418336+08:00"}
{"status": "waiting", "stage": "ecl_pilot", "detail": "tmux session timerole_p0_ecl_pilot is active", "updated_at": "2026-08-24T17:34:11.420909+08:00"}
{"status": "waiting", "stage": "ecl_pilot", "detail": "tmux session timerole_p0_ecl_pilot is active", "updated_at": "2026-08-24T17:35:11.423879+08:00"}
{"status": "waiting", "stage": "ecl_pilot", "detail": "tmux session timerole_p0_ecl_pilot is active", "updated_at": "2026-08-24T17:36:11.426707+08:00"}
{"status": "waiting", "stage": "ecl_pilot", "detail": "tmux session timerole_p0_ecl_pilot is active", "updated_at": "2026-08-24T17:37:11.429493+08:00"}
{"status": "waiting", "stage": "ecl_pilot", "detail": "tmux session timerole_p0_ecl_pilot is active", "updated_at": "2026-08-24T17:38:11.432083+08:00"}
{"status": "waiting", "stage": "ecl_pilot", "detail": "tmux session timerole_p0_ecl_pilot is active", "updated_at": "2026-08-24T17:39:11.435731+08:00"}
{"status": "waiting", "stage": "ecl_pilot", "detail": "tmux session timerole_p0_ecl_pilot is active", "updated_at": "2026-08-24T17:40:11.438646+08:00"}
{"status": "waiting", "stage": "ecl_pilot", "detail": "tmux session timerole_p0_ecl_pilot is active", "updated_at": "2026-08-24T17:41:11.441174+08:00"}
{"status": "waiting", "stage": "ecl_pilot", "detail": "tmux session timerole_p0_ecl_pilot is active", "updated_at": "2026-08-24T17:42:11.443717+08:00"}
{"status": "waiting", "stage": "ecl_pilot", "detail": "tmux session timerole_p0_ecl_pilot is active", "updated_at": "2026-08-24T17:43:11.447449+08:00"}
{"status": "waiting", "stage": "ecl_pilot", "detail": "tmux session timerole_p0_ecl_pilot is active", "updated_at": "2026-08-24T17:44:11.450183+08:00"}
{"status": "waiting", "stage": "ecl_pilot", "detail": "tmux session timerole_p0_ecl_pilot is active", "updated_at": "2026-08-24T17:45:11.453808+08:00"}
{"status": "waiting", "stage": "ecl_pilot", "detail": "tmux session timerole_p0_ecl_pilot is active", "updated_at": "2026-08-24T17:46:11.456049+08:00"}
{"status": "waiting", "stage": "ecl_pilot", "detail": "tmux session timerole_p0_ecl_pilot is active", "updated_at": "2026-08-24T17:47:11.458602+08:00"}
{"status": "interrupted", "stage": "supervisor", "detail": "external_keyboard_interrupt; no automatic retry", "updated_at": "2026-08-24T17:48:00.021536+08:00"}
{"status": "gate_passed", "stage": "closest_finalize", "detail": "resume: /home/cwh/Time-Series-Library/logs/timerole_p0/closest/formal/final/audit.json", "updated_at": "2026-08-24T21:34:54.457040+08:00"}
{"status": "gate_passed", "stage": "sensitivity", "detail": "resume: /home/cwh/Time-Series-Library/logs/timerole_p0/sensitivity/status.json", "updated_at": "2026-08-24T21:34:54.457311+08:00"}
{"status": "gate_passed", "stage": "ecl_pilot", "detail": "resume: /home/cwh/Time-Series-Library/logs/timerole_p0/ecl_solar/pilot/status.json", "updated_at": "2026-08-24T21:34:54.467999+08:00"}
{"status": "launching", "stage": "ecl_formal", "detail": "/home/cwh/Time-Series-Library/.venv/bin/python -u scripts/run_timerole_p0_ecl_solar.py --phase formal --datasets electricity --gpu 0 --timeout-seconds 21600", "updated_at": "2026-08-24T21:34:54.470163+08:00"}
{"status": "waiting", "stage": "ecl_formal", "detail": "tmux session timerole_p0_ecl_formal is active", "updated_at": "2026-08-24T21:34:54.475660+08:00"}
{"status": "waiting", "stage": "ecl_formal", "detail": "tmux session timerole_p0_ecl_formal is active", "updated_at": "2026-08-24T21:35:54.478158+08:00"}
{"status": "waiting", "stage": "ecl_formal", "detail": "tmux session timerole_p0_ecl_formal is active", "updated_at": "2026-08-24T21:36:54.481018+08:00"}
{"status": "waiting", "stage": "ecl_formal", "detail": "tmux session timerole_p0_ecl_formal is active", "updated_at": "2026-08-24T21:37:54.483652+08:00"}
{"status": "waiting", "stage": "ecl_formal", "detail": "tmux session timerole_p0_ecl_formal is active", "updated_at": "2026-08-24T21:38:54.486214+08:00"}
{"status": "waiting", "stage": "ecl_formal", "detail": "tmux session timerole_p0_ecl_formal is active", "updated_at": "2026-08-24T21:39:54.489108+08:00"}
{"status": "waiting", "stage": "ecl_formal", "detail": "tmux session timerole_p0_ecl_formal is active", "updated_at": "2026-08-24T21:40:54.491667+08:00"}
{"status": "waiting", "stage": "ecl_formal", "detail": "tmux session timerole_p0_ecl_formal is active", "updated_at": "2026-08-24T21:41:54.494523+08:00"}
{"status": "waiting", "stage": "ecl_formal", "detail": "tmux session timerole_p0_ecl_formal is active", "updated_at": "2026-08-24T21:42:54.497316+08:00"}
{"status": "waiting", "stage": "ecl_formal", "detail": "tmux session timerole_p0_ecl_formal is active", "updated_at": "2026-08-24T21:43:54.500315+08:00"}
{"status": "waiting", "stage": "ecl_formal", "detail": "tmux session timerole_p0_ecl_formal is active", "updated_at": "2026-08-24T21:44:54.503060+08:00"}
{"status": "waiting", "stage": "ecl_formal", "detail": "tmux session timerole_p0_ecl_formal is active", "updated_at": "2026-08-24T21:45:54.506107+08:00"}
{"status": "waiting", "stage": "ecl_formal", "detail": "tmux session timerole_p0_ecl_formal is active", "updated_at": "2026-08-24T21:46:54.509885+08:00"}
{"status": "waiting", "stage": "ecl_formal", "detail": "tmux session timerole_p0_ecl_formal is active", "updated_at": "2026-08-24T21:47:54.512653+08:00"}
{"status": "waiting", "stage": "ecl_formal", "detail": "tmux session timerole_p0_ecl_formal is active", "updated_at": "2026-08-24T21:48:54.515256+08:00"}
{"status": "waiting", "stage": "ecl_formal", "detail": "tmux session timerole_p0_ecl_formal is active", "updated_at": "2026-08-24T21:49:54.517963+08:00"}
{"status": "waiting", "stage": "ecl_formal", "detail": "tmux session timerole_p0_ecl_formal is active", "updated_at": "2026-08-24T21:50:54.520343+08:00"}
{"status": "waiting", "stage": "ecl_formal", "detail": "tmux session timerole_p0_ecl_formal is active", "updated_at": "2026-08-24T21:51:54.523088+08:00"}
{"status": "waiting", "stage": "ecl_formal", "detail": "tmux session timerole_p0_ecl_formal is active", "updated_at": "2026-08-24T21:52:54.526951+08:00"}
{"status": "waiting", "stage": "ecl_formal", "detail": "tmux session timerole_p0_ecl_formal is active", "updated_at": "2026-08-24T21:53:54.530687+08:00"}
{"status": "waiting", "stage": "ecl_formal", "detail": "tmux session timerole_p0_ecl_formal is active", "updated_at": "2026-08-24T21:54:54.533514+08:00"}
{"status": "waiting", "stage": "ecl_formal", "detail": "tmux session timerole_p0_ecl_formal is active", "updated_at": "2026-08-24T21:55:54.536330+08:00"}
{"status": "waiting", "stage": "ecl_formal", "detail": "tmux session timerole_p0_ecl_formal is active", "updated_at": "2026-08-24T21:56:54.539102+08:00"}
{"status": "waiting", "stage": "ecl_formal", "detail": "tmux session timerole_p0_ecl_formal is active", "updated_at": "2026-08-24T21:57:54.541797+08:00"}
{"status": "waiting", "stage": "ecl_formal", "detail": "tmux session timerole_p0_ecl_formal is active", "updated_at": "2026-08-24T21:58:54.544091+08:00"}
{"status": "waiting", "stage": "ecl_formal", "detail": "tmux session timerole_p0_ecl_formal is active", "updated_at": "2026-08-24T21:59:54.546790+08:00"}
{"status": "waiting", "stage": "ecl_formal", "detail": "tmux session timerole_p0_ecl_formal is active", "updated_at": "2026-08-24T22:00:54.549598+08:00"}
{"status": "waiting", "stage": "ecl_formal", "detail": "tmux session timerole_p0_ecl_formal is active", "updated_at": "2026-08-24T22:01:54.552177+08:00"}
{"status": "waiting", "stage": "ecl_formal", "detail": "tmux session timerole_p0_ecl_formal is active", "updated_at": "2026-08-24T22:02:54.555194+08:00"}
{"status": "waiting", "stage": "ecl_formal", "detail": "tmux session timerole_p0_ecl_formal is active", "updated_at": "2026-08-24T22:03:54.559198+08:00"}
{"status": "waiting", "stage": "ecl_formal", "detail": "tmux session timerole_p0_ecl_formal is active", "updated_at": "2026-08-24T22:04:54.562254+08:00"}
{"status": "waiting", "stage": "ecl_formal", "detail": "tmux session timerole_p0_ecl_formal is active", "updated_at": "2026-08-24T22:05:54.565069+08:00"}
{"status": "waiting", "stage": "ecl_formal", "detail": "tmux session timerole_p0_ecl_formal is active", "updated_at": "2026-08-24T22:06:54.567913+08:00"}
{"status": "waiting", "stage": "ecl_formal", "detail": "tmux session timerole_p0_ecl_formal is active", "updated_at": "2026-08-24T22:07:54.571000+08:00"}
{"status": "waiting", "stage": "ecl_formal", "detail": "tmux session timerole_p0_ecl_formal is active", "updated_at": "2026-08-24T22:08:54.574984+08:00"}
{"status": "waiting", "stage": "ecl_formal", "detail": "tmux session timerole_p0_ecl_formal is active", "updated_at": "2026-08-24T22:09:54.578152+08:00"}
{"status": "waiting", "stage": "ecl_formal", "detail": "tmux session timerole_p0_ecl_formal is active", "updated_at": "2026-08-24T22:10:54.581205+08:00"}
{"status": "waiting", "stage": "ecl_formal", "detail": "tmux session timerole_p0_ecl_formal is active", "updated_at": "2026-08-24T22:11:54.583792+08:00"}
{"status": "waiting", "stage": "ecl_formal", "detail": "tmux session timerole_p0_ecl_formal is active", "updated_at": "2026-08-24T22:12:54.586285+08:00"}
{"status": "waiting", "stage": "ecl_formal", "detail": "tmux session timerole_p0_ecl_formal is active", "updated_at": "2026-08-24T22:13:54.588940+08:00"}
{"status": "interrupted", "stage": "supervisor", "detail": "external_keyboard_interrupt; no automatic retry", "updated_at": "2026-08-24T22:14:44.275636+08:00"}
