=== w/o Decomp | ETTm1-96 ===
Using GPU
Args in experiment:
[1mBasic Config[0m
  Task Name:          long_term_forecast  Is Training:        1                   
  Model ID:           ETTm1_96_96_table2_ettm1_p96_no_decomp_s2022Model:              GraphMambaRecent    

[1mData Loader[0m
  Data:               ETTm1               Root Path:          /home/cwh/Time-Series-Library/dataset/ETT-small
  Data Path:          ETTm1.csv           Features:           M                   
  Target:             OT                  Freq:               h                   
  Checkpoints:        /home/cwh/Time-Series-Library/logs/timerole_p0/recent_backbone/seed2022/checkpoints

[1mForecasting Task[0m
  Seq Len:            336                 Label Len:          48                  
  Pred Len:           96                  Seasonal Patterns:  Monthly             
  Inverse:            0                   

[1mModel Parameters[0m
  Top k:              5                   Num Kernels:        6                   
  Enc In:             7                   Dec In:             7                   
  C Out:              7                   d model:            64                  
  n heads:            8                   e layers:           1                   
  d layers:           1                   d FF:               128                 
  Moving Avg:         25                  Factor:             1                   
  Distil:             1                   Dropout:            0.1                 
  Embed:              timeF               Activation:         gelu                

[1mRun Parameters[0m
  Num Workers:        0                   Itr:                1                   
  Train Epochs:       100                 Batch Size:         32                  
  Patience:           6                   Learning Rate:      0.0005              
  Des:                table2_ettm1_p96_no_decomp_s2022Loss:               MSE                 
  Lradj:              type1               Use Amp:            0                   

[1mGPU[0m
  Use GPU:            1                   GPU:                0                   
  Use Multi GPU:      0                   Devices:            0,1,2,3             

[1mDe-stationary Projector Params[0m
  P Hidden Dims:      128, 128            P Hidden Layers:    2                   

Use GPU: cuda:0
🚀 Lazy Loading: GraphMambaRecent ...
[GraphMamba] Building 7x7 static graph from 2000 training samples
>>>>>>>start training : long_term_forecast_ETTm1_96_96_table2_ettm1_p96_no_decomp_s2022_GraphMambaRecent_ETTm1_ftM_sl336_ll48_pl96_dm64_nh8_el1_dl1_df128_expand2_dc2_fc1_ebtimeF_dtTrue_table2_ettm1_p96_no_decomp_s2022_0>>>>>>>>>>>>>>>>>>>>>>>>>>
train 34129
val 11425
	iters: 100, epoch: 1 | loss: 0.4017259
	speed: 0.0129s/iter; left time: 1380.1181s
	iters: 200, epoch: 1 | loss: 0.3293154
	speed: 0.0104s/iter; left time: 1109.4421s
	iters: 300, epoch: 1 | loss: 0.3064258
	speed: 0.0105s/iter; left time: 1114.1574s
	iters: 400, epoch: 1 | loss: 0.3258291
	speed: 0.0104s/iter; left time: 1100.8425s
	iters: 500, epoch: 1 | loss: 0.2923808
	speed: 0.0106s/iter; left time: 1123.8396s
	iters: 600, epoch: 1 | loss: 0.3284946
	speed: 0.0104s/iter; left time: 1103.9239s
	iters: 700, epoch: 1 | loss: 0.2779471
	speed: 0.0104s/iter; left time: 1106.9620s
	iters: 800, epoch: 1 | loss: 0.3088466
	speed: 0.0103s/iter; left time: 1090.5275s
	iters: 900, epoch: 1 | loss: 0.3503335
	speed: 0.0104s/iter; left time: 1097.9315s
	iters: 1000, epoch: 1 | loss: 0.3038002
	speed: 0.0103s/iter; left time: 1090.7840s
Epoch: 1 cost time: 11.35472059249878
Epoch: 1, Steps: 1067 | Train Loss: 0.3188495 Vali Loss: 0.4009169
Validation loss decreased (inf --> 0.400917).  Saving model ...
Updating learning rate to 0.0005
	iters: 100, epoch: 2 | loss: 0.2782847
	speed: 0.0329s/iter; left time: 3475.1488s
	iters: 200, epoch: 2 | loss: 0.2408884
	speed: 0.0106s/iter; left time: 1116.9892s
	iters: 300, epoch: 2 | loss: 0.3072106
	speed: 0.0102s/iter; left time: 1076.0944s
	iters: 400, epoch: 2 | loss: 0.2954084
	speed: 0.0103s/iter; left time: 1080.4729s
	iters: 500, epoch: 2 | loss: 0.2921240
	speed: 0.0103s/iter; left time: 1082.8012s
	iters: 600, epoch: 2 | loss: 0.2133284
	speed: 0.0105s/iter; left time: 1103.7164s
	iters: 700, epoch: 2 | loss: 0.2215378
	speed: 0.0103s/iter; left time: 1085.5444s
	iters: 800, epoch: 2 | loss: 0.2364511
	speed: 0.0102s/iter; left time: 1072.5800s
	iters: 900, epoch: 2 | loss: 0.3491037
	speed: 0.0102s/iter; left time: 1071.4538s
	iters: 1000, epoch: 2 | loss: 0.2645805
	speed: 0.0101s/iter; left time: 1054.1338s
Epoch: 2 cost time: 11.047527551651001
Epoch: 2, Steps: 1067 | Train Loss: 0.2717409 Vali Loss: 0.4077682
EarlyStopping counter: 1 out of 6
Updating learning rate to 0.00025
	iters: 100, epoch: 3 | loss: 0.2585781
	speed: 0.0319s/iter; left time: 3332.7439s
	iters: 200, epoch: 3 | loss: 0.2658585
	speed: 0.0107s/iter; left time: 1120.3620s
	iters: 300, epoch: 3 | loss: 0.2000921
	speed: 0.0106s/iter; left time: 1101.9380s
	iters: 400, epoch: 3 | loss: 0.3656875
	speed: 0.0101s/iter; left time: 1055.9819s
	iters: 500, epoch: 3 | loss: 0.2803375
	speed: 0.0102s/iter; left time: 1064.3948s
	iters: 600, epoch: 3 | loss: 0.2114433
	speed: 0.0103s/iter; left time: 1071.5653s
	iters: 700, epoch: 3 | loss: 0.2140115
	speed: 0.0102s/iter; left time: 1056.2555s
	iters: 800, epoch: 3 | loss: 0.2257636
	speed: 0.0101s/iter; left time: 1050.3933s
	iters: 900, epoch: 3 | loss: 0.2677251
	speed: 0.0105s/iter; left time: 1091.2506s
	iters: 1000, epoch: 3 | loss: 0.2949809
	speed: 0.0101s/iter; left time: 1043.9829s
Epoch: 3 cost time: 10.991518020629883
Epoch: 3, Steps: 1067 | Train Loss: 0.2598549 Vali Loss: 0.3966384
Validation loss decreased (0.400917 --> 0.396638).  Saving model ...
Updating learning rate to 0.000125
	iters: 100, epoch: 4 | loss: 0.2272906
	speed: 0.0321s/iter; left time: 3321.8057s
	iters: 200, epoch: 4 | loss: 0.2455891
	speed: 0.0105s/iter; left time: 1083.7584s
	iters: 300, epoch: 4 | loss: 0.2696014
	speed: 0.0105s/iter; left time: 1082.1500s
	iters: 400, epoch: 4 | loss: 0.2133058
	speed: 0.0105s/iter; left time: 1085.8485s
	iters: 500, epoch: 4 | loss: 0.2558360
	speed: 0.0104s/iter; left time: 1074.6370s
	iters: 600, epoch: 4 | loss: 0.2945674
	speed: 0.0103s/iter; left time: 1061.0814s
	iters: 700, epoch: 4 | loss: 0.2212502
	speed: 0.0103s/iter; left time: 1063.8759s
	iters: 800, epoch: 4 | loss: 0.2685544
	speed: 0.0103s/iter; left time: 1054.5441s
	iters: 900, epoch: 4 | loss: 0.2575527
	speed: 0.0103s/iter; left time: 1059.3387s
	iters: 1000, epoch: 4 | loss: 0.3119693
	speed: 0.0103s/iter; left time: 1059.3678s
Epoch: 4 cost time: 11.059991598129272
Epoch: 4, Steps: 1067 | Train Loss: 0.2536486 Vali Loss: 0.3969765
EarlyStopping counter: 1 out of 6
Updating learning rate to 6.25e-05
	iters: 100, epoch: 5 | loss: 0.2680075
	speed: 0.0320s/iter; left time: 3277.3394s
	iters: 200, epoch: 5 | loss: 0.2840583
	speed: 0.0102s/iter; left time: 1043.8615s
	iters: 300, epoch: 5 | loss: 0.2950279
	speed: 0.0103s/iter; left time: 1055.0076s
	iters: 400, epoch: 5 | loss: 0.2522812
	speed: 0.0104s/iter; left time: 1056.6732s
	iters: 500, epoch: 5 | loss: 0.2592218
	speed: 0.0102s/iter; left time: 1040.5968s
	iters: 600, epoch: 5 | loss: 0.2885149
	speed: 0.0105s/iter; left time: 1071.7350s
	iters: 700, epoch: 5 | loss: 0.2554350
	speed: 0.0104s/iter; left time: 1055.6644s
	iters: 800, epoch: 5 | loss: 0.2573416
	speed: 0.0102s/iter; left time: 1033.0035s
	iters: 900, epoch: 5 | loss: 0.2217805
	speed: 0.0104s/iter; left time: 1052.9463s
	iters: 1000, epoch: 5 | loss: 0.2295144
	speed: 0.0105s/iter; left time: 1060.8192s
Epoch: 5 cost time: 11.027026891708374
Epoch: 5, Steps: 1067 | Train Loss: 0.2501111 Vali Loss: 0.4030469
EarlyStopping counter: 2 out of 6
Updating learning rate to 3.125e-05
	iters: 100, epoch: 6 | loss: 0.3253412
	speed: 0.0326s/iter; left time: 3305.0612s
	iters: 200, epoch: 6 | loss: 0.2598236
	speed: 0.0103s/iter; left time: 1045.3677s
	iters: 300, epoch: 6 | loss: 0.2733083
	speed: 0.0103s/iter; left time: 1036.7548s
	iters: 400, epoch: 6 | loss: 0.2992553
	speed: 0.0101s/iter; left time: 1017.7690s
	iters: 500, epoch: 6 | loss: 0.1888784
	speed: 0.0103s/iter; left time: 1041.8837s
	iters: 600, epoch: 6 | loss: 0.2107148
	speed: 0.0102s/iter; left time: 1031.0096s
	iters: 700, epoch: 6 | loss: 0.2504140
	speed: 0.0101s/iter; left time: 1012.6297s
	iters: 800, epoch: 6 | loss: 0.2331641
	speed: 0.0101s/iter; left time: 1017.0732s
	iters: 900, epoch: 6 | loss: 0.2218623
	speed: 0.0101s/iter; left time: 1017.4820s
	iters: 1000, epoch: 6 | loss: 0.2086284
	speed: 0.0104s/iter; left time: 1046.2907s
Epoch: 6 cost time: 10.900957107543945
Epoch: 6, Steps: 1067 | Train Loss: 0.2481877 Vali Loss: 0.3990689
EarlyStopping counter: 3 out of 6
Updating learning rate to 1.5625e-05
	iters: 100, epoch: 7 | loss: 0.2088535
	speed: 0.0335s/iter; left time: 3351.6850s
	iters: 200, epoch: 7 | loss: 0.2175867
	speed: 0.0105s/iter; left time: 1054.0465s
	iters: 300, epoch: 7 | loss: 0.2844237
	speed: 0.0102s/iter; left time: 1023.7558s
	iters: 400, epoch: 7 | loss: 0.3116629
	speed: 0.0102s/iter; left time: 1021.4418s
	iters: 500, epoch: 7 | loss: 0.2341117
	speed: 0.0103s/iter; left time: 1031.1404s
	iters: 600, epoch: 7 | loss: 0.2150766
	speed: 0.0103s/iter; left time: 1028.5762s
	iters: 700, epoch: 7 | loss: 0.2143961
	speed: 0.0101s/iter; left time: 1003.5389s
	iters: 800, epoch: 7 | loss: 0.2481865
	speed: 0.0104s/iter; left time: 1031.0348s
	iters: 900, epoch: 7 | loss: 0.2640903
	speed: 0.0103s/iter; left time: 1024.1775s
	iters: 1000, epoch: 7 | loss: 0.2903294
	speed: 0.0105s/iter; left time: 1046.5415s
Epoch: 7 cost time: 11.064351797103882
Epoch: 7, Steps: 1067 | Train Loss: 0.2470219 Vali Loss: 0.4020355
EarlyStopping counter: 4 out of 6
Updating learning rate to 7.8125e-06
	iters: 100, epoch: 8 | loss: 0.2318243
	speed: 0.0330s/iter; left time: 3272.2749s
	iters: 200, epoch: 8 | loss: 0.2914106
	speed: 0.0102s/iter; left time: 1012.1397s
	iters: 300, epoch: 8 | loss: 0.3019969
	speed: 0.0104s/iter; left time: 1031.3414s
	iters: 400, epoch: 8 | loss: 0.1951152
	speed: 0.0102s/iter; left time: 1006.7638s
	iters: 500, epoch: 8 | loss: 0.3121180
	speed: 0.0103s/iter; left time: 1016.1705s
	iters: 600, epoch: 8 | loss: 0.2349537
	speed: 0.0105s/iter; left time: 1037.6447s
	iters: 700, epoch: 8 | loss: 0.2276164
	speed: 0.0105s/iter; left time: 1037.4235s
	iters: 800, epoch: 8 | loss: 0.1826626
	speed: 0.0108s/iter; left time: 1058.4289s
	iters: 900, epoch: 8 | loss: 0.1951724
	speed: 0.0103s/iter; left time: 1013.1314s
	iters: 1000, epoch: 8 | loss: 0.2212908
	speed: 0.0105s/iter; left time: 1030.2033s
Epoch: 8 cost time: 11.104934215545654
Epoch: 8, Steps: 1067 | Train Loss: 0.2466545 Vali Loss: 0.4007677
EarlyStopping counter: 5 out of 6
Updating learning rate to 3.90625e-06
	iters: 100, epoch: 9 | loss: 0.2502317
	speed: 0.0321s/iter; left time: 3148.2146s
	iters: 200, epoch: 9 | loss: 0.2434351
	speed: 0.0106s/iter; left time: 1036.5761s
	iters: 300, epoch: 9 | loss: 0.1879662
	speed: 0.0104s/iter; left time: 1016.0896s
	iters: 400, epoch: 9 | loss: 0.2872397
	speed: 0.0106s/iter; left time: 1032.8688s
	iters: 500, epoch: 9 | loss: 0.2704011
	speed: 0.0106s/iter; left time: 1039.2766s
	iters: 600, epoch: 9 | loss: 0.2855274
	speed: 0.0104s/iter; left time: 1010.4708s
	iters: 700, epoch: 9 | loss: 0.2080344
	speed: 0.0101s/iter; left time: 986.3122s
	iters: 800, epoch: 9 | loss: 0.3024771
	speed: 0.0102s/iter; left time: 994.1952s
	iters: 900, epoch: 9 | loss: 0.2473630
	speed: 0.0102s/iter; left time: 990.7100s
	iters: 1000, epoch: 9 | loss: 0.2301962
	speed: 0.0107s/iter; left time: 1035.5600s
Epoch: 9 cost time: 11.115580797195435
Epoch: 9, Steps: 1067 | Train Loss: 0.2462537 Vali Loss: 0.4018450
EarlyStopping counter: 6 out of 6
Early stopping
VALIDATION_RESULT {"best_epoch": 3, "best_mae": 0.4161566221136419, "best_mse": 0.3966384322357337, "epochs_ran": 9, "metric_version": "element_weighted_v1"}
>>>>>>>test skipped (validation-only run)<<<<<<<<<<<<<<<<<<<<<<<<
Using GPU
Args in experiment:
[1mBasic Config[0m
  Task Name:          long_term_forecast  Is Training:        0                   
  Model ID:           ETTm1_96_96_table2_ettm1_p96_no_decomp_s2022Model:              GraphMambaRecent    

[1mData Loader[0m
  Data:               ETTm1               Root Path:          /home/cwh/Time-Series-Library/dataset/ETT-small
  Data Path:          ETTm1.csv           Features:           M                   
  Target:             OT                  Freq:               h                   
  Checkpoints:        /home/cwh/Time-Series-Library/logs/timerole_p0/recent_backbone/seed2022/checkpoints

[1mForecasting Task[0m
  Seq Len:            336                 Label Len:          48                  
  Pred Len:           96                  Seasonal Patterns:  Monthly             
  Inverse:            0                   

[1mModel Parameters[0m
  Top k:              5                   Num Kernels:        6                   
  Enc In:             7                   Dec In:             7                   
  C Out:              7                   d model:            64                  
  n heads:            8                   e layers:           1                   
  d layers:           1                   d FF:               128                 
  Moving Avg:         25                  Factor:             1                   
  Distil:             1                   Dropout:            0.1                 
  Embed:              timeF               Activation:         gelu                

[1mRun Parameters[0m
  Num Workers:        0                   Itr:                1                   
  Train Epochs:       100                 Batch Size:         32                  
  Patience:           6                   Learning Rate:      0.0005              
  Des:                table2_ettm1_p96_no_decomp_s2022Loss:               MSE                 
  Lradj:              type1               Use Amp:            0                   

[1mGPU[0m
  Use GPU:            1                   GPU:                0                   
  Use Multi GPU:      0                   Devices:            0,1,2,3             

[1mDe-stationary Projector Params[0m
  P Hidden Dims:      128, 128            P Hidden Layers:    2                   

Use GPU: cuda:0
🚀 Lazy Loading: GraphMambaRecent ...
[GraphMamba] Building 7x7 static graph from 2000 training samples
>>>>>>>evaluating validation checkpoint : long_term_forecast_ETTm1_96_96_table2_ettm1_p96_no_decomp_s2022_GraphMambaRecent_ETTm1_ftM_sl336_ll48_pl96_dm64_nh8_el1_dl1_df128_expand2_dc2_fc1_ebtimeF_dtTrue_table2_ettm1_p96_no_decomp_s2022_0<<<<<<<<<<<<<<<<<<<<<<<<<<<<<<<<<
val 11425
EVALUATION_RESULT {"batches": 358, "elapsed_seconds": 1.613302790094167, "elements": 7677600, "mae": 0.4161566235962741, "metric_version": "element_weighted_v1", "milliseconds_per_batch": 4.506432374564712, "mse": 0.39663843324833564, "parameter_count": 988070, "peak_cuda_memory_bytes": 138765312, "split": "val", "timerole_intervention": "intact"}
=== w/o Decomp | ETTm1-720 ===
Using GPU
Args in experiment:
[1mBasic Config[0m
  Task Name:          long_term_forecast  Is Training:        1                   
  Model ID:           ETTm1_96_720_table2_ettm1_p720_no_decomp_s2022Model:              GraphMambaRecent    

[1mData Loader[0m
  Data:               ETTm1               Root Path:          /home/cwh/Time-Series-Library/dataset/ETT-small
  Data Path:          ETTm1.csv           Features:           M                   
  Target:             OT                  Freq:               h                   
  Checkpoints:        /home/cwh/Time-Series-Library/logs/timerole_p0/recent_backbone/seed2022/checkpoints

[1mForecasting Task[0m
  Seq Len:            336                 Label Len:          48                  
  Pred Len:           720                 Seasonal Patterns:  Monthly             
  Inverse:            0                   

[1mModel Parameters[0m
  Top k:              5                   Num Kernels:        6                   
  Enc In:             7                   Dec In:             7                   
  C Out:              7                   d model:            64                  
  n heads:            8                   e layers:           1                   
  d layers:           1                   d FF:               128                 
  Moving Avg:         25                  Factor:             1                   
  Distil:             1                   Dropout:            0.1                 
  Embed:              timeF               Activation:         gelu                

[1mRun Parameters[0m
  Num Workers:        0                   Itr:                1                   
  Train Epochs:       100                 Batch Size:         32                  
  Patience:           6                   Learning Rate:      0.0005              
  Des:                table2_ettm1_p720_no_decomp_s2022Loss:               MSE                 
  Lradj:              type1               Use Amp:            0                   

[1mGPU[0m
  Use GPU:            1                   GPU:                0                   
  Use Multi GPU:      0                   Devices:            0,1,2,3             

[1mDe-stationary Projector Params[0m
  P Hidden Dims:      128, 128            P Hidden Layers:    2                   

Use GPU: cuda:0
🚀 Lazy Loading: GraphMambaRecent ...
[GraphMamba] Building 7x7 static graph from 2000 training samples
>>>>>>>start training : long_term_forecast_ETTm1_96_720_table2_ettm1_p720_no_decomp_s2022_GraphMambaRecent_ETTm1_ftM_sl336_ll48_pl720_dm64_nh8_el1_dl1_df128_expand2_dc2_fc1_ebtimeF_dtTrue_table2_ettm1_p720_no_decomp_s2022_0>>>>>>>>>>>>>>>>>>>>>>>>>>
train 33505
val 10801
	iters: 100, epoch: 1 | loss: 0.6123884
	speed: 0.0132s/iter; left time: 1379.0439s
	iters: 200, epoch: 1 | loss: 0.4737812
	speed: 0.0109s/iter; left time: 1140.5421s
	iters: 300, epoch: 1 | loss: 0.5503416
	speed: 0.0108s/iter; left time: 1126.7194s
	iters: 400, epoch: 1 | loss: 0.5139772
	speed: 0.0107s/iter; left time: 1116.0634s
	iters: 500, epoch: 1 | loss: 0.4883847
	speed: 0.0108s/iter; left time: 1122.3859s
	iters: 600, epoch: 1 | loss: 0.5003426
	speed: 0.0109s/iter; left time: 1134.3703s
	iters: 700, epoch: 1 | loss: 0.4467004
	speed: 0.0109s/iter; left time: 1137.5384s
	iters: 800, epoch: 1 | loss: 0.5368237
	speed: 0.0109s/iter; left time: 1132.9131s
	iters: 900, epoch: 1 | loss: 0.5251344
	speed: 0.0110s/iter; left time: 1138.8074s
	iters: 1000, epoch: 1 | loss: 0.4637766
	speed: 0.0107s/iter; left time: 1111.7984s
Epoch: 1 cost time: 11.597658395767212
Epoch: 1, Steps: 1048 | Train Loss: 0.4886764 Vali Loss: 0.9635538
Validation loss decreased (inf --> 0.963554).  Saving model ...
Updating learning rate to 0.0005
	iters: 100, epoch: 2 | loss: 0.4639027
	speed: 0.0321s/iter; left time: 3330.3937s
	iters: 200, epoch: 2 | loss: 0.5253635
	speed: 0.0112s/iter; left time: 1156.1378s
	iters: 300, epoch: 2 | loss: 0.4117423
	speed: 0.0110s/iter; left time: 1139.4944s
	iters: 400, epoch: 2 | loss: 0.4755802
	speed: 0.0106s/iter; left time: 1100.5358s
	iters: 500, epoch: 2 | loss: 0.5358700
	speed: 0.0110s/iter; left time: 1136.4454s
	iters: 600, epoch: 2 | loss: 0.5593020
	speed: 0.0108s/iter; left time: 1118.8277s
	iters: 700, epoch: 2 | loss: 0.4176397
	speed: 0.0111s/iter; left time: 1148.9039s
	iters: 800, epoch: 2 | loss: 0.4610116
	speed: 0.0110s/iter; left time: 1128.8472s
	iters: 900, epoch: 2 | loss: 0.4004218
	speed: 0.0108s/iter; left time: 1106.0070s
	iters: 1000, epoch: 2 | loss: 0.3373051
	speed: 0.0109s/iter; left time: 1115.1768s
Epoch: 2 cost time: 11.453294038772583
Epoch: 2, Steps: 1048 | Train Loss: 0.4471261 Vali Loss: 0.9631383
Validation loss decreased (0.963554 --> 0.963138).  Saving model ...
Updating learning rate to 0.00025
	iters: 100, epoch: 3 | loss: 0.4069162
	speed: 0.0314s/iter; left time: 3225.3954s
	iters: 200, epoch: 3 | loss: 0.5122445
	speed: 0.0107s/iter; left time: 1094.8424s
	iters: 300, epoch: 3 | loss: 0.4336541
	speed: 0.0107s/iter; left time: 1091.6265s
	iters: 400, epoch: 3 | loss: 0.4602329
	speed: 0.0107s/iter; left time: 1090.2708s
	iters: 500, epoch: 3 | loss: 0.3817839
	speed: 0.0106s/iter; left time: 1085.4210s
	iters: 600, epoch: 3 | loss: 0.3537158
	speed: 0.0107s/iter; left time: 1088.4984s
	iters: 700, epoch: 3 | loss: 0.5621036
	speed: 0.0108s/iter; left time: 1101.7702s
	iters: 800, epoch: 3 | loss: 0.4354257
	speed: 0.0105s/iter; left time: 1069.5231s
	iters: 900, epoch: 3 | loss: 0.3664408
	speed: 0.0109s/iter; left time: 1112.1740s
	iters: 1000, epoch: 3 | loss: 0.5124141
	speed: 0.0108s/iter; left time: 1093.7810s
Epoch: 3 cost time: 11.232630014419556
Epoch: 3, Steps: 1048 | Train Loss: 0.4299999 Vali Loss: 0.9502103
Validation loss decreased (0.963138 --> 0.950210).  Saving model ...
Updating learning rate to 0.000125
	iters: 100, epoch: 4 | loss: 0.3583893
	speed: 0.0325s/iter; left time: 3299.8042s
	iters: 200, epoch: 4 | loss: 0.4422676
	speed: 0.0111s/iter; left time: 1123.7193s
	iters: 300, epoch: 4 | loss: 0.3874536
	speed: 0.0111s/iter; left time: 1120.8994s
	iters: 400, epoch: 4 | loss: 0.4027307
	speed: 0.0107s/iter; left time: 1082.0936s
	iters: 500, epoch: 4 | loss: 0.3952988
	speed: 0.0110s/iter; left time: 1115.1859s
	iters: 600, epoch: 4 | loss: 0.4761440
	speed: 0.0106s/iter; left time: 1068.3524s
	iters: 700, epoch: 4 | loss: 0.4816889
	speed: 0.0109s/iter; left time: 1104.2478s
	iters: 800, epoch: 4 | loss: 0.5336698
	speed: 0.0106s/iter; left time: 1066.8998s
	iters: 900, epoch: 4 | loss: 0.4044172
	speed: 0.0106s/iter; left time: 1070.2637s
	iters: 1000, epoch: 4 | loss: 0.3875324
	speed: 0.0109s/iter; left time: 1093.0625s
Epoch: 4 cost time: 11.393117904663086
Epoch: 4, Steps: 1048 | Train Loss: 0.4212169 Vali Loss: 0.9522718
EarlyStopping counter: 1 out of 6
Updating learning rate to 6.25e-05
	iters: 100, epoch: 5 | loss: 0.4273631
	speed: 0.0322s/iter; left time: 3236.1782s
	iters: 200, epoch: 5 | loss: 0.3685798
	speed: 0.0108s/iter; left time: 1087.4091s
	iters: 300, epoch: 5 | loss: 0.3644668
	speed: 0.0108s/iter; left time: 1081.6626s
	iters: 400, epoch: 5 | loss: 0.4060338
	speed: 0.0107s/iter; left time: 1073.8272s
	iters: 500, epoch: 5 | loss: 0.5086172
	speed: 0.0107s/iter; left time: 1070.0497s
	iters: 600, epoch: 5 | loss: 0.5152581
	speed: 0.0109s/iter; left time: 1086.3125s
	iters: 700, epoch: 5 | loss: 0.4162326
	speed: 0.0109s/iter; left time: 1084.9031s
	iters: 800, epoch: 5 | loss: 0.4060281
	speed: 0.0107s/iter; left time: 1067.0636s
	iters: 900, epoch: 5 | loss: 0.4432670
	speed: 0.0108s/iter; left time: 1076.3850s
	iters: 1000, epoch: 5 | loss: 0.4368982
	speed: 0.0109s/iter; left time: 1084.5518s
Epoch: 5 cost time: 11.327140808105469
Epoch: 5, Steps: 1048 | Train Loss: 0.4159974 Vali Loss: 0.9456578
Validation loss decreased (0.950210 --> 0.945658).  Saving model ...
Updating learning rate to 3.125e-05
	iters: 100, epoch: 6 | loss: 0.4564362
	speed: 0.0318s/iter; left time: 3160.3429s
	iters: 200, epoch: 6 | loss: 0.3766916
	speed: 0.0106s/iter; left time: 1054.1050s
	iters: 300, epoch: 6 | loss: 0.4920255
	speed: 0.0109s/iter; left time: 1077.7636s
	iters: 400, epoch: 6 | loss: 0.4184822
	speed: 0.0108s/iter; left time: 1072.7707s
	iters: 500, epoch: 6 | loss: 0.4467561
	speed: 0.0110s/iter; left time: 1093.1484s
	iters: 600, epoch: 6 | loss: 0.3930055
	speed: 0.0108s/iter; left time: 1070.7972s
	iters: 700, epoch: 6 | loss: 0.4530114
	speed: 0.0104s/iter; left time: 1030.7490s
	iters: 800, epoch: 6 | loss: 0.4951695
	speed: 0.0107s/iter; left time: 1051.9808s
	iters: 900, epoch: 6 | loss: 0.4255916
	speed: 0.0109s/iter; left time: 1074.2214s
	iters: 1000, epoch: 6 | loss: 0.4587528
	speed: 0.0110s/iter; left time: 1085.1412s
Epoch: 6 cost time: 11.305915117263794
Epoch: 6, Steps: 1048 | Train Loss: 0.4136421 Vali Loss: 0.9475493
EarlyStopping counter: 1 out of 6
Updating learning rate to 1.5625e-05
	iters: 100, epoch: 7 | loss: 0.3631991
	speed: 0.0316s/iter; left time: 3111.4560s
	iters: 200, epoch: 7 | loss: 0.4833983
	speed: 0.0109s/iter; left time: 1067.0085s
	iters: 300, epoch: 7 | loss: 0.3890323
	speed: 0.0111s/iter; left time: 1087.2527s
	iters: 400, epoch: 7 | loss: 0.3699225
	speed: 0.0107s/iter; left time: 1046.0563s
	iters: 500, epoch: 7 | loss: 0.3511443
	speed: 0.0109s/iter; left time: 1066.3642s
	iters: 600, epoch: 7 | loss: 0.3442939
	speed: 0.0109s/iter; left time: 1067.0782s
	iters: 700, epoch: 7 | loss: 0.4284097
	speed: 0.0108s/iter; left time: 1051.6939s
	iters: 800, epoch: 7 | loss: 0.4230623
	speed: 0.0108s/iter; left time: 1054.7610s
	iters: 900, epoch: 7 | loss: 0.4033601
	speed: 0.0111s/iter; left time: 1082.1102s
	iters: 1000, epoch: 7 | loss: 0.4580249
	speed: 0.0109s/iter; left time: 1067.7332s
Epoch: 7 cost time: 11.405085563659668
Epoch: 7, Steps: 1048 | Train Loss: 0.4117651 Vali Loss: 0.9457273
EarlyStopping counter: 2 out of 6
Updating learning rate to 7.8125e-06
	iters: 100, epoch: 8 | loss: 0.4821350
	speed: 0.0322s/iter; left time: 3137.2875s
	iters: 200, epoch: 8 | loss: 0.4262524
	speed: 0.0110s/iter; left time: 1071.2648s
	iters: 300, epoch: 8 | loss: 0.4668258
	speed: 0.0112s/iter; left time: 1085.9438s
	iters: 400, epoch: 8 | loss: 0.3496184
	speed: 0.0109s/iter; left time: 1056.0619s
	iters: 500, epoch: 8 | loss: 0.3843867
	speed: 0.0108s/iter; left time: 1044.5481s
	iters: 600, epoch: 8 | loss: 0.4131124
	speed: 0.0112s/iter; left time: 1080.9697s
	iters: 700, epoch: 8 | loss: 0.4169086
	speed: 0.0110s/iter; left time: 1063.3703s
	iters: 800, epoch: 8 | loss: 0.4236870
	speed: 0.0109s/iter; left time: 1051.5221s
	iters: 900, epoch: 8 | loss: 0.4137819
	speed: 0.0110s/iter; left time: 1062.0231s
	iters: 1000, epoch: 8 | loss: 0.4118717
	speed: 0.0109s/iter; left time: 1048.9910s
Epoch: 8 cost time: 11.490513563156128
Epoch: 8, Steps: 1048 | Train Loss: 0.4110914 Vali Loss: 0.9449713
Validation loss decreased (0.945658 --> 0.944971).  Saving model ...
Updating learning rate to 3.90625e-06
	iters: 100, epoch: 9 | loss: 0.4200263
	speed: 0.0317s/iter; left time: 3051.9398s
	iters: 200, epoch: 9 | loss: 0.3942385
	speed: 0.0109s/iter; left time: 1046.9172s
	iters: 300, epoch: 9 | loss: 0.4093045
	speed: 0.0109s/iter; left time: 1043.4930s
	iters: 400, epoch: 9 | loss: 0.4058501
	speed: 0.0108s/iter; left time: 1041.7078s
	iters: 500, epoch: 9 | loss: 0.3674960
	speed: 0.0106s/iter; left time: 1019.2551s
	iters: 600, epoch: 9 | loss: 0.3857113
	speed: 0.0108s/iter; left time: 1036.8460s
	iters: 700, epoch: 9 | loss: 0.3711351
	speed: 0.0107s/iter; left time: 1023.3448s
	iters: 800, epoch: 9 | loss: 0.4013898
	speed: 0.0109s/iter; left time: 1042.2352s
	iters: 900, epoch: 9 | loss: 0.3422344
	speed: 0.0107s/iter; left time: 1018.5082s
	iters: 1000, epoch: 9 | loss: 0.4243619
	speed: 0.0108s/iter; left time: 1030.4630s
Epoch: 9 cost time: 11.290727853775024
Epoch: 9, Steps: 1048 | Train Loss: 0.4110504 Vali Loss: 0.9449242
Validation loss decreased (0.944971 --> 0.944924).  Saving model ...
Updating learning rate to 1.953125e-06
	iters: 100, epoch: 10 | loss: 0.3721766
	speed: 0.0319s/iter; left time: 3035.0179s
	iters: 200, epoch: 10 | loss: 0.4453395
	speed: 0.0108s/iter; left time: 1031.0619s
	iters: 300, epoch: 10 | loss: 0.4591288
	speed: 0.0109s/iter; left time: 1031.6941s
	iters: 400, epoch: 10 | loss: 0.4018830
	speed: 0.0109s/iter; left time: 1034.4501s
	iters: 500, epoch: 10 | loss: 0.4921288
	speed: 0.0111s/iter; left time: 1055.3477s
	iters: 600, epoch: 10 | loss: 0.4100566
	speed: 0.0109s/iter; left time: 1033.5763s
	iters: 700, epoch: 10 | loss: 0.3917178
	speed: 0.0109s/iter; left time: 1029.9478s
	iters: 800, epoch: 10 | loss: 0.4608094
	speed: 0.0110s/iter; left time: 1036.4352s
	iters: 900, epoch: 10 | loss: 0.3461066
	speed: 0.0110s/iter; left time: 1042.7214s
	iters: 1000, epoch: 10 | loss: 0.4524134
	speed: 0.0107s/iter; left time: 1014.1057s
Epoch: 10 cost time: 11.430695295333862
Epoch: 10, Steps: 1048 | Train Loss: 0.4108023 Vali Loss: 0.9453285
EarlyStopping counter: 1 out of 6
Updating learning rate to 9.765625e-07
	iters: 100, epoch: 11 | loss: 0.5007557
	speed: 0.0319s/iter; left time: 3004.5753s
	iters: 200, epoch: 11 | loss: 0.3406721
	speed: 0.0108s/iter; left time: 1012.7417s
	iters: 300, epoch: 11 | loss: 0.3468136
	speed: 0.0106s/iter; left time: 993.8196s
	iters: 400, epoch: 11 | loss: 0.4123837
	speed: 0.0107s/iter; left time: 1002.2053s
	iters: 500, epoch: 11 | loss: 0.4409963
	speed: 0.0107s/iter; left time: 1006.8827s
	iters: 600, epoch: 11 | loss: 0.3594161
	speed: 0.0110s/iter; left time: 1035.4674s
	iters: 700, epoch: 11 | loss: 0.3831872
	speed: 0.0108s/iter; left time: 1011.6105s
	iters: 800, epoch: 11 | loss: 0.3993902
	speed: 0.0107s/iter; left time: 999.3167s
	iters: 900, epoch: 11 | loss: 0.3870973
	speed: 0.0111s/iter; left time: 1034.0955s
	iters: 1000, epoch: 11 | loss: 0.3969709
	speed: 0.0109s/iter; left time: 1018.4018s
Epoch: 11 cost time: 11.328959703445435
Epoch: 11, Steps: 1048 | Train Loss: 0.4105738 Vali Loss: 0.9452468
EarlyStopping counter: 2 out of 6
Updating learning rate to 4.8828125e-07
	iters: 100, epoch: 12 | loss: 0.3909070
	speed: 0.0315s/iter; left time: 2939.3740s
	iters: 200, epoch: 12 | loss: 0.3557916
	speed: 0.0109s/iter; left time: 1016.3072s
	iters: 300, epoch: 12 | loss: 0.3923194
	speed: 0.0109s/iter; left time: 1016.8230s
	iters: 400, epoch: 12 | loss: 0.3969668
	speed: 0.0108s/iter; left time: 1005.7306s
	iters: 500, epoch: 12 | loss: 0.4262872
	speed: 0.0109s/iter; left time: 1008.9027s
	iters: 600, epoch: 12 | loss: 0.4109553
	speed: 0.0107s/iter; left time: 994.9858s
	iters: 700, epoch: 12 | loss: 0.4152539
	speed: 0.0106s/iter; left time: 976.8575s
	iters: 800, epoch: 12 | loss: 0.4211265
	speed: 0.0106s/iter; left time: 984.0348s
	iters: 900, epoch: 12 | loss: 0.3010576
	speed: 0.0111s/iter; left time: 1025.5908s
	iters: 1000, epoch: 12 | loss: 0.4757948
	speed: 0.0108s/iter; left time: 995.8971s
Epoch: 12 cost time: 11.318405866622925
Epoch: 12, Steps: 1048 | Train Loss: 0.4103054 Vali Loss: 0.9451683
EarlyStopping counter: 3 out of 6
Updating learning rate to 2.44140625e-07
	iters: 100, epoch: 13 | loss: 0.3963654
	speed: 0.0314s/iter; left time: 2894.2696s
	iters: 200, epoch: 13 | loss: 0.4407873
	speed: 0.0108s/iter; left time: 989.3217s
	iters: 300, epoch: 13 | loss: 0.3064488
	speed: 0.0107s/iter; left time: 985.4577s
	iters: 400, epoch: 13 | loss: 0.3558201
	speed: 0.0107s/iter; left time: 980.2385s
	iters: 500, epoch: 13 | loss: 0.4384730
	speed: 0.0107s/iter; left time: 984.3798s
	iters: 600, epoch: 13 | loss: 0.4200713
	speed: 0.0107s/iter; left time: 979.5182s
	iters: 700, epoch: 13 | loss: 0.3956591
	speed: 0.0108s/iter; left time: 986.5158s
	iters: 800, epoch: 13 | loss: 0.4663528
	speed: 0.0108s/iter; left time: 984.7520s
	iters: 900, epoch: 13 | loss: 0.3680594
	speed: 0.0107s/iter; left time: 975.4721s
	iters: 1000, epoch: 13 | loss: 0.3915398
	speed: 0.0108s/iter; left time: 984.0072s
Epoch: 13 cost time: 11.25703477859497
Epoch: 13, Steps: 1048 | Train Loss: 0.4104659 Vali Loss: 0.9451618
EarlyStopping counter: 4 out of 6
Updating learning rate to 1.220703125e-07
	iters: 100, epoch: 14 | loss: 0.4597846
	speed: 0.0310s/iter; left time: 2826.3364s
	iters: 200, epoch: 14 | loss: 0.4098161
	speed: 0.0105s/iter; left time: 953.5727s
	iters: 300, epoch: 14 | loss: 0.4502804
	speed: 0.0107s/iter; left time: 967.8676s
	iters: 400, epoch: 14 | loss: 0.3659384
	speed: 0.0107s/iter; left time: 968.8656s
	iters: 500, epoch: 14 | loss: 0.4390628
	speed: 0.0109s/iter; left time: 987.8774s
	iters: 600, epoch: 14 | loss: 0.4883971
	speed: 0.0107s/iter; left time: 969.1732s
	iters: 700, epoch: 14 | loss: 0.3632332
	speed: 0.0107s/iter; left time: 967.1120s
	iters: 800, epoch: 14 | loss: 0.4675986
	speed: 0.0107s/iter; left time: 967.6324s
	iters: 900, epoch: 14 | loss: 0.3761964
	speed: 0.0106s/iter; left time: 959.7125s
	iters: 1000, epoch: 14 | loss: 0.5131799
	speed: 0.0107s/iter; left time: 963.7735s
Epoch: 14 cost time: 11.179888248443604
Epoch: 14, Steps: 1048 | Train Loss: 0.4107380 Vali Loss: 0.9451547
EarlyStopping counter: 5 out of 6
Updating learning rate to 6.103515625e-08
	iters: 100, epoch: 15 | loss: 0.4430643
	speed: 0.0316s/iter; left time: 2843.0862s
	iters: 200, epoch: 15 | loss: 0.3500717
	speed: 0.0107s/iter; left time: 959.0196s
	iters: 300, epoch: 15 | loss: 0.4179128
	speed: 0.0108s/iter; left time: 974.6329s
	iters: 400, epoch: 15 | loss: 0.3284312
	speed: 0.0108s/iter; left time: 967.9487s
	iters: 500, epoch: 15 | loss: 0.4106682
	speed: 0.0109s/iter; left time: 979.3291s
	iters: 600, epoch: 15 | loss: 0.4015351
	speed: 0.0110s/iter; left time: 986.5709s
	iters: 700, epoch: 15 | loss: 0.4709709
	speed: 0.0110s/iter; left time: 979.9388s
	iters: 800, epoch: 15 | loss: 0.3789106
	speed: 0.0109s/iter; left time: 977.2985s
	iters: 900, epoch: 15 | loss: 0.4778019
	speed: 0.0111s/iter; left time: 990.3218s
	iters: 1000, epoch: 15 | loss: 0.3796494
	speed: 0.0108s/iter; left time: 961.0735s
Epoch: 15 cost time: 11.40819001197815
Epoch: 15, Steps: 1048 | Train Loss: 0.4104200 Vali Loss: 0.9451440
EarlyStopping counter: 6 out of 6
Early stopping
VALIDATION_RESULT {"best_epoch": 9, "best_mae": 0.6529074068869285, "best_mse": 0.9449241641984484, "epochs_ran": 15, "metric_version": "element_weighted_v1"}
>>>>>>>test skipped (validation-only run)<<<<<<<<<<<<<<<<<<<<<<<<
Using GPU
Args in experiment:
[1mBasic Config[0m
  Task Name:          long_term_forecast  Is Training:        0                   
  Model ID:           ETTm1_96_720_table2_ettm1_p720_no_decomp_s2022Model:              GraphMambaRecent    

[1mData Loader[0m
  Data:               ETTm1               Root Path:          /home/cwh/Time-Series-Library/dataset/ETT-small
  Data Path:          ETTm1.csv           Features:           M                   
  Target:             OT                  Freq:               h                   
  Checkpoints:        /home/cwh/Time-Series-Library/logs/timerole_p0/recent_backbone/seed2022/checkpoints

[1mForecasting Task[0m
  Seq Len:            336                 Label Len:          48                  
  Pred Len:           720                 Seasonal Patterns:  Monthly             
  Inverse:            0                   

[1mModel Parameters[0m
  Top k:              5                   Num Kernels:        6                   
  Enc In:             7                   Dec In:             7                   
  C Out:              7                   d model:            64                  
  n heads:            8                   e layers:           1                   
  d layers:           1                   d FF:               128                 
  Moving Avg:         25                  Factor:             1                   
  Distil:             1                   Dropout:            0.1                 
  Embed:              timeF               Activation:         gelu                

[1mRun Parameters[0m
  Num Workers:        0                   Itr:                1                   
  Train Epochs:       100                 Batch Size:         32                  
  Patience:           6                   Learning Rate:      0.0005              
  Des:                table2_ettm1_p720_no_decomp_s2022Loss:               MSE                 
  Lradj:              type1               Use Amp:            0                   

[1mGPU[0m
  Use GPU:            1                   GPU:                0                   
  Use Multi GPU:      0                   Devices:            0,1,2,3             

[1mDe-stationary Projector Params[0m
  P Hidden Dims:      128, 128            P Hidden Layers:    2                   

Use GPU: cuda:0
🚀 Lazy Loading: GraphMambaRecent ...
[GraphMamba] Building 7x7 static graph from 2000 training samples
>>>>>>>evaluating validation checkpoint : long_term_forecast_ETTm1_96_720_table2_ettm1_p720_no_decomp_s2022_GraphMambaRecent_ETTm1_ftM_sl336_ll48_pl720_dm64_nh8_el1_dl1_df128_expand2_dc2_fc1_ebtimeF_dtTrue_table2_ettm1_p720_no_decomp_s2022_0<<<<<<<<<<<<<<<<<<<<<<<<<<<<<<<<<
val 10801
EVALUATION_RESULT {"batches": 338, "elapsed_seconds": 1.6922242469154298, "elements": 54437040, "mae": 0.6529074105465461, "metric_version": "element_weighted_v1", "milliseconds_per_batch": 5.006580612175828, "mse": 0.9449241626197897, "parameter_count": 6739478, "peak_cuda_memory_bytes": 164759040, "split": "val", "timerole_intervention": "intact"}
=== w/o Decomp | ETTm2-96 ===
Using GPU
Args in experiment:
[1mBasic Config[0m
  Task Name:          long_term_forecast  Is Training:        1                   
  Model ID:           ETTm2_96_96_table2_ettm2_p96_no_decomp_s2022Model:              GraphMambaRecent    

[1mData Loader[0m
  Data:               ETTm2               Root Path:          /home/cwh/Time-Series-Library/dataset/ETT-small
  Data Path:          ETTm2.csv           Features:           M                   
  Target:             OT                  Freq:               h                   
  Checkpoints:        /home/cwh/Time-Series-Library/logs/timerole_p0/recent_backbone/seed2022/checkpoints

[1mForecasting Task[0m
  Seq Len:            336                 Label Len:          48                  
  Pred Len:           96                  Seasonal Patterns:  Monthly             
  Inverse:            0                   

[1mModel Parameters[0m
  Top k:              5                   Num Kernels:        6                   
  Enc In:             7                   Dec In:             7                   
  C Out:              7                   d model:            64                  
  n heads:            8                   e layers:           1                   
  d layers:           1                   d FF:               128                 
  Moving Avg:         25                  Factor:             1                   
  Distil:             1                   Dropout:            0.1                 
  Embed:              timeF               Activation:         gelu                

[1mRun Parameters[0m
  Num Workers:        0                   Itr:                1                   
  Train Epochs:       100                 Batch Size:         32                  
  Patience:           6                   Learning Rate:      0.0005              
  Des:                table2_ettm2_p96_no_decomp_s2022Loss:               MSE                 
  Lradj:              type1               Use Amp:            0                   

[1mGPU[0m
  Use GPU:            1                   GPU:                0                   
  Use Multi GPU:      0                   Devices:            0,1,2,3             

[1mDe-stationary Projector Params[0m
  P Hidden Dims:      128, 128            P Hidden Layers:    2                   

Use GPU: cuda:0
🚀 Lazy Loading: GraphMambaRecent ...
[GraphMamba] Building 7x7 static graph from 2000 training samples
>>>>>>>start training : long_term_forecast_ETTm2_96_96_table2_ettm2_p96_no_decomp_s2022_GraphMambaRecent_ETTm2_ftM_sl336_ll48_pl96_dm64_nh8_el1_dl1_df128_expand2_dc2_fc1_ebtimeF_dtTrue_table2_ettm2_p96_no_decomp_s2022_0>>>>>>>>>>>>>>>>>>>>>>>>>>
train 34129
val 11425
	iters: 100, epoch: 1 | loss: 0.2149802
	speed: 0.0126s/iter; left time: 1340.8887s
	iters: 200, epoch: 1 | loss: 0.1415826
	speed: 0.0104s/iter; left time: 1110.8547s
	iters: 300, epoch: 1 | loss: 0.3779907
	speed: 0.0106s/iter; left time: 1123.0464s
	iters: 400, epoch: 1 | loss: 0.1976070
	speed: 0.0104s/iter; left time: 1101.1359s
	iters: 500, epoch: 1 | loss: 0.1221063
	speed: 0.0106s/iter; left time: 1123.0668s
	iters: 600, epoch: 1 | loss: 0.1953802
	speed: 0.0107s/iter; left time: 1139.4692s
	iters: 700, epoch: 1 | loss: 0.1417415
	speed: 0.0106s/iter; left time: 1125.0187s
	iters: 800, epoch: 1 | loss: 0.2775478
	speed: 0.0103s/iter; left time: 1092.4851s
	iters: 900, epoch: 1 | loss: 0.1403562
	speed: 0.0107s/iter; left time: 1135.1322s
	iters: 1000, epoch: 1 | loss: 0.5119808
	speed: 0.0106s/iter; left time: 1121.4890s
Epoch: 1 cost time: 11.447667598724365
Epoch: 1, Steps: 1067 | Train Loss: 0.2439423 Vali Loss: 0.1360478
Validation loss decreased (inf --> 0.136048).  Saving model ...
Updating learning rate to 0.0005
	iters: 100, epoch: 2 | loss: 0.1943245
	speed: 0.0330s/iter; left time: 3484.2896s
	iters: 200, epoch: 2 | loss: 0.1320732
	speed: 0.0104s/iter; left time: 1099.4235s
	iters: 300, epoch: 2 | loss: 0.3170969
	speed: 0.0103s/iter; left time: 1080.3765s
	iters: 400, epoch: 2 | loss: 0.4618475
	speed: 0.0106s/iter; left time: 1114.7126s
	iters: 500, epoch: 2 | loss: 0.2135647
	speed: 0.0105s/iter; left time: 1107.4503s
	iters: 600, epoch: 2 | loss: 0.2013014
	speed: 0.0105s/iter; left time: 1106.6929s
	iters: 700, epoch: 2 | loss: 0.1687328
	speed: 0.0106s/iter; left time: 1107.5967s
	iters: 800, epoch: 2 | loss: 0.2478639
	speed: 0.0105s/iter; left time: 1095.5264s
	iters: 900, epoch: 2 | loss: 0.1788151
	speed: 0.0103s/iter; left time: 1082.3185s
	iters: 1000, epoch: 2 | loss: 0.2265227
	speed: 0.0105s/iter; left time: 1100.2371s
Epoch: 2 cost time: 11.1824951171875
Epoch: 2, Steps: 1067 | Train Loss: 0.2232765 Vali Loss: 0.1365096
EarlyStopping counter: 1 out of 6
Updating learning rate to 0.00025
	iters: 100, epoch: 3 | loss: 0.2530553
	speed: 0.0326s/iter; left time: 3409.9921s
	iters: 200, epoch: 3 | loss: 0.2811332
	speed: 0.0102s/iter; left time: 1065.5720s
	iters: 300, epoch: 3 | loss: 0.2873098
	speed: 0.0104s/iter; left time: 1080.3695s
	iters: 400, epoch: 3 | loss: 0.2039293
	speed: 0.0101s/iter; left time: 1055.8478s
	iters: 500, epoch: 3 | loss: 0.1220083
	speed: 0.0104s/iter; left time: 1078.3803s
	iters: 600, epoch: 3 | loss: 0.2920403
	speed: 0.0103s/iter; left time: 1067.1407s
	iters: 700, epoch: 3 | loss: 0.1898855
	speed: 0.0105s/iter; left time: 1087.7115s
	iters: 800, epoch: 3 | loss: 0.1471897
	speed: 0.0102s/iter; left time: 1053.6021s
	iters: 900, epoch: 3 | loss: 0.3658620
	speed: 0.0103s/iter; left time: 1064.7527s
	iters: 1000, epoch: 3 | loss: 0.1287765
	speed: 0.0104s/iter; left time: 1079.8060s
Epoch: 3 cost time: 11.028730154037476
Epoch: 3, Steps: 1067 | Train Loss: 0.2119321 Vali Loss: 0.1298194
Validation loss decreased (0.136048 --> 0.129819).  Saving model ...
Updating learning rate to 0.000125
	iters: 100, epoch: 4 | loss: 0.1549872
	speed: 0.0333s/iter; left time: 3439.3187s
	iters: 200, epoch: 4 | loss: 0.3506519
	speed: 0.0102s/iter; left time: 1057.5791s
	iters: 300, epoch: 4 | loss: 0.2251737
	speed: 0.0104s/iter; left time: 1068.5748s
	iters: 400, epoch: 4 | loss: 0.2827878
	speed: 0.0103s/iter; left time: 1067.0689s
	iters: 500, epoch: 4 | loss: 0.3725920
	speed: 0.0104s/iter; left time: 1068.4938s
	iters: 600, epoch: 4 | loss: 0.3133909
	speed: 0.0104s/iter; left time: 1066.8911s
	iters: 700, epoch: 4 | loss: 0.1714516
	speed: 0.0103s/iter; left time: 1063.2191s
	iters: 800, epoch: 4 | loss: 0.1492731
	speed: 0.0103s/iter; left time: 1057.7120s
	iters: 900, epoch: 4 | loss: 0.1188894
	speed: 0.0103s/iter; left time: 1055.0938s
	iters: 1000, epoch: 4 | loss: 0.1471407
	speed: 0.0106s/iter; left time: 1083.4990s
Epoch: 4 cost time: 11.05890417098999
Epoch: 4, Steps: 1067 | Train Loss: 0.2065851 Vali Loss: 0.1303260
EarlyStopping counter: 1 out of 6
Updating learning rate to 6.25e-05
	iters: 100, epoch: 5 | loss: 0.1345320
	speed: 0.0328s/iter; left time: 3358.0907s
	iters: 200, epoch: 5 | loss: 0.2258147
	speed: 0.0105s/iter; left time: 1072.8900s
	iters: 300, epoch: 5 | loss: 0.1478119
	speed: 0.0103s/iter; left time: 1054.2817s
	iters: 400, epoch: 5 | loss: 0.2597303
	speed: 0.0102s/iter; left time: 1043.3424s
	iters: 500, epoch: 5 | loss: 0.1445849
	speed: 0.0104s/iter; left time: 1059.6283s
	iters: 600, epoch: 5 | loss: 0.4980240
	speed: 0.0104s/iter; left time: 1060.1147s
	iters: 700, epoch: 5 | loss: 0.1665911
	speed: 0.0104s/iter; left time: 1059.0821s
	iters: 800, epoch: 5 | loss: 0.1350858
	speed: 0.0103s/iter; left time: 1041.7992s
	iters: 900, epoch: 5 | loss: 0.2299922
	speed: 0.0100s/iter; left time: 1014.0276s
	iters: 1000, epoch: 5 | loss: 0.1512065
	speed: 0.0105s/iter; left time: 1063.3592s
Epoch: 5 cost time: 11.040449380874634
Epoch: 5, Steps: 1067 | Train Loss: 0.2037823 Vali Loss: 0.1311632
EarlyStopping counter: 2 out of 6
Updating learning rate to 3.125e-05
	iters: 100, epoch: 6 | loss: 0.1841278
	speed: 0.0326s/iter; left time: 3298.5081s
	iters: 200, epoch: 6 | loss: 0.1937186
	speed: 0.0103s/iter; left time: 1039.0346s
	iters: 300, epoch: 6 | loss: 0.1602560
	speed: 0.0102s/iter; left time: 1030.9081s
	iters: 400, epoch: 6 | loss: 0.2078009
	speed: 0.0104s/iter; left time: 1046.7728s
	iters: 500, epoch: 6 | loss: 0.1499023
	speed: 0.0103s/iter; left time: 1043.0691s
	iters: 600, epoch: 6 | loss: 0.7263939
	speed: 0.0103s/iter; left time: 1042.6310s
	iters: 700, epoch: 6 | loss: 0.2955864
	speed: 0.0104s/iter; left time: 1042.6761s
	iters: 800, epoch: 6 | loss: 0.1855557
	speed: 0.0104s/iter; left time: 1042.7121s
	iters: 900, epoch: 6 | loss: 0.1340891
	speed: 0.0107s/iter; left time: 1073.4364s
	iters: 1000, epoch: 6 | loss: 0.1833078
	speed: 0.0104s/iter; left time: 1044.1268s
Epoch: 6 cost time: 11.0806884765625
Epoch: 6, Steps: 1067 | Train Loss: 0.2023097 Vali Loss: 0.1307349
EarlyStopping counter: 3 out of 6
Updating learning rate to 1.5625e-05
	iters: 100, epoch: 7 | loss: 0.1485841
	speed: 0.0323s/iter; left time: 3234.9554s
	iters: 200, epoch: 7 | loss: 0.1851660
	speed: 0.0103s/iter; left time: 1030.3125s
	iters: 300, epoch: 7 | loss: 0.1975401
	speed: 0.0103s/iter; left time: 1028.0959s
	iters: 400, epoch: 7 | loss: 0.2959190
	speed: 0.0103s/iter; left time: 1027.5525s
	iters: 500, epoch: 7 | loss: 0.2443721
	speed: 0.0103s/iter; left time: 1028.4401s
	iters: 600, epoch: 7 | loss: 0.1254982
	speed: 0.0102s/iter; left time: 1021.8286s
	iters: 700, epoch: 7 | loss: 0.2661300
	speed: 0.0103s/iter; left time: 1029.1649s
	iters: 800, epoch: 7 | loss: 0.1706554
	speed: 0.0106s/iter; left time: 1056.0301s
	iters: 900, epoch: 7 | loss: 0.1259961
	speed: 0.0107s/iter; left time: 1064.8814s
	iters: 1000, epoch: 7 | loss: 0.1655198
	speed: 0.0104s/iter; left time: 1031.2126s
Epoch: 7 cost time: 11.073863983154297
Epoch: 7, Steps: 1067 | Train Loss: 0.2011072 Vali Loss: 0.1304825
EarlyStopping counter: 4 out of 6
Updating learning rate to 7.8125e-06
	iters: 100, epoch: 8 | loss: 0.1994126
	speed: 0.0327s/iter; left time: 3238.5646s
	iters: 200, epoch: 8 | loss: 0.1045052
	speed: 0.0101s/iter; left time: 1000.2230s
	iters: 300, epoch: 8 | loss: 0.2129906
	speed: 0.0104s/iter; left time: 1024.9381s
	iters: 400, epoch: 8 | loss: 0.1908040
	speed: 0.0102s/iter; left time: 1007.4448s
	iters: 500, epoch: 8 | loss: 0.1296244
	speed: 0.0102s/iter; left time: 1008.0896s
	iters: 600, epoch: 8 | loss: 0.1920912
	speed: 0.0103s/iter; left time: 1015.3819s
	iters: 700, epoch: 8 | loss: 0.3128702
	speed: 0.0104s/iter; left time: 1022.0007s
	iters: 800, epoch: 8 | loss: 0.1249628
	speed: 0.0104s/iter; left time: 1026.4850s
	iters: 900, epoch: 8 | loss: 0.2626245
	speed: 0.0103s/iter; left time: 1013.9979s
	iters: 1000, epoch: 8 | loss: 0.1255341
	speed: 0.0102s/iter; left time: 997.9205s
Epoch: 8 cost time: 10.995510816574097
Epoch: 8, Steps: 1067 | Train Loss: 0.2006633 Vali Loss: 0.1308749
EarlyStopping counter: 5 out of 6
Updating learning rate to 3.90625e-06
	iters: 100, epoch: 9 | loss: 0.1451335
	speed: 0.0321s/iter; left time: 3144.8391s
	iters: 200, epoch: 9 | loss: 0.1105633
	speed: 0.0103s/iter; left time: 1010.9244s
	iters: 300, epoch: 9 | loss: 0.1896958
	speed: 0.0103s/iter; left time: 1011.9289s
	iters: 400, epoch: 9 | loss: 0.4070938
	speed: 0.0102s/iter; left time: 999.7726s
	iters: 500, epoch: 9 | loss: 0.2476654
	speed: 0.0102s/iter; left time: 993.9807s
	iters: 600, epoch: 9 | loss: 0.1325172
	speed: 0.0101s/iter; left time: 990.2155s
	iters: 700, epoch: 9 | loss: 0.1399580
	speed: 0.0104s/iter; left time: 1014.6461s
	iters: 800, epoch: 9 | loss: 0.1089035
	speed: 0.0104s/iter; left time: 1007.9899s
	iters: 900, epoch: 9 | loss: 0.3991464
	speed: 0.0103s/iter; left time: 997.8431s
	iters: 1000, epoch: 9 | loss: 0.2461150
	speed: 0.0103s/iter; left time: 1003.5027s
Epoch: 9 cost time: 10.959436893463135
Epoch: 9, Steps: 1067 | Train Loss: 0.2008687 Vali Loss: 0.1303880
EarlyStopping counter: 6 out of 6
Early stopping
VALIDATION_RESULT {"best_epoch": 3, "best_mae": 0.2475770395532727, "best_mse": 0.1298194454594976, "epochs_ran": 9, "metric_version": "element_weighted_v1"}
>>>>>>>test skipped (validation-only run)<<<<<<<<<<<<<<<<<<<<<<<<
Using GPU
Args in experiment:
[1mBasic Config[0m
  Task Name:          long_term_forecast  Is Training:        0                   
  Model ID:           ETTm2_96_96_table2_ettm2_p96_no_decomp_s2022Model:              GraphMambaRecent    

[1mData Loader[0m
  Data:               ETTm2               Root Path:          /home/cwh/Time-Series-Library/dataset/ETT-small
  Data Path:          ETTm2.csv           Features:           M                   
  Target:             OT                  Freq:               h                   
  Checkpoints:        /home/cwh/Time-Series-Library/logs/timerole_p0/recent_backbone/seed2022/checkpoints

[1mForecasting Task[0m
  Seq Len:            336                 Label Len:          48                  
  Pred Len:           96                  Seasonal Patterns:  Monthly             
  Inverse:            0                   

[1mModel Parameters[0m
  Top k:              5                   Num Kernels:        6                   
  Enc In:             7                   Dec In:             7                   
  C Out:              7                   d model:            64                  
  n heads:            8                   e layers:           1                   
  d layers:           1                   d FF:               128                 
  Moving Avg:         25                  Factor:             1                   
  Distil:             1                   Dropout:            0.1                 
  Embed:              timeF               Activation:         gelu                

[1mRun Parameters[0m
  Num Workers:        0                   Itr:                1                   
  Train Epochs:       100                 Batch Size:         32                  
  Patience:           6                   Learning Rate:      0.0005              
  Des:                table2_ettm2_p96_no_decomp_s2022Loss:               MSE                 
  Lradj:              type1               Use Amp:            0                   

[1mGPU[0m
  Use GPU:            1                   GPU:                0                   
  Use Multi GPU:      0                   Devices:            0,1,2,3             

[1mDe-stationary Projector Params[0m
  P Hidden Dims:      128, 128            P Hidden Layers:    2                   

Use GPU: cuda:0
🚀 Lazy Loading: GraphMambaRecent ...
[GraphMamba] Building 7x7 static graph from 2000 training samples
>>>>>>>evaluating validation checkpoint : long_term_forecast_ETTm2_96_96_table2_ettm2_p96_no_decomp_s2022_GraphMambaRecent_ETTm2_ftM_sl336_ll48_pl96_dm64_nh8_el1_dl1_df128_expand2_dc2_fc1_ebtimeF_dtTrue_table2_ettm2_p96_no_decomp_s2022_0<<<<<<<<<<<<<<<<<<<<<<<<<<<<<<<<<
val 11425
EVALUATION_RESULT {"batches": 358, "elapsed_seconds": 1.646704835118726, "elements": 7677600, "mae": 0.2475770383856502, "metric_version": "element_weighted_v1", "milliseconds_per_batch": 4.5997341763092905, "mse": 0.12981944595337708, "parameter_count": 988070, "peak_cuda_memory_bytes": 138765312, "split": "val", "timerole_intervention": "intact"}
=== w/o Decomp | ETTm2-720 ===
Using GPU
Args in experiment:
[1mBasic Config[0m
  Task Name:          long_term_forecast  Is Training:        1                   
  Model ID:           ETTm2_96_720_table2_ettm2_p720_no_decomp_s2022Model:              GraphMambaRecent    

[1mData Loader[0m
  Data:               ETTm2               Root Path:          /home/cwh/Time-Series-Library/dataset/ETT-small
  Data Path:          ETTm2.csv           Features:           M                   
  Target:             OT                  Freq:               h                   
  Checkpoints:        /home/cwh/Time-Series-Library/logs/timerole_p0/recent_backbone/seed2022/checkpoints

[1mForecasting Task[0m
  Seq Len:            336                 Label Len:          48                  
  Pred Len:           720                 Seasonal Patterns:  Monthly             
  Inverse:            0                   

[1mModel Parameters[0m
  Top k:              5                   Num Kernels:        6                   
  Enc In:             7                   Dec In:             7                   
  C Out:              7                   d model:            64                  
  n heads:            8                   e layers:           1                   
  d layers:           1                   d FF:               128                 
  Moving Avg:         25                  Factor:             1                   
  Distil:             1                   Dropout:            0.1                 
  Embed:              timeF               Activation:         gelu                

[1mRun Parameters[0m
  Num Workers:        0                   Itr:                1                   
  Train Epochs:       100                 Batch Size:         32                  
  Patience:           6                   Learning Rate:      0.0005              
  Des:                table2_ettm2_p720_no_decomp_s2022Loss:               MSE                 
  Lradj:              type1               Use Amp:            0                   

[1mGPU[0m
  Use GPU:            1                   GPU:                0                   
  Use Multi GPU:      0                   Devices:            0,1,2,3             

[1mDe-stationary Projector Params[0m
  P Hidden Dims:      128, 128            P Hidden Layers:    2                   

Use GPU: cuda:0
🚀 Lazy Loading: GraphMambaRecent ...
[GraphMamba] Building 7x7 static graph from 2000 training samples
>>>>>>>start training : long_term_forecast_ETTm2_96_720_table2_ettm2_p720_no_decomp_s2022_GraphMambaRecent_ETTm2_ftM_sl336_ll48_pl720_dm64_nh8_el1_dl1_df128_expand2_dc2_fc1_ebtimeF_dtTrue_table2_ettm2_p720_no_decomp_s2022_0>>>>>>>>>>>>>>>>>>>>>>>>>>
train 33505
val 10801
	iters: 100, epoch: 1 | loss: 0.3636477
	speed: 0.0131s/iter; left time: 1368.7188s
	iters: 200, epoch: 1 | loss: 0.3385615
	speed: 0.0108s/iter; left time: 1126.5853s
	iters: 300, epoch: 1 | loss: 0.9627213
	speed: 0.0108s/iter; left time: 1127.2247s
	iters: 400, epoch: 1 | loss: 0.5220651
	speed: 0.0106s/iter; left time: 1111.7794s
	iters: 500, epoch: 1 | loss: 0.2815276
	speed: 0.0111s/iter; left time: 1156.4479s
	iters: 600, epoch: 1 | loss: 0.2900706
	speed: 0.0108s/iter; left time: 1123.1592s
	iters: 700, epoch: 1 | loss: 0.6049946
	speed: 0.0109s/iter; left time: 1131.8972s
	iters: 800, epoch: 1 | loss: 0.3605721
	speed: 0.0109s/iter; left time: 1135.9857s
	iters: 900, epoch: 1 | loss: 0.5938261
	speed: 0.0109s/iter; left time: 1135.0807s
	iters: 1000, epoch: 1 | loss: 0.3281130
	speed: 0.0111s/iter; left time: 1147.9586s
Epoch: 1 cost time: 11.63003921508789
Epoch: 1, Steps: 1048 | Train Loss: 0.5946946 Vali Loss: 0.2883966
Validation loss decreased (inf --> 0.288397).  Saving model ...
Updating learning rate to 0.0005
	iters: 100, epoch: 2 | loss: 0.5287324
	speed: 0.0320s/iter; left time: 3320.3141s
	iters: 200, epoch: 2 | loss: 0.4621260
	speed: 0.0108s/iter; left time: 1121.3422s
	iters: 300, epoch: 2 | loss: 0.8485013
	speed: 0.0107s/iter; left time: 1108.0841s
	iters: 400, epoch: 2 | loss: 0.3574027
	speed: 0.0108s/iter; left time: 1115.9179s
	iters: 500, epoch: 2 | loss: 0.3429875
	speed: 0.0110s/iter; left time: 1140.4747s
	iters: 600, epoch: 2 | loss: 0.4352804
	speed: 0.0107s/iter; left time: 1104.6632s
	iters: 700, epoch: 2 | loss: 0.4160756
	speed: 0.0107s/iter; left time: 1105.7852s
	iters: 800, epoch: 2 | loss: 0.4311046
	speed: 0.0109s/iter; left time: 1122.6503s
	iters: 900, epoch: 2 | loss: 0.2924483
	speed: 0.0107s/iter; left time: 1096.4223s
	iters: 1000, epoch: 2 | loss: 0.5360016
	speed: 0.0108s/iter; left time: 1107.4214s
Epoch: 2 cost time: 11.333452224731445
Epoch: 2, Steps: 1048 | Train Loss: 0.5659524 Vali Loss: 0.2965689
EarlyStopping counter: 1 out of 6
Updating learning rate to 0.00025
	iters: 100, epoch: 3 | loss: 1.0124611
	speed: 0.0316s/iter; left time: 3238.9094s
	iters: 200, epoch: 3 | loss: 0.4741856
	speed: 0.0108s/iter; left time: 1104.8483s
	iters: 300, epoch: 3 | loss: 0.7029179
	speed: 0.0109s/iter; left time: 1118.2768s
	iters: 400, epoch: 3 | loss: 0.2776442
	speed: 0.0108s/iter; left time: 1105.4930s
	iters: 500, epoch: 3 | loss: 0.7406570
	speed: 0.0110s/iter; left time: 1120.6602s
	iters: 600, epoch: 3 | loss: 0.7158950
	speed: 0.0107s/iter; left time: 1096.3133s
	iters: 700, epoch: 3 | loss: 0.2551744
	speed: 0.0109s/iter; left time: 1112.0378s
	iters: 800, epoch: 3 | loss: 0.3639902
	speed: 0.0109s/iter; left time: 1108.4106s
	iters: 900, epoch: 3 | loss: 0.6269895
	speed: 0.0107s/iter; left time: 1090.5746s
	iters: 1000, epoch: 3 | loss: 0.5347325
	speed: 0.0108s/iter; left time: 1093.4476s
Epoch: 3 cost time: 11.344620943069458
Epoch: 3, Steps: 1048 | Train Loss: 0.5455422 Vali Loss: 0.3090744
EarlyStopping counter: 2 out of 6
Updating learning rate to 0.000125
	iters: 100, epoch: 4 | loss: 0.7634615
	speed: 0.0314s/iter; left time: 3192.6526s
	iters: 200, epoch: 4 | loss: 0.4285453
	speed: 0.0108s/iter; left time: 1095.7846s
	iters: 300, epoch: 4 | loss: 0.4022794
	speed: 0.0108s/iter; left time: 1092.1595s
	iters: 400, epoch: 4 | loss: 0.3737059
	speed: 0.0109s/iter; left time: 1103.3838s
	iters: 500, epoch: 4 | loss: 0.7754372
	speed: 0.0109s/iter; left time: 1099.5114s
	iters: 600, epoch: 4 | loss: 0.5013688
	speed: 0.0107s/iter; left time: 1082.0025s
	iters: 700, epoch: 4 | loss: 0.4902021
	speed: 0.0106s/iter; left time: 1072.6431s
	iters: 800, epoch: 4 | loss: 0.3606732
	speed: 0.0108s/iter; left time: 1093.3422s
	iters: 900, epoch: 4 | loss: 0.4409012
	speed: 0.0107s/iter; left time: 1080.4343s
	iters: 1000, epoch: 4 | loss: 0.7482288
	speed: 0.0108s/iter; left time: 1082.5939s
Epoch: 4 cost time: 11.300327062606812
Epoch: 4, Steps: 1048 | Train Loss: 0.5319747 Vali Loss: 0.3067458
EarlyStopping counter: 3 out of 6
Updating learning rate to 6.25e-05
	iters: 100, epoch: 5 | loss: 0.5561743
	speed: 0.0323s/iter; left time: 3245.2497s
	iters: 200, epoch: 5 | loss: 0.5103114
	speed: 0.0109s/iter; left time: 1091.6092s
	iters: 300, epoch: 5 | loss: 0.4397134
	speed: 0.0107s/iter; left time: 1070.8853s
	iters: 400, epoch: 5 | loss: 0.3511590
	speed: 0.0110s/iter; left time: 1098.8549s
	iters: 500, epoch: 5 | loss: 0.6161248
	speed: 0.0106s/iter; left time: 1065.9826s
	iters: 600, epoch: 5 | loss: 0.6774973
	speed: 0.0107s/iter; left time: 1066.5373s
	iters: 700, epoch: 5 | loss: 0.3055699
	speed: 0.0105s/iter; left time: 1052.9181s
	iters: 800, epoch: 5 | loss: 0.2433892
	speed: 0.0107s/iter; left time: 1070.8235s
	iters: 900, epoch: 5 | loss: 0.2851653
	speed: 0.0105s/iter; left time: 1050.8106s
	iters: 1000, epoch: 5 | loss: 0.4154417
	speed: 0.0109s/iter; left time: 1090.6193s
Epoch: 5 cost time: 11.249853372573853
Epoch: 5, Steps: 1048 | Train Loss: 0.5243106 Vali Loss: 0.3139487
EarlyStopping counter: 4 out of 6
Updating learning rate to 3.125e-05
	iters: 100, epoch: 6 | loss: 0.3386976
	speed: 0.0318s/iter; left time: 3165.5547s
	iters: 200, epoch: 6 | loss: 0.3283932
	speed: 0.0109s/iter; left time: 1085.1645s
	iters: 300, epoch: 6 | loss: 0.4312609
	speed: 0.0106s/iter; left time: 1056.7967s
	iters: 400, epoch: 6 | loss: 0.5305430
	speed: 0.0106s/iter; left time: 1055.2363s
	iters: 500, epoch: 6 | loss: 0.8006709
	speed: 0.0108s/iter; left time: 1068.2286s
	iters: 600, epoch: 6 | loss: 0.3003455
	speed: 0.0107s/iter; left time: 1061.0214s
	iters: 700, epoch: 6 | loss: 0.3000629
	speed: 0.0106s/iter; left time: 1049.8341s
	iters: 800, epoch: 6 | loss: 0.2854589
	speed: 0.0107s/iter; left time: 1060.3391s
	iters: 900, epoch: 6 | loss: 0.3207889
	speed: 0.0106s/iter; left time: 1045.6774s
	iters: 1000, epoch: 6 | loss: 0.4377460
	speed: 0.0105s/iter; left time: 1034.1413s
Epoch: 6 cost time: 11.226867198944092
Epoch: 6, Steps: 1048 | Train Loss: 0.5202688 Vali Loss: 0.3126778
EarlyStopping counter: 5 out of 6
Updating learning rate to 1.5625e-05
	iters: 100, epoch: 7 | loss: 0.9149732
	speed: 0.0313s/iter; left time: 3076.1911s
	iters: 200, epoch: 7 | loss: 0.3419536
	speed: 0.0107s/iter; left time: 1053.1597s
	iters: 300, epoch: 7 | loss: 0.5284854
	speed: 0.0105s/iter; left time: 1034.9731s
	iters: 400, epoch: 7 | loss: 0.5759116
	speed: 0.0108s/iter; left time: 1064.0611s
	iters: 500, epoch: 7 | loss: 0.8583794
	speed: 0.0109s/iter; left time: 1066.7967s
	iters: 600, epoch: 7 | loss: 0.3853732
	speed: 0.0109s/iter; left time: 1062.8230s
	iters: 700, epoch: 7 | loss: 0.8657090
	speed: 0.0110s/iter; left time: 1078.9279s
	iters: 800, epoch: 7 | loss: 0.3017309
	speed: 0.0109s/iter; left time: 1064.2127s
	iters: 900, epoch: 7 | loss: 0.4838930
	speed: 0.0107s/iter; left time: 1042.4999s
	iters: 1000, epoch: 7 | loss: 1.2017815
	speed: 0.0110s/iter; left time: 1071.3758s
Epoch: 7 cost time: 11.332114219665527
Epoch: 7, Steps: 1048 | Train Loss: 0.5180118 Vali Loss: 0.3135060
EarlyStopping counter: 6 out of 6
Early stopping
VALIDATION_RESULT {"best_epoch": 1, "best_mae": 0.37120272236169527, "best_mse": 0.2883965747402871, "epochs_ran": 7, "metric_version": "element_weighted_v1"}
>>>>>>>test skipped (validation-only run)<<<<<<<<<<<<<<<<<<<<<<<<
Using GPU
Args in experiment:
[1mBasic Config[0m
  Task Name:          long_term_forecast  Is Training:        0                   
  Model ID:           ETTm2_96_720_table2_ettm2_p720_no_decomp_s2022Model:              GraphMambaRecent    

[1mData Loader[0m
  Data:               ETTm2               Root Path:          /home/cwh/Time-Series-Library/dataset/ETT-small
  Data Path:          ETTm2.csv           Features:           M                   
  Target:             OT                  Freq:               h                   
  Checkpoints:        /home/cwh/Time-Series-Library/logs/timerole_p0/recent_backbone/seed2022/checkpoints

[1mForecasting Task[0m
  Seq Len:            336                 Label Len:          48                  
  Pred Len:           720                 Seasonal Patterns:  Monthly             
  Inverse:            0                   

[1mModel Parameters[0m
  Top k:              5                   Num Kernels:        6                   
  Enc In:             7                   Dec In:             7                   
  C Out:              7                   d model:            64                  
  n heads:            8                   e layers:           1                   
  d layers:           1                   d FF:               128                 
  Moving Avg:         25                  Factor:             1                   
  Distil:             1                   Dropout:            0.1                 
  Embed:              timeF               Activation:         gelu                

[1mRun Parameters[0m
  Num Workers:        0                   Itr:                1                   
  Train Epochs:       100                 Batch Size:         32                  
  Patience:           6                   Learning Rate:      0.0005              
  Des:                table2_ettm2_p720_no_decomp_s2022Loss:               MSE                 
  Lradj:              type1               Use Amp:            0                   

[1mGPU[0m
  Use GPU:            1                   GPU:                0                   
  Use Multi GPU:      0                   Devices:            0,1,2,3             

[1mDe-stationary Projector Params[0m
  P Hidden Dims:      128, 128            P Hidden Layers:    2                   

Use GPU: cuda:0
🚀 Lazy Loading: GraphMambaRecent ...
[GraphMamba] Building 7x7 static graph from 2000 training samples
>>>>>>>evaluating validation checkpoint : long_term_forecast_ETTm2_96_720_table2_ettm2_p720_no_decomp_s2022_GraphMambaRecent_ETTm2_ftM_sl336_ll48_pl720_dm64_nh8_el1_dl1_df128_expand2_dc2_fc1_ebtimeF_dtTrue_table2_ettm2_p720_no_decomp_s2022_0<<<<<<<<<<<<<<<<<<<<<<<<<<<<<<<<<
val 10801
EVALUATION_RESULT {"batches": 338, "elapsed_seconds": 1.6601050689350814, "elements": 54437040, "mae": 0.3712027230792673, "metric_version": "element_weighted_v1", "milliseconds_per_batch": 4.911553458387814, "mse": 0.28839657499143734, "parameter_count": 6739478, "peak_cuda_memory_bytes": 164759040, "split": "val", "timerole_intervention": "intact"}
=== w/o Patch | ETTm1-96 ===
Using GPU
Args in experiment:
[1mBasic Config[0m
  Task Name:          long_term_forecast  Is Training:        1                   
  Model ID:           ETTm1_96_96_table2_ettm1_p96_no_patch_s2022Model:              GraphMambaRecent    

[1mData Loader[0m
  Data:               ETTm1               Root Path:          /home/cwh/Time-Series-Library/dataset/ETT-small
  Data Path:          ETTm1.csv           Features:           M                   
  Target:             OT                  Freq:               h                   
  Checkpoints:        /home/cwh/Time-Series-Library/logs/timerole_p0/recent_backbone/seed2022/checkpoints

[1mForecasting Task[0m
  Seq Len:            336                 Label Len:          48                  
  Pred Len:           96                  Seasonal Patterns:  Monthly             
  Inverse:            0                   

[1mModel Parameters[0m
  Top k:              5                   Num Kernels:        6                   
  Enc In:             7                   Dec In:             7                   
  C Out:              7                   d model:            64                  
  n heads:            8                   e layers:           1                   
  d layers:           1                   d FF:               128                 
  Moving Avg:         25                  Factor:             1                   
  Distil:             1                   Dropout:            0.1                 
  Embed:              timeF               Activation:         gelu                

[1mRun Parameters[0m
  Num Workers:        0                   Itr:                1                   
  Train Epochs:       100                 Batch Size:         32                  
  Patience:           6                   Learning Rate:      0.0005              
  Des:                table2_ettm1_p96_no_patch_s2022Loss:               MSE                 
  Lradj:              type1               Use Amp:            0                   

[1mGPU[0m
  Use GPU:            1                   GPU:                0                   
  Use Multi GPU:      0                   Devices:            0,1,2,3             

[1mDe-stationary Projector Params[0m
  P Hidden Dims:      128, 128            P Hidden Layers:    2                   

Use GPU: cuda:0
🚀 Lazy Loading: GraphMambaRecent ...
[GraphMamba] Building 7x7 static graph from 2000 training samples
>>>>>>>start training : long_term_forecast_ETTm1_96_96_table2_ettm1_p96_no_patch_s2022_GraphMambaRecent_ETTm1_ftM_sl336_ll48_pl96_dm64_nh8_el1_dl1_df128_expand2_dc2_fc1_ebtimeF_dtTrue_table2_ettm1_p96_no_patch_s2022_0>>>>>>>>>>>>>>>>>>>>>>>>>>
train 34129
val 11425
	iters: 100, epoch: 1 | loss: 0.3842694
	speed: 0.0091s/iter; left time: 969.3690s
	iters: 200, epoch: 1 | loss: 0.3426885
	speed: 0.0072s/iter; left time: 767.9382s
	iters: 300, epoch: 1 | loss: 0.3463960
	speed: 0.0069s/iter; left time: 733.8491s
	iters: 400, epoch: 1 | loss: 0.3177088
	speed: 0.0067s/iter; left time: 716.0965s
	iters: 500, epoch: 1 | loss: 0.2661818
	speed: 0.0069s/iter; left time: 736.7086s
	iters: 600, epoch: 1 | loss: 0.2864521
	speed: 0.0070s/iter; left time: 742.5935s
	iters: 700, epoch: 1 | loss: 0.2482055
	speed: 0.0069s/iter; left time: 727.7788s
	iters: 800, epoch: 1 | loss: 0.2333960
	speed: 0.0072s/iter; left time: 757.2231s
	iters: 900, epoch: 1 | loss: 0.3023698
	speed: 0.0071s/iter; left time: 746.0955s
	iters: 1000, epoch: 1 | loss: 0.3129225
	speed: 0.0070s/iter; left time: 738.1830s
Epoch: 1 cost time: 7.663004159927368
Epoch: 1, Steps: 1067 | Train Loss: 0.3174201 Vali Loss: 0.3991344
Validation loss decreased (inf --> 0.399134).  Saving model ...
Updating learning rate to 0.0005
	iters: 100, epoch: 2 | loss: 0.2049414
	speed: 0.0225s/iter; left time: 2378.7079s
	iters: 200, epoch: 2 | loss: 0.2491649
	speed: 0.0068s/iter; left time: 722.2191s
	iters: 300, epoch: 2 | loss: 0.3126973
	speed: 0.0068s/iter; left time: 720.6928s
	iters: 400, epoch: 2 | loss: 0.2232130
	speed: 0.0070s/iter; left time: 734.9131s
	iters: 500, epoch: 2 | loss: 0.3580398
	speed: 0.0068s/iter; left time: 716.9847s
	iters: 600, epoch: 2 | loss: 0.2858959
	speed: 0.0069s/iter; left time: 726.2885s
	iters: 700, epoch: 2 | loss: 0.2381144
	speed: 0.0071s/iter; left time: 745.8948s
	iters: 800, epoch: 2 | loss: 0.2603428
	speed: 0.0071s/iter; left time: 745.3835s
	iters: 900, epoch: 2 | loss: 0.2116487
	speed: 0.0069s/iter; left time: 719.6143s
	iters: 1000, epoch: 2 | loss: 0.2961400
	speed: 0.0073s/iter; left time: 763.6309s
Epoch: 2 cost time: 7.439478635787964
Epoch: 2, Steps: 1067 | Train Loss: 0.2716687 Vali Loss: 0.4315769
EarlyStopping counter: 1 out of 6
Updating learning rate to 0.00025
	iters: 100, epoch: 3 | loss: 0.2225825
	speed: 0.0228s/iter; left time: 2385.9617s
	iters: 200, epoch: 3 | loss: 0.2252367
	speed: 0.0071s/iter; left time: 739.5971s
	iters: 300, epoch: 3 | loss: 0.3056116
	speed: 0.0069s/iter; left time: 720.5401s
	iters: 400, epoch: 3 | loss: 0.2371223
	speed: 0.0070s/iter; left time: 724.0112s
	iters: 500, epoch: 3 | loss: 0.2646908
	speed: 0.0069s/iter; left time: 716.1596s
	iters: 600, epoch: 3 | loss: 0.2892083
	speed: 0.0070s/iter; left time: 730.8370s
	iters: 700, epoch: 3 | loss: 0.2204810
	speed: 0.0068s/iter; left time: 704.9493s
	iters: 800, epoch: 3 | loss: 0.3238946
	speed: 0.0071s/iter; left time: 737.5730s
	iters: 900, epoch: 3 | loss: 0.2509381
	speed: 0.0069s/iter; left time: 717.1212s
	iters: 1000, epoch: 3 | loss: 0.2310681
	speed: 0.0071s/iter; left time: 738.9639s
Epoch: 3 cost time: 7.436394691467285
Epoch: 3, Steps: 1067 | Train Loss: 0.2581599 Vali Loss: 0.4182109
EarlyStopping counter: 2 out of 6
Updating learning rate to 0.000125
	iters: 100, epoch: 4 | loss: 0.1907441
	speed: 0.0223s/iter; left time: 2301.8690s
	iters: 200, epoch: 4 | loss: 0.2426998
	speed: 0.0071s/iter; left time: 732.3860s
	iters: 300, epoch: 4 | loss: 0.2526620
	speed: 0.0068s/iter; left time: 702.5164s
	iters: 400, epoch: 4 | loss: 0.2628436
	speed: 0.0070s/iter; left time: 719.8850s
	iters: 500, epoch: 4 | loss: 0.2628062
	speed: 0.0068s/iter; left time: 700.0774s
	iters: 600, epoch: 4 | loss: 0.2224067
	speed: 0.0068s/iter; left time: 703.2013s
	iters: 700, epoch: 4 | loss: 0.2348002
	speed: 0.0070s/iter; left time: 717.3888s
	iters: 800, epoch: 4 | loss: 0.2590773
	speed: 0.0068s/iter; left time: 702.8135s
	iters: 900, epoch: 4 | loss: 0.2235785
	speed: 0.0068s/iter; left time: 700.2062s
	iters: 1000, epoch: 4 | loss: 0.2271166
	speed: 0.0068s/iter; left time: 692.1623s
Epoch: 4 cost time: 7.316687822341919
Epoch: 4, Steps: 1067 | Train Loss: 0.2487664 Vali Loss: 0.4257099
EarlyStopping counter: 3 out of 6
Updating learning rate to 6.25e-05
	iters: 100, epoch: 5 | loss: 0.2402877
	speed: 0.0222s/iter; left time: 2273.4175s
	iters: 200, epoch: 5 | loss: 0.2385009
	speed: 0.0070s/iter; left time: 714.8406s
	iters: 300, epoch: 5 | loss: 0.2650276
	speed: 0.0071s/iter; left time: 727.9778s
	iters: 400, epoch: 5 | loss: 0.2137986
	speed: 0.0068s/iter; left time: 696.2277s
	iters: 500, epoch: 5 | loss: 0.2377276
	speed: 0.0072s/iter; left time: 734.6824s
	iters: 600, epoch: 5 | loss: 0.1925458
	speed: 0.0069s/iter; left time: 701.0784s
	iters: 700, epoch: 5 | loss: 0.2377084
	speed: 0.0069s/iter; left time: 706.2713s
	iters: 800, epoch: 5 | loss: 0.2389201
	speed: 0.0071s/iter; left time: 717.1416s
	iters: 900, epoch: 5 | loss: 0.2541373
	speed: 0.0069s/iter; left time: 696.1539s
	iters: 1000, epoch: 5 | loss: 0.2331276
	speed: 0.0068s/iter; left time: 690.4197s
Epoch: 5 cost time: 7.393211603164673
Epoch: 5, Steps: 1067 | Train Loss: 0.2435280 Vali Loss: 0.4294972
EarlyStopping counter: 4 out of 6
Updating learning rate to 3.125e-05
	iters: 100, epoch: 6 | loss: 0.2527582
	speed: 0.0224s/iter; left time: 2269.2290s
	iters: 200, epoch: 6 | loss: 0.2192401
	speed: 0.0071s/iter; left time: 715.3613s
	iters: 300, epoch: 6 | loss: 0.2290769
	speed: 0.0072s/iter; left time: 726.9442s
	iters: 400, epoch: 6 | loss: 0.2383615
	speed: 0.0069s/iter; left time: 697.5605s
	iters: 500, epoch: 6 | loss: 0.2666627
	speed: 0.0069s/iter; left time: 698.1167s
	iters: 600, epoch: 6 | loss: 0.2553131
	speed: 0.0071s/iter; left time: 713.7372s
	iters: 700, epoch: 6 | loss: 0.2307229
	speed: 0.0070s/iter; left time: 699.6354s
	iters: 800, epoch: 6 | loss: 0.2363220
	speed: 0.0068s/iter; left time: 686.4755s
	iters: 900, epoch: 6 | loss: 0.2177618
	speed: 0.0069s/iter; left time: 696.3212s
	iters: 1000, epoch: 6 | loss: 0.2297911
	speed: 0.0068s/iter; left time: 682.3745s
Epoch: 6 cost time: 7.423218727111816
Epoch: 6, Steps: 1067 | Train Loss: 0.2405780 Vali Loss: 0.4234377
EarlyStopping counter: 5 out of 6
Updating learning rate to 1.5625e-05
	iters: 100, epoch: 7 | loss: 0.2404791
	speed: 0.0219s/iter; left time: 2197.2254s
	iters: 200, epoch: 7 | loss: 0.2197086
	speed: 0.0070s/iter; left time: 700.1773s
	iters: 300, epoch: 7 | loss: 0.2443289
	speed: 0.0069s/iter; left time: 690.1298s
	iters: 400, epoch: 7 | loss: 0.2551017
	speed: 0.0071s/iter; left time: 704.5901s
	iters: 500, epoch: 7 | loss: 0.2696864
	speed: 0.0070s/iter; left time: 695.2433s
	iters: 600, epoch: 7 | loss: 0.2324879
	speed: 0.0072s/iter; left time: 715.8637s
	iters: 700, epoch: 7 | loss: 0.2658416
	speed: 0.0069s/iter; left time: 688.3827s
	iters: 800, epoch: 7 | loss: 0.2000130
	speed: 0.0073s/iter; left time: 722.4387s
	iters: 900, epoch: 7 | loss: 0.2344899
	speed: 0.0072s/iter; left time: 716.1117s
	iters: 1000, epoch: 7 | loss: 0.1992158
	speed: 0.0071s/iter; left time: 707.4645s
Epoch: 7 cost time: 7.497447967529297
Epoch: 7, Steps: 1067 | Train Loss: 0.2388386 Vali Loss: 0.4278720
EarlyStopping counter: 6 out of 6
Early stopping
VALIDATION_RESULT {"best_epoch": 1, "best_mae": 0.4145168893084099, "best_mse": 0.3991344203950962, "epochs_ran": 7, "metric_version": "element_weighted_v1"}
>>>>>>>test skipped (validation-only run)<<<<<<<<<<<<<<<<<<<<<<<<
Using GPU
Args in experiment:
[1mBasic Config[0m
  Task Name:          long_term_forecast  Is Training:        0                   
  Model ID:           ETTm1_96_96_table2_ettm1_p96_no_patch_s2022Model:              GraphMambaRecent    

[1mData Loader[0m
  Data:               ETTm1               Root Path:          /home/cwh/Time-Series-Library/dataset/ETT-small
  Data Path:          ETTm1.csv           Features:           M                   
  Target:             OT                  Freq:               h                   
  Checkpoints:        /home/cwh/Time-Series-Library/logs/timerole_p0/recent_backbone/seed2022/checkpoints

[1mForecasting Task[0m
  Seq Len:            336                 Label Len:          48                  
  Pred Len:           96                  Seasonal Patterns:  Monthly             
  Inverse:            0                   

[1mModel Parameters[0m
  Top k:              5                   Num Kernels:        6                   
  Enc In:             7                   Dec In:             7                   
  C Out:              7                   d model:            64                  
  n heads:            8                   e layers:           1                   
  d layers:           1                   d FF:               128                 
  Moving Avg:         25                  Factor:             1                   
  Distil:             1                   Dropout:            0.1                 
  Embed:              timeF               Activation:         gelu                

[1mRun Parameters[0m
  Num Workers:        0                   Itr:                1                   
  Train Epochs:       100                 Batch Size:         32                  
  Patience:           6                   Learning Rate:      0.0005              
  Des:                table2_ettm1_p96_no_patch_s2022Loss:               MSE                 
  Lradj:              type1               Use Amp:            0                   

[1mGPU[0m
  Use GPU:            1                   GPU:                0                   
  Use Multi GPU:      0                   Devices:            0,1,2,3             

[1mDe-stationary Projector Params[0m
  P Hidden Dims:      128, 128            P Hidden Layers:    2                   

Use GPU: cuda:0
🚀 Lazy Loading: GraphMambaRecent ...
[GraphMamba] Building 7x7 static graph from 2000 training samples
>>>>>>>evaluating validation checkpoint : long_term_forecast_ETTm1_96_96_table2_ettm1_p96_no_patch_s2022_GraphMambaRecent_ETTm1_ftM_sl336_ll48_pl96_dm64_nh8_el1_dl1_df128_expand2_dc2_fc1_ebtimeF_dtTrue_table2_ettm1_p96_no_patch_s2022_0<<<<<<<<<<<<<<<<<<<<<<<<<<<<<<<<<
val 11425
EVALUATION_RESULT {"batches": 358, "elapsed_seconds": 1.2464967579580843, "elements": 7677600, "mae": 0.4145168902782819, "metric_version": "element_weighted_v1", "milliseconds_per_batch": 3.48183451943599, "mse": 0.3991344194868349, "parameter_count": 702214, "peak_cuda_memory_bytes": 120710144, "split": "val", "timerole_intervention": "intact"}
=== w/o Patch | ETTm1-720 ===
Using GPU
Args in experiment:
[1mBasic Config[0m
  Task Name:          long_term_forecast  Is Training:        1                   
  Model ID:           ETTm1_96_720_table2_ettm1_p720_no_patch_s2022Model:              GraphMambaRecent    

[1mData Loader[0m
  Data:               ETTm1               Root Path:          /home/cwh/Time-Series-Library/dataset/ETT-small
  Data Path:          ETTm1.csv           Features:           M                   
  Target:             OT                  Freq:               h                   
  Checkpoints:        /home/cwh/Time-Series-Library/logs/timerole_p0/recent_backbone/seed2022/checkpoints

[1mForecasting Task[0m
  Seq Len:            336                 Label Len:          48                  
  Pred Len:           720                 Seasonal Patterns:  Monthly             
  Inverse:            0                   

[1mModel Parameters[0m
  Top k:              5                   Num Kernels:        6                   
  Enc In:             7                   Dec In:             7                   
  C Out:              7                   d model:            64                  
  n heads:            8                   e layers:           1                   
  d layers:           1                   d FF:               128                 
  Moving Avg:         25                  Factor:             1                   
  Distil:             1                   Dropout:            0.1                 
  Embed:              timeF               Activation:         gelu                

[1mRun Parameters[0m
  Num Workers:        0                   Itr:                1                   
  Train Epochs:       100                 Batch Size:         32                  
  Patience:           6                   Learning Rate:      0.0005              
  Des:                table2_ettm1_p720_no_patch_s2022Loss:               MSE                 
  Lradj:              type1               Use Amp:            0                   

[1mGPU[0m
  Use GPU:            1                   GPU:                0                   
  Use Multi GPU:      0                   Devices:            0,1,2,3             

[1mDe-stationary Projector Params[0m
  P Hidden Dims:      128, 128            P Hidden Layers:    2                   

Use GPU: cuda:0
🚀 Lazy Loading: GraphMambaRecent ...
[GraphMamba] Building 7x7 static graph from 2000 training samples
>>>>>>>start training : long_term_forecast_ETTm1_96_720_table2_ettm1_p720_no_patch_s2022_GraphMambaRecent_ETTm1_ftM_sl336_ll48_pl720_dm64_nh8_el1_dl1_df128_expand2_dc2_fc1_ebtimeF_dtTrue_table2_ettm1_p720_no_patch_s2022_0>>>>>>>>>>>>>>>>>>>>>>>>>>
train 33505
val 10801
	iters: 100, epoch: 1 | loss: 0.5574937
	speed: 0.0094s/iter; left time: 987.2404s
	iters: 200, epoch: 1 | loss: 0.4779096
	speed: 0.0075s/iter; left time: 779.4704s
	iters: 300, epoch: 1 | loss: 0.5285267
	speed: 0.0071s/iter; left time: 744.3515s
	iters: 400, epoch: 1 | loss: 0.5213513
	speed: 0.0072s/iter; left time: 753.0518s
	iters: 500, epoch: 1 | loss: 0.4542240
	speed: 0.0075s/iter; left time: 785.9423s
	iters: 600, epoch: 1 | loss: 0.4479688
	speed: 0.0074s/iter; left time: 772.2476s
	iters: 700, epoch: 1 | loss: 0.5347916
	speed: 0.0071s/iter; left time: 740.3944s
	iters: 800, epoch: 1 | loss: 0.5048106
	speed: 0.0073s/iter; left time: 760.7454s
	iters: 900, epoch: 1 | loss: 0.4777461
	speed: 0.0071s/iter; left time: 736.6718s
	iters: 1000, epoch: 1 | loss: 0.3921717
	speed: 0.0072s/iter; left time: 743.2021s
Epoch: 1 cost time: 7.8329925537109375
Epoch: 1, Steps: 1048 | Train Loss: 0.4835099 Vali Loss: 0.9752053
Validation loss decreased (inf --> 0.975205).  Saving model ...
Updating learning rate to 0.0005
	iters: 100, epoch: 2 | loss: 0.5241566
	speed: 0.0231s/iter; left time: 2394.8333s
	iters: 200, epoch: 2 | loss: 0.5088125
	speed: 0.0074s/iter; left time: 764.0682s
	iters: 300, epoch: 2 | loss: 0.4598694
	speed: 0.0073s/iter; left time: 754.4208s
	iters: 400, epoch: 2 | loss: 0.3646606
	speed: 0.0077s/iter; left time: 800.3858s
	iters: 500, epoch: 2 | loss: 0.4209193
	speed: 0.0074s/iter; left time: 766.8168s
	iters: 600, epoch: 2 | loss: 0.4364013
	speed: 0.0071s/iter; left time: 729.9238s
	iters: 700, epoch: 2 | loss: 0.3428912
	speed: 0.0074s/iter; left time: 761.3890s
	iters: 800, epoch: 2 | loss: 0.4651012
	speed: 0.0072s/iter; left time: 739.1814s
	iters: 900, epoch: 2 | loss: 0.4146476
	speed: 0.0073s/iter; left time: 753.7436s
	iters: 1000, epoch: 2 | loss: 0.4542382
	speed: 0.0073s/iter; left time: 748.8742s
Epoch: 2 cost time: 7.713411569595337
Epoch: 2, Steps: 1048 | Train Loss: 0.4444525 Vali Loss: 0.9679248
Validation loss decreased (0.975205 --> 0.967925).  Saving model ...
Updating learning rate to 0.00025
	iters: 100, epoch: 3 | loss: 0.4526353
	speed: 0.0235s/iter; left time: 2411.4980s
	iters: 200, epoch: 3 | loss: 0.5034029
	speed: 0.0073s/iter; left time: 748.3232s
	iters: 300, epoch: 3 | loss: 0.4495105
	speed: 0.0077s/iter; left time: 784.8909s
	iters: 400, epoch: 3 | loss: 0.4450567
	speed: 0.0077s/iter; left time: 786.9897s
	iters: 500, epoch: 3 | loss: 0.4912051
	speed: 0.0077s/iter; left time: 787.5170s
	iters: 600, epoch: 3 | loss: 0.3365735
	speed: 0.0080s/iter; left time: 816.3397s
	iters: 700, epoch: 3 | loss: 0.3798114
	speed: 0.0076s/iter; left time: 779.0297s
	iters: 800, epoch: 3 | loss: 0.3751404
	speed: 0.0072s/iter; left time: 734.1913s
	iters: 900, epoch: 3 | loss: 0.3721113
	speed: 0.0070s/iter; left time: 710.4202s
	iters: 1000, epoch: 3 | loss: 0.4385708
	speed: 0.0073s/iter; left time: 737.6776s
Epoch: 3 cost time: 7.839588642120361
Epoch: 3, Steps: 1048 | Train Loss: 0.4262861 Vali Loss: 0.9701174
EarlyStopping counter: 1 out of 6
Updating learning rate to 0.000125
	iters: 100, epoch: 4 | loss: 0.4697157
	speed: 0.0217s/iter; left time: 2202.5453s
	iters: 200, epoch: 4 | loss: 0.4693066
	speed: 0.0073s/iter; left time: 738.9460s
	iters: 300, epoch: 4 | loss: 0.4187016
	speed: 0.0072s/iter; left time: 731.7240s
	iters: 400, epoch: 4 | loss: 0.3790167
	speed: 0.0074s/iter; left time: 747.2020s
	iters: 500, epoch: 4 | loss: 0.3815288
	speed: 0.0071s/iter; left time: 723.0115s
	iters: 600, epoch: 4 | loss: 0.4245652
	speed: 0.0071s/iter; left time: 718.2150s
	iters: 700, epoch: 4 | loss: 0.5059392
	speed: 0.0070s/iter; left time: 710.2982s
	iters: 800, epoch: 4 | loss: 0.3854259
	speed: 0.0072s/iter; left time: 724.5235s
	iters: 900, epoch: 4 | loss: 0.3859659
	speed: 0.0072s/iter; left time: 728.3679s
	iters: 1000, epoch: 4 | loss: 0.4369633
	speed: 0.0076s/iter; left time: 761.5468s
Epoch: 4 cost time: 7.599048852920532
Epoch: 4, Steps: 1048 | Train Loss: 0.4168926 Vali Loss: 0.9629384
Validation loss decreased (0.967925 --> 0.962938).  Saving model ...
Updating learning rate to 6.25e-05
	iters: 100, epoch: 5 | loss: 0.3980857
	speed: 0.0228s/iter; left time: 2295.1802s
	iters: 200, epoch: 5 | loss: 0.3822272
	speed: 0.0072s/iter; left time: 722.4019s
	iters: 300, epoch: 5 | loss: 0.3445884
	speed: 0.0070s/iter; left time: 707.0272s
	iters: 400, epoch: 5 | loss: 0.4274779
	speed: 0.0074s/iter; left time: 737.9454s
	iters: 500, epoch: 5 | loss: 0.4067362
	speed: 0.0069s/iter; left time: 692.8069s
	iters: 600, epoch: 5 | loss: 0.3845275
	speed: 0.0070s/iter; left time: 703.2014s
	iters: 700, epoch: 5 | loss: 0.3718175
	speed: 0.0070s/iter; left time: 700.5915s
	iters: 800, epoch: 5 | loss: 0.4460130
	speed: 0.0070s/iter; left time: 698.8327s
	iters: 900, epoch: 5 | loss: 0.4303559
	speed: 0.0074s/iter; left time: 734.6212s
	iters: 1000, epoch: 5 | loss: 0.4224432
	speed: 0.0072s/iter; left time: 721.9433s
Epoch: 5 cost time: 7.481236457824707
Epoch: 5, Steps: 1048 | Train Loss: 0.4104781 Vali Loss: 0.9658532
EarlyStopping counter: 1 out of 6
Updating learning rate to 3.125e-05
	iters: 100, epoch: 6 | loss: 0.3520185
	speed: 0.0223s/iter; left time: 2218.0873s
	iters: 200, epoch: 6 | loss: 0.5057724
	speed: 0.0072s/iter; left time: 710.7634s
	iters: 300, epoch: 6 | loss: 0.4186388
	speed: 0.0073s/iter; left time: 721.1158s
	iters: 400, epoch: 6 | loss: 0.4249939
	speed: 0.0072s/iter; left time: 716.6939s
	iters: 500, epoch: 6 | loss: 0.4079440
	speed: 0.0074s/iter; left time: 733.2347s
	iters: 600, epoch: 6 | loss: 0.4122669
	speed: 0.0072s/iter; left time: 711.8230s
	iters: 700, epoch: 6 | loss: 0.3489653
	speed: 0.0070s/iter; left time: 688.9433s
	iters: 800, epoch: 6 | loss: 0.3607133
	speed: 0.0071s/iter; left time: 697.2692s
	iters: 900, epoch: 6 | loss: 0.3879973
	speed: 0.0072s/iter; left time: 707.7529s
	iters: 1000, epoch: 6 | loss: 0.4064090
	speed: 0.0072s/iter; left time: 707.2821s
Epoch: 6 cost time: 7.538122892379761
Epoch: 6, Steps: 1048 | Train Loss: 0.4072799 Vali Loss: 0.9672004
EarlyStopping counter: 2 out of 6
Updating learning rate to 1.5625e-05
	iters: 100, epoch: 7 | loss: 0.3774747
	speed: 0.0215s/iter; left time: 2113.3188s
	iters: 200, epoch: 7 | loss: 0.3431984
	speed: 0.0071s/iter; left time: 695.6601s
	iters: 300, epoch: 7 | loss: 0.4263501
	speed: 0.0074s/iter; left time: 723.7862s
	iters: 400, epoch: 7 | loss: 0.3668046
	speed: 0.0068s/iter; left time: 664.8033s
	iters: 500, epoch: 7 | loss: 0.4285126
	speed: 0.0070s/iter; left time: 685.0329s
	iters: 600, epoch: 7 | loss: 0.3978771
	speed: 0.0070s/iter; left time: 685.6579s
	iters: 700, epoch: 7 | loss: 0.3753532
	speed: 0.0072s/iter; left time: 708.3221s
	iters: 800, epoch: 7 | loss: 0.3471969
	speed: 0.0070s/iter; left time: 686.3755s
	iters: 900, epoch: 7 | loss: 0.3557311
	speed: 0.0074s/iter; left time: 717.8253s
	iters: 1000, epoch: 7 | loss: 0.5038483
	speed: 0.0071s/iter; left time: 689.1789s
Epoch: 7 cost time: 7.428457736968994
Epoch: 7, Steps: 1048 | Train Loss: 0.4053697 Vali Loss: 0.9706044
EarlyStopping counter: 3 out of 6
Updating learning rate to 7.8125e-06
	iters: 100, epoch: 8 | loss: 0.4405718
	speed: 0.0214s/iter; left time: 2082.8167s
	iters: 200, epoch: 8 | loss: 0.4007629
	speed: 0.0071s/iter; left time: 692.5348s
	iters: 300, epoch: 8 | loss: 0.3781120
	speed: 0.0074s/iter; left time: 714.7948s
	iters: 400, epoch: 8 | loss: 0.3563524
	speed: 0.0070s/iter; left time: 683.3533s
	iters: 500, epoch: 8 | loss: 0.3662947
	speed: 0.0070s/iter; left time: 681.5022s
	iters: 600, epoch: 8 | loss: 0.4116981
	speed: 0.0072s/iter; left time: 697.5483s
	iters: 700, epoch: 8 | loss: 0.4104404
	speed: 0.0070s/iter; left time: 676.9377s
	iters: 800, epoch: 8 | loss: 0.4289038
	speed: 0.0072s/iter; left time: 693.1865s
	iters: 900, epoch: 8 | loss: 0.4339757
	speed: 0.0073s/iter; left time: 707.8346s
	iters: 1000, epoch: 8 | loss: 0.4353574
	speed: 0.0071s/iter; left time: 686.5154s
Epoch: 8 cost time: 7.488914489746094
Epoch: 8, Steps: 1048 | Train Loss: 0.4044957 Vali Loss: 0.9708082
EarlyStopping counter: 4 out of 6
Updating learning rate to 3.90625e-06
	iters: 100, epoch: 9 | loss: 0.4389259
	speed: 0.0217s/iter; left time: 2093.2567s
	iters: 200, epoch: 9 | loss: 0.4335378
	speed: 0.0069s/iter; left time: 665.4933s
	iters: 300, epoch: 9 | loss: 0.3983902
	speed: 0.0072s/iter; left time: 693.3299s
	iters: 400, epoch: 9 | loss: 0.4411247
	speed: 0.0069s/iter; left time: 665.1719s
	iters: 500, epoch: 9 | loss: 0.4506562
	speed: 0.0073s/iter; left time: 695.8407s
	iters: 600, epoch: 9 | loss: 0.4435891
	speed: 0.0072s/iter; left time: 688.4179s
	iters: 700, epoch: 9 | loss: 0.3979941
	speed: 0.0074s/iter; left time: 704.0167s
	iters: 800, epoch: 9 | loss: 0.2955036
	speed: 0.0076s/iter; left time: 722.7027s
	iters: 900, epoch: 9 | loss: 0.3200957
	speed: 0.0074s/iter; left time: 710.1249s
	iters: 1000, epoch: 9 | loss: 0.4475765
	speed: 0.0071s/iter; left time: 677.0722s
Epoch: 9 cost time: 7.539379596710205
Epoch: 9, Steps: 1048 | Train Loss: 0.4041853 Vali Loss: 0.9708974
EarlyStopping counter: 5 out of 6
Updating learning rate to 1.953125e-06
	iters: 100, epoch: 10 | loss: 0.4423562
	speed: 0.0222s/iter; left time: 2114.0869s
	iters: 200, epoch: 10 | loss: 0.3990141
	speed: 0.0073s/iter; left time: 690.1369s
	iters: 300, epoch: 10 | loss: 0.4180444
	speed: 0.0071s/iter; left time: 678.1244s
	iters: 400, epoch: 10 | loss: 0.3882827
	speed: 0.0071s/iter; left time: 672.2079s
	iters: 500, epoch: 10 | loss: 0.4033816
	speed: 0.0071s/iter; left time: 677.1387s
	iters: 600, epoch: 10 | loss: 0.3228483
	speed: 0.0070s/iter; left time: 661.0260s
	iters: 700, epoch: 10 | loss: 0.3546654
	speed: 0.0071s/iter; left time: 675.9366s
	iters: 800, epoch: 10 | loss: 0.4079658
	speed: 0.0073s/iter; left time: 689.2277s
	iters: 900, epoch: 10 | loss: 0.4242570
	speed: 0.0072s/iter; left time: 683.5711s
	iters: 1000, epoch: 10 | loss: 0.4958977
	speed: 0.0071s/iter; left time: 668.1203s
Epoch: 10 cost time: 7.527492046356201
Epoch: 10, Steps: 1048 | Train Loss: 0.4037669 Vali Loss: 0.9710863
EarlyStopping counter: 6 out of 6
Early stopping
VALIDATION_RESULT {"best_epoch": 4, "best_mae": 0.6562956964969302, "best_mse": 0.9629384481653025, "epochs_ran": 10, "metric_version": "element_weighted_v1"}
>>>>>>>test skipped (validation-only run)<<<<<<<<<<<<<<<<<<<<<<<<
Using GPU
Args in experiment:
[1mBasic Config[0m
  Task Name:          long_term_forecast  Is Training:        0                   
  Model ID:           ETTm1_96_720_table2_ettm1_p720_no_patch_s2022Model:              GraphMambaRecent    

[1mData Loader[0m
  Data:               ETTm1               Root Path:          /home/cwh/Time-Series-Library/dataset/ETT-small
  Data Path:          ETTm1.csv           Features:           M                   
  Target:             OT                  Freq:               h                   
  Checkpoints:        /home/cwh/Time-Series-Library/logs/timerole_p0/recent_backbone/seed2022/checkpoints

[1mForecasting Task[0m
  Seq Len:            336                 Label Len:          48                  
  Pred Len:           720                 Seasonal Patterns:  Monthly             
  Inverse:            0                   

[1mModel Parameters[0m
  Top k:              5                   Num Kernels:        6                   
  Enc In:             7                   Dec In:             7                   
  C Out:              7                   d model:            64                  
  n heads:            8                   e layers:           1                   
  d layers:           1                   d FF:               128                 
  Moving Avg:         25                  Factor:             1                   
  Distil:             1                   Dropout:            0.1                 
  Embed:              timeF               Activation:         gelu                

[1mRun Parameters[0m
  Num Workers:        0                   Itr:                1                   
  Train Epochs:       100                 Batch Size:         32                  
  Patience:           6                   Learning Rate:      0.0005              
  Des:                table2_ettm1_p720_no_patch_s2022Loss:               MSE                 
  Lradj:              type1               Use Amp:            0                   

[1mGPU[0m
  Use GPU:            1                   GPU:                0                   
  Use Multi GPU:      0                   Devices:            0,1,2,3             

[1mDe-stationary Projector Params[0m
  P Hidden Dims:      128, 128            P Hidden Layers:    2                   

Use GPU: cuda:0
🚀 Lazy Loading: GraphMambaRecent ...
[GraphMamba] Building 7x7 static graph from 2000 training samples
>>>>>>>evaluating validation checkpoint : long_term_forecast_ETTm1_96_720_table2_ettm1_p720_no_patch_s2022_GraphMambaRecent_ETTm1_ftM_sl336_ll48_pl720_dm64_nh8_el1_dl1_df128_expand2_dc2_fc1_ebtimeF_dtTrue_table2_ettm1_p720_no_patch_s2022_0<<<<<<<<<<<<<<<<<<<<<<<<<<<<<<<<<
val 10801
EVALUATION_RESULT {"batches": 338, "elapsed_seconds": 1.253897731890902, "elements": 54437040, "mae": 0.6562956959228725, "metric_version": "element_weighted_v1", "milliseconds_per_batch": 3.7097566032275204, "mse": 0.9629384498874756, "parameter_count": 4597222, "peak_cuda_memory_bytes": 139964416, "split": "val", "timerole_intervention": "intact"}
=== w/o Patch | ETTm2-96 ===
Using GPU
Args in experiment:
[1mBasic Config[0m
  Task Name:          long_term_forecast  Is Training:        1                   
  Model ID:           ETTm2_96_96_table2_ettm2_p96_no_patch_s2022Model:              GraphMambaRecent    

[1mData Loader[0m
  Data:               ETTm2               Root Path:          /home/cwh/Time-Series-Library/dataset/ETT-small
  Data Path:          ETTm2.csv           Features:           M                   
  Target:             OT                  Freq:               h                   
  Checkpoints:        /home/cwh/Time-Series-Library/logs/timerole_p0/recent_backbone/seed2022/checkpoints

[1mForecasting Task[0m
  Seq Len:            336                 Label Len:          48                  
  Pred Len:           96                  Seasonal Patterns:  Monthly             
  Inverse:            0                   

[1mModel Parameters[0m
  Top k:              5                   Num Kernels:        6                   
  Enc In:             7                   Dec In:             7                   
  C Out:              7                   d model:            64                  
  n heads:            8                   e layers:           1                   
  d layers:           1                   d FF:               128                 
  Moving Avg:         25                  Factor:             1                   
  Distil:             1                   Dropout:            0.1                 
  Embed:              timeF               Activation:         gelu                

[1mRun Parameters[0m
  Num Workers:        0                   Itr:                1                   
  Train Epochs:       100                 Batch Size:         32                  
  Patience:           6                   Learning Rate:      0.0005              
  Des:                table2_ettm2_p96_no_patch_s2022Loss:               MSE                 
  Lradj:              type1               Use Amp:            0                   

[1mGPU[0m
  Use GPU:            1                   GPU:                0                   
  Use Multi GPU:      0                   Devices:            0,1,2,3             

[1mDe-stationary Projector Params[0m
  P Hidden Dims:      128, 128            P Hidden Layers:    2                   

Use GPU: cuda:0
🚀 Lazy Loading: GraphMambaRecent ...
[GraphMamba] Building 7x7 static graph from 2000 training samples
>>>>>>>start training : long_term_forecast_ETTm2_96_96_table2_ettm2_p96_no_patch_s2022_GraphMambaRecent_ETTm2_ftM_sl336_ll48_pl96_dm64_nh8_el1_dl1_df128_expand2_dc2_fc1_ebtimeF_dtTrue_table2_ettm2_p96_no_patch_s2022_0>>>>>>>>>>>>>>>>>>>>>>>>>>
train 34129
val 11425
	iters: 100, epoch: 1 | loss: 0.2627220
	speed: 0.0094s/iter; left time: 1004.3852s
	iters: 200, epoch: 1 | loss: 0.1734017
	speed: 0.0070s/iter; left time: 749.3534s
	iters: 300, epoch: 1 | loss: 0.3408117
	speed: 0.0072s/iter; left time: 766.8100s
	iters: 400, epoch: 1 | loss: 0.2601128
	speed: 0.0070s/iter; left time: 739.1198s
	iters: 500, epoch: 1 | loss: 0.1292829
	speed: 0.0067s/iter; left time: 716.4992s
	iters: 600, epoch: 1 | loss: 0.4074241
	speed: 0.0075s/iter; left time: 791.6759s
	iters: 700, epoch: 1 | loss: 0.1997288
	speed: 0.0071s/iter; left time: 756.9861s
	iters: 800, epoch: 1 | loss: 0.4364927
	speed: 0.0067s/iter; left time: 710.3564s
	iters: 900, epoch: 1 | loss: 0.1584527
	speed: 0.0071s/iter; left time: 749.5909s
	iters: 1000, epoch: 1 | loss: 0.1936911
	speed: 0.0068s/iter; left time: 717.8818s
Epoch: 1 cost time: 7.740265369415283
Epoch: 1, Steps: 1067 | Train Loss: 0.2461885 Vali Loss: 0.1341119
Validation loss decreased (inf --> 0.134112).  Saving model ...
Updating learning rate to 0.0005
	iters: 100, epoch: 2 | loss: 0.2231700
	speed: 0.0230s/iter; left time: 2425.6787s
	iters: 200, epoch: 2 | loss: 0.1596579
	speed: 0.0070s/iter; left time: 742.6586s
	iters: 300, epoch: 2 | loss: 0.1889126
	speed: 0.0069s/iter; left time: 727.0533s
	iters: 400, epoch: 2 | loss: 0.2321634
	speed: 0.0068s/iter; left time: 719.9534s
	iters: 500, epoch: 2 | loss: 0.4238757
	speed: 0.0067s/iter; left time: 705.4100s
	iters: 600, epoch: 2 | loss: 0.2507975
	speed: 0.0070s/iter; left time: 731.8060s
	iters: 700, epoch: 2 | loss: 0.2593185
	speed: 0.0067s/iter; left time: 706.8949s
	iters: 800, epoch: 2 | loss: 0.3314415
	speed: 0.0066s/iter; left time: 693.8156s
	iters: 900, epoch: 2 | loss: 0.1651761
	speed: 0.0067s/iter; left time: 706.7182s
	iters: 1000, epoch: 2 | loss: 0.1325580
	speed: 0.0066s/iter; left time: 687.7061s
Epoch: 2 cost time: 7.269253969192505
Epoch: 2, Steps: 1067 | Train Loss: 0.2212865 Vali Loss: 0.1348961
EarlyStopping counter: 1 out of 6
Updating learning rate to 0.00025
	iters: 100, epoch: 3 | loss: 0.1403301
	speed: 0.0222s/iter; left time: 2323.9065s
	iters: 200, epoch: 3 | loss: 0.1942909
	speed: 0.0070s/iter; left time: 728.9076s
	iters: 300, epoch: 3 | loss: 0.1680703
	speed: 0.0071s/iter; left time: 740.6995s
	iters: 400, epoch: 3 | loss: 0.1822508
	speed: 0.0069s/iter; left time: 718.1615s
	iters: 500, epoch: 3 | loss: 0.1732084
	speed: 0.0069s/iter; left time: 714.1784s
	iters: 600, epoch: 3 | loss: 0.1232758
	speed: 0.0072s/iter; left time: 747.3307s
	iters: 700, epoch: 3 | loss: 0.2344764
	speed: 0.0070s/iter; left time: 731.8519s
	iters: 800, epoch: 3 | loss: 0.1607191
	speed: 0.0072s/iter; left time: 748.8038s
	iters: 900, epoch: 3 | loss: 0.1695524
	speed: 0.0068s/iter; left time: 704.0518s
	iters: 1000, epoch: 3 | loss: 0.1832294
	speed: 0.0067s/iter; left time: 690.0606s
Epoch: 3 cost time: 7.434702634811401
Epoch: 3, Steps: 1067 | Train Loss: 0.2096206 Vali Loss: 0.1326469
Validation loss decreased (0.134112 --> 0.132647).  Saving model ...
Updating learning rate to 0.000125
	iters: 100, epoch: 4 | loss: 0.2370171
	speed: 0.0231s/iter; left time: 2387.9855s
	iters: 200, epoch: 4 | loss: 0.1542398
	speed: 0.0073s/iter; left time: 755.5808s
	iters: 300, epoch: 4 | loss: 0.1790759
	speed: 0.0070s/iter; left time: 720.7154s
	iters: 400, epoch: 4 | loss: 0.2614770
	speed: 0.0068s/iter; left time: 702.8197s
	iters: 500, epoch: 4 | loss: 0.1544032
	speed: 0.0070s/iter; left time: 724.5910s
	iters: 600, epoch: 4 | loss: 0.1510473
	speed: 0.0071s/iter; left time: 731.5213s
	iters: 700, epoch: 4 | loss: 0.2316312
	speed: 0.0070s/iter; left time: 723.7397s
	iters: 800, epoch: 4 | loss: 0.2407071
	speed: 0.0072s/iter; left time: 742.4498s
	iters: 900, epoch: 4 | loss: 0.1286043
	speed: 0.0070s/iter; left time: 714.4398s
	iters: 1000, epoch: 4 | loss: 0.1030685
	speed: 0.0073s/iter; left time: 747.1977s
Epoch: 4 cost time: 7.543137550354004
Epoch: 4, Steps: 1067 | Train Loss: 0.2014260 Vali Loss: 0.1369057
EarlyStopping counter: 1 out of 6
Updating learning rate to 6.25e-05
	iters: 100, epoch: 5 | loss: 0.1779833
	speed: 0.0227s/iter; left time: 2326.3085s
	iters: 200, epoch: 5 | loss: 0.1594513
	speed: 0.0068s/iter; left time: 700.1205s
	iters: 300, epoch: 5 | loss: 0.2553537
	speed: 0.0069s/iter; left time: 704.9364s
	iters: 400, epoch: 5 | loss: 0.1274667
	speed: 0.0072s/iter; left time: 730.0248s
	iters: 500, epoch: 5 | loss: 0.2452531
	speed: 0.0073s/iter; left time: 743.4550s
	iters: 600, epoch: 5 | loss: 0.2112573
	speed: 0.0072s/iter; left time: 735.5240s
	iters: 700, epoch: 5 | loss: 0.2022349
	speed: 0.0071s/iter; left time: 725.0282s
	iters: 800, epoch: 5 | loss: 0.2338524
	speed: 0.0071s/iter; left time: 724.9307s
	iters: 900, epoch: 5 | loss: 0.1573266
	speed: 0.0069s/iter; left time: 699.7852s
	iters: 1000, epoch: 5 | loss: 0.1471400
	speed: 0.0072s/iter; left time: 728.0906s
Epoch: 5 cost time: 7.559812545776367
Epoch: 5, Steps: 1067 | Train Loss: 0.1968736 Vali Loss: 0.1381040
EarlyStopping counter: 2 out of 6
Updating learning rate to 3.125e-05
	iters: 100, epoch: 6 | loss: 0.1935818
	speed: 0.0221s/iter; left time: 2241.7559s
	iters: 200, epoch: 6 | loss: 0.1372212
	speed: 0.0068s/iter; left time: 689.4069s
	iters: 300, epoch: 6 | loss: 0.1284791
	speed: 0.0066s/iter; left time: 665.5374s
	iters: 400, epoch: 6 | loss: 0.5348851
	speed: 0.0067s/iter; left time: 677.9181s
	iters: 500, epoch: 6 | loss: 0.1266998
	speed: 0.0068s/iter; left time: 686.9706s
	iters: 600, epoch: 6 | loss: 0.2407051
	speed: 0.0069s/iter; left time: 695.2706s
	iters: 700, epoch: 6 | loss: 0.1017278
	speed: 0.0069s/iter; left time: 690.6939s
	iters: 800, epoch: 6 | loss: 0.1324778
	speed: 0.0067s/iter; left time: 672.2889s
	iters: 900, epoch: 6 | loss: 0.3837010
	speed: 0.0068s/iter; left time: 678.6125s
	iters: 1000, epoch: 6 | loss: 0.1500887
	speed: 0.0067s/iter; left time: 676.7361s
Epoch: 6 cost time: 7.236801862716675
Epoch: 6, Steps: 1067 | Train Loss: 0.1941358 Vali Loss: 0.1365864
EarlyStopping counter: 3 out of 6
Updating learning rate to 1.5625e-05
	iters: 100, epoch: 7 | loss: 0.1002604
	speed: 0.0216s/iter; left time: 2168.5697s
	iters: 200, epoch: 7 | loss: 0.1207009
	speed: 0.0068s/iter; left time: 677.9626s
	iters: 300, epoch: 7 | loss: 0.4300273
	speed: 0.0069s/iter; left time: 685.9391s
	iters: 400, epoch: 7 | loss: 0.1912398
	speed: 0.0067s/iter; left time: 669.8495s
	iters: 500, epoch: 7 | loss: 0.1843323
	speed: 0.0067s/iter; left time: 669.8309s
	iters: 600, epoch: 7 | loss: 0.2204417
	speed: 0.0071s/iter; left time: 703.2896s
	iters: 700, epoch: 7 | loss: 0.1416107
	speed: 0.0069s/iter; left time: 691.5099s
	iters: 800, epoch: 7 | loss: 0.1364599
	speed: 0.0068s/iter; left time: 672.6198s
	iters: 900, epoch: 7 | loss: 0.2049416
	speed: 0.0067s/iter; left time: 669.2028s
	iters: 1000, epoch: 7 | loss: 0.1460680
	speed: 0.0068s/iter; left time: 678.8723s
Epoch: 7 cost time: 7.27866268157959
Epoch: 7, Steps: 1067 | Train Loss: 0.1927575 Vali Loss: 0.1381145
EarlyStopping counter: 4 out of 6
Updating learning rate to 7.8125e-06
	iters: 100, epoch: 8 | loss: 0.1433841
	speed: 0.0217s/iter; left time: 2153.6308s
	iters: 200, epoch: 8 | loss: 0.1549886
	speed: 0.0072s/iter; left time: 708.7955s
	iters: 300, epoch: 8 | loss: 0.2633931
	speed: 0.0067s/iter; left time: 664.5449s
	iters: 400, epoch: 8 | loss: 0.0957260
	speed: 0.0071s/iter; left time: 706.5670s
	iters: 500, epoch: 8 | loss: 0.1250750
	speed: 0.0069s/iter; left time: 676.5674s
	iters: 600, epoch: 8 | loss: 0.2110038
	speed: 0.0070s/iter; left time: 691.4169s
	iters: 700, epoch: 8 | loss: 0.1017107
	speed: 0.0068s/iter; left time: 673.5661s
	iters: 800, epoch: 8 | loss: 0.3687524
	speed: 0.0071s/iter; left time: 695.0218s
	iters: 900, epoch: 8 | loss: 0.0777209
	speed: 0.0071s/iter; left time: 698.7469s
	iters: 1000, epoch: 8 | loss: 0.2214509
	speed: 0.0071s/iter; left time: 699.9488s
Epoch: 8 cost time: 7.437169551849365
Epoch: 8, Steps: 1067 | Train Loss: 0.1921400 Vali Loss: 0.1372095
EarlyStopping counter: 5 out of 6
Updating learning rate to 3.90625e-06
	iters: 100, epoch: 9 | loss: 0.2490425
	speed: 0.0223s/iter; left time: 2185.2377s
	iters: 200, epoch: 9 | loss: 0.1293315
	speed: 0.0065s/iter; left time: 639.3472s
	iters: 300, epoch: 9 | loss: 0.1047457
	speed: 0.0067s/iter; left time: 658.4062s
	iters: 400, epoch: 9 | loss: 0.1165792
	speed: 0.0069s/iter; left time: 671.0006s
	iters: 500, epoch: 9 | loss: 0.1397721
	speed: 0.0067s/iter; left time: 651.2475s
	iters: 600, epoch: 9 | loss: 0.6865240
	speed: 0.0068s/iter; left time: 661.4842s
	iters: 700, epoch: 9 | loss: 0.2796645
	speed: 0.0067s/iter; left time: 650.8399s
	iters: 800, epoch: 9 | loss: 0.0974173
	speed: 0.0066s/iter; left time: 645.8687s
	iters: 900, epoch: 9 | loss: 0.1706652
	speed: 0.0066s/iter; left time: 644.1702s
	iters: 1000, epoch: 9 | loss: 0.3184862
	speed: 0.0072s/iter; left time: 701.4063s
Epoch: 9 cost time: 7.221068382263184
Epoch: 9, Steps: 1067 | Train Loss: 0.1916635 Vali Loss: 0.1378504
EarlyStopping counter: 6 out of 6
Early stopping
VALIDATION_RESULT {"best_epoch": 3, "best_mae": 0.24806945740362996, "best_mse": 0.13264692610398524, "epochs_ran": 9, "metric_version": "element_weighted_v1"}
>>>>>>>test skipped (validation-only run)<<<<<<<<<<<<<<<<<<<<<<<<
Using GPU
Args in experiment:
[1mBasic Config[0m
  Task Name:          long_term_forecast  Is Training:        0                   
  Model ID:           ETTm2_96_96_table2_ettm2_p96_no_patch_s2022Model:              GraphMambaRecent    

[1mData Loader[0m
  Data:               ETTm2               Root Path:          /home/cwh/Time-Series-Library/dataset/ETT-small
  Data Path:          ETTm2.csv           Features:           M                   
  Target:             OT                  Freq:               h                   
  Checkpoints:        /home/cwh/Time-Series-Library/logs/timerole_p0/recent_backbone/seed2022/checkpoints

[1mForecasting Task[0m
  Seq Len:            336                 Label Len:          48                  
  Pred Len:           96                  Seasonal Patterns:  Monthly             
  Inverse:            0                   

[1mModel Parameters[0m
  Top k:              5                   Num Kernels:        6                   
  Enc In:             7                   Dec In:             7                   
  C Out:              7                   d model:            64                  
  n heads:            8                   e layers:           1                   
  d layers:           1                   d FF:               128                 
  Moving Avg:         25                  Factor:             1                   
  Distil:             1                   Dropout:            0.1                 
  Embed:              timeF               Activation:         gelu                

[1mRun Parameters[0m
  Num Workers:        0                   Itr:                1                   
  Train Epochs:       100                 Batch Size:         32                  
  Patience:           6                   Learning Rate:      0.0005              
  Des:                table2_ettm2_p96_no_patch_s2022Loss:               MSE                 
  Lradj:              type1               Use Amp:            0                   

[1mGPU[0m
  Use GPU:            1                   GPU:                0                   
  Use Multi GPU:      0                   Devices:            0,1,2,3             

[1mDe-stationary Projector Params[0m
  P Hidden Dims:      128, 128            P Hidden Layers:    2                   

Use GPU: cuda:0
🚀 Lazy Loading: GraphMambaRecent ...
[GraphMamba] Building 7x7 static graph from 2000 training samples
>>>>>>>evaluating validation checkpoint : long_term_forecast_ETTm2_96_96_table2_ettm2_p96_no_patch_s2022_GraphMambaRecent_ETTm2_ftM_sl336_ll48_pl96_dm64_nh8_el1_dl1_df128_expand2_dc2_fc1_ebtimeF_dtTrue_table2_ettm2_p96_no_patch_s2022_0<<<<<<<<<<<<<<<<<<<<<<<<<<<<<<<<<
val 11425
EVALUATION_RESULT {"batches": 358, "elapsed_seconds": 1.209859224036336, "elements": 7677600, "mae": 0.24806945663448968, "metric_version": "element_weighted_v1", "milliseconds_per_batch": 3.3794950392076424, "mse": 0.13264692634247835, "parameter_count": 702214, "peak_cuda_memory_bytes": 120710144, "split": "val", "timerole_intervention": "intact"}
=== w/o Patch | ETTm2-720 ===
Using GPU
Args in experiment:
[1mBasic Config[0m
  Task Name:          long_term_forecast  Is Training:        1                   
  Model ID:           ETTm2_96_720_table2_ettm2_p720_no_patch_s2022Model:              GraphMambaRecent    

[1mData Loader[0m
  Data:               ETTm2               Root Path:          /home/cwh/Time-Series-Library/dataset/ETT-small
  Data Path:          ETTm2.csv           Features:           M                   
  Target:             OT                  Freq:               h                   
  Checkpoints:        /home/cwh/Time-Series-Library/logs/timerole_p0/recent_backbone/seed2022/checkpoints

[1mForecasting Task[0m
  Seq Len:            336                 Label Len:          48                  
  Pred Len:           720                 Seasonal Patterns:  Monthly             
  Inverse:            0                   

[1mModel Parameters[0m
  Top k:              5                   Num Kernels:        6                   
  Enc In:             7                   Dec In:             7                   
  C Out:              7                   d model:            64                  
  n heads:            8                   e layers:           1                   
  d layers:           1                   d FF:               128                 
  Moving Avg:         25                  Factor:             1                   
  Distil:             1                   Dropout:            0.1                 
  Embed:              timeF               Activation:         gelu                

[1mRun Parameters[0m
  Num Workers:        0                   Itr:                1                   
  Train Epochs:       100                 Batch Size:         32                  
  Patience:           6                   Learning Rate:      0.0005              
  Des:                table2_ettm2_p720_no_patch_s2022Loss:               MSE                 
  Lradj:              type1               Use Amp:            0                   

[1mGPU[0m
  Use GPU:            1                   GPU:                0                   
  Use Multi GPU:      0                   Devices:            0,1,2,3             

[1mDe-stationary Projector Params[0m
  P Hidden Dims:      128, 128            P Hidden Layers:    2                   

Use GPU: cuda:0
🚀 Lazy Loading: GraphMambaRecent ...
[GraphMamba] Building 7x7 static graph from 2000 training samples
>>>>>>>start training : long_term_forecast_ETTm2_96_720_table2_ettm2_p720_no_patch_s2022_GraphMambaRecent_ETTm2_ftM_sl336_ll48_pl720_dm64_nh8_el1_dl1_df128_expand2_dc2_fc1_ebtimeF_dtTrue_table2_ettm2_p720_no_patch_s2022_0>>>>>>>>>>>>>>>>>>>>>>>>>>
train 33505
val 10801
	iters: 100, epoch: 1 | loss: 0.6156914
	speed: 0.0098s/iter; left time: 1030.9880s
	iters: 200, epoch: 1 | loss: 0.4307044
	speed: 0.0073s/iter; left time: 766.4500s
	iters: 300, epoch: 1 | loss: 0.5784919
	speed: 0.0074s/iter; left time: 771.9386s
	iters: 400, epoch: 1 | loss: 0.3145197
	speed: 0.0073s/iter; left time: 762.4646s
	iters: 500, epoch: 1 | loss: 0.9501318
	speed: 0.0070s/iter; left time: 734.8801s
	iters: 600, epoch: 1 | loss: 0.5036448
	speed: 0.0073s/iter; left time: 760.7309s
	iters: 700, epoch: 1 | loss: 0.3305998
	speed: 0.0072s/iter; left time: 747.7261s
	iters: 800, epoch: 1 | loss: 0.6650822
	speed: 0.0071s/iter; left time: 738.3794s
	iters: 900, epoch: 1 | loss: 1.1045408
	speed: 0.0074s/iter; left time: 763.8107s
	iters: 1000, epoch: 1 | loss: 0.3562773
	speed: 0.0073s/iter; left time: 760.3399s
Epoch: 1 cost time: 7.866410493850708
Epoch: 1, Steps: 1048 | Train Loss: 0.5900953 Vali Loss: 0.2933624
Validation loss decreased (inf --> 0.293362).  Saving model ...
Updating learning rate to 0.0005
	iters: 100, epoch: 2 | loss: 0.4303387
	speed: 0.0224s/iter; left time: 2324.3099s
	iters: 200, epoch: 2 | loss: 0.5288990
	speed: 0.0070s/iter; left time: 728.2189s
	iters: 300, epoch: 2 | loss: 0.4193685
	speed: 0.0072s/iter; left time: 746.5453s
	iters: 400, epoch: 2 | loss: 0.7629535
	speed: 0.0073s/iter; left time: 751.3869s
	iters: 500, epoch: 2 | loss: 0.3918510
	speed: 0.0071s/iter; left time: 735.0987s
	iters: 600, epoch: 2 | loss: 0.8585122
	speed: 0.0073s/iter; left time: 755.5070s
	iters: 700, epoch: 2 | loss: 0.2707151
	speed: 0.0073s/iter; left time: 756.0134s
	iters: 800, epoch: 2 | loss: 0.9806722
	speed: 0.0076s/iter; left time: 783.9902s
	iters: 900, epoch: 2 | loss: 0.4151534
	speed: 0.0072s/iter; left time: 742.5755s
	iters: 1000, epoch: 2 | loss: 0.2845274
	speed: 0.0073s/iter; left time: 751.6320s
Epoch: 2 cost time: 7.623225450515747
Epoch: 2, Steps: 1048 | Train Loss: 0.5566389 Vali Loss: 0.2976467
EarlyStopping counter: 1 out of 6
Updating learning rate to 0.00025
	iters: 100, epoch: 3 | loss: 0.3998550
	speed: 0.0222s/iter; left time: 2272.9969s
	iters: 200, epoch: 3 | loss: 0.7247769
	speed: 0.0071s/iter; left time: 725.7014s
	iters: 300, epoch: 3 | loss: 0.6376411
	speed: 0.0071s/iter; left time: 730.1011s
	iters: 400, epoch: 3 | loss: 0.3634946
	speed: 0.0071s/iter; left time: 730.9950s
	iters: 500, epoch: 3 | loss: 0.4173878
	speed: 0.0071s/iter; left time: 724.1253s
	iters: 600, epoch: 3 | loss: 0.4008758
	speed: 0.0073s/iter; left time: 746.6056s
	iters: 700, epoch: 3 | loss: 0.3406824
	speed: 0.0071s/iter; left time: 722.8710s
	iters: 800, epoch: 3 | loss: 0.3486658
	speed: 0.0073s/iter; left time: 747.1831s
	iters: 900, epoch: 3 | loss: 0.3540552
	speed: 0.0072s/iter; left time: 737.0590s
	iters: 1000, epoch: 3 | loss: 0.7076868
	speed: 0.0075s/iter; left time: 758.2266s
Epoch: 3 cost time: 7.5622618198394775
Epoch: 3, Steps: 1048 | Train Loss: 0.5359863 Vali Loss: 0.2910325
Validation loss decreased (0.293362 --> 0.291032).  Saving model ...
Updating learning rate to 0.000125
	iters: 100, epoch: 4 | loss: 0.5998327
	speed: 0.0230s/iter; left time: 2339.6446s
	iters: 200, epoch: 4 | loss: 0.3757797
	speed: 0.0075s/iter; left time: 765.5590s
	iters: 300, epoch: 4 | loss: 0.6681401
	speed: 0.0074s/iter; left time: 745.5606s
	iters: 400, epoch: 4 | loss: 0.6708830
	speed: 0.0072s/iter; left time: 726.5259s
	iters: 500, epoch: 4 | loss: 0.2996191
	speed: 0.0071s/iter; left time: 714.0971s
	iters: 600, epoch: 4 | loss: 0.7612032
	speed: 0.0071s/iter; left time: 719.8127s
	iters: 700, epoch: 4 | loss: 0.8083196
	speed: 0.0071s/iter; left time: 713.8190s
	iters: 800, epoch: 4 | loss: 0.3509337
	speed: 0.0073s/iter; left time: 737.1405s
	iters: 900, epoch: 4 | loss: 0.6324774
	speed: 0.0071s/iter; left time: 715.7802s
	iters: 1000, epoch: 4 | loss: 0.4750098
	speed: 0.0072s/iter; left time: 720.7450s
Epoch: 4 cost time: 7.6039347648620605
Epoch: 4, Steps: 1048 | Train Loss: 0.5190853 Vali Loss: 0.2938465
EarlyStopping counter: 1 out of 6
Updating learning rate to 6.25e-05
	iters: 100, epoch: 5 | loss: 0.5813467
	speed: 0.0220s/iter; left time: 2214.4731s
	iters: 200, epoch: 5 | loss: 0.5705601
	speed: 0.0074s/iter; left time: 741.3556s
	iters: 300, epoch: 5 | loss: 0.5566778
	speed: 0.0072s/iter; left time: 724.3473s
	iters: 400, epoch: 5 | loss: 0.4222460
	speed: 0.0071s/iter; left time: 709.7867s
	iters: 500, epoch: 5 | loss: 0.5401011
	speed: 0.0071s/iter; left time: 708.9111s
	iters: 600, epoch: 5 | loss: 0.5736503
	speed: 0.0072s/iter; left time: 720.4437s
	iters: 700, epoch: 5 | loss: 0.2741809
	speed: 0.0072s/iter; left time: 715.9512s
	iters: 800, epoch: 5 | loss: 0.6074792
	speed: 0.0073s/iter; left time: 730.0216s
	iters: 900, epoch: 5 | loss: 0.3763506
	speed: 0.0074s/iter; left time: 740.9934s
	iters: 1000, epoch: 5 | loss: 0.6793386
	speed: 0.0072s/iter; left time: 716.7571s
Epoch: 5 cost time: 7.565914630889893
Epoch: 5, Steps: 1048 | Train Loss: 0.5087367 Vali Loss: 0.2944876
EarlyStopping counter: 2 out of 6
Updating learning rate to 3.125e-05
	iters: 100, epoch: 6 | loss: 0.3240530
	speed: 0.0219s/iter; left time: 2176.0468s
	iters: 200, epoch: 6 | loss: 0.4168482
	speed: 0.0073s/iter; left time: 722.3886s
	iters: 300, epoch: 6 | loss: 0.6927719
	speed: 0.0073s/iter; left time: 727.2519s
	iters: 400, epoch: 6 | loss: 0.2567644
	speed: 0.0073s/iter; left time: 727.1086s
	iters: 500, epoch: 6 | loss: 0.4255680
	speed: 0.0073s/iter; left time: 725.9514s
	iters: 600, epoch: 6 | loss: 0.3969361
	speed: 0.0070s/iter; left time: 697.6169s
	iters: 700, epoch: 6 | loss: 0.3129982
	speed: 0.0071s/iter; left time: 706.2135s
	iters: 800, epoch: 6 | loss: 0.5437923
	speed: 0.0072s/iter; left time: 711.4256s
	iters: 900, epoch: 6 | loss: 0.3412348
	speed: 0.0073s/iter; left time: 720.9035s
	iters: 1000, epoch: 6 | loss: 0.3532897
	speed: 0.0070s/iter; left time: 690.8874s
Epoch: 6 cost time: 7.566630601882935
Epoch: 6, Steps: 1048 | Train Loss: 0.5024224 Vali Loss: 0.3001395
EarlyStopping counter: 3 out of 6
Updating learning rate to 1.5625e-05
	iters: 100, epoch: 7 | loss: 0.3238929
	speed: 0.0218s/iter; left time: 2145.4295s
	iters: 200, epoch: 7 | loss: 0.3315050
	speed: 0.0072s/iter; left time: 703.0726s
	iters: 300, epoch: 7 | loss: 0.2495203
	speed: 0.0071s/iter; left time: 696.6686s
	iters: 400, epoch: 7 | loss: 0.9494765
	speed: 0.0072s/iter; left time: 709.6380s
	iters: 500, epoch: 7 | loss: 0.2727447
	speed: 0.0073s/iter; left time: 711.9002s
	iters: 600, epoch: 7 | loss: 0.5704452
	speed: 0.0074s/iter; left time: 727.7051s
	iters: 700, epoch: 7 | loss: 0.3936270
	speed: 0.0071s/iter; left time: 694.5579s
	iters: 800, epoch: 7 | loss: 0.4309434
	speed: 0.0074s/iter; left time: 726.6637s
	iters: 900, epoch: 7 | loss: 0.4545926
	speed: 0.0073s/iter; left time: 713.4791s
	iters: 1000, epoch: 7 | loss: 0.4905258
	speed: 0.0074s/iter; left time: 721.1066s
Epoch: 7 cost time: 7.610761880874634
Epoch: 7, Steps: 1048 | Train Loss: 0.4989603 Vali Loss: 0.2997368
EarlyStopping counter: 4 out of 6
Updating learning rate to 7.8125e-06
	iters: 100, epoch: 8 | loss: 0.7116663
	speed: 0.0221s/iter; left time: 2154.1097s
	iters: 200, epoch: 8 | loss: 0.4803424
	speed: 0.0071s/iter; left time: 690.2975s
	iters: 300, epoch: 8 | loss: 0.8366234
	speed: 0.0073s/iter; left time: 707.6572s
	iters: 400, epoch: 8 | loss: 0.7510557
	speed: 0.0077s/iter; left time: 743.6859s
	iters: 500, epoch: 8 | loss: 0.2526536
	speed: 0.0073s/iter; left time: 712.0865s
	iters: 600, epoch: 8 | loss: 0.9902015
	speed: 0.0070s/iter; left time: 677.8701s
	iters: 700, epoch: 8 | loss: 0.7511632
	speed: 0.0071s/iter; left time: 682.4649s
	iters: 800, epoch: 8 | loss: 0.6213471
	speed: 0.0072s/iter; left time: 695.1365s
	iters: 900, epoch: 8 | loss: 0.3376273
	speed: 0.0074s/iter; left time: 710.1800s
	iters: 1000, epoch: 8 | loss: 0.5008248
	speed: 0.0071s/iter; left time: 683.0066s
Epoch: 8 cost time: 7.591099739074707
Epoch: 8, Steps: 1048 | Train Loss: 0.5003029 Vali Loss: 0.2994084
EarlyStopping counter: 5 out of 6
Updating learning rate to 3.90625e-06
	iters: 100, epoch: 9 | loss: 0.7309219
	speed: 0.0222s/iter; left time: 2137.8762s
	iters: 200, epoch: 9 | loss: 0.4726910
	speed: 0.0070s/iter; left time: 670.8103s
	iters: 300, epoch: 9 | loss: 0.2727038
	speed: 0.0072s/iter; left time: 692.0605s
	iters: 400, epoch: 9 | loss: 0.9441991
	speed: 0.0072s/iter; left time: 691.0981s
	iters: 500, epoch: 9 | loss: 0.5553974
	speed: 0.0073s/iter; left time: 698.8618s
	iters: 600, epoch: 9 | loss: 0.4316202
	speed: 0.0077s/iter; left time: 733.2811s
	iters: 700, epoch: 9 | loss: 0.5438355
	speed: 0.0075s/iter; left time: 714.4994s
	iters: 800, epoch: 9 | loss: 0.4166079
	speed: 0.0072s/iter; left time: 688.6225s
	iters: 900, epoch: 9 | loss: 0.4842888
	speed: 0.0072s/iter; left time: 689.1469s
	iters: 1000, epoch: 9 | loss: 0.7089217
	speed: 0.0074s/iter; left time: 704.9388s
Epoch: 9 cost time: 7.616040945053101
Epoch: 9, Steps: 1048 | Train Loss: 0.4967544 Vali Loss: 0.3032262
EarlyStopping counter: 6 out of 6
Early stopping
VALIDATION_RESULT {"best_epoch": 3, "best_mae": 0.37321322313355026, "best_mse": 0.29103246526859283, "epochs_ran": 9, "metric_version": "element_weighted_v1"}
>>>>>>>test skipped (validation-only run)<<<<<<<<<<<<<<<<<<<<<<<<
Using GPU
Args in experiment:
[1mBasic Config[0m
  Task Name:          long_term_forecast  Is Training:        0                   
  Model ID:           ETTm2_96_720_table2_ettm2_p720_no_patch_s2022Model:              GraphMambaRecent    

[1mData Loader[0m
  Data:               ETTm2               Root Path:          /home/cwh/Time-Series-Library/dataset/ETT-small
  Data Path:          ETTm2.csv           Features:           M                   
  Target:             OT                  Freq:               h                   
  Checkpoints:        /home/cwh/Time-Series-Library/logs/timerole_p0/recent_backbone/seed2022/checkpoints

[1mForecasting Task[0m
  Seq Len:            336                 Label Len:          48                  
  Pred Len:           720                 Seasonal Patterns:  Monthly             
  Inverse:            0                   

[1mModel Parameters[0m
  Top k:              5                   Num Kernels:        6                   
  Enc In:             7                   Dec In:             7                   
  C Out:              7                   d model:            64                  
  n heads:            8                   e layers:           1                   
  d layers:           1                   d FF:               128                 
  Moving Avg:         25                  Factor:             1                   
  Distil:             1                   Dropout:            0.1                 
  Embed:              timeF               Activation:         gelu                

[1mRun Parameters[0m
  Num Workers:        0                   Itr:                1                   
  Train Epochs:       100                 Batch Size:         32                  
  Patience:           6                   Learning Rate:      0.0005              
  Des:                table2_ettm2_p720_no_patch_s2022Loss:               MSE                 
  Lradj:              type1               Use Amp:            0                   

[1mGPU[0m
  Use GPU:            1                   GPU:                0                   
  Use Multi GPU:      0                   Devices:            0,1,2,3             

[1mDe-stationary Projector Params[0m
  P Hidden Dims:      128, 128            P Hidden Layers:    2                   

Use GPU: cuda:0
🚀 Lazy Loading: GraphMambaRecent ...
[GraphMamba] Building 7x7 static graph from 2000 training samples
>>>>>>>evaluating validation checkpoint : long_term_forecast_ETTm2_96_720_table2_ettm2_p720_no_patch_s2022_GraphMambaRecent_ETTm2_ftM_sl336_ll48_pl720_dm64_nh8_el1_dl1_df128_expand2_dc2_fc1_ebtimeF_dtTrue_table2_ettm2_p720_no_patch_s2022_0<<<<<<<<<<<<<<<<<<<<<<<<<<<<<<<<<
val 10801
EVALUATION_RESULT {"batches": 338, "elapsed_seconds": 1.287157807033509, "elements": 54437040, "mae": 0.3732132222007065, "metric_version": "element_weighted_v1", "milliseconds_per_batch": 3.808159192406831, "mse": 0.29103246498156404, "parameter_count": 4597222, "peak_cuda_memory_bytes": 139964416, "split": "val", "timerole_intervention": "intact"}
=== Uni-Mamba | ETTm1-96 ===
Using GPU
Args in experiment:
[1mBasic Config[0m
  Task Name:          long_term_forecast  Is Training:        1                   
  Model ID:           ETTm1_96_96_table2_ettm1_p96_uni_mamba_s2022Model:              GraphMambaRecent    

[1mData Loader[0m
  Data:               ETTm1               Root Path:          /home/cwh/Time-Series-Library/dataset/ETT-small
  Data Path:          ETTm1.csv           Features:           M                   
  Target:             OT                  Freq:               h                   
  Checkpoints:        /home/cwh/Time-Series-Library/logs/timerole_p0/recent_backbone/seed2022/checkpoints

[1mForecasting Task[0m
  Seq Len:            336                 Label Len:          48                  
  Pred Len:           96                  Seasonal Patterns:  Monthly             
  Inverse:            0                   

[1mModel Parameters[0m
  Top k:              5                   Num Kernels:        6                   
  Enc In:             7                   Dec In:             7                   
  C Out:              7                   d model:            64                  
  n heads:            8                   e layers:           1                   
  d layers:           1                   d FF:               128                 
  Moving Avg:         25                  Factor:             1                   
  Distil:             1                   Dropout:            0.1                 
  Embed:              timeF               Activation:         gelu                

[1mRun Parameters[0m
  Num Workers:        0                   Itr:                1                   
  Train Epochs:       100                 Batch Size:         32                  
  Patience:           6                   Learning Rate:      0.0005              
  Des:                table2_ettm1_p96_uni_mamba_s2022Loss:               MSE                 
  Lradj:              type1               Use Amp:            0                   

[1mGPU[0m
  Use GPU:            1                   GPU:                0                   
  Use Multi GPU:      0                   Devices:            0,1,2,3             

[1mDe-stationary Projector Params[0m
  P Hidden Dims:      128, 128            P Hidden Layers:    2                   

Use GPU: cuda:0
🚀 Lazy Loading: GraphMambaRecent ...
[GraphMamba] Building 7x7 static graph from 2000 training samples
>>>>>>>start training : long_term_forecast_ETTm1_96_96_table2_ettm1_p96_uni_mamba_s2022_GraphMambaRecent_ETTm1_ftM_sl336_ll48_pl96_dm64_nh8_el1_dl1_df128_expand2_dc2_fc1_ebtimeF_dtTrue_table2_ettm1_p96_uni_mamba_s2022_0>>>>>>>>>>>>>>>>>>>>>>>>>>
train 34129
val 11425
	iters: 100, epoch: 1 | loss: 0.3938102
	speed: 0.0101s/iter; left time: 1081.9288s
	iters: 200, epoch: 1 | loss: 0.3114313
	speed: 0.0077s/iter; left time: 816.2362s
	iters: 300, epoch: 1 | loss: 0.3209672
	speed: 0.0079s/iter; left time: 837.6074s
	iters: 400, epoch: 1 | loss: 0.3715762
	speed: 0.0079s/iter; left time: 840.2254s
	iters: 500, epoch: 1 | loss: 0.3386344
	speed: 0.0079s/iter; left time: 833.7666s
	iters: 600, epoch: 1 | loss: 0.3440046
	speed: 0.0077s/iter; left time: 818.4034s
	iters: 700, epoch: 1 | loss: 0.3392453
	speed: 0.0076s/iter; left time: 803.7101s
	iters: 800, epoch: 1 | loss: 0.3416031
	speed: 0.0077s/iter; left time: 817.8717s
	iters: 900, epoch: 1 | loss: 0.2719978
	speed: 0.0080s/iter; left time: 841.2870s
	iters: 1000, epoch: 1 | loss: 0.2580115
	speed: 0.0078s/iter; left time: 829.0143s
Epoch: 1 cost time: 8.530824661254883
Epoch: 1, Steps: 1067 | Train Loss: 0.3434981 Vali Loss: 0.4100257
Validation loss decreased (inf --> 0.410026).  Saving model ...
Updating learning rate to 0.0005
	iters: 100, epoch: 2 | loss: 0.2447463
	speed: 0.0253s/iter; left time: 2670.8611s
	iters: 200, epoch: 2 | loss: 0.3294850
	speed: 0.0076s/iter; left time: 799.1788s
	iters: 300, epoch: 2 | loss: 0.2610284
	speed: 0.0078s/iter; left time: 824.9357s
	iters: 400, epoch: 2 | loss: 0.2840303
	speed: 0.0078s/iter; left time: 821.5917s
	iters: 500, epoch: 2 | loss: 0.2841540
	speed: 0.0076s/iter; left time: 798.8319s
	iters: 600, epoch: 2 | loss: 0.2954957
	speed: 0.0077s/iter; left time: 808.6063s
	iters: 700, epoch: 2 | loss: 0.2990933
	speed: 0.0078s/iter; left time: 817.5780s
	iters: 800, epoch: 2 | loss: 0.2686046
	speed: 0.0077s/iter; left time: 806.1725s
	iters: 900, epoch: 2 | loss: 0.1988721
	speed: 0.0076s/iter; left time: 800.1020s
	iters: 1000, epoch: 2 | loss: 0.2494621
	speed: 0.0078s/iter; left time: 813.4310s
Epoch: 2 cost time: 8.223861932754517
Epoch: 2, Steps: 1067 | Train Loss: 0.2846008 Vali Loss: 0.4134272
EarlyStopping counter: 1 out of 6
Updating learning rate to 0.00025
	iters: 100, epoch: 3 | loss: 0.3083516
	speed: 0.0523s/iter; left time: 5460.7200s
	iters: 200, epoch: 3 | loss: 0.2835479
	speed: 0.0077s/iter; left time: 803.7849s
	iters: 300, epoch: 3 | loss: 0.2985456
	speed: 0.0081s/iter; left time: 840.8641s
	iters: 400, epoch: 3 | loss: 0.2622555
	speed: 0.0077s/iter; left time: 800.7485s
	iters: 500, epoch: 3 | loss: 0.2445839
	speed: 0.0078s/iter; left time: 813.6472s
	iters: 600, epoch: 3 | loss: 0.3108354
	speed: 0.0078s/iter; left time: 812.3051s
	iters: 700, epoch: 3 | loss: 0.2702004
	speed: 0.0076s/iter; left time: 793.5233s
	iters: 800, epoch: 3 | loss: 0.2704929
	speed: 0.0079s/iter; left time: 817.8998s
	iters: 900, epoch: 3 | loss: 0.2263935
	speed: 0.0079s/iter; left time: 819.2666s
	iters: 1000, epoch: 3 | loss: 0.2316757
	speed: 0.0079s/iter; left time: 820.5858s
Epoch: 3 cost time: 8.372818231582642
Epoch: 3, Steps: 1067 | Train Loss: 0.2687087 Vali Loss: 0.4121299
EarlyStopping counter: 2 out of 6
Updating learning rate to 0.000125
	iters: 100, epoch: 4 | loss: 0.2203534
	speed: 0.0253s/iter; left time: 2620.6546s
	iters: 200, epoch: 4 | loss: 0.2319803
	speed: 0.0075s/iter; left time: 772.8799s
	iters: 300, epoch: 4 | loss: 0.2615643
	speed: 0.0076s/iter; left time: 788.8697s
	iters: 400, epoch: 4 | loss: 0.2372079
	speed: 0.0077s/iter; left time: 791.8666s
	iters: 500, epoch: 4 | loss: 0.2521861
	speed: 0.0076s/iter; left time: 779.5646s
	iters: 600, epoch: 4 | loss: 0.2743986
	speed: 0.0077s/iter; left time: 796.1525s
	iters: 700, epoch: 4 | loss: 0.2369895
	speed: 0.0078s/iter; left time: 806.9710s
	iters: 800, epoch: 4 | loss: 0.2724618
	speed: 0.0077s/iter; left time: 795.7647s
	iters: 900, epoch: 4 | loss: 0.2188616
	speed: 0.0076s/iter; left time: 783.2509s
	iters: 1000, epoch: 4 | loss: 0.2353358
	speed: 0.0081s/iter; left time: 831.5679s
Epoch: 4 cost time: 8.287804126739502
Epoch: 4, Steps: 1067 | Train Loss: 0.2614412 Vali Loss: 0.4153672
EarlyStopping counter: 3 out of 6
Updating learning rate to 6.25e-05
	iters: 100, epoch: 5 | loss: 0.2447407
	speed: 0.0261s/iter; left time: 2675.6952s
	iters: 200, epoch: 5 | loss: 0.2318800
	speed: 0.0082s/iter; left time: 840.9685s
	iters: 300, epoch: 5 | loss: 0.2196693
	speed: 0.0077s/iter; left time: 785.1506s
	iters: 400, epoch: 5 | loss: 0.2242517
	speed: 0.0077s/iter; left time: 789.7176s
	iters: 500, epoch: 5 | loss: 0.2959324
	speed: 0.0077s/iter; left time: 788.9623s
	iters: 600, epoch: 5 | loss: 0.2632593
	speed: 0.0079s/iter; left time: 803.7958s
	iters: 700, epoch: 5 | loss: 0.2872276
	speed: 0.0076s/iter; left time: 777.8818s
	iters: 800, epoch: 5 | loss: 0.2905439
	speed: 0.0079s/iter; left time: 801.5752s
	iters: 900, epoch: 5 | loss: 0.2502042
	speed: 0.0079s/iter; left time: 801.8778s
	iters: 1000, epoch: 5 | loss: 0.2469872
	speed: 0.0079s/iter; left time: 802.2486s
Epoch: 5 cost time: 8.365847826004028
Epoch: 5, Steps: 1067 | Train Loss: 0.2577860 Vali Loss: 0.4201655
EarlyStopping counter: 4 out of 6
Updating learning rate to 3.125e-05
	iters: 100, epoch: 6 | loss: 0.2408553
	speed: 0.0246s/iter; left time: 2489.1330s
	iters: 200, epoch: 6 | loss: 0.2239652
	speed: 0.0078s/iter; left time: 794.0984s
	iters: 300, epoch: 6 | loss: 0.2052131
	speed: 0.0083s/iter; left time: 839.0159s
	iters: 400, epoch: 6 | loss: 0.2332163
	speed: 0.0083s/iter; left time: 835.1353s
	iters: 500, epoch: 6 | loss: 0.2259450
	speed: 0.0079s/iter; left time: 794.3718s
	iters: 600, epoch: 6 | loss: 0.2672541
	speed: 0.0079s/iter; left time: 796.4398s
	iters: 700, epoch: 6 | loss: 0.1894729
	speed: 0.0079s/iter; left time: 791.4748s
	iters: 800, epoch: 6 | loss: 0.2467397
	speed: 0.0080s/iter; left time: 803.5413s
	iters: 900, epoch: 6 | loss: 0.2965918
	speed: 0.0079s/iter; left time: 788.9820s
	iters: 1000, epoch: 6 | loss: 0.2886830
	speed: 0.0079s/iter; left time: 793.0852s
Epoch: 6 cost time: 8.482890605926514
Epoch: 6, Steps: 1067 | Train Loss: 0.2556679 Vali Loss: 0.4167814
EarlyStopping counter: 5 out of 6
Updating learning rate to 1.5625e-05
	iters: 100, epoch: 7 | loss: 0.2808253
	speed: 0.0257s/iter; left time: 2570.2752s
	iters: 200, epoch: 7 | loss: 0.2716276
	speed: 0.0079s/iter; left time: 794.6502s
	iters: 300, epoch: 7 | loss: 0.3027645
	speed: 0.0081s/iter; left time: 805.0974s
	iters: 400, epoch: 7 | loss: 0.2613632
	speed: 0.0077s/iter; left time: 767.8366s
	iters: 500, epoch: 7 | loss: 0.1996785
	speed: 0.0075s/iter; left time: 748.4968s
	iters: 600, epoch: 7 | loss: 0.2329893
	speed: 0.0077s/iter; left time: 770.8886s
	iters: 700, epoch: 7 | loss: 0.2164743
	speed: 0.0076s/iter; left time: 756.1766s
	iters: 800, epoch: 7 | loss: 0.2968938
	speed: 0.0077s/iter; left time: 765.5378s
	iters: 900, epoch: 7 | loss: 0.3293589
	speed: 0.0075s/iter; left time: 741.5507s
	iters: 1000, epoch: 7 | loss: 0.2377608
	speed: 0.0079s/iter; left time: 783.6351s
Epoch: 7 cost time: 8.292633771896362
Epoch: 7, Steps: 1067 | Train Loss: 0.2543778 Vali Loss: 0.4155034
EarlyStopping counter: 6 out of 6
Early stopping
VALIDATION_RESULT {"best_epoch": 1, "best_mae": 0.4219505993420846, "best_mse": 0.41002574830026917, "epochs_ran": 7, "metric_version": "element_weighted_v1"}
>>>>>>>test skipped (validation-only run)<<<<<<<<<<<<<<<<<<<<<<<<
Using GPU
Args in experiment:
[1mBasic Config[0m
  Task Name:          long_term_forecast  Is Training:        0                   
  Model ID:           ETTm1_96_96_table2_ettm1_p96_uni_mamba_s2022Model:              GraphMambaRecent    

[1mData Loader[0m
  Data:               ETTm1               Root Path:          /home/cwh/Time-Series-Library/dataset/ETT-small
  Data Path:          ETTm1.csv           Features:           M                   
  Target:             OT                  Freq:               h                   
  Checkpoints:        /home/cwh/Time-Series-Library/logs/timerole_p0/recent_backbone/seed2022/checkpoints

[1mForecasting Task[0m
  Seq Len:            336                 Label Len:          48                  
  Pred Len:           96                  Seasonal Patterns:  Monthly             
  Inverse:            0                   

[1mModel Parameters[0m
  Top k:              5                   Num Kernels:        6                   
  Enc In:             7                   Dec In:             7                   
  C Out:              7                   d model:            64                  
  n heads:            8                   e layers:           1                   
  d layers:           1                   d FF:               128                 
  Moving Avg:         25                  Factor:             1                   
  Distil:             1                   Dropout:            0.1                 
  Embed:              timeF               Activation:         gelu                

[1mRun Parameters[0m
  Num Workers:        0                   Itr:                1                   
  Train Epochs:       100                 Batch Size:         32                  
  Patience:           6                   Learning Rate:      0.0005              
  Des:                table2_ettm1_p96_uni_mamba_s2022Loss:               MSE                 
  Lradj:              type1               Use Amp:            0                   

[1mGPU[0m
  Use GPU:            1                   GPU:                0                   
  Use Multi GPU:      0                   Devices:            0,1,2,3             

[1mDe-stationary Projector Params[0m
  P Hidden Dims:      128, 128            P Hidden Layers:    2                   

Use GPU: cuda:0
🚀 Lazy Loading: GraphMambaRecent ...
[GraphMamba] Building 7x7 static graph from 2000 training samples
>>>>>>>evaluating validation checkpoint : long_term_forecast_ETTm1_96_96_table2_ettm1_p96_uni_mamba_s2022_GraphMambaRecent_ETTm1_ftM_sl336_ll48_pl96_dm64_nh8_el1_dl1_df128_expand2_dc2_fc1_ebtimeF_dtTrue_table2_ettm1_p96_uni_mamba_s2022_0<<<<<<<<<<<<<<<<<<<<<<<<<<<<<<<<<
val 11425
EVALUATION_RESULT {"batches": 358, "elapsed_seconds": 1.4061392878647894, "elements": 7677600, "mae": 0.4219505975931352, "metric_version": "element_weighted_v1", "milliseconds_per_batch": 3.9277633739239928, "mse": 0.41002574661889274, "parameter_count": 958854, "peak_cuda_memory_bytes": 127896576, "split": "val", "timerole_intervention": "intact"}
=== Uni-Mamba | ETTm1-720 ===
Using GPU
Args in experiment:
[1mBasic Config[0m
  Task Name:          long_term_forecast  Is Training:        1                   
  Model ID:           ETTm1_96_720_table2_ettm1_p720_uni_mamba_s2022Model:              GraphMambaRecent    

[1mData Loader[0m
  Data:               ETTm1               Root Path:          /home/cwh/Time-Series-Library/dataset/ETT-small
  Data Path:          ETTm1.csv           Features:           M                   
  Target:             OT                  Freq:               h                   
  Checkpoints:        /home/cwh/Time-Series-Library/logs/timerole_p0/recent_backbone/seed2022/checkpoints

[1mForecasting Task[0m
  Seq Len:            336                 Label Len:          48                  
  Pred Len:           720                 Seasonal Patterns:  Monthly             
  Inverse:            0                   

[1mModel Parameters[0m
  Top k:              5                   Num Kernels:        6                   
  Enc In:             7                   Dec In:             7                   
  C Out:              7                   d model:            64                  
  n heads:            8                   e layers:           1                   
  d layers:           1                   d FF:               128                 
  Moving Avg:         25                  Factor:             1                   
  Distil:             1                   Dropout:            0.1                 
  Embed:              timeF               Activation:         gelu                

[1mRun Parameters[0m
  Num Workers:        0                   Itr:                1                   
  Train Epochs:       100                 Batch Size:         32                  
  Patience:           6                   Learning Rate:      0.0005              
  Des:                table2_ettm1_p720_uni_mamba_s2022Loss:               MSE                 
  Lradj:              type1               Use Amp:            0                   

[1mGPU[0m
  Use GPU:            1                   GPU:                0                   
  Use Multi GPU:      0                   Devices:            0,1,2,3             

[1mDe-stationary Projector Params[0m
  P Hidden Dims:      128, 128            P Hidden Layers:    2                   

Use GPU: cuda:0
🚀 Lazy Loading: GraphMambaRecent ...
[GraphMamba] Building 7x7 static graph from 2000 training samples
>>>>>>>start training : long_term_forecast_ETTm1_96_720_table2_ettm1_p720_uni_mamba_s2022_GraphMambaRecent_ETTm1_ftM_sl336_ll48_pl720_dm64_nh8_el1_dl1_df128_expand2_dc2_fc1_ebtimeF_dtTrue_table2_ettm1_p720_uni_mamba_s2022_0>>>>>>>>>>>>>>>>>>>>>>>>>>
train 33505
val 10801
	iters: 100, epoch: 1 | loss: 0.5749960
	speed: 0.0123s/iter; left time: 1283.3767s
	iters: 200, epoch: 1 | loss: 0.5029753
	speed: 0.0082s/iter; left time: 854.7816s
	iters: 300, epoch: 1 | loss: 0.5199269
	speed: 0.0082s/iter; left time: 858.4105s
	iters: 400, epoch: 1 | loss: 0.4917001
	speed: 0.0081s/iter; left time: 848.8281s
	iters: 500, epoch: 1 | loss: 0.4517556
	speed: 0.0082s/iter; left time: 853.6682s
	iters: 600, epoch: 1 | loss: 0.5257630
	speed: 0.0080s/iter; left time: 833.0644s
	iters: 700, epoch: 1 | loss: 0.6093524
	speed: 0.0083s/iter; left time: 865.2802s
	iters: 800, epoch: 1 | loss: 0.5265270
	speed: 0.0082s/iter; left time: 857.8186s
	iters: 900, epoch: 1 | loss: 0.4874874
	speed: 0.0082s/iter; left time: 852.9389s
	iters: 1000, epoch: 1 | loss: 0.4846599
	speed: 0.0083s/iter; left time: 864.9268s
Epoch: 1 cost time: 9.000324726104736
Epoch: 1, Steps: 1048 | Train Loss: 0.5004344 Vali Loss: 0.9908165
Validation loss decreased (inf --> 0.990816).  Saving model ...
Updating learning rate to 0.0005
	iters: 100, epoch: 2 | loss: 0.4912301
	speed: 0.0252s/iter; left time: 2614.7372s
	iters: 200, epoch: 2 | loss: 0.5797113
	speed: 0.0081s/iter; left time: 837.2530s
	iters: 300, epoch: 2 | loss: 0.4218548
	speed: 0.0079s/iter; left time: 813.9277s
	iters: 400, epoch: 2 | loss: 0.4861256
	speed: 0.0081s/iter; left time: 839.5546s
	iters: 500, epoch: 2 | loss: 0.4393258
	speed: 0.0081s/iter; left time: 831.9629s
	iters: 600, epoch: 2 | loss: 0.4544807
	speed: 0.0083s/iter; left time: 854.4345s
	iters: 700, epoch: 2 | loss: 0.3908061
	speed: 0.0083s/iter; left time: 855.9452s
	iters: 800, epoch: 2 | loss: 0.4432804
	speed: 0.0079s/iter; left time: 817.7808s
	iters: 900, epoch: 2 | loss: 0.4450569
	speed: 0.0080s/iter; left time: 820.1797s
	iters: 1000, epoch: 2 | loss: 0.4881607
	speed: 0.0081s/iter; left time: 829.6343s
Epoch: 2 cost time: 8.490144729614258
Epoch: 2, Steps: 1048 | Train Loss: 0.4618153 Vali Loss: 0.9815405
Validation loss decreased (0.990816 --> 0.981541).  Saving model ...
Updating learning rate to 0.00025
	iters: 100, epoch: 3 | loss: 0.5143921
	speed: 0.0248s/iter; left time: 2548.7282s
	iters: 200, epoch: 3 | loss: 0.4189488
	speed: 0.0085s/iter; left time: 875.0844s
	iters: 300, epoch: 3 | loss: 0.3955743
	speed: 0.0079s/iter; left time: 809.0959s
	iters: 400, epoch: 3 | loss: 0.4666507
	speed: 0.0080s/iter; left time: 814.2146s
	iters: 500, epoch: 3 | loss: 0.4830070
	speed: 0.0086s/iter; left time: 882.8359s
	iters: 600, epoch: 3 | loss: 0.6283086
	speed: 0.0080s/iter; left time: 816.2793s
	iters: 700, epoch: 3 | loss: 0.4455966
	speed: 0.0080s/iter; left time: 817.7312s
	iters: 800, epoch: 3 | loss: 0.5018761
	speed: 0.0081s/iter; left time: 821.6101s
	iters: 900, epoch: 3 | loss: 0.4114184
	speed: 0.0077s/iter; left time: 787.2946s
	iters: 1000, epoch: 3 | loss: 0.4483913
	speed: 0.0079s/iter; left time: 803.5221s
Epoch: 3 cost time: 8.478731632232666
Epoch: 3, Steps: 1048 | Train Loss: 0.4432448 Vali Loss: 0.9773873
Validation loss decreased (0.981541 --> 0.977387).  Saving model ...
Updating learning rate to 0.000125
	iters: 100, epoch: 4 | loss: 0.4153404
	speed: 0.0249s/iter; left time: 2532.2465s
	iters: 200, epoch: 4 | loss: 0.3875371
	speed: 0.0078s/iter; left time: 792.4913s
	iters: 300, epoch: 4 | loss: 0.4856879
	speed: 0.0080s/iter; left time: 812.9306s
	iters: 400, epoch: 4 | loss: 0.4874061
	speed: 0.0080s/iter; left time: 809.3245s
	iters: 500, epoch: 4 | loss: 0.4263375
	speed: 0.0081s/iter; left time: 818.4002s
	iters: 600, epoch: 4 | loss: 0.4350397
	speed: 0.0081s/iter; left time: 821.3953s
	iters: 700, epoch: 4 | loss: 0.4474783
	speed: 0.0081s/iter; left time: 822.6530s
	iters: 800, epoch: 4 | loss: 0.4799143
	speed: 0.0081s/iter; left time: 816.0921s
	iters: 900, epoch: 4 | loss: 0.4209862
	speed: 0.0084s/iter; left time: 849.7106s
	iters: 1000, epoch: 4 | loss: 0.4514368
	speed: 0.0081s/iter; left time: 814.1848s
Epoch: 4 cost time: 8.471950769424438
Epoch: 4, Steps: 1048 | Train Loss: 0.4348085 Vali Loss: 0.9771073
Validation loss decreased (0.977387 --> 0.977107).  Saving model ...
Updating learning rate to 6.25e-05
	iters: 100, epoch: 5 | loss: 0.3395713
	speed: 0.0251s/iter; left time: 2519.6199s
	iters: 200, epoch: 5 | loss: 0.4083725
	speed: 0.0082s/iter; left time: 820.6244s
	iters: 300, epoch: 5 | loss: 0.4421856
	speed: 0.0086s/iter; left time: 865.2433s
	iters: 400, epoch: 5 | loss: 0.4231408
	speed: 0.0080s/iter; left time: 803.5881s
	iters: 500, epoch: 5 | loss: 0.3798324
	speed: 0.0081s/iter; left time: 814.2771s
	iters: 600, epoch: 5 | loss: 0.4398952
	speed: 0.0082s/iter; left time: 821.4314s
	iters: 700, epoch: 5 | loss: 0.4716069
	speed: 0.0081s/iter; left time: 804.3988s
	iters: 800, epoch: 5 | loss: 0.3968348
	speed: 0.0082s/iter; left time: 818.4321s
	iters: 900, epoch: 5 | loss: 0.4915693
	speed: 0.0082s/iter; left time: 815.2947s
	iters: 1000, epoch: 5 | loss: 0.4576318
	speed: 0.0082s/iter; left time: 817.0630s
Epoch: 5 cost time: 8.581140995025635
Epoch: 5, Steps: 1048 | Train Loss: 0.4306090 Vali Loss: 0.9733837
Validation loss decreased (0.977107 --> 0.973384).  Saving model ...
Updating learning rate to 3.125e-05
	iters: 100, epoch: 6 | loss: 0.5028736
	speed: 0.0250s/iter; left time: 2490.4645s
	iters: 200, epoch: 6 | loss: 0.3954448
	speed: 0.0081s/iter; left time: 799.8853s
	iters: 300, epoch: 6 | loss: 0.3911376
	speed: 0.0079s/iter; left time: 785.6007s
	iters: 400, epoch: 6 | loss: 0.4334563
	speed: 0.0081s/iter; left time: 800.5841s
	iters: 500, epoch: 6 | loss: 0.3427859
	speed: 0.0081s/iter; left time: 804.4006s
	iters: 600, epoch: 6 | loss: 0.4630125
	speed: 0.0080s/iter; left time: 794.8625s
	iters: 700, epoch: 6 | loss: 0.4311145
	speed: 0.0081s/iter; left time: 802.9682s
	iters: 800, epoch: 6 | loss: 0.4314883
	speed: 0.0079s/iter; left time: 776.8002s
	iters: 900, epoch: 6 | loss: 0.4175011
	speed: 0.0081s/iter; left time: 798.8243s
	iters: 1000, epoch: 6 | loss: 0.3648976
	speed: 0.0083s/iter; left time: 814.6106s
Epoch: 6 cost time: 8.456210136413574
Epoch: 6, Steps: 1048 | Train Loss: 0.4279162 Vali Loss: 0.9777485
EarlyStopping counter: 1 out of 6
Updating learning rate to 1.5625e-05
	iters: 100, epoch: 7 | loss: 0.4369295
	speed: 0.0251s/iter; left time: 2469.6553s
	iters: 200, epoch: 7 | loss: 0.3947286
	speed: 0.0082s/iter; left time: 809.9708s
	iters: 300, epoch: 7 | loss: 0.4058009
	speed: 0.0083s/iter; left time: 812.8096s
	iters: 400, epoch: 7 | loss: 0.4782468
	speed: 0.0083s/iter; left time: 814.2087s
	iters: 500, epoch: 7 | loss: 0.4225268
	speed: 0.0080s/iter; left time: 779.4196s
	iters: 600, epoch: 7 | loss: 0.4098312
	speed: 0.0078s/iter; left time: 767.9166s
	iters: 700, epoch: 7 | loss: 0.5042804
	speed: 0.0079s/iter; left time: 771.4855s
	iters: 800, epoch: 7 | loss: 0.4444683
	speed: 0.0078s/iter; left time: 761.9645s
	iters: 900, epoch: 7 | loss: 0.5665529
	speed: 0.0081s/iter; left time: 791.2883s
	iters: 1000, epoch: 7 | loss: 0.3226255
	speed: 0.0080s/iter; left time: 777.4182s
Epoch: 7 cost time: 8.417647123336792
Epoch: 7, Steps: 1048 | Train Loss: 0.4269376 Vali Loss: 0.9779122
EarlyStopping counter: 2 out of 6
Updating learning rate to 7.8125e-06
	iters: 100, epoch: 8 | loss: 0.3708577
	speed: 0.0245s/iter; left time: 2382.9014s
	iters: 200, epoch: 8 | loss: 0.3577760
	speed: 0.0082s/iter; left time: 798.7763s
	iters: 300, epoch: 8 | loss: 0.3927251
	speed: 0.0083s/iter; left time: 809.0411s
	iters: 400, epoch: 8 | loss: 0.4071764
	speed: 0.0079s/iter; left time: 770.6851s
	iters: 500, epoch: 8 | loss: 0.5005837
	speed: 0.0081s/iter; left time: 788.3555s
	iters: 600, epoch: 8 | loss: 0.3652942
	speed: 0.0078s/iter; left time: 760.0469s
	iters: 700, epoch: 8 | loss: 0.4616055
	speed: 0.0081s/iter; left time: 781.1802s
	iters: 800, epoch: 8 | loss: 0.3534559
	speed: 0.0086s/iter; left time: 827.5517s
	iters: 900, epoch: 8 | loss: 0.3770652
	speed: 0.0080s/iter; left time: 773.1793s
	iters: 1000, epoch: 8 | loss: 0.4650577
	speed: 0.0079s/iter; left time: 762.1864s
Epoch: 8 cost time: 8.480079174041748
Epoch: 8, Steps: 1048 | Train Loss: 0.4254866 Vali Loss: 0.9786003
EarlyStopping counter: 3 out of 6
Updating learning rate to 3.90625e-06
	iters: 100, epoch: 9 | loss: 0.4217437
	speed: 0.0247s/iter; left time: 2378.8692s
	iters: 200, epoch: 9 | loss: 0.4563563
	speed: 0.0080s/iter; left time: 770.1528s
	iters: 300, epoch: 9 | loss: 0.4201194
	speed: 0.0080s/iter; left time: 766.4232s
	iters: 400, epoch: 9 | loss: 0.4311159
	speed: 0.0082s/iter; left time: 791.1463s
	iters: 500, epoch: 9 | loss: 0.5263761
	speed: 0.0079s/iter; left time: 760.2060s
	iters: 600, epoch: 9 | loss: 0.4183222
	speed: 0.0083s/iter; left time: 798.1592s
	iters: 700, epoch: 9 | loss: 0.5137414
	speed: 0.0081s/iter; left time: 779.6963s
	iters: 800, epoch: 9 | loss: 0.4275468
	speed: 0.0084s/iter; left time: 803.2953s
	iters: 900, epoch: 9 | loss: 0.4390552
	speed: 0.0084s/iter; left time: 801.9606s
	iters: 1000, epoch: 9 | loss: 0.4410540
	speed: 0.0081s/iter; left time: 772.0541s
Epoch: 9 cost time: 8.55941915512085
Epoch: 9, Steps: 1048 | Train Loss: 0.4252240 Vali Loss: 0.9784166
EarlyStopping counter: 4 out of 6
Updating learning rate to 1.953125e-06
	iters: 100, epoch: 10 | loss: 0.4615172
	speed: 0.0251s/iter; left time: 2395.7472s
	iters: 200, epoch: 10 | loss: 0.4801000
	speed: 0.0080s/iter; left time: 764.9020s
	iters: 300, epoch: 10 | loss: 0.4183365
	speed: 0.0081s/iter; left time: 770.2075s
	iters: 400, epoch: 10 | loss: 0.3779679
	speed: 0.0086s/iter; left time: 820.1491s
	iters: 500, epoch: 10 | loss: 0.4630596
	speed: 0.0083s/iter; left time: 785.5796s
	iters: 600, epoch: 10 | loss: 0.4115761
	speed: 0.0083s/iter; left time: 791.2647s
	iters: 700, epoch: 10 | loss: 0.4210477
	speed: 0.0084s/iter; left time: 794.2171s
	iters: 800, epoch: 10 | loss: 0.4960625
	speed: 0.0083s/iter; left time: 780.9532s
	iters: 900, epoch: 10 | loss: 0.5235322
	speed: 0.0082s/iter; left time: 770.1526s
	iters: 1000, epoch: 10 | loss: 0.5188566
	speed: 0.0081s/iter; left time: 765.9503s
Epoch: 10 cost time: 8.636583089828491
Epoch: 10, Steps: 1048 | Train Loss: 0.4254634 Vali Loss: 0.9768247
EarlyStopping counter: 5 out of 6
Updating learning rate to 9.765625e-07
	iters: 100, epoch: 11 | loss: 0.5012316
	speed: 0.0244s/iter; left time: 2294.5758s
	iters: 200, epoch: 11 | loss: 0.3758303
	speed: 0.0083s/iter; left time: 777.5162s
	iters: 300, epoch: 11 | loss: 0.4337353
	speed: 0.0083s/iter; left time: 776.5531s
	iters: 400, epoch: 11 | loss: 0.3675723
	speed: 0.0080s/iter; left time: 747.1335s
	iters: 500, epoch: 11 | loss: 0.5008689
	speed: 0.0081s/iter; left time: 757.8899s
	iters: 600, epoch: 11 | loss: 0.4442286
	speed: 0.0081s/iter; left time: 756.0395s
	iters: 700, epoch: 11 | loss: 0.4657297
	speed: 0.0081s/iter; left time: 760.6095s
	iters: 800, epoch: 11 | loss: 0.3790458
	speed: 0.0083s/iter; left time: 772.7258s
	iters: 900, epoch: 11 | loss: 0.4755391
	speed: 0.0082s/iter; left time: 763.2317s
	iters: 1000, epoch: 11 | loss: 0.4206519
	speed: 0.0081s/iter; left time: 757.7054s
Epoch: 11 cost time: 8.499459981918335
Epoch: 11, Steps: 1048 | Train Loss: 0.4251827 Vali Loss: 0.9775746
EarlyStopping counter: 6 out of 6
Early stopping
VALIDATION_RESULT {"best_epoch": 5, "best_mae": 0.6604938084637546, "best_mse": 0.9733837389257388, "epochs_ran": 11, "metric_version": "element_weighted_v1"}
>>>>>>>test skipped (validation-only run)<<<<<<<<<<<<<<<<<<<<<<<<
Using GPU
Args in experiment:
[1mBasic Config[0m
  Task Name:          long_term_forecast  Is Training:        0                   
  Model ID:           ETTm1_96_720_table2_ettm1_p720_uni_mamba_s2022Model:              GraphMambaRecent    

[1mData Loader[0m
  Data:               ETTm1               Root Path:          /home/cwh/Time-Series-Library/dataset/ETT-small
  Data Path:          ETTm1.csv           Features:           M                   
  Target:             OT                  Freq:               h                   
  Checkpoints:        /home/cwh/Time-Series-Library/logs/timerole_p0/recent_backbone/seed2022/checkpoints

[1mForecasting Task[0m
  Seq Len:            336                 Label Len:          48                  
  Pred Len:           720                 Seasonal Patterns:  Monthly             
  Inverse:            0                   

[1mModel Parameters[0m
  Top k:              5                   Num Kernels:        6                   
  Enc In:             7                   Dec In:             7                   
  C Out:              7                   d model:            64                  
  n heads:            8                   e layers:           1                   
  d layers:           1                   d FF:               128                 
  Moving Avg:         25                  Factor:             1                   
  Distil:             1                   Dropout:            0.1                 
  Embed:              timeF               Activation:         gelu                

[1mRun Parameters[0m
  Num Workers:        0                   Itr:                1                   
  Train Epochs:       100                 Batch Size:         32                  
  Patience:           6                   Learning Rate:      0.0005              
  Des:                table2_ettm1_p720_uni_mamba_s2022Loss:               MSE                 
  Lradj:              type1               Use Amp:            0                   

[1mGPU[0m
  Use GPU:            1                   GPU:                0                   
  Use Multi GPU:      0                   Devices:            0,1,2,3             

[1mDe-stationary Projector Params[0m
  P Hidden Dims:      128, 128            P Hidden Layers:    2                   

Use GPU: cuda:0
🚀 Lazy Loading: GraphMambaRecent ...
[GraphMamba] Building 7x7 static graph from 2000 training samples
>>>>>>>evaluating validation checkpoint : long_term_forecast_ETTm1_96_720_table2_ettm1_p720_uni_mamba_s2022_GraphMambaRecent_ETTm1_ftM_sl336_ll48_pl720_dm64_nh8_el1_dl1_df128_expand2_dc2_fc1_ebtimeF_dtTrue_table2_ettm1_p720_uni_mamba_s2022_0<<<<<<<<<<<<<<<<<<<<<<<<<<<<<<<<<
val 10801
EVALUATION_RESULT {"batches": 338, "elapsed_seconds": 1.3777619139291346, "elements": 54437040, "mae": 0.6604938076744253, "metric_version": "element_weighted_v1", "milliseconds_per_batch": 4.076218680263712, "mse": 0.9733837349073352, "parameter_count": 6770790, "peak_cuda_memory_bytes": 154691584, "split": "val", "timerole_intervention": "intact"}
=== Uni-Mamba | ETTm2-96 ===
Using GPU
Args in experiment:
[1mBasic Config[0m
  Task Name:          long_term_forecast  Is Training:        1                   
  Model ID:           ETTm2_96_96_table2_ettm2_p96_uni_mamba_s2022Model:              GraphMambaRecent    

[1mData Loader[0m
  Data:               ETTm2               Root Path:          /home/cwh/Time-Series-Library/dataset/ETT-small
  Data Path:          ETTm2.csv           Features:           M                   
  Target:             OT                  Freq:               h                   
  Checkpoints:        /home/cwh/Time-Series-Library/logs/timerole_p0/recent_backbone/seed2022/checkpoints

[1mForecasting Task[0m
  Seq Len:            336                 Label Len:          48                  
  Pred Len:           96                  Seasonal Patterns:  Monthly             
  Inverse:            0                   

[1mModel Parameters[0m
  Top k:              5                   Num Kernels:        6                   
  Enc In:             7                   Dec In:             7                   
  C Out:              7                   d model:            64                  
  n heads:            8                   e layers:           1                   
  d layers:           1                   d FF:               128                 
  Moving Avg:         25                  Factor:             1                   
  Distil:             1                   Dropout:            0.1                 
  Embed:              timeF               Activation:         gelu                

[1mRun Parameters[0m
  Num Workers:        0                   Itr:                1                   
  Train Epochs:       100                 Batch Size:         32                  
  Patience:           6                   Learning Rate:      0.0005              
  Des:                table2_ettm2_p96_uni_mamba_s2022Loss:               MSE                 
  Lradj:              type1               Use Amp:            0                   

[1mGPU[0m
  Use GPU:            1                   GPU:                0                   
  Use Multi GPU:      0                   Devices:            0,1,2,3             

[1mDe-stationary Projector Params[0m
  P Hidden Dims:      128, 128            P Hidden Layers:    2                   

Use GPU: cuda:0
🚀 Lazy Loading: GraphMambaRecent ...
[GraphMamba] Building 7x7 static graph from 2000 training samples
>>>>>>>start training : long_term_forecast_ETTm2_96_96_table2_ettm2_p96_uni_mamba_s2022_GraphMambaRecent_ETTm2_ftM_sl336_ll48_pl96_dm64_nh8_el1_dl1_df128_expand2_dc2_fc1_ebtimeF_dtTrue_table2_ettm2_p96_uni_mamba_s2022_0>>>>>>>>>>>>>>>>>>>>>>>>>>
train 34129
val 11425
	iters: 100, epoch: 1 | loss: 0.1787576
	speed: 0.0100s/iter; left time: 1066.4103s
	iters: 200, epoch: 1 | loss: 0.1969682
	speed: 0.0076s/iter; left time: 809.6046s
	iters: 300, epoch: 1 | loss: 0.2020292
	speed: 0.0076s/iter; left time: 812.1674s
	iters: 400, epoch: 1 | loss: 0.2224092
	speed: 0.0078s/iter; left time: 831.0032s
	iters: 500, epoch: 1 | loss: 0.2664285
	speed: 0.0077s/iter; left time: 818.5493s
	iters: 600, epoch: 1 | loss: 0.1551739
	speed: 0.0078s/iter; left time: 829.1789s
	iters: 700, epoch: 1 | loss: 0.3969676
	speed: 0.0081s/iter; left time: 854.4906s
	iters: 800, epoch: 1 | loss: 0.3797091
	speed: 0.0076s/iter; left time: 804.2878s
	iters: 900, epoch: 1 | loss: 0.1886930
	speed: 0.0077s/iter; left time: 810.1602s
	iters: 1000, epoch: 1 | loss: 0.1607595
	speed: 0.0079s/iter; left time: 835.9365s
Epoch: 1 cost time: 8.479635953903198
Epoch: 1, Steps: 1067 | Train Loss: 0.2542039 Vali Loss: 0.1383912
Validation loss decreased (inf --> 0.138391).  Saving model ...
Updating learning rate to 0.0005
	iters: 100, epoch: 2 | loss: 0.1162229
	speed: 0.0252s/iter; left time: 2657.1513s
	iters: 200, epoch: 2 | loss: 0.1046872
	speed: 0.0075s/iter; left time: 789.3202s
	iters: 300, epoch: 2 | loss: 0.3352350
	speed: 0.0079s/iter; left time: 837.2326s
	iters: 400, epoch: 2 | loss: 0.1661746
	speed: 0.0075s/iter; left time: 791.9481s
	iters: 500, epoch: 2 | loss: 0.2294102
	speed: 0.0075s/iter; left time: 787.1434s
	iters: 600, epoch: 2 | loss: 0.1334410
	speed: 0.0075s/iter; left time: 785.3903s
	iters: 700, epoch: 2 | loss: 0.1988166
	speed: 0.0076s/iter; left time: 797.7879s
	iters: 800, epoch: 2 | loss: 0.1543374
	speed: 0.0078s/iter; left time: 813.3209s
	iters: 900, epoch: 2 | loss: 0.2752759
	speed: 0.0074s/iter; left time: 779.1143s
	iters: 1000, epoch: 2 | loss: 0.1457103
	speed: 0.0078s/iter; left time: 813.4751s
Epoch: 2 cost time: 8.144658327102661
Epoch: 2, Steps: 1067 | Train Loss: 0.2284832 Vali Loss: 0.1353265
Validation loss decreased (0.138391 --> 0.135327).  Saving model ...
Updating learning rate to 0.00025
	iters: 100, epoch: 3 | loss: 0.1452817
	speed: 0.0254s/iter; left time: 2654.9328s
	iters: 200, epoch: 3 | loss: 0.2604677
	speed: 0.0076s/iter; left time: 795.7186s
	iters: 300, epoch: 3 | loss: 0.2282838
	speed: 0.0076s/iter; left time: 796.2210s
	iters: 400, epoch: 3 | loss: 0.2239294
	speed: 0.0075s/iter; left time: 781.3417s
	iters: 500, epoch: 3 | loss: 0.1441093
	speed: 0.0077s/iter; left time: 804.7141s
	iters: 600, epoch: 3 | loss: 0.1821753
	speed: 0.0078s/iter; left time: 811.6438s
	iters: 700, epoch: 3 | loss: 0.1172933
	speed: 0.0078s/iter; left time: 808.7322s
	iters: 800, epoch: 3 | loss: 0.1605355
	speed: 0.0078s/iter; left time: 806.4761s
	iters: 900, epoch: 3 | loss: 0.3636200
	speed: 0.0076s/iter; left time: 792.3020s
	iters: 1000, epoch: 3 | loss: 0.2810387
	speed: 0.0078s/iter; left time: 808.1238s
Epoch: 3 cost time: 8.240371227264404
Epoch: 3, Steps: 1067 | Train Loss: 0.2176664 Vali Loss: 0.1335387
Validation loss decreased (0.135327 --> 0.133539).  Saving model ...
Updating learning rate to 0.000125
	iters: 100, epoch: 4 | loss: 0.2493210
	speed: 0.0252s/iter; left time: 2606.4136s
	iters: 200, epoch: 4 | loss: 0.2108086
	speed: 0.0080s/iter; left time: 827.2097s
	iters: 300, epoch: 4 | loss: 0.1791641
	speed: 0.0076s/iter; left time: 788.4027s
	iters: 400, epoch: 4 | loss: 0.4056749
	speed: 0.0076s/iter; left time: 785.6462s
	iters: 500, epoch: 4 | loss: 0.1979826
	speed: 0.0076s/iter; left time: 782.6386s
	iters: 600, epoch: 4 | loss: 0.1927653
	speed: 0.0080s/iter; left time: 824.2917s
	iters: 700, epoch: 4 | loss: 0.2075568
	speed: 0.0080s/iter; left time: 819.1260s
	iters: 800, epoch: 4 | loss: 0.0940156
	speed: 0.0076s/iter; left time: 778.1109s
	iters: 900, epoch: 4 | loss: 0.4785103
	speed: 0.0079s/iter; left time: 813.7241s
	iters: 1000, epoch: 4 | loss: 0.2056434
	speed: 0.0078s/iter; left time: 801.9271s
Epoch: 4 cost time: 8.300121784210205
Epoch: 4, Steps: 1067 | Train Loss: 0.2112238 Vali Loss: 0.1356059
EarlyStopping counter: 1 out of 6
Updating learning rate to 6.25e-05
	iters: 100, epoch: 5 | loss: 0.4235147
	speed: 0.0253s/iter; left time: 2591.0067s
	iters: 200, epoch: 5 | loss: 0.1495193
	speed: 0.0076s/iter; left time: 779.7380s
	iters: 300, epoch: 5 | loss: 0.2014616
	speed: 0.0080s/iter; left time: 814.5766s
	iters: 400, epoch: 5 | loss: 0.1784458
	speed: 0.0080s/iter; left time: 811.6207s
	iters: 500, epoch: 5 | loss: 0.2123576
	speed: 0.0076s/iter; left time: 771.4209s
	iters: 600, epoch: 5 | loss: 0.4732155
	speed: 0.0077s/iter; left time: 786.1132s
	iters: 700, epoch: 5 | loss: 0.5686791
	speed: 0.0077s/iter; left time: 786.9916s
	iters: 800, epoch: 5 | loss: 0.1013654
	speed: 0.0078s/iter; left time: 793.2419s
	iters: 900, epoch: 5 | loss: 0.2975133
	speed: 0.0077s/iter; left time: 785.9372s
	iters: 1000, epoch: 5 | loss: 0.2229008
	speed: 0.0078s/iter; left time: 792.5290s
Epoch: 5 cost time: 8.280499696731567
Epoch: 5, Steps: 1067 | Train Loss: 0.2077928 Vali Loss: 0.1383549
EarlyStopping counter: 2 out of 6
Updating learning rate to 3.125e-05
	iters: 100, epoch: 6 | loss: 0.1781403
	speed: 0.0250s/iter; left time: 2535.0504s
	iters: 200, epoch: 6 | loss: 0.2053182
	speed: 0.0075s/iter; left time: 758.5988s
	iters: 300, epoch: 6 | loss: 0.1398579
	speed: 0.0076s/iter; left time: 769.6505s
	iters: 400, epoch: 6 | loss: 0.3302447
	speed: 0.0075s/iter; left time: 755.2802s
	iters: 500, epoch: 6 | loss: 0.1572037
	speed: 0.0076s/iter; left time: 766.3866s
	iters: 600, epoch: 6 | loss: 0.4250262
	speed: 0.0075s/iter; left time: 751.8083s
	iters: 700, epoch: 6 | loss: 0.1252621
	speed: 0.0076s/iter; left time: 768.3907s
	iters: 800, epoch: 6 | loss: 0.1565724
	speed: 0.0076s/iter; left time: 759.8625s
	iters: 900, epoch: 6 | loss: 0.2263801
	speed: 0.0076s/iter; left time: 765.8854s
	iters: 1000, epoch: 6 | loss: 0.1890408
	speed: 0.0078s/iter; left time: 784.4463s
Epoch: 6 cost time: 8.102226257324219
Epoch: 6, Steps: 1067 | Train Loss: 0.2058135 Vali Loss: 0.1376271
EarlyStopping counter: 3 out of 6
Updating learning rate to 1.5625e-05
	iters: 100, epoch: 7 | loss: 0.1795412
	speed: 0.0249s/iter; left time: 2496.6520s
	iters: 200, epoch: 7 | loss: 0.3027880
	speed: 0.0076s/iter; left time: 756.6573s
	iters: 300, epoch: 7 | loss: 0.1654864
	speed: 0.0078s/iter; left time: 776.7905s
	iters: 400, epoch: 7 | loss: 0.1605290
	speed: 0.0076s/iter; left time: 762.0029s
	iters: 500, epoch: 7 | loss: 0.1820056
	speed: 0.0077s/iter; left time: 767.4422s
	iters: 600, epoch: 7 | loss: 0.1708443
	speed: 0.0077s/iter; left time: 767.3607s
	iters: 700, epoch: 7 | loss: 0.3725833
	speed: 0.0078s/iter; left time: 781.2500s
	iters: 800, epoch: 7 | loss: 0.1919741
	speed: 0.0076s/iter; left time: 755.0298s
	iters: 900, epoch: 7 | loss: 0.1172543
	speed: 0.0077s/iter; left time: 760.6646s
	iters: 1000, epoch: 7 | loss: 0.1495862
	speed: 0.0078s/iter; left time: 778.7160s
Epoch: 7 cost time: 8.221199989318848
Epoch: 7, Steps: 1067 | Train Loss: 0.2051802 Vali Loss: 0.1377607
EarlyStopping counter: 4 out of 6
Updating learning rate to 7.8125e-06
	iters: 100, epoch: 8 | loss: 0.1502540
	speed: 0.0251s/iter; left time: 2492.4226s
	iters: 200, epoch: 8 | loss: 0.0878542
	speed: 0.0078s/iter; left time: 771.3741s
	iters: 300, epoch: 8 | loss: 0.1862358
	speed: 0.0080s/iter; left time: 789.4501s
	iters: 400, epoch: 8 | loss: 0.2282004
	speed: 0.0078s/iter; left time: 772.8972s
	iters: 500, epoch: 8 | loss: 0.1510659
	speed: 0.0078s/iter; left time: 768.3420s
	iters: 600, epoch: 8 | loss: 0.2620518
	speed: 0.0081s/iter; left time: 799.7984s
	iters: 700, epoch: 8 | loss: 0.1481161
	speed: 0.0078s/iter; left time: 769.7855s
	iters: 800, epoch: 8 | loss: 0.1046239
	speed: 0.0077s/iter; left time: 754.2698s
	iters: 900, epoch: 8 | loss: 0.1413953
	speed: 0.0078s/iter; left time: 768.4030s
	iters: 1000, epoch: 8 | loss: 0.5131071
	speed: 0.0079s/iter; left time: 778.7870s
Epoch: 8 cost time: 8.380560636520386
Epoch: 8, Steps: 1067 | Train Loss: 0.2044065 Vali Loss: 0.1380899
EarlyStopping counter: 5 out of 6
Updating learning rate to 3.90625e-06
	iters: 100, epoch: 9 | loss: 0.1896389
	speed: 0.0255s/iter; left time: 2496.9215s
	iters: 200, epoch: 9 | loss: 0.1696209
	speed: 0.0076s/iter; left time: 743.4402s
	iters: 300, epoch: 9 | loss: 0.3873540
	speed: 0.0077s/iter; left time: 758.4069s
	iters: 400, epoch: 9 | loss: 0.2306483
	speed: 0.0080s/iter; left time: 781.0801s
	iters: 500, epoch: 9 | loss: 0.2274051
	speed: 0.0080s/iter; left time: 778.0004s
	iters: 600, epoch: 9 | loss: 0.1382822
	speed: 0.0078s/iter; left time: 759.7181s
	iters: 700, epoch: 9 | loss: 0.1800103
	speed: 0.0079s/iter; left time: 772.7789s
	iters: 800, epoch: 9 | loss: 0.1764706
	speed: 0.0080s/iter; left time: 779.8854s
	iters: 900, epoch: 9 | loss: 0.1793377
	speed: 0.0079s/iter; left time: 769.0727s
	iters: 1000, epoch: 9 | loss: 0.2054353
	speed: 0.0079s/iter; left time: 769.5758s
Epoch: 9 cost time: 8.394442319869995
Epoch: 9, Steps: 1067 | Train Loss: 0.2040629 Vali Loss: 0.1377489
EarlyStopping counter: 6 out of 6
Early stopping
VALIDATION_RESULT {"best_epoch": 3, "best_mae": 0.2524347888055761, "best_mse": 0.13353867392347693, "epochs_ran": 9, "metric_version": "element_weighted_v1"}
>>>>>>>test skipped (validation-only run)<<<<<<<<<<<<<<<<<<<<<<<<
Using GPU
Args in experiment:
[1mBasic Config[0m
  Task Name:          long_term_forecast  Is Training:        0                   
  Model ID:           ETTm2_96_96_table2_ettm2_p96_uni_mamba_s2022Model:              GraphMambaRecent    

[1mData Loader[0m
  Data:               ETTm2               Root Path:          /home/cwh/Time-Series-Library/dataset/ETT-small
  Data Path:          ETTm2.csv           Features:           M                   
  Target:             OT                  Freq:               h                   
  Checkpoints:        /home/cwh/Time-Series-Library/logs/timerole_p0/recent_backbone/seed2022/checkpoints

[1mForecasting Task[0m
  Seq Len:            336                 Label Len:          48                  
  Pred Len:           96                  Seasonal Patterns:  Monthly             
  Inverse:            0                   

[1mModel Parameters[0m
  Top k:              5                   Num Kernels:        6                   
  Enc In:             7                   Dec In:             7                   
  C Out:              7                   d model:            64                  
  n heads:            8                   e layers:           1                   
  d layers:           1                   d FF:               128                 
  Moving Avg:         25                  Factor:             1                   
  Distil:             1                   Dropout:            0.1                 
  Embed:              timeF               Activation:         gelu                

[1mRun Parameters[0m
  Num Workers:        0                   Itr:                1                   
  Train Epochs:       100                 Batch Size:         32                  
  Patience:           6                   Learning Rate:      0.0005              
  Des:                table2_ettm2_p96_uni_mamba_s2022Loss:               MSE                 
  Lradj:              type1               Use Amp:            0                   

[1mGPU[0m
  Use GPU:            1                   GPU:                0                   
  Use Multi GPU:      0                   Devices:            0,1,2,3             

[1mDe-stationary Projector Params[0m
  P Hidden Dims:      128, 128            P Hidden Layers:    2                   

Use GPU: cuda:0
🚀 Lazy Loading: GraphMambaRecent ...
[GraphMamba] Building 7x7 static graph from 2000 training samples
>>>>>>>evaluating validation checkpoint : long_term_forecast_ETTm2_96_96_table2_ettm2_p96_uni_mamba_s2022_GraphMambaRecent_ETTm2_ftM_sl336_ll48_pl96_dm64_nh8_el1_dl1_df128_expand2_dc2_fc1_ebtimeF_dtTrue_table2_ettm2_p96_uni_mamba_s2022_0<<<<<<<<<<<<<<<<<<<<<<<<<<<<<<<<<
val 11425
EVALUATION_RESULT {"batches": 358, "elapsed_seconds": 1.3891733889468014, "elements": 7677600, "mae": 0.25243478927262514, "metric_version": "element_weighted_v1", "milliseconds_per_batch": 3.8803725948234677, "mse": 0.13353867412246961, "parameter_count": 958854, "peak_cuda_memory_bytes": 127896576, "split": "val", "timerole_intervention": "intact"}
=== Uni-Mamba | ETTm2-720 ===
Using GPU
Args in experiment:
[1mBasic Config[0m
  Task Name:          long_term_forecast  Is Training:        1                   
  Model ID:           ETTm2_96_720_table2_ettm2_p720_uni_mamba_s2022Model:              GraphMambaRecent    

[1mData Loader[0m
  Data:               ETTm2               Root Path:          /home/cwh/Time-Series-Library/dataset/ETT-small
  Data Path:          ETTm2.csv           Features:           M                   
  Target:             OT                  Freq:               h                   
  Checkpoints:        /home/cwh/Time-Series-Library/logs/timerole_p0/recent_backbone/seed2022/checkpoints

[1mForecasting Task[0m
  Seq Len:            336                 Label Len:          48                  
  Pred Len:           720                 Seasonal Patterns:  Monthly             
  Inverse:            0                   

[1mModel Parameters[0m
  Top k:              5                   Num Kernels:        6                   
  Enc In:             7                   Dec In:             7                   
  C Out:              7                   d model:            64                  
  n heads:            8                   e layers:           1                   
  d layers:           1                   d FF:               128                 
  Moving Avg:         25                  Factor:             1                   
  Distil:             1                   Dropout:            0.1                 
  Embed:              timeF               Activation:         gelu                

[1mRun Parameters[0m
  Num Workers:        0                   Itr:                1                   
  Train Epochs:       100                 Batch Size:         32                  
  Patience:           6                   Learning Rate:      0.0005              
  Des:                table2_ettm2_p720_uni_mamba_s2022Loss:               MSE                 
  Lradj:              type1               Use Amp:            0                   

[1mGPU[0m
  Use GPU:            1                   GPU:                0                   
  Use Multi GPU:      0                   Devices:            0,1,2,3             

[1mDe-stationary Projector Params[0m
  P Hidden Dims:      128, 128            P Hidden Layers:    2                   

Use GPU: cuda:0
🚀 Lazy Loading: GraphMambaRecent ...
[GraphMamba] Building 7x7 static graph from 2000 training samples
>>>>>>>start training : long_term_forecast_ETTm2_96_720_table2_ettm2_p720_uni_mamba_s2022_GraphMambaRecent_ETTm2_ftM_sl336_ll48_pl720_dm64_nh8_el1_dl1_df128_expand2_dc2_fc1_ebtimeF_dtTrue_table2_ettm2_p720_uni_mamba_s2022_0>>>>>>>>>>>>>>>>>>>>>>>>>>
train 33505
val 10801
	iters: 100, epoch: 1 | loss: 0.3619499
	speed: 0.0106s/iter; left time: 1111.5737s
	iters: 200, epoch: 1 | loss: 0.4810238
	speed: 0.0082s/iter; left time: 854.5093s
	iters: 300, epoch: 1 | loss: 0.5094112
	speed: 0.0083s/iter; left time: 865.9316s
	iters: 400, epoch: 1 | loss: 0.4982157
	speed: 0.0078s/iter; left time: 816.6720s
	iters: 500, epoch: 1 | loss: 0.6015015
	speed: 0.0081s/iter; left time: 849.9891s
	iters: 600, epoch: 1 | loss: 0.5099329
	speed: 0.0083s/iter; left time: 868.7955s
	iters: 700, epoch: 1 | loss: 0.6221119
	speed: 0.0082s/iter; left time: 849.9404s
	iters: 800, epoch: 1 | loss: 0.4207062
	speed: 0.0079s/iter; left time: 825.9863s
	iters: 900, epoch: 1 | loss: 0.3478276
	speed: 0.0082s/iter; left time: 856.2041s
	iters: 1000, epoch: 1 | loss: 0.3259375
	speed: 0.0081s/iter; left time: 845.5872s
Epoch: 1 cost time: 8.790726900100708
Epoch: 1, Steps: 1048 | Train Loss: 0.6037492 Vali Loss: 0.2903915
Validation loss decreased (inf --> 0.290391).  Saving model ...
Updating learning rate to 0.0005
	iters: 100, epoch: 2 | loss: 0.3797162
	speed: 0.0258s/iter; left time: 2671.5143s
	iters: 200, epoch: 2 | loss: 0.2412344
	speed: 0.0082s/iter; left time: 849.5399s
	iters: 300, epoch: 2 | loss: 0.6720878
	speed: 0.0079s/iter; left time: 822.3866s
	iters: 400, epoch: 2 | loss: 0.4236873
	speed: 0.0080s/iter; left time: 823.0395s
	iters: 500, epoch: 2 | loss: 0.4220720
	speed: 0.0081s/iter; left time: 840.3410s
	iters: 600, epoch: 2 | loss: 0.4551745
	speed: 0.0079s/iter; left time: 813.5543s
	iters: 700, epoch: 2 | loss: 1.1327974
	speed: 0.0079s/iter; left time: 819.2174s
	iters: 800, epoch: 2 | loss: 0.4027997
	speed: 0.0081s/iter; left time: 839.0238s
	iters: 900, epoch: 2 | loss: 0.8619004
	speed: 0.0093s/iter; left time: 954.8343s
	iters: 1000, epoch: 2 | loss: 0.4043573
	speed: 0.0086s/iter; left time: 880.8111s
Epoch: 2 cost time: 8.718087434768677
Epoch: 2, Steps: 1048 | Train Loss: 0.5772774 Vali Loss: 0.2956323
EarlyStopping counter: 1 out of 6
Updating learning rate to 0.00025
	iters: 100, epoch: 3 | loss: 0.7316205
	speed: 0.0268s/iter; left time: 2751.3922s
	iters: 200, epoch: 3 | loss: 0.3999629
	speed: 0.0085s/iter; left time: 872.3988s
	iters: 300, epoch: 3 | loss: 0.3053085
	speed: 0.0083s/iter; left time: 851.5150s
	iters: 400, epoch: 3 | loss: 0.8833001
	speed: 0.0082s/iter; left time: 836.5440s
	iters: 500, epoch: 3 | loss: 0.3256598
	speed: 0.0083s/iter; left time: 851.2777s
	iters: 600, epoch: 3 | loss: 0.5730753
	speed: 0.0081s/iter; left time: 829.4865s
	iters: 700, epoch: 3 | loss: 0.3109117
	speed: 0.0083s/iter; left time: 842.5056s
	iters: 800, epoch: 3 | loss: 0.3942513
	speed: 0.0082s/iter; left time: 835.7823s
	iters: 900, epoch: 3 | loss: 0.3646898
	speed: 0.0081s/iter; left time: 823.4663s
	iters: 1000, epoch: 3 | loss: 0.4973279
	speed: 0.0083s/iter; left time: 845.0855s
Epoch: 3 cost time: 8.67422103881836
Epoch: 3, Steps: 1048 | Train Loss: 0.5580998 Vali Loss: 0.3040978
EarlyStopping counter: 2 out of 6
Updating learning rate to 0.000125
	iters: 100, epoch: 4 | loss: 0.8154464
	speed: 0.0250s/iter; left time: 2541.0947s
	iters: 200, epoch: 4 | loss: 0.4841137
	speed: 0.0082s/iter; left time: 828.9771s
	iters: 300, epoch: 4 | loss: 0.4372045
	speed: 0.0083s/iter; left time: 844.5314s
	iters: 400, epoch: 4 | loss: 0.6464869
	speed: 0.0081s/iter; left time: 820.8675s
	iters: 500, epoch: 4 | loss: 0.3277517
	speed: 0.0088s/iter; left time: 894.4103s
	iters: 600, epoch: 4 | loss: 0.6211849
	speed: 0.0082s/iter; left time: 829.1815s
	iters: 700, epoch: 4 | loss: 0.4214085
	speed: 0.0083s/iter; left time: 842.1254s
	iters: 800, epoch: 4 | loss: 0.3604583
	speed: 0.0081s/iter; left time: 815.4527s
	iters: 900, epoch: 4 | loss: 0.4276428
	speed: 0.0085s/iter; left time: 857.6526s
	iters: 1000, epoch: 4 | loss: 0.3490622
	speed: 0.0085s/iter; left time: 856.0915s
Epoch: 4 cost time: 8.744658708572388
Epoch: 4, Steps: 1048 | Train Loss: 0.5495753 Vali Loss: 0.3038423
EarlyStopping counter: 3 out of 6
Updating learning rate to 6.25e-05
	iters: 100, epoch: 5 | loss: 0.3016755
	speed: 0.0260s/iter; left time: 2611.3209s
	iters: 200, epoch: 5 | loss: 0.4039647
	speed: 0.0095s/iter; left time: 954.0548s
	iters: 300, epoch: 5 | loss: 0.4444222
	speed: 0.0100s/iter; left time: 1007.1487s
	iters: 400, epoch: 5 | loss: 0.5650358
	speed: 0.0080s/iter; left time: 802.3739s
	iters: 500, epoch: 5 | loss: 0.2694310
	speed: 0.0078s/iter; left time: 779.8410s
	iters: 600, epoch: 5 | loss: 1.0471611
	speed: 0.0084s/iter; left time: 840.8545s
	iters: 700, epoch: 5 | loss: 0.4443651
	speed: 0.0084s/iter; left time: 842.8752s
	iters: 800, epoch: 5 | loss: 0.3628566
	speed: 0.0083s/iter; left time: 825.4698s
	iters: 900, epoch: 5 | loss: 0.8280260
	speed: 0.0082s/iter; left time: 820.2104s
	iters: 1000, epoch: 5 | loss: 0.4075242
	speed: 0.0081s/iter; left time: 804.1312s
Epoch: 5 cost time: 8.921298265457153
Epoch: 5, Steps: 1048 | Train Loss: 0.5386575 Vali Loss: 0.3032236
EarlyStopping counter: 4 out of 6
Updating learning rate to 3.125e-05
	iters: 100, epoch: 6 | loss: 0.4798587
	speed: 0.0246s/iter; left time: 2449.7622s
	iters: 200, epoch: 6 | loss: 0.5735943
	speed: 0.0091s/iter; left time: 904.1520s
	iters: 300, epoch: 6 | loss: 0.5357389
	speed: 0.0086s/iter; left time: 855.0287s
	iters: 400, epoch: 6 | loss: 0.3471099
	speed: 0.0095s/iter; left time: 942.6849s
	iters: 500, epoch: 6 | loss: 0.5066204
	speed: 0.0082s/iter; left time: 808.1703s
	iters: 600, epoch: 6 | loss: 0.3028848
	speed: 0.0086s/iter; left time: 851.8127s
	iters: 700, epoch: 6 | loss: 0.3793854
	speed: 0.0085s/iter; left time: 840.5001s
	iters: 800, epoch: 6 | loss: 0.3656122
	speed: 0.0080s/iter; left time: 792.8160s
	iters: 900, epoch: 6 | loss: 0.3259468
	speed: 0.0078s/iter; left time: 772.6306s
	iters: 1000, epoch: 6 | loss: 0.3054967
	speed: 0.0080s/iter; left time: 790.6992s
Epoch: 6 cost time: 8.842130661010742
Epoch: 6, Steps: 1048 | Train Loss: 0.5354721 Vali Loss: 0.3072918
EarlyStopping counter: 5 out of 6
Updating learning rate to 1.5625e-05
	iters: 100, epoch: 7 | loss: 0.6280705
	speed: 0.0245s/iter; left time: 2408.6007s
	iters: 200, epoch: 7 | loss: 0.5377437
	speed: 0.0078s/iter; left time: 764.1444s
	iters: 300, epoch: 7 | loss: 0.3021787
	speed: 0.0080s/iter; left time: 783.1224s
	iters: 400, epoch: 7 | loss: 0.7564651
	speed: 0.0081s/iter; left time: 789.9447s
	iters: 500, epoch: 7 | loss: 0.5692188
	speed: 0.0083s/iter; left time: 816.7431s
	iters: 600, epoch: 7 | loss: 0.3886409
	speed: 0.0079s/iter; left time: 774.4698s
	iters: 700, epoch: 7 | loss: 0.7282236
	speed: 0.0081s/iter; left time: 792.4361s
	iters: 800, epoch: 7 | loss: 1.1898547
	speed: 0.0079s/iter; left time: 770.0382s
	iters: 900, epoch: 7 | loss: 0.4073865
	speed: 0.0080s/iter; left time: 783.3222s
	iters: 1000, epoch: 7 | loss: 0.6750677
	speed: 0.0084s/iter; left time: 814.4286s
Epoch: 7 cost time: 8.411961555480957
Epoch: 7, Steps: 1048 | Train Loss: 0.5335244 Vali Loss: 0.3058653
EarlyStopping counter: 6 out of 6
Early stopping
VALIDATION_RESULT {"best_epoch": 1, "best_mae": 0.3694043229443936, "best_mse": 0.29039146261471277, "epochs_ran": 7, "metric_version": "element_weighted_v1"}
>>>>>>>test skipped (validation-only run)<<<<<<<<<<<<<<<<<<<<<<<<
Using GPU
Args in experiment:
[1mBasic Config[0m
  Task Name:          long_term_forecast  Is Training:        0                   
  Model ID:           ETTm2_96_720_table2_ettm2_p720_uni_mamba_s2022Model:              GraphMambaRecent    

[1mData Loader[0m
  Data:               ETTm2               Root Path:          /home/cwh/Time-Series-Library/dataset/ETT-small
  Data Path:          ETTm2.csv           Features:           M                   
  Target:             OT                  Freq:               h                   
  Checkpoints:        /home/cwh/Time-Series-Library/logs/timerole_p0/recent_backbone/seed2022/checkpoints

[1mForecasting Task[0m
  Seq Len:            336                 Label Len:          48                  
  Pred Len:           720                 Seasonal Patterns:  Monthly             
  Inverse:            0                   

[1mModel Parameters[0m
  Top k:              5                   Num Kernels:        6                   
  Enc In:             7                   Dec In:             7                   
  C Out:              7                   d model:            64                  
  n heads:            8                   e layers:           1                   
  d layers:           1                   d FF:               128                 
  Moving Avg:         25                  Factor:             1                   
  Distil:             1                   Dropout:            0.1                 
  Embed:              timeF               Activation:         gelu                

[1mRun Parameters[0m
  Num Workers:        0                   Itr:                1                   
  Train Epochs:       100                 Batch Size:         32                  
  Patience:           6                   Learning Rate:      0.0005              
  Des:                table2_ettm2_p720_uni_mamba_s2022Loss:               MSE                 
  Lradj:              type1               Use Amp:            0                   

[1mGPU[0m
  Use GPU:            1                   GPU:                0                   
  Use Multi GPU:      0                   Devices:            0,1,2,3             

[1mDe-stationary Projector Params[0m
  P Hidden Dims:      128, 128            P Hidden Layers:    2                   

Use GPU: cuda:0
🚀 Lazy Loading: GraphMambaRecent ...
[GraphMamba] Building 7x7 static graph from 2000 training samples
>>>>>>>evaluating validation checkpoint : long_term_forecast_ETTm2_96_720_table2_ettm2_p720_uni_mamba_s2022_GraphMambaRecent_ETTm2_ftM_sl336_ll48_pl720_dm64_nh8_el1_dl1_df128_expand2_dc2_fc1_ebtimeF_dtTrue_table2_ettm2_p720_uni_mamba_s2022_0<<<<<<<<<<<<<<<<<<<<<<<<<<<<<<<<<
val 10801
EVALUATION_RESULT {"batches": 338, "elapsed_seconds": 1.573465907946229, "elements": 54437040, "mae": 0.36940432376960153, "metric_version": "element_weighted_v1", "milliseconds_per_batch": 4.655224579722571, "mse": 0.29039146243531977, "parameter_count": 6770790, "peak_cuda_memory_bytes": 154691584, "split": "val", "timerole_intervention": "intact"}
=== w/o Mamba | ETTm1-96 ===
Using GPU
Args in experiment:
[1mBasic Config[0m
  Task Name:          long_term_forecast  Is Training:        1                   
  Model ID:           ETTm1_96_96_table2_ettm1_p96_no_mamba_s2022Model:              GraphMambaRecent    

[1mData Loader[0m
  Data:               ETTm1               Root Path:          /home/cwh/Time-Series-Library/dataset/ETT-small
  Data Path:          ETTm1.csv           Features:           M                   
  Target:             OT                  Freq:               h                   
  Checkpoints:        /home/cwh/Time-Series-Library/logs/timerole_p0/recent_backbone/seed2022/checkpoints

[1mForecasting Task[0m
  Seq Len:            336                 Label Len:          48                  
  Pred Len:           96                  Seasonal Patterns:  Monthly             
  Inverse:            0                   

[1mModel Parameters[0m
  Top k:              5                   Num Kernels:        6                   
  Enc In:             7                   Dec In:             7                   
  C Out:              7                   d model:            64                  
  n heads:            8                   e layers:           1                   
  d layers:           1                   d FF:               128                 
  Moving Avg:         25                  Factor:             1                   
  Distil:             1                   Dropout:            0.1                 
  Embed:              timeF               Activation:         gelu                

[1mRun Parameters[0m
  Num Workers:        0                   Itr:                1                   
  Train Epochs:       100                 Batch Size:         32                  
  Patience:           6                   Learning Rate:      0.0005              
  Des:                table2_ettm1_p96_no_mamba_s2022Loss:               MSE                 
  Lradj:              type1               Use Amp:            0                   

[1mGPU[0m
  Use GPU:            1                   GPU:                0                   
  Use Multi GPU:      0                   Devices:            0,1,2,3             

[1mDe-stationary Projector Params[0m
  P Hidden Dims:      128, 128            P Hidden Layers:    2                   

Use GPU: cuda:0
🚀 Lazy Loading: GraphMambaRecent ...
[GraphMamba] Building 7x7 static graph from 2000 training samples
>>>>>>>start training : long_term_forecast_ETTm1_96_96_table2_ettm1_p96_no_mamba_s2022_GraphMambaRecent_ETTm1_ftM_sl336_ll48_pl96_dm64_nh8_el1_dl1_df128_expand2_dc2_fc1_ebtimeF_dtTrue_table2_ettm1_p96_no_mamba_s2022_0>>>>>>>>>>>>>>>>>>>>>>>>>>
train 34129
val 11425
	iters: 100, epoch: 1 | loss: 0.3064328
	speed: 0.0110s/iter; left time: 1169.8157s
	iters: 200, epoch: 1 | loss: 0.3415146
	speed: 0.0045s/iter; left time: 476.1116s
	iters: 300, epoch: 1 | loss: 0.3106916
	speed: 0.0039s/iter; left time: 410.0109s
	iters: 400, epoch: 1 | loss: 0.2794699
	speed: 0.0040s/iter; left time: 422.1864s
	iters: 500, epoch: 1 | loss: 0.4520045
	speed: 0.0036s/iter; left time: 381.0387s
	iters: 600, epoch: 1 | loss: 0.3134729
	speed: 0.0037s/iter; left time: 387.4098s
	iters: 700, epoch: 1 | loss: 0.2710077
	speed: 0.0037s/iter; left time: 388.8987s
	iters: 800, epoch: 1 | loss: 0.2638151
	speed: 0.0037s/iter; left time: 387.5461s
	iters: 900, epoch: 1 | loss: 0.2704142
	speed: 0.0039s/iter; left time: 415.1531s
	iters: 1000, epoch: 1 | loss: 0.2958254
	speed: 0.0043s/iter; left time: 453.7188s
Epoch: 1 cost time: 4.327001333236694
Epoch: 1, Steps: 1067 | Train Loss: 0.3262402 Vali Loss: 0.4007686
Validation loss decreased (inf --> 0.400769).  Saving model ...
Updating learning rate to 0.0005
	iters: 100, epoch: 2 | loss: 0.3108690
	speed: 0.0133s/iter; left time: 1406.6273s
	iters: 200, epoch: 2 | loss: 0.3120141
	speed: 0.0045s/iter; left time: 474.6109s
	iters: 300, epoch: 2 | loss: 0.2586925
	speed: 0.0054s/iter; left time: 567.1835s
	iters: 400, epoch: 2 | loss: 0.2752549
	speed: 0.0055s/iter; left time: 573.8536s
	iters: 500, epoch: 2 | loss: 0.2389656
	speed: 0.0049s/iter; left time: 511.0661s
	iters: 600, epoch: 2 | loss: 0.2873593
	speed: 0.0042s/iter; left time: 440.8937s
	iters: 700, epoch: 2 | loss: 0.2818007
	speed: 0.0042s/iter; left time: 444.4428s
	iters: 800, epoch: 2 | loss: 0.2491155
	speed: 0.0043s/iter; left time: 447.2518s
	iters: 900, epoch: 2 | loss: 0.2535561
	speed: 0.0038s/iter; left time: 400.8921s
	iters: 1000, epoch: 2 | loss: 0.2715507
	speed: 0.0041s/iter; left time: 431.5608s
Epoch: 2 cost time: 4.725120306015015
Epoch: 2, Steps: 1067 | Train Loss: 0.2980013 Vali Loss: 0.3914583
Validation loss decreased (0.400769 --> 0.391458).  Saving model ...
Updating learning rate to 0.00025
	iters: 100, epoch: 3 | loss: 0.3128778
	speed: 0.0132s/iter; left time: 1376.0193s
	iters: 200, epoch: 3 | loss: 0.2411876
	speed: 0.0038s/iter; left time: 399.4807s
	iters: 300, epoch: 3 | loss: 0.3323347
	speed: 0.0037s/iter; left time: 382.8139s
	iters: 400, epoch: 3 | loss: 0.3466698
	speed: 0.0041s/iter; left time: 423.3950s
	iters: 500, epoch: 3 | loss: 0.2292514
	speed: 0.0040s/iter; left time: 416.6733s
	iters: 600, epoch: 3 | loss: 0.2693210
	speed: 0.0039s/iter; left time: 408.2370s
	iters: 700, epoch: 3 | loss: 0.2783779
	speed: 0.0037s/iter; left time: 382.2927s
	iters: 800, epoch: 3 | loss: 0.2877290
	speed: 0.0040s/iter; left time: 414.9694s
	iters: 900, epoch: 3 | loss: 0.2775571
	speed: 0.0041s/iter; left time: 420.8642s
	iters: 1000, epoch: 3 | loss: 0.2493580
	speed: 0.0038s/iter; left time: 389.8432s
Epoch: 3 cost time: 4.157751560211182
Epoch: 3, Steps: 1067 | Train Loss: 0.2884129 Vali Loss: 0.3872795
Validation loss decreased (0.391458 --> 0.387280).  Saving model ...
Updating learning rate to 0.000125
	iters: 100, epoch: 4 | loss: 0.3793043
	speed: 0.0135s/iter; left time: 1391.5655s
	iters: 200, epoch: 4 | loss: 0.3037752
	speed: 0.0041s/iter; left time: 423.8478s
	iters: 300, epoch: 4 | loss: 0.2248376
	speed: 0.0035s/iter; left time: 365.1866s
	iters: 400, epoch: 4 | loss: 0.3260425
	speed: 0.0035s/iter; left time: 365.7064s
	iters: 500, epoch: 4 | loss: 0.3006352
	speed: 0.0038s/iter; left time: 389.3376s
	iters: 600, epoch: 4 | loss: 0.2567547
	speed: 0.0036s/iter; left time: 366.2224s
	iters: 700, epoch: 4 | loss: 0.3098011
	speed: 0.0041s/iter; left time: 426.5805s
	iters: 800, epoch: 4 | loss: 0.2841386
	speed: 0.0040s/iter; left time: 406.9625s
	iters: 900, epoch: 4 | loss: 0.2953427
	speed: 0.0038s/iter; left time: 389.0027s
	iters: 1000, epoch: 4 | loss: 0.2758425
	speed: 0.0039s/iter; left time: 397.9698s
Epoch: 4 cost time: 4.043910026550293
Epoch: 4, Steps: 1067 | Train Loss: 0.2838779 Vali Loss: 0.3879873
EarlyStopping counter: 1 out of 6
Updating learning rate to 6.25e-05
	iters: 100, epoch: 5 | loss: 0.2631184
	speed: 0.0129s/iter; left time: 1315.7294s
	iters: 200, epoch: 5 | loss: 0.2620729
	speed: 0.0039s/iter; left time: 402.8429s
	iters: 300, epoch: 5 | loss: 0.3154728
	speed: 0.0039s/iter; left time: 394.1732s
	iters: 400, epoch: 5 | loss: 0.3089645
	speed: 0.0037s/iter; left time: 375.4345s
	iters: 500, epoch: 5 | loss: 0.3572033
	speed: 0.0043s/iter; left time: 436.5456s
	iters: 600, epoch: 5 | loss: 0.2370131
	speed: 0.0041s/iter; left time: 414.6109s
	iters: 700, epoch: 5 | loss: 0.3031642
	speed: 0.0042s/iter; left time: 431.6567s
	iters: 800, epoch: 5 | loss: 0.2688526
	speed: 0.0040s/iter; left time: 409.4551s
	iters: 900, epoch: 5 | loss: 0.2437212
	speed: 0.0041s/iter; left time: 412.0067s
	iters: 1000, epoch: 5 | loss: 0.3065485
	speed: 0.0040s/iter; left time: 403.1803s
Epoch: 5 cost time: 4.254910230636597
Epoch: 5, Steps: 1067 | Train Loss: 0.2820620 Vali Loss: 0.3849346
Validation loss decreased (0.387280 --> 0.384935).  Saving model ...
Updating learning rate to 3.125e-05
	iters: 100, epoch: 6 | loss: 0.2831462
	speed: 0.0133s/iter; left time: 1347.0557s
	iters: 200, epoch: 6 | loss: 0.2404428
	speed: 0.0040s/iter; left time: 402.6877s
	iters: 300, epoch: 6 | loss: 0.2410074
	speed: 0.0042s/iter; left time: 420.2834s
	iters: 400, epoch: 6 | loss: 0.2791005
	speed: 0.0039s/iter; left time: 389.4624s
	iters: 500, epoch: 6 | loss: 0.3208650
	speed: 0.0040s/iter; left time: 399.3160s
	iters: 600, epoch: 6 | loss: 0.2957507
	speed: 0.0037s/iter; left time: 376.9629s
	iters: 700, epoch: 6 | loss: 0.3220876
	speed: 0.0037s/iter; left time: 370.9506s
	iters: 800, epoch: 6 | loss: 0.2368431
	speed: 0.0038s/iter; left time: 377.8368s
	iters: 900, epoch: 6 | loss: 0.2318501
	speed: 0.0042s/iter; left time: 419.7440s
	iters: 1000, epoch: 6 | loss: 0.3311247
	speed: 0.0041s/iter; left time: 413.5533s
Epoch: 6 cost time: 4.191787242889404
Epoch: 6, Steps: 1067 | Train Loss: 0.2807810 Vali Loss: 0.3874227
EarlyStopping counter: 1 out of 6
Updating learning rate to 1.5625e-05
	iters: 100, epoch: 7 | loss: 0.2579833
	speed: 0.0131s/iter; left time: 1316.0469s
	iters: 200, epoch: 7 | loss: 0.2536303
	speed: 0.0045s/iter; left time: 446.0806s
	iters: 300, epoch: 7 | loss: 0.2802940
	speed: 0.0037s/iter; left time: 372.1753s
	iters: 400, epoch: 7 | loss: 0.2767058
	speed: 0.0038s/iter; left time: 383.1964s
	iters: 500, epoch: 7 | loss: 0.2802205
	speed: 0.0045s/iter; left time: 447.6658s
	iters: 600, epoch: 7 | loss: 0.2767080
	speed: 0.0039s/iter; left time: 385.0216s
	iters: 700, epoch: 7 | loss: 0.2154795
	speed: 0.0037s/iter; left time: 370.5007s
	iters: 800, epoch: 7 | loss: 0.2702261
	speed: 0.0036s/iter; left time: 355.7156s
	iters: 900, epoch: 7 | loss: 0.3066767
	speed: 0.0037s/iter; left time: 370.6496s
	iters: 1000, epoch: 7 | loss: 0.2959239
	speed: 0.0037s/iter; left time: 369.2732s
Epoch: 7 cost time: 4.147706508636475
Epoch: 7, Steps: 1067 | Train Loss: 0.2804362 Vali Loss: 0.3854984
EarlyStopping counter: 2 out of 6
Updating learning rate to 7.8125e-06
	iters: 100, epoch: 8 | loss: 0.2588196
	speed: 0.0136s/iter; left time: 1344.7193s
	iters: 200, epoch: 8 | loss: 0.2195559
	speed: 0.0037s/iter; left time: 370.4296s
	iters: 300, epoch: 8 | loss: 0.2838370
	speed: 0.0038s/iter; left time: 372.9947s
	iters: 400, epoch: 8 | loss: 0.2818774
	speed: 0.0037s/iter; left time: 366.4780s
	iters: 500, epoch: 8 | loss: 0.3233918
	speed: 0.0040s/iter; left time: 397.8865s
	iters: 600, epoch: 8 | loss: 0.2573051
	speed: 0.0037s/iter; left time: 366.8012s
	iters: 700, epoch: 8 | loss: 0.2678674
	speed: 0.0038s/iter; left time: 374.5077s
	iters: 800, epoch: 8 | loss: 0.2500685
	speed: 0.0036s/iter; left time: 355.8632s
	iters: 900, epoch: 8 | loss: 0.3225872
	speed: 0.0039s/iter; left time: 387.1011s
	iters: 1000, epoch: 8 | loss: 0.2817908
	speed: 0.0036s/iter; left time: 348.8972s
Epoch: 8 cost time: 4.028849840164185
Epoch: 8, Steps: 1067 | Train Loss: 0.2799894 Vali Loss: 0.3857236
EarlyStopping counter: 3 out of 6
Updating learning rate to 3.90625e-06
	iters: 100, epoch: 9 | loss: 0.3278227
	speed: 0.0135s/iter; left time: 1326.9880s
	iters: 200, epoch: 9 | loss: 0.2849659
	speed: 0.0038s/iter; left time: 367.7866s
	iters: 300, epoch: 9 | loss: 0.3346064
	speed: 0.0037s/iter; left time: 366.6879s
	iters: 400, epoch: 9 | loss: 0.2816597
	speed: 0.0039s/iter; left time: 378.2339s
	iters: 500, epoch: 9 | loss: 0.3284222
	speed: 0.0049s/iter; left time: 474.3318s
	iters: 600, epoch: 9 | loss: 0.2597693
	speed: 0.0047s/iter; left time: 455.6646s
	iters: 700, epoch: 9 | loss: 0.2368242
	speed: 0.0040s/iter; left time: 387.6488s
	iters: 800, epoch: 9 | loss: 0.2327056
	speed: 0.0038s/iter; left time: 371.6722s
	iters: 900, epoch: 9 | loss: 0.2697892
	speed: 0.0039s/iter; left time: 374.7323s
	iters: 1000, epoch: 9 | loss: 0.2605982
	speed: 0.0037s/iter; left time: 360.7257s
Epoch: 9 cost time: 4.242440223693848
Epoch: 9, Steps: 1067 | Train Loss: 0.2800575 Vali Loss: 0.3851840
EarlyStopping counter: 4 out of 6
Updating learning rate to 1.953125e-06
	iters: 100, epoch: 10 | loss: 0.2546812
	speed: 0.0130s/iter; left time: 1256.9923s
	iters: 200, epoch: 10 | loss: 0.2084138
	speed: 0.0036s/iter; left time: 351.5327s
	iters: 300, epoch: 10 | loss: 0.2707201
	speed: 0.0037s/iter; left time: 354.1872s
	iters: 400, epoch: 10 | loss: 0.2407300
	speed: 0.0035s/iter; left time: 342.3391s
	iters: 500, epoch: 10 | loss: 0.2750516
	speed: 0.0037s/iter; left time: 356.3282s
	iters: 600, epoch: 10 | loss: 0.2881205
	speed: 0.0034s/iter; left time: 332.6142s
	iters: 700, epoch: 10 | loss: 0.3036921
	speed: 0.0036s/iter; left time: 344.6121s
	iters: 800, epoch: 10 | loss: 0.3050612
	speed: 0.0038s/iter; left time: 362.6307s
	iters: 900, epoch: 10 | loss: 0.3023705
	speed: 0.0038s/iter; left time: 366.3910s
	iters: 1000, epoch: 10 | loss: 0.2856336
	speed: 0.0036s/iter; left time: 341.9583s
Epoch: 10 cost time: 3.892007827758789
Epoch: 10, Steps: 1067 | Train Loss: 0.2797851 Vali Loss: 0.3851873
EarlyStopping counter: 5 out of 6
Updating learning rate to 9.765625e-07
	iters: 100, epoch: 11 | loss: 0.3506415
	speed: 0.0134s/iter; left time: 1285.1492s
	iters: 200, epoch: 11 | loss: 0.2749542
	speed: 0.0035s/iter; left time: 336.1973s
	iters: 300, epoch: 11 | loss: 0.3129957
	speed: 0.0035s/iter; left time: 338.6879s
	iters: 400, epoch: 11 | loss: 0.2894785
	speed: 0.0037s/iter; left time: 352.3982s
	iters: 500, epoch: 11 | loss: 0.2590612
	speed: 0.0035s/iter; left time: 337.4715s
	iters: 600, epoch: 11 | loss: 0.3186529
	speed: 0.0039s/iter; left time: 372.0586s
	iters: 700, epoch: 11 | loss: 0.2533443
	speed: 0.0040s/iter; left time: 383.0435s
	iters: 800, epoch: 11 | loss: 0.2987915
	speed: 0.0038s/iter; left time: 365.9982s
	iters: 900, epoch: 11 | loss: 0.3457611
	speed: 0.0038s/iter; left time: 364.6143s
	iters: 1000, epoch: 11 | loss: 0.2651151
	speed: 0.0037s/iter; left time: 353.1227s
Epoch: 11 cost time: 3.9862239360809326
Epoch: 11, Steps: 1067 | Train Loss: 0.2799219 Vali Loss: 0.3851956
EarlyStopping counter: 6 out of 6
Early stopping
VALIDATION_RESULT {"best_epoch": 5, "best_mae": 0.4087144136324492, "best_mse": 0.3849346317966195, "epochs_ran": 11, "metric_version": "element_weighted_v1"}
>>>>>>>test skipped (validation-only run)<<<<<<<<<<<<<<<<<<<<<<<<
Using GPU
Args in experiment:
[1mBasic Config[0m
  Task Name:          long_term_forecast  Is Training:        0                   
  Model ID:           ETTm1_96_96_table2_ettm1_p96_no_mamba_s2022Model:              GraphMambaRecent    

[1mData Loader[0m
  Data:               ETTm1               Root Path:          /home/cwh/Time-Series-Library/dataset/ETT-small
  Data Path:          ETTm1.csv           Features:           M                   
  Target:             OT                  Freq:               h                   
  Checkpoints:        /home/cwh/Time-Series-Library/logs/timerole_p0/recent_backbone/seed2022/checkpoints

[1mForecasting Task[0m
  Seq Len:            336                 Label Len:          48                  
  Pred Len:           96                  Seasonal Patterns:  Monthly             
  Inverse:            0                   

[1mModel Parameters[0m
  Top k:              5                   Num Kernels:        6                   
  Enc In:             7                   Dec In:             7                   
  C Out:              7                   d model:            64                  
  n heads:            8                   e layers:           1                   
  d layers:           1                   d FF:               128                 
  Moving Avg:         25                  Factor:             1                   
  Distil:             1                   Dropout:            0.1                 
  Embed:              timeF               Activation:         gelu                

[1mRun Parameters[0m
  Num Workers:        0                   Itr:                1                   
  Train Epochs:       100                 Batch Size:         32                  
  Patience:           6                   Learning Rate:      0.0005              
  Des:                table2_ettm1_p96_no_mamba_s2022Loss:               MSE                 
  Lradj:              type1               Use Amp:            0                   

[1mGPU[0m
  Use GPU:            1                   GPU:                0                   
  Use Multi GPU:      0                   Devices:            0,1,2,3             

[1mDe-stationary Projector Params[0m
  P Hidden Dims:      128, 128            P Hidden Layers:    2                   

Use GPU: cuda:0
🚀 Lazy Loading: GraphMambaRecent ...
[GraphMamba] Building 7x7 static graph from 2000 training samples
>>>>>>>evaluating validation checkpoint : long_term_forecast_ETTm1_96_96_table2_ettm1_p96_no_mamba_s2022_GraphMambaRecent_ETTm1_ftM_sl336_ll48_pl96_dm64_nh8_el1_dl1_df128_expand2_dc2_fc1_ebtimeF_dtTrue_table2_ettm1_p96_no_mamba_s2022_0<<<<<<<<<<<<<<<<<<<<<<<<<<<<<<<<<
val 11425
EVALUATION_RESULT {"batches": 358, "elapsed_seconds": 0.8011854339856654, "elements": 7677600, "mae": 0.40871441458642166, "metric_version": "element_weighted_v1", "milliseconds_per_batch": 2.237948139624764, "mse": 0.3849346291900886, "parameter_count": 903366, "peak_cuda_memory_bytes": 65779200, "split": "val", "timerole_intervention": "intact"}
=== w/o Mamba | ETTm1-720 ===
Using GPU
Args in experiment:
[1mBasic Config[0m
  Task Name:          long_term_forecast  Is Training:        1                   
  Model ID:           ETTm1_96_720_table2_ettm1_p720_no_mamba_s2022Model:              GraphMambaRecent    

[1mData Loader[0m
  Data:               ETTm1               Root Path:          /home/cwh/Time-Series-Library/dataset/ETT-small
  Data Path:          ETTm1.csv           Features:           M                   
  Target:             OT                  Freq:               h                   
  Checkpoints:        /home/cwh/Time-Series-Library/logs/timerole_p0/recent_backbone/seed2022/checkpoints

[1mForecasting Task[0m
  Seq Len:            336                 Label Len:          48                  
  Pred Len:           720                 Seasonal Patterns:  Monthly             
  Inverse:            0                   

[1mModel Parameters[0m
  Top k:              5                   Num Kernels:        6                   
  Enc In:             7                   Dec In:             7                   
  C Out:              7                   d model:            64                  
  n heads:            8                   e layers:           1                   
  d layers:           1                   d FF:               128                 
  Moving Avg:         25                  Factor:             1                   
  Distil:             1                   Dropout:            0.1                 
  Embed:              timeF               Activation:         gelu                

[1mRun Parameters[0m
  Num Workers:        0                   Itr:                1                   
  Train Epochs:       100                 Batch Size:         32                  
  Patience:           6                   Learning Rate:      0.0005              
  Des:                table2_ettm1_p720_no_mamba_s2022Loss:               MSE                 
  Lradj:              type1               Use Amp:            0                   

[1mGPU[0m
  Use GPU:            1                   GPU:                0                   
  Use Multi GPU:      0                   Devices:            0,1,2,3             

[1mDe-stationary Projector Params[0m
  P Hidden Dims:      128, 128            P Hidden Layers:    2                   

Use GPU: cuda:0
🚀 Lazy Loading: GraphMambaRecent ...
[GraphMamba] Building 7x7 static graph from 2000 training samples
>>>>>>>start training : long_term_forecast_ETTm1_96_720_table2_ettm1_p720_no_mamba_s2022_GraphMambaRecent_ETTm1_ftM_sl336_ll48_pl720_dm64_nh8_el1_dl1_df128_expand2_dc2_fc1_ebtimeF_dtTrue_table2_ettm1_p720_no_mamba_s2022_0>>>>>>>>>>>>>>>>>>>>>>>>>>
train 33505
val 10801
	iters: 100, epoch: 1 | loss: 0.4994305
	speed: 0.0111s/iter; left time: 1162.2469s
	iters: 200, epoch: 1 | loss: 0.5443810
	speed: 0.0042s/iter; left time: 442.4531s
	iters: 300, epoch: 1 | loss: 0.5280424
	speed: 0.0042s/iter; left time: 442.8994s
	iters: 400, epoch: 1 | loss: 0.4116895
	speed: 0.0042s/iter; left time: 433.9952s
	iters: 500, epoch: 1 | loss: 0.4377635
	speed: 0.0040s/iter; left time: 413.7324s
	iters: 600, epoch: 1 | loss: 0.4412768
	speed: 0.0041s/iter; left time: 431.4086s
	iters: 700, epoch: 1 | loss: 0.4208897
	speed: 0.0042s/iter; left time: 441.7941s
	iters: 800, epoch: 1 | loss: 0.4922925
	speed: 0.0042s/iter; left time: 440.6422s
	iters: 900, epoch: 1 | loss: 0.4225881
	speed: 0.0043s/iter; left time: 442.4992s
	iters: 1000, epoch: 1 | loss: 0.5320686
	speed: 0.0042s/iter; left time: 438.1151s
Epoch: 1 cost time: 4.5530195236206055
Epoch: 1, Steps: 1048 | Train Loss: 0.4830311 Vali Loss: 0.9877790
Validation loss decreased (inf --> 0.987779).  Saving model ...
Updating learning rate to 0.0005
	iters: 100, epoch: 2 | loss: 0.4996790
	speed: 0.0138s/iter; left time: 1428.8086s
	iters: 200, epoch: 2 | loss: 0.5001463
	speed: 0.0042s/iter; left time: 438.8346s
	iters: 300, epoch: 2 | loss: 0.4879804
	speed: 0.0041s/iter; left time: 427.4179s
	iters: 400, epoch: 2 | loss: 0.3985433
	speed: 0.0041s/iter; left time: 420.5901s
	iters: 500, epoch: 2 | loss: 0.4851839
	speed: 0.0042s/iter; left time: 430.9043s
	iters: 600, epoch: 2 | loss: 0.4028114
	speed: 0.0045s/iter; left time: 463.1763s
	iters: 700, epoch: 2 | loss: 0.5122021
	speed: 0.0044s/iter; left time: 448.6215s
	iters: 800, epoch: 2 | loss: 0.5022680
	speed: 0.0042s/iter; left time: 437.2208s
	iters: 900, epoch: 2 | loss: 0.4677707
	speed: 0.0042s/iter; left time: 428.6224s
	iters: 1000, epoch: 2 | loss: 0.4728792
	speed: 0.0040s/iter; left time: 412.1167s
Epoch: 2 cost time: 4.394234657287598
Epoch: 2, Steps: 1048 | Train Loss: 0.4654274 Vali Loss: 0.9776202
Validation loss decreased (0.987779 --> 0.977620).  Saving model ...
Updating learning rate to 0.00025
	iters: 100, epoch: 3 | loss: 0.4412647
	speed: 0.0138s/iter; left time: 1412.8311s
	iters: 200, epoch: 3 | loss: 0.4125446
	speed: 0.0045s/iter; left time: 460.0477s
	iters: 300, epoch: 3 | loss: 0.4554701
	speed: 0.0042s/iter; left time: 425.7325s
	iters: 400, epoch: 3 | loss: 0.4379363
	speed: 0.0044s/iter; left time: 450.4374s
	iters: 500, epoch: 3 | loss: 0.4597529
	speed: 0.0042s/iter; left time: 431.3508s
	iters: 600, epoch: 3 | loss: 0.4087775
	speed: 0.0040s/iter; left time: 412.4451s
	iters: 700, epoch: 3 | loss: 0.4105262
	speed: 0.0041s/iter; left time: 423.2344s
	iters: 800, epoch: 3 | loss: 0.4721199
	speed: 0.0043s/iter; left time: 437.4296s
	iters: 900, epoch: 3 | loss: 0.4311402
	speed: 0.0040s/iter; left time: 410.5485s
	iters: 1000, epoch: 3 | loss: 0.4050880
	speed: 0.0040s/iter; left time: 410.8230s
Epoch: 3 cost time: 4.385502338409424
Epoch: 3, Steps: 1048 | Train Loss: 0.4567473 Vali Loss: 0.9647650
Validation loss decreased (0.977620 --> 0.964765).  Saving model ...
Updating learning rate to 0.000125
	iters: 100, epoch: 4 | loss: 0.5041696
	speed: 0.0141s/iter; left time: 1434.4625s
	iters: 200, epoch: 4 | loss: 0.4387946
	speed: 0.0043s/iter; left time: 434.8058s
	iters: 300, epoch: 4 | loss: 0.4404858
	speed: 0.0042s/iter; left time: 427.2142s
	iters: 400, epoch: 4 | loss: 0.4230035
	speed: 0.0041s/iter; left time: 412.7058s
	iters: 500, epoch: 4 | loss: 0.4369950
	speed: 0.0044s/iter; left time: 440.8688s
	iters: 600, epoch: 4 | loss: 0.4635613
	speed: 0.0042s/iter; left time: 428.5171s
	iters: 700, epoch: 4 | loss: 0.4485705
	speed: 0.0043s/iter; left time: 431.5406s
	iters: 800, epoch: 4 | loss: 0.4578376
	speed: 0.0044s/iter; left time: 440.2135s
	iters: 900, epoch: 4 | loss: 0.4540911
	speed: 0.0044s/iter; left time: 447.0745s
	iters: 1000, epoch: 4 | loss: 0.3988224
	speed: 0.0042s/iter; left time: 424.7396s
Epoch: 4 cost time: 4.524409770965576
Epoch: 4, Steps: 1048 | Train Loss: 0.4530811 Vali Loss: 0.9662115
EarlyStopping counter: 1 out of 6
Updating learning rate to 6.25e-05
	iters: 100, epoch: 5 | loss: 0.4289501
	speed: 0.0141s/iter; left time: 1413.4083s
	iters: 200, epoch: 5 | loss: 0.4429767
	speed: 0.0049s/iter; left time: 496.2830s
	iters: 300, epoch: 5 | loss: 0.3783337
	speed: 0.0047s/iter; left time: 474.3447s
	iters: 400, epoch: 5 | loss: 0.4805895
	speed: 0.0042s/iter; left time: 424.9622s
	iters: 500, epoch: 5 | loss: 0.4934336
	speed: 0.0039s/iter; left time: 392.6041s
	iters: 600, epoch: 5 | loss: 0.4577298
	speed: 0.0041s/iter; left time: 406.7651s
	iters: 700, epoch: 5 | loss: 0.4465784
	speed: 0.0042s/iter; left time: 419.7289s
	iters: 800, epoch: 5 | loss: 0.4343929
	speed: 0.0041s/iter; left time: 407.9743s
	iters: 900, epoch: 5 | loss: 0.5009058
	speed: 0.0042s/iter; left time: 419.8132s
	iters: 1000, epoch: 5 | loss: 0.4977859
	speed: 0.0041s/iter; left time: 413.1593s
Epoch: 5 cost time: 4.476097345352173
Epoch: 5, Steps: 1048 | Train Loss: 0.4514618 Vali Loss: 0.9642129
Validation loss decreased (0.964765 --> 0.964213).  Saving model ...
Updating learning rate to 3.125e-05
	iters: 100, epoch: 6 | loss: 0.4416668
	speed: 0.0141s/iter; left time: 1405.2844s
	iters: 200, epoch: 6 | loss: 0.4312802
	speed: 0.0040s/iter; left time: 400.7180s
	iters: 300, epoch: 6 | loss: 0.3652627
	speed: 0.0041s/iter; left time: 402.1244s
	iters: 400, epoch: 6 | loss: 0.4266849
	speed: 0.0042s/iter; left time: 419.9048s
	iters: 500, epoch: 6 | loss: 0.3543169
	speed: 0.0047s/iter; left time: 468.9138s
	iters: 600, epoch: 6 | loss: 0.3980500
	speed: 0.0048s/iter; left time: 473.2140s
	iters: 700, epoch: 6 | loss: 0.4477942
	speed: 0.0056s/iter; left time: 558.3639s
	iters: 800, epoch: 6 | loss: 0.4225836
	speed: 0.0057s/iter; left time: 563.7641s
	iters: 900, epoch: 6 | loss: 0.4027464
	speed: 0.0052s/iter; left time: 513.5163s
	iters: 1000, epoch: 6 | loss: 0.3989308
	speed: 0.0052s/iter; left time: 514.6490s
Epoch: 6 cost time: 5.04477071762085
Epoch: 6, Steps: 1048 | Train Loss: 0.4501344 Vali Loss: 0.9642299
EarlyStopping counter: 1 out of 6
Updating learning rate to 1.5625e-05
	iters: 100, epoch: 7 | loss: 0.4507370
	speed: 0.0153s/iter; left time: 1509.6736s
	iters: 200, epoch: 7 | loss: 0.3739558
	speed: 0.0051s/iter; left time: 503.1918s
	iters: 300, epoch: 7 | loss: 0.4309310
	speed: 0.0057s/iter; left time: 557.1877s
	iters: 400, epoch: 7 | loss: 0.5243623
	speed: 0.0050s/iter; left time: 491.8275s
	iters: 500, epoch: 7 | loss: 0.6013052
	speed: 0.0048s/iter; left time: 465.7949s
	iters: 600, epoch: 7 | loss: 0.3980479
	speed: 0.0047s/iter; left time: 462.5860s
	iters: 700, epoch: 7 | loss: 0.4526009
	speed: 0.0048s/iter; left time: 474.2549s
	iters: 800, epoch: 7 | loss: 0.4659976
	speed: 0.0045s/iter; left time: 441.9604s
	iters: 900, epoch: 7 | loss: 0.4497333
	speed: 0.0044s/iter; left time: 426.4657s
	iters: 1000, epoch: 7 | loss: 0.4034682
	speed: 0.0043s/iter; left time: 421.3856s
Epoch: 7 cost time: 5.003880262374878
Epoch: 7, Steps: 1048 | Train Loss: 0.4499531 Vali Loss: 0.9640534
Validation loss decreased (0.964213 --> 0.964053).  Saving model ...
Updating learning rate to 7.8125e-06
	iters: 100, epoch: 8 | loss: 0.4559243
	speed: 0.0147s/iter; left time: 1429.9180s
	iters: 200, epoch: 8 | loss: 0.4191591
	speed: 0.0045s/iter; left time: 433.4361s
	iters: 300, epoch: 8 | loss: 0.3754584
	speed: 0.0046s/iter; left time: 448.8496s
	iters: 400, epoch: 8 | loss: 0.4841222
	speed: 0.0046s/iter; left time: 444.6213s
	iters: 500, epoch: 8 | loss: 0.4755200
	speed: 0.0042s/iter; left time: 411.3857s
	iters: 600, epoch: 8 | loss: 0.4183314
	speed: 0.0044s/iter; left time: 430.2386s
	iters: 700, epoch: 8 | loss: 0.4577211
	speed: 0.0040s/iter; left time: 390.9060s
	iters: 800, epoch: 8 | loss: 0.4715098
	speed: 0.0041s/iter; left time: 398.8410s
	iters: 900, epoch: 8 | loss: 0.4603226
	speed: 0.0043s/iter; left time: 413.8231s
	iters: 1000, epoch: 8 | loss: 0.4082360
	speed: 0.0042s/iter; left time: 401.4617s
Epoch: 8 cost time: 4.53313422203064
Epoch: 8, Steps: 1048 | Train Loss: 0.4496595 Vali Loss: 0.9637747
Validation loss decreased (0.964053 --> 0.963775).  Saving model ...
Updating learning rate to 3.90625e-06
	iters: 100, epoch: 9 | loss: 0.4550343
	speed: 0.0133s/iter; left time: 1282.4717s
	iters: 200, epoch: 9 | loss: 0.4487199
	speed: 0.0040s/iter; left time: 384.7701s
	iters: 300, epoch: 9 | loss: 0.4246050
	speed: 0.0041s/iter; left time: 398.4806s
	iters: 400, epoch: 9 | loss: 0.5344918
	speed: 0.0042s/iter; left time: 401.4211s
	iters: 500, epoch: 9 | loss: 0.4400243
	speed: 0.0041s/iter; left time: 390.0443s
	iters: 600, epoch: 9 | loss: 0.4575141
	speed: 0.0042s/iter; left time: 406.0489s
	iters: 700, epoch: 9 | loss: 0.4175588
	speed: 0.0043s/iter; left time: 412.6087s
	iters: 800, epoch: 9 | loss: 0.5072129
	speed: 0.0040s/iter; left time: 384.6755s
	iters: 900, epoch: 9 | loss: 0.4321212
	speed: 0.0039s/iter; left time: 369.2246s
	iters: 1000, epoch: 9 | loss: 0.4484641
	speed: 0.0039s/iter; left time: 369.6661s
Epoch: 9 cost time: 4.260889530181885
Epoch: 9, Steps: 1048 | Train Loss: 0.4494041 Vali Loss: 0.9635916
Validation loss decreased (0.963775 --> 0.963592).  Saving model ...
Updating learning rate to 1.953125e-06
	iters: 100, epoch: 10 | loss: 0.4055008
	speed: 0.0136s/iter; left time: 1291.4069s
	iters: 200, epoch: 10 | loss: 0.4255054
	speed: 0.0040s/iter; left time: 376.8642s
	iters: 300, epoch: 10 | loss: 0.4059138
	speed: 0.0041s/iter; left time: 389.5706s
	iters: 400, epoch: 10 | loss: 0.5457789
	speed: 0.0040s/iter; left time: 383.7602s
	iters: 500, epoch: 10 | loss: 0.3891062
	speed: 0.0043s/iter; left time: 403.3248s
	iters: 600, epoch: 10 | loss: 0.4325051
	speed: 0.0040s/iter; left time: 375.2492s
	iters: 700, epoch: 10 | loss: 0.4629720
	speed: 0.0040s/iter; left time: 381.5701s
	iters: 800, epoch: 10 | loss: 0.4379887
	speed: 0.0038s/iter; left time: 355.4648s
	iters: 900, epoch: 10 | loss: 0.4907619
	speed: 0.0041s/iter; left time: 385.5403s
	iters: 1000, epoch: 10 | loss: 0.4831746
	speed: 0.0041s/iter; left time: 384.5602s
Epoch: 10 cost time: 4.221146106719971
Epoch: 10, Steps: 1048 | Train Loss: 0.4492701 Vali Loss: 0.9636776
EarlyStopping counter: 1 out of 6
Updating learning rate to 9.765625e-07
	iters: 100, epoch: 11 | loss: 0.4316708
	speed: 0.0136s/iter; left time: 1278.9724s
	iters: 200, epoch: 11 | loss: 0.5149975
	speed: 0.0040s/iter; left time: 374.4717s
	iters: 300, epoch: 11 | loss: 0.3893332
	speed: 0.0041s/iter; left time: 382.1500s
	iters: 400, epoch: 11 | loss: 0.4447338
	speed: 0.0041s/iter; left time: 387.8703s
	iters: 500, epoch: 11 | loss: 0.5687154
	speed: 0.0044s/iter; left time: 410.2794s
	iters: 600, epoch: 11 | loss: 0.3948257
	speed: 0.0044s/iter; left time: 410.8235s
	iters: 700, epoch: 11 | loss: 0.4756041
	speed: 0.0044s/iter; left time: 408.1428s
	iters: 800, epoch: 11 | loss: 0.3996380
	speed: 0.0042s/iter; left time: 395.3384s
	iters: 900, epoch: 11 | loss: 0.5613831
	speed: 0.0041s/iter; left time: 383.7523s
	iters: 1000, epoch: 11 | loss: 0.3813142
	speed: 0.0040s/iter; left time: 370.1841s
Epoch: 11 cost time: 4.386352777481079
Epoch: 11, Steps: 1048 | Train Loss: 0.4493477 Vali Loss: 0.9636558
EarlyStopping counter: 2 out of 6
Updating learning rate to 4.8828125e-07
	iters: 100, epoch: 12 | loss: 0.4316750
	speed: 0.0143s/iter; left time: 1330.0173s
	iters: 200, epoch: 12 | loss: 0.4766088
	speed: 0.0040s/iter; left time: 376.4031s
	iters: 300, epoch: 12 | loss: 0.4198308
	speed: 0.0042s/iter; left time: 386.1239s
	iters: 400, epoch: 12 | loss: 0.4516694
	speed: 0.0043s/iter; left time: 401.7199s
	iters: 500, epoch: 12 | loss: 0.5132437
	speed: 0.0038s/iter; left time: 351.1591s
	iters: 600, epoch: 12 | loss: 0.4430231
	speed: 0.0039s/iter; left time: 365.4984s
	iters: 700, epoch: 12 | loss: 0.4978901
	speed: 0.0042s/iter; left time: 390.9129s
	iters: 800, epoch: 12 | loss: 0.4471965
	speed: 0.0042s/iter; left time: 392.4213s
	iters: 900, epoch: 12 | loss: 0.5007380
	speed: 0.0041s/iter; left time: 374.2304s
	iters: 1000, epoch: 12 | loss: 0.5361471
	speed: 0.0040s/iter; left time: 364.7705s
Epoch: 12 cost time: 4.298684120178223
Epoch: 12, Steps: 1048 | Train Loss: 0.4492392 Vali Loss: 0.9636341
EarlyStopping counter: 3 out of 6
Updating learning rate to 2.44140625e-07
	iters: 100, epoch: 13 | loss: 0.4191769
	speed: 0.0134s/iter; left time: 1232.2868s
	iters: 200, epoch: 13 | loss: 0.4453135
	speed: 0.0040s/iter; left time: 371.6676s
	iters: 300, epoch: 13 | loss: 0.4210927
	speed: 0.0038s/iter; left time: 350.3369s
	iters: 400, epoch: 13 | loss: 0.4373205
	speed: 0.0039s/iter; left time: 361.8179s
	iters: 500, epoch: 13 | loss: 0.4195738
	speed: 0.0040s/iter; left time: 364.1439s
	iters: 600, epoch: 13 | loss: 0.4317161
	speed: 0.0038s/iter; left time: 349.1868s
	iters: 700, epoch: 13 | loss: 0.4698998
	speed: 0.0040s/iter; left time: 369.6188s
	iters: 800, epoch: 13 | loss: 0.5072872
	speed: 0.0038s/iter; left time: 350.0892s
	iters: 900, epoch: 13 | loss: 0.4843164
	speed: 0.0037s/iter; left time: 338.8914s
	iters: 1000, epoch: 13 | loss: 0.4749203
	speed: 0.0042s/iter; left time: 384.0779s
Epoch: 13 cost time: 4.132438659667969
Epoch: 13, Steps: 1048 | Train Loss: 0.4495638 Vali Loss: 0.9636219
EarlyStopping counter: 4 out of 6
Updating learning rate to 1.220703125e-07
	iters: 100, epoch: 14 | loss: 0.4498450
	speed: 0.0133s/iter; left time: 1207.7021s
	iters: 200, epoch: 14 | loss: 0.4035184
	speed: 0.0039s/iter; left time: 355.8889s
	iters: 300, epoch: 14 | loss: 0.4414283
	speed: 0.0037s/iter; left time: 338.3289s
	iters: 400, epoch: 14 | loss: 0.3985506
	speed: 0.0040s/iter; left time: 359.0003s
	iters: 500, epoch: 14 | loss: 0.4395733
	speed: 0.0041s/iter; left time: 369.0193s
	iters: 600, epoch: 14 | loss: 0.3998568
	speed: 0.0042s/iter; left time: 379.8128s
	iters: 700, epoch: 14 | loss: 0.3591288
	speed: 0.0045s/iter; left time: 404.4924s
	iters: 800, epoch: 14 | loss: 0.3804382
	speed: 0.0045s/iter; left time: 406.4839s
	iters: 900, epoch: 14 | loss: 0.4096896
	speed: 0.0040s/iter; left time: 364.9019s
	iters: 1000, epoch: 14 | loss: 0.4924752
	speed: 0.0043s/iter; left time: 390.8058s
Epoch: 14 cost time: 4.330136299133301
Epoch: 14, Steps: 1048 | Train Loss: 0.4492773 Vali Loss: 0.9636191
EarlyStopping counter: 5 out of 6
Updating learning rate to 6.103515625e-08
	iters: 100, epoch: 15 | loss: 0.5271761
	speed: 0.0138s/iter; left time: 1243.7148s
	iters: 200, epoch: 15 | loss: 0.4857736
	speed: 0.0041s/iter; left time: 372.6547s
	iters: 300, epoch: 15 | loss: 0.3863841
	speed: 0.0041s/iter; left time: 372.5856s
	iters: 400, epoch: 15 | loss: 0.4871139
	speed: 0.0039s/iter; left time: 351.0732s
	iters: 500, epoch: 15 | loss: 0.4093756
	speed: 0.0040s/iter; left time: 358.2094s
	iters: 600, epoch: 15 | loss: 0.5117809
	speed: 0.0042s/iter; left time: 375.1523s
	iters: 700, epoch: 15 | loss: 0.4074089
	speed: 0.0042s/iter; left time: 371.4747s
	iters: 800, epoch: 15 | loss: 0.4487085
	speed: 0.0042s/iter; left time: 374.6232s
	iters: 900, epoch: 15 | loss: 0.4220365
	speed: 0.0041s/iter; left time: 368.2159s
	iters: 1000, epoch: 15 | loss: 0.4613178
	speed: 0.0043s/iter; left time: 386.4131s
Epoch: 15 cost time: 4.365550756454468
Epoch: 15, Steps: 1048 | Train Loss: 0.4491376 Vali Loss: 0.9636172
EarlyStopping counter: 6 out of 6
Early stopping
VALIDATION_RESULT {"best_epoch": 9, "best_mae": 0.6496310807660786, "best_mse": 0.9635916458490396, "epochs_ran": 15, "metric_version": "element_weighted_v1"}
>>>>>>>test skipped (validation-only run)<<<<<<<<<<<<<<<<<<<<<<<<
Using GPU
Args in experiment:
[1mBasic Config[0m
  Task Name:          long_term_forecast  Is Training:        0                   
  Model ID:           ETTm1_96_720_table2_ettm1_p720_no_mamba_s2022Model:              GraphMambaRecent    

[1mData Loader[0m
  Data:               ETTm1               Root Path:          /home/cwh/Time-Series-Library/dataset/ETT-small
  Data Path:          ETTm1.csv           Features:           M                   
  Target:             OT                  Freq:               h                   
  Checkpoints:        /home/cwh/Time-Series-Library/logs/timerole_p0/recent_backbone/seed2022/checkpoints

[1mForecasting Task[0m
  Seq Len:            336                 Label Len:          48                  
  Pred Len:           720                 Seasonal Patterns:  Monthly             
  Inverse:            0                   

[1mModel Parameters[0m
  Top k:              5                   Num Kernels:        6                   
  Enc In:             7                   Dec In:             7                   
  C Out:              7                   d model:            64                  
  n heads:            8                   e layers:           1                   
  d layers:           1                   d FF:               128                 
  Moving Avg:         25                  Factor:             1                   
  Distil:             1                   Dropout:            0.1                 
  Embed:              timeF               Activation:         gelu                

[1mRun Parameters[0m
  Num Workers:        0                   Itr:                1                   
  Train Epochs:       100                 Batch Size:         32                  
  Patience:           6                   Learning Rate:      0.0005              
  Des:                table2_ettm1_p720_no_mamba_s2022Loss:               MSE                 
  Lradj:              type1               Use Amp:            0                   

[1mGPU[0m
  Use GPU:            1                   GPU:                0                   
  Use Multi GPU:      0                   Devices:            0,1,2,3             

[1mDe-stationary Projector Params[0m
  P Hidden Dims:      128, 128            P Hidden Layers:    2                   

Use GPU: cuda:0
🚀 Lazy Loading: GraphMambaRecent ...
[GraphMamba] Building 7x7 static graph from 2000 training samples
>>>>>>>evaluating validation checkpoint : long_term_forecast_ETTm1_96_720_table2_ettm1_p720_no_mamba_s2022_GraphMambaRecent_ETTm1_ftM_sl336_ll48_pl720_dm64_nh8_el1_dl1_df128_expand2_dc2_fc1_ebtimeF_dtTrue_table2_ettm1_p720_no_mamba_s2022_0<<<<<<<<<<<<<<<<<<<<<<<<<<<<<<<<<
val 10801
EVALUATION_RESULT {"batches": 338, "elapsed_seconds": 0.8369956479873508, "elements": 54437040, "mae": 0.6496310785416052, "metric_version": "element_weighted_v1", "milliseconds_per_batch": 2.476318485169677, "mse": 0.9635916547469333, "parameter_count": 6715302, "peak_cuda_memory_bytes": 93422080, "split": "val", "timerole_intervention": "intact"}
=== w/o Mamba | ETTm2-96 ===
Using GPU
Args in experiment:
[1mBasic Config[0m
  Task Name:          long_term_forecast  Is Training:        1                   
  Model ID:           ETTm2_96_96_table2_ettm2_p96_no_mamba_s2022Model:              GraphMambaRecent    

[1mData Loader[0m
  Data:               ETTm2               Root Path:          /home/cwh/Time-Series-Library/dataset/ETT-small
  Data Path:          ETTm2.csv           Features:           M                   
  Target:             OT                  Freq:               h                   
  Checkpoints:        /home/cwh/Time-Series-Library/logs/timerole_p0/recent_backbone/seed2022/checkpoints

[1mForecasting Task[0m
  Seq Len:            336                 Label Len:          48                  
  Pred Len:           96                  Seasonal Patterns:  Monthly             
  Inverse:            0                   

[1mModel Parameters[0m
  Top k:              5                   Num Kernels:        6                   
  Enc In:             7                   Dec In:             7                   
  C Out:              7                   d model:            64                  
  n heads:            8                   e layers:           1                   
  d layers:           1                   d FF:               128                 
  Moving Avg:         25                  Factor:             1                   
  Distil:             1                   Dropout:            0.1                 
  Embed:              timeF               Activation:         gelu                

[1mRun Parameters[0m
  Num Workers:        0                   Itr:                1                   
  Train Epochs:       100                 Batch Size:         32                  
  Patience:           6                   Learning Rate:      0.0005              
  Des:                table2_ettm2_p96_no_mamba_s2022Loss:               MSE                 
  Lradj:              type1               Use Amp:            0                   

[1mGPU[0m
  Use GPU:            1                   GPU:                0                   
  Use Multi GPU:      0                   Devices:            0,1,2,3             

[1mDe-stationary Projector Params[0m
  P Hidden Dims:      128, 128            P Hidden Layers:    2                   

Use GPU: cuda:0
🚀 Lazy Loading: GraphMambaRecent ...
[GraphMamba] Building 7x7 static graph from 2000 training samples
>>>>>>>start training : long_term_forecast_ETTm2_96_96_table2_ettm2_p96_no_mamba_s2022_GraphMambaRecent_ETTm2_ftM_sl336_ll48_pl96_dm64_nh8_el1_dl1_df128_expand2_dc2_fc1_ebtimeF_dtTrue_table2_ettm2_p96_no_mamba_s2022_0>>>>>>>>>>>>>>>>>>>>>>>>>>
train 34129
val 11425
	iters: 100, epoch: 1 | loss: 0.1631294
	speed: 0.0112s/iter; left time: 1194.0734s
	iters: 200, epoch: 1 | loss: 0.1762351
	speed: 0.0041s/iter; left time: 437.2123s
	iters: 300, epoch: 1 | loss: 0.1603269
	speed: 0.0041s/iter; left time: 432.8286s
	iters: 400, epoch: 1 | loss: 0.1353541
	speed: 0.0038s/iter; left time: 402.6939s
	iters: 500, epoch: 1 | loss: 0.1704411
	speed: 0.0040s/iter; left time: 429.4671s
	iters: 600, epoch: 1 | loss: 0.2078275
	speed: 0.0040s/iter; left time: 421.7981s
	iters: 700, epoch: 1 | loss: 0.3121397
	speed: 0.0040s/iter; left time: 425.9251s
	iters: 800, epoch: 1 | loss: 0.1853861
	speed: 0.0038s/iter; left time: 404.9980s
	iters: 900, epoch: 1 | loss: 0.2091691
	speed: 0.0039s/iter; left time: 413.6920s
	iters: 1000, epoch: 1 | loss: 0.1618281
	speed: 0.0039s/iter; left time: 415.9461s
Epoch: 1 cost time: 4.419662952423096
Epoch: 1, Steps: 1067 | Train Loss: 0.2435249 Vali Loss: 0.1292907
Validation loss decreased (inf --> 0.129291).  Saving model ...
Updating learning rate to 0.0005
	iters: 100, epoch: 2 | loss: 0.1777659
	speed: 0.0146s/iter; left time: 1542.3278s
	iters: 200, epoch: 2 | loss: 0.2443379
	speed: 0.0039s/iter; left time: 410.1917s
	iters: 300, epoch: 2 | loss: 0.4397945
	speed: 0.0037s/iter; left time: 390.6749s
	iters: 400, epoch: 2 | loss: 0.3742236
	speed: 0.0040s/iter; left time: 417.1955s
	iters: 500, epoch: 2 | loss: 0.2870046
	speed: 0.0043s/iter; left time: 450.9448s
	iters: 600, epoch: 2 | loss: 0.1752279
	speed: 0.0038s/iter; left time: 397.0714s
	iters: 700, epoch: 2 | loss: 0.1488802
	speed: 0.0039s/iter; left time: 409.3470s
	iters: 800, epoch: 2 | loss: 0.5730436
	speed: 0.0038s/iter; left time: 398.3551s
	iters: 900, epoch: 2 | loss: 0.1482259
	speed: 0.0039s/iter; left time: 411.7104s
	iters: 1000, epoch: 2 | loss: 0.3297498
	speed: 0.0038s/iter; left time: 399.9563s
Epoch: 2 cost time: 4.199960708618164
Epoch: 2, Steps: 1067 | Train Loss: 0.2326582 Vali Loss: 0.1316420
EarlyStopping counter: 1 out of 6
Updating learning rate to 0.00025
	iters: 100, epoch: 3 | loss: 0.2107589
	speed: 0.0133s/iter; left time: 1387.8548s
	iters: 200, epoch: 3 | loss: 0.1688012
	speed: 0.0041s/iter; left time: 432.1055s
	iters: 300, epoch: 3 | loss: 0.1459868
	speed: 0.0042s/iter; left time: 438.3769s
	iters: 400, epoch: 3 | loss: 0.1602100
	speed: 0.0041s/iter; left time: 425.1668s
	iters: 500, epoch: 3 | loss: 0.2767453
	speed: 0.0039s/iter; left time: 407.1992s
	iters: 600, epoch: 3 | loss: 0.2441548
	speed: 0.0039s/iter; left time: 408.8393s
	iters: 700, epoch: 3 | loss: 0.1203439
	speed: 0.0041s/iter; left time: 423.3071s
	iters: 800, epoch: 3 | loss: 0.1825545
	speed: 0.0038s/iter; left time: 396.4574s
	iters: 900, epoch: 3 | loss: 0.4487105
	speed: 0.0040s/iter; left time: 419.2927s
	iters: 1000, epoch: 3 | loss: 0.3556211
	speed: 0.0042s/iter; left time: 429.8655s
Epoch: 3 cost time: 4.304248332977295
Epoch: 3, Steps: 1067 | Train Loss: 0.2272648 Vali Loss: 0.1267991
Validation loss decreased (0.129291 --> 0.126799).  Saving model ...
Updating learning rate to 0.000125
	iters: 100, epoch: 4 | loss: 0.2906594
	speed: 0.0163s/iter; left time: 1690.5291s
	iters: 200, epoch: 4 | loss: 0.2447022
	speed: 0.0041s/iter; left time: 420.5352s
	iters: 300, epoch: 4 | loss: 0.1339406
	speed: 0.0039s/iter; left time: 403.5310s
	iters: 400, epoch: 4 | loss: 0.4525285
	speed: 0.0041s/iter; left time: 423.9239s
	iters: 500, epoch: 4 | loss: 0.1841952
	speed: 0.0041s/iter; left time: 423.8501s
	iters: 600, epoch: 4 | loss: 0.1686353
	speed: 0.0039s/iter; left time: 404.2021s
	iters: 700, epoch: 4 | loss: 0.4026297
	speed: 0.0042s/iter; left time: 431.0018s
	iters: 800, epoch: 4 | loss: 0.1303188
	speed: 0.0047s/iter; left time: 477.9947s
	iters: 900, epoch: 4 | loss: 0.1547463
	speed: 0.0045s/iter; left time: 457.4471s
	iters: 1000, epoch: 4 | loss: 0.1225483
	speed: 0.0046s/iter; left time: 470.9323s
Epoch: 4 cost time: 4.587634086608887
Epoch: 4, Steps: 1067 | Train Loss: 0.2248174 Vali Loss: 0.1283976
EarlyStopping counter: 1 out of 6
Updating learning rate to 6.25e-05
	iters: 100, epoch: 5 | loss: 0.2176201
	speed: 0.0134s/iter; left time: 1367.6173s
	iters: 200, epoch: 5 | loss: 0.2826227
	speed: 0.0038s/iter; left time: 391.4170s
	iters: 300, epoch: 5 | loss: 0.1597066
	speed: 0.0038s/iter; left time: 386.3725s
	iters: 400, epoch: 5 | loss: 0.2882056
	speed: 0.0037s/iter; left time: 378.2474s
	iters: 500, epoch: 5 | loss: 0.1100599
	speed: 0.0036s/iter; left time: 365.5389s
	iters: 600, epoch: 5 | loss: 0.2117478
	speed: 0.0037s/iter; left time: 374.6896s
	iters: 700, epoch: 5 | loss: 0.1772977
	speed: 0.0038s/iter; left time: 386.0412s
	iters: 800, epoch: 5 | loss: 0.2311608
	speed: 0.0039s/iter; left time: 393.7424s
	iters: 900, epoch: 5 | loss: 0.2177539
	speed: 0.0038s/iter; left time: 386.4283s
	iters: 1000, epoch: 5 | loss: 0.1728350
	speed: 0.0038s/iter; left time: 389.0822s
Epoch: 5 cost time: 4.012139558792114
Epoch: 5, Steps: 1067 | Train Loss: 0.2231116 Vali Loss: 0.1292298
EarlyStopping counter: 2 out of 6
Updating learning rate to 3.125e-05
	iters: 100, epoch: 6 | loss: 0.2076298
	speed: 0.0142s/iter; left time: 1437.4831s
	iters: 200, epoch: 6 | loss: 0.1617651
	speed: 0.0045s/iter; left time: 455.2840s
	iters: 300, epoch: 6 | loss: 0.1710249
	speed: 0.0042s/iter; left time: 428.7881s
	iters: 400, epoch: 6 | loss: 0.2636908
	speed: 0.0036s/iter; left time: 366.8962s
	iters: 500, epoch: 6 | loss: 0.1866493
	speed: 0.0040s/iter; left time: 403.5307s
	iters: 600, epoch: 6 | loss: 0.4681748
	speed: 0.0038s/iter; left time: 381.5610s
	iters: 700, epoch: 6 | loss: 0.1599468
	speed: 0.0037s/iter; left time: 373.9910s
	iters: 800, epoch: 6 | loss: 0.2712010
	speed: 0.0036s/iter; left time: 361.4000s
	iters: 900, epoch: 6 | loss: 0.3924603
	speed: 0.0037s/iter; left time: 374.1285s
	iters: 1000, epoch: 6 | loss: 0.1405363
	speed: 0.0038s/iter; left time: 381.7848s
Epoch: 6 cost time: 4.158280611038208
Epoch: 6, Steps: 1067 | Train Loss: 0.2226439 Vali Loss: 0.1288380
EarlyStopping counter: 3 out of 6
Updating learning rate to 1.5625e-05
	iters: 100, epoch: 7 | loss: 0.2067291
	speed: 0.0136s/iter; left time: 1360.3594s
	iters: 200, epoch: 7 | loss: 0.3129482
	speed: 0.0038s/iter; left time: 379.9658s
	iters: 300, epoch: 7 | loss: 0.2235115
	speed: 0.0037s/iter; left time: 365.7202s
	iters: 400, epoch: 7 | loss: 0.1670113
	speed: 0.0038s/iter; left time: 375.8831s
	iters: 500, epoch: 7 | loss: 0.4450988
	speed: 0.0038s/iter; left time: 374.3283s
	iters: 600, epoch: 7 | loss: 0.2234217
	speed: 0.0039s/iter; left time: 387.3066s
	iters: 700, epoch: 7 | loss: 0.4542004
	speed: 0.0038s/iter; left time: 383.0444s
	iters: 800, epoch: 7 | loss: 0.2162037
	speed: 0.0037s/iter; left time: 369.1385s
	iters: 900, epoch: 7 | loss: 0.3661226
	speed: 0.0038s/iter; left time: 374.8241s
	iters: 1000, epoch: 7 | loss: 0.4262214
	speed: 0.0037s/iter; left time: 367.7866s
Epoch: 7 cost time: 4.038422346115112
Epoch: 7, Steps: 1067 | Train Loss: 0.2221917 Vali Loss: 0.1287004
EarlyStopping counter: 4 out of 6
Updating learning rate to 7.8125e-06
	iters: 100, epoch: 8 | loss: 0.4621052
	speed: 0.0135s/iter; left time: 1340.3568s
	iters: 200, epoch: 8 | loss: 0.2477529
	speed: 0.0037s/iter; left time: 371.2531s
	iters: 300, epoch: 8 | loss: 0.1965404
	speed: 0.0039s/iter; left time: 382.6841s
	iters: 400, epoch: 8 | loss: 0.1719485
	speed: 0.0039s/iter; left time: 381.9238s
	iters: 500, epoch: 8 | loss: 0.3556660
	speed: 0.0039s/iter; left time: 386.1012s
	iters: 600, epoch: 8 | loss: 0.1785382
	speed: 0.0037s/iter; left time: 363.8890s
	iters: 700, epoch: 8 | loss: 0.1847861
	speed: 0.0037s/iter; left time: 360.5152s
	iters: 800, epoch: 8 | loss: 0.2270504
	speed: 0.0037s/iter; left time: 366.7946s
	iters: 900, epoch: 8 | loss: 0.2056263
	speed: 0.0040s/iter; left time: 389.1299s
	iters: 1000, epoch: 8 | loss: 0.2086810
	speed: 0.0039s/iter; left time: 378.8663s
Epoch: 8 cost time: 4.070251226425171
Epoch: 8, Steps: 1067 | Train Loss: 0.2219449 Vali Loss: 0.1288400
EarlyStopping counter: 5 out of 6
Updating learning rate to 3.90625e-06
	iters: 100, epoch: 9 | loss: 0.1868091
	speed: 0.0134s/iter; left time: 1315.2528s
	iters: 200, epoch: 9 | loss: 0.3723984
	speed: 0.0037s/iter; left time: 359.5968s
	iters: 300, epoch: 9 | loss: 0.2195553
	speed: 0.0041s/iter; left time: 397.5929s
	iters: 400, epoch: 9 | loss: 0.1618897
	speed: 0.0039s/iter; left time: 385.8641s
	iters: 500, epoch: 9 | loss: 0.1811401
	speed: 0.0040s/iter; left time: 387.0684s
	iters: 600, epoch: 9 | loss: 0.1677032
	speed: 0.0036s/iter; left time: 349.1999s
	iters: 700, epoch: 9 | loss: 0.1775873
	speed: 0.0036s/iter; left time: 349.8112s
	iters: 800, epoch: 9 | loss: 0.1285598
	speed: 0.0038s/iter; left time: 372.7289s
	iters: 900, epoch: 9 | loss: 0.2513832
	speed: 0.0036s/iter; left time: 348.6816s
	iters: 1000, epoch: 9 | loss: 0.3034296
	speed: 0.0037s/iter; left time: 360.1980s
Epoch: 9 cost time: 4.0345025062561035
Epoch: 9, Steps: 1067 | Train Loss: 0.2219647 Vali Loss: 0.1289230
EarlyStopping counter: 6 out of 6
Early stopping
VALIDATION_RESULT {"best_epoch": 3, "best_mae": 0.24575946324912784, "best_mse": 0.12679913874080906, "epochs_ran": 9, "metric_version": "element_weighted_v1"}
>>>>>>>test skipped (validation-only run)<<<<<<<<<<<<<<<<<<<<<<<<
Using GPU
Args in experiment:
[1mBasic Config[0m
  Task Name:          long_term_forecast  Is Training:        0                   
  Model ID:           ETTm2_96_96_table2_ettm2_p96_no_mamba_s2022Model:              GraphMambaRecent    

[1mData Loader[0m
  Data:               ETTm2               Root Path:          /home/cwh/Time-Series-Library/dataset/ETT-small
  Data Path:          ETTm2.csv           Features:           M                   
  Target:             OT                  Freq:               h                   
  Checkpoints:        /home/cwh/Time-Series-Library/logs/timerole_p0/recent_backbone/seed2022/checkpoints

[1mForecasting Task[0m
  Seq Len:            336                 Label Len:          48                  
  Pred Len:           96                  Seasonal Patterns:  Monthly             
  Inverse:            0                   

[1mModel Parameters[0m
  Top k:              5                   Num Kernels:        6                   
  Enc In:             7                   Dec In:             7                   
  C Out:              7                   d model:            64                  
  n heads:            8                   e layers:           1                   
  d layers:           1                   d FF:               128                 
  Moving Avg:         25                  Factor:             1                   
  Distil:             1                   Dropout:            0.1                 
  Embed:              timeF               Activation:         gelu                

[1mRun Parameters[0m
  Num Workers:        0                   Itr:                1                   
  Train Epochs:       100                 Batch Size:         32                  
  Patience:           6                   Learning Rate:      0.0005              
  Des:                table2_ettm2_p96_no_mamba_s2022Loss:               MSE                 
  Lradj:              type1               Use Amp:            0                   

[1mGPU[0m
  Use GPU:            1                   GPU:                0                   
  Use Multi GPU:      0                   Devices:            0,1,2,3             

[1mDe-stationary Projector Params[0m
  P Hidden Dims:      128, 128            P Hidden Layers:    2                   

Use GPU: cuda:0
🚀 Lazy Loading: GraphMambaRecent ...
[GraphMamba] Building 7x7 static graph from 2000 training samples
>>>>>>>evaluating validation checkpoint : long_term_forecast_ETTm2_96_96_table2_ettm2_p96_no_mamba_s2022_GraphMambaRecent_ETTm2_ftM_sl336_ll48_pl96_dm64_nh8_el1_dl1_df128_expand2_dc2_fc1_ebtimeF_dtTrue_table2_ettm2_p96_no_mamba_s2022_0<<<<<<<<<<<<<<<<<<<<<<<<<<<<<<<<<
val 11425
EVALUATION_RESULT {"batches": 358, "elapsed_seconds": 0.7836757488548756, "elements": 7677600, "mae": 0.24575946332067578, "metric_version": "element_weighted_v1", "milliseconds_per_batch": 2.1890384046225573, "mse": 0.12679913872838752, "parameter_count": 903366, "peak_cuda_memory_bytes": 65779200, "split": "val", "timerole_intervention": "intact"}
=== w/o Mamba | ETTm2-720 ===
Using GPU
Args in experiment:
[1mBasic Config[0m
  Task Name:          long_term_forecast  Is Training:        1                   
  Model ID:           ETTm2_96_720_table2_ettm2_p720_no_mamba_s2022Model:              GraphMambaRecent    

[1mData Loader[0m
  Data:               ETTm2               Root Path:          /home/cwh/Time-Series-Library/dataset/ETT-small
  Data Path:          ETTm2.csv           Features:           M                   
  Target:             OT                  Freq:               h                   
  Checkpoints:        /home/cwh/Time-Series-Library/logs/timerole_p0/recent_backbone/seed2022/checkpoints

[1mForecasting Task[0m
  Seq Len:            336                 Label Len:          48                  
  Pred Len:           720                 Seasonal Patterns:  Monthly             
  Inverse:            0                   

[1mModel Parameters[0m
  Top k:              5                   Num Kernels:        6                   
  Enc In:             7                   Dec In:             7                   
  C Out:              7                   d model:            64                  
  n heads:            8                   e layers:           1                   
  d layers:           1                   d FF:               128                 
  Moving Avg:         25                  Factor:             1                   
  Distil:             1                   Dropout:            0.1                 
  Embed:              timeF               Activation:         gelu                

[1mRun Parameters[0m
  Num Workers:        0                   Itr:                1                   
  Train Epochs:       100                 Batch Size:         32                  
  Patience:           6                   Learning Rate:      0.0005              
  Des:                table2_ettm2_p720_no_mamba_s2022Loss:               MSE                 
  Lradj:              type1               Use Amp:            0                   

[1mGPU[0m
  Use GPU:            1                   GPU:                0                   
  Use Multi GPU:      0                   Devices:            0,1,2,3             

[1mDe-stationary Projector Params[0m
  P Hidden Dims:      128, 128            P Hidden Layers:    2                   

Use GPU: cuda:0
🚀 Lazy Loading: GraphMambaRecent ...
[GraphMamba] Building 7x7 static graph from 2000 training samples
>>>>>>>start training : long_term_forecast_ETTm2_96_720_table2_ettm2_p720_no_mamba_s2022_GraphMambaRecent_ETTm2_ftM_sl336_ll48_pl720_dm64_nh8_el1_dl1_df128_expand2_dc2_fc1_ebtimeF_dtTrue_table2_ettm2_p720_no_mamba_s2022_0>>>>>>>>>>>>>>>>>>>>>>>>>>
train 33505
val 10801
	iters: 100, epoch: 1 | loss: 0.5173413
	speed: 0.0106s/iter; left time: 1114.2989s
	iters: 200, epoch: 1 | loss: 0.3770978
	speed: 0.0043s/iter; left time: 452.7511s
	iters: 300, epoch: 1 | loss: 0.5407147
	speed: 0.0048s/iter; left time: 504.1798s
	iters: 400, epoch: 1 | loss: 0.6380906
	speed: 0.0045s/iter; left time: 469.7431s
	iters: 500, epoch: 1 | loss: 0.4838285
	speed: 0.0044s/iter; left time: 455.5868s
	iters: 600, epoch: 1 | loss: 0.9786490
	speed: 0.0042s/iter; left time: 441.6317s
	iters: 700, epoch: 1 | loss: 0.5474175
	speed: 0.0042s/iter; left time: 439.7464s
	iters: 800, epoch: 1 | loss: 0.5022579
	speed: 0.0044s/iter; left time: 454.5030s
	iters: 900, epoch: 1 | loss: 0.4995093
	speed: 0.0045s/iter; left time: 469.8076s
	iters: 1000, epoch: 1 | loss: 0.9282903
	speed: 0.0045s/iter; left time: 467.6844s
Epoch: 1 cost time: 4.721465110778809
Epoch: 1, Steps: 1048 | Train Loss: 0.5864038 Vali Loss: 0.2896129
Validation loss decreased (inf --> 0.289613).  Saving model ...
Updating learning rate to 0.0005
	iters: 100, epoch: 2 | loss: 0.3963985
	speed: 0.0139s/iter; left time: 1440.2571s
	iters: 200, epoch: 2 | loss: 0.8517390
	speed: 0.0045s/iter; left time: 464.9079s
	iters: 300, epoch: 2 | loss: 0.6419206
	speed: 0.0042s/iter; left time: 434.8976s
	iters: 400, epoch: 2 | loss: 0.4114589
	speed: 0.0040s/iter; left time: 414.3756s
	iters: 500, epoch: 2 | loss: 0.5538898
	speed: 0.0039s/iter; left time: 407.2334s
	iters: 600, epoch: 2 | loss: 0.7934065
	speed: 0.0042s/iter; left time: 433.1728s
	iters: 700, epoch: 2 | loss: 0.4558703
	speed: 0.0039s/iter; left time: 399.8810s
	iters: 800, epoch: 2 | loss: 0.8851882
	speed: 0.0046s/iter; left time: 471.7208s
	iters: 900, epoch: 2 | loss: 0.5249216
	speed: 0.0056s/iter; left time: 580.1215s
	iters: 1000, epoch: 2 | loss: 0.4392892
	speed: 0.0055s/iter; left time: 569.0546s
Epoch: 2 cost time: 4.7066731452941895
Epoch: 2, Steps: 1048 | Train Loss: 0.5780783 Vali Loss: 0.2834905
Validation loss decreased (0.289613 --> 0.283491).  Saving model ...
Updating learning rate to 0.00025
	iters: 100, epoch: 3 | loss: 0.4849387
	speed: 0.0149s/iter; left time: 1530.1715s
	iters: 200, epoch: 3 | loss: 0.3247042
	speed: 0.0048s/iter; left time: 488.5410s
	iters: 300, epoch: 3 | loss: 0.2016746
	speed: 0.0042s/iter; left time: 425.3289s
	iters: 400, epoch: 3 | loss: 0.4734766
	speed: 0.0045s/iter; left time: 463.6383s
	iters: 500, epoch: 3 | loss: 0.4551846
	speed: 0.0045s/iter; left time: 455.4640s
	iters: 600, epoch: 3 | loss: 0.4281667
	speed: 0.0042s/iter; left time: 430.0882s
	iters: 700, epoch: 3 | loss: 0.5273426
	speed: 0.0043s/iter; left time: 440.4030s
	iters: 800, epoch: 3 | loss: 0.4412881
	speed: 0.0044s/iter; left time: 446.5081s
	iters: 900, epoch: 3 | loss: 0.7017117
	speed: 0.0046s/iter; left time: 469.7785s
	iters: 1000, epoch: 3 | loss: 1.0698550
	speed: 0.0043s/iter; left time: 433.9496s
Epoch: 3 cost time: 4.609856367111206
Epoch: 3, Steps: 1048 | Train Loss: 0.5715937 Vali Loss: 0.2845565
EarlyStopping counter: 1 out of 6
Updating learning rate to 0.000125
	iters: 100, epoch: 4 | loss: 0.3338311
	speed: 0.0137s/iter; left time: 1390.2429s
	iters: 200, epoch: 4 | loss: 0.7573511
	speed: 0.0043s/iter; left time: 433.3554s
	iters: 300, epoch: 4 | loss: 0.5533683
	speed: 0.0043s/iter; left time: 440.0383s
	iters: 400, epoch: 4 | loss: 0.4634788
	speed: 0.0041s/iter; left time: 418.7673s
	iters: 500, epoch: 4 | loss: 0.3542139
	speed: 0.0043s/iter; left time: 439.0588s
	iters: 600, epoch: 4 | loss: 0.3012410
	speed: 0.0047s/iter; left time: 471.1984s
	iters: 700, epoch: 4 | loss: 0.5855924
	speed: 0.0046s/iter; left time: 461.9286s
	iters: 800, epoch: 4 | loss: 0.4440148
	speed: 0.0045s/iter; left time: 456.2669s
	iters: 900, epoch: 4 | loss: 0.7099259
	speed: 0.0041s/iter; left time: 411.8354s
	iters: 1000, epoch: 4 | loss: 0.5186579
	speed: 0.0043s/iter; left time: 436.5293s
Epoch: 4 cost time: 4.554300308227539
Epoch: 4, Steps: 1048 | Train Loss: 0.5654696 Vali Loss: 0.2852200
EarlyStopping counter: 2 out of 6
Updating learning rate to 6.25e-05
	iters: 100, epoch: 5 | loss: 0.3099814
	speed: 0.0138s/iter; left time: 1389.7326s
	iters: 200, epoch: 5 | loss: 0.3477596
	speed: 0.0041s/iter; left time: 410.0910s
	iters: 300, epoch: 5 | loss: 0.5710544
	speed: 0.0043s/iter; left time: 436.0978s
	iters: 400, epoch: 5 | loss: 0.6155593
	speed: 0.0045s/iter; left time: 453.7684s
	iters: 500, epoch: 5 | loss: 0.5087962
	speed: 0.0041s/iter; left time: 409.8730s
	iters: 600, epoch: 5 | loss: 0.5371547
	speed: 0.0040s/iter; left time: 402.3122s
	iters: 700, epoch: 5 | loss: 0.4537467
	speed: 0.0043s/iter; left time: 427.9630s
	iters: 800, epoch: 5 | loss: 0.4315897
	speed: 0.0042s/iter; left time: 419.2331s
	iters: 900, epoch: 5 | loss: 0.5276034
	speed: 0.0043s/iter; left time: 425.2487s
	iters: 1000, epoch: 5 | loss: 0.2450527
	speed: 0.0043s/iter; left time: 430.4234s
Epoch: 5 cost time: 4.4426188468933105
Epoch: 5, Steps: 1048 | Train Loss: 0.5628766 Vali Loss: 0.2839350
EarlyStopping counter: 3 out of 6
Updating learning rate to 3.125e-05
	iters: 100, epoch: 6 | loss: 0.2593619
	speed: 0.0135s/iter; left time: 1346.7170s
	iters: 200, epoch: 6 | loss: 0.7798423
	speed: 0.0047s/iter; left time: 463.5120s
	iters: 300, epoch: 6 | loss: 0.5387423
	speed: 0.0048s/iter; left time: 477.0776s
	iters: 400, epoch: 6 | loss: 0.6013993
	speed: 0.0049s/iter; left time: 489.2955s
	iters: 500, epoch: 6 | loss: 0.8915932
	speed: 0.0044s/iter; left time: 433.6850s
	iters: 600, epoch: 6 | loss: 0.4292764
	speed: 0.0041s/iter; left time: 407.4909s
	iters: 700, epoch: 6 | loss: 0.7386854
	speed: 0.0042s/iter; left time: 415.6787s
	iters: 800, epoch: 6 | loss: 0.4951638
	speed: 0.0043s/iter; left time: 423.2191s
	iters: 900, epoch: 6 | loss: 0.3757889
	speed: 0.0042s/iter; left time: 415.9356s
	iters: 1000, epoch: 6 | loss: 0.6779320
	speed: 0.0044s/iter; left time: 436.2472s
Epoch: 6 cost time: 4.618161201477051
Epoch: 6, Steps: 1048 | Train Loss: 0.5615699 Vali Loss: 0.2840074
EarlyStopping counter: 4 out of 6
Updating learning rate to 1.5625e-05
	iters: 100, epoch: 7 | loss: 0.3314862
	speed: 0.0141s/iter; left time: 1388.3566s
	iters: 200, epoch: 7 | loss: 0.4222564
	speed: 0.0042s/iter; left time: 414.0913s
	iters: 300, epoch: 7 | loss: 0.3520069
	speed: 0.0043s/iter; left time: 419.9224s
	iters: 400, epoch: 7 | loss: 0.7711759
	speed: 0.0043s/iter; left time: 417.2871s
	iters: 500, epoch: 7 | loss: 0.5102714
	speed: 0.0042s/iter; left time: 408.0969s
	iters: 600, epoch: 7 | loss: 0.7718216
	speed: 0.0043s/iter; left time: 417.9020s
	iters: 700, epoch: 7 | loss: 0.2554682
	speed: 0.0044s/iter; left time: 433.6916s
	iters: 800, epoch: 7 | loss: 0.7355155
	speed: 0.0041s/iter; left time: 396.3468s
	iters: 900, epoch: 7 | loss: 0.5529591
	speed: 0.0044s/iter; left time: 430.9397s
	iters: 1000, epoch: 7 | loss: 0.9486900
	speed: 0.0041s/iter; left time: 399.5535s
Epoch: 7 cost time: 4.461589336395264
Epoch: 7, Steps: 1048 | Train Loss: 0.5602913 Vali Loss: 0.2841317
EarlyStopping counter: 5 out of 6
Updating learning rate to 7.8125e-06
	iters: 100, epoch: 8 | loss: 0.4303669
	speed: 0.0137s/iter; left time: 1337.5751s
	iters: 200, epoch: 8 | loss: 0.6949673
	speed: 0.0040s/iter; left time: 391.4744s
	iters: 300, epoch: 8 | loss: 1.2382057
	speed: 0.0044s/iter; left time: 427.8805s
	iters: 400, epoch: 8 | loss: 0.6009147
	speed: 0.0044s/iter; left time: 423.6742s
	iters: 500, epoch: 8 | loss: 0.3109880
	speed: 0.0043s/iter; left time: 421.2997s
	iters: 600, epoch: 8 | loss: 0.7490272
	speed: 0.0043s/iter; left time: 411.8919s
	iters: 700, epoch: 8 | loss: 0.2723003
	speed: 0.0050s/iter; left time: 479.6072s
	iters: 800, epoch: 8 | loss: 0.6150408
	speed: 0.0043s/iter; left time: 414.0613s
	iters: 900, epoch: 8 | loss: 0.8772721
	speed: 0.0038s/iter; left time: 366.6117s
	iters: 1000, epoch: 8 | loss: 0.3325454
	speed: 0.0044s/iter; left time: 427.4771s
Epoch: 8 cost time: 4.5110087394714355
Epoch: 8, Steps: 1048 | Train Loss: 0.5600313 Vali Loss: 0.2836497
EarlyStopping counter: 6 out of 6
Early stopping
VALIDATION_RESULT {"best_epoch": 2, "best_mae": 0.3663259667441047, "best_mse": 0.2834905179996699, "epochs_ran": 8, "metric_version": "element_weighted_v1"}
>>>>>>>test skipped (validation-only run)<<<<<<<<<<<<<<<<<<<<<<<<
Using GPU
Args in experiment:
[1mBasic Config[0m
  Task Name:          long_term_forecast  Is Training:        0                   
  Model ID:           ETTm2_96_720_table2_ettm2_p720_no_mamba_s2022Model:              GraphMambaRecent    

[1mData Loader[0m
  Data:               ETTm2               Root Path:          /home/cwh/Time-Series-Library/dataset/ETT-small
  Data Path:          ETTm2.csv           Features:           M                   
  Target:             OT                  Freq:               h                   
  Checkpoints:        /home/cwh/Time-Series-Library/logs/timerole_p0/recent_backbone/seed2022/checkpoints

[1mForecasting Task[0m
  Seq Len:            336                 Label Len:          48                  
  Pred Len:           720                 Seasonal Patterns:  Monthly             
  Inverse:            0                   

[1mModel Parameters[0m
  Top k:              5                   Num Kernels:        6                   
  Enc In:             7                   Dec In:             7                   
  C Out:              7                   d model:            64                  
  n heads:            8                   e layers:           1                   
  d layers:           1                   d FF:               128                 
  Moving Avg:         25                  Factor:             1                   
  Distil:             1                   Dropout:            0.1                 
  Embed:              timeF               Activation:         gelu                

[1mRun Parameters[0m
  Num Workers:        0                   Itr:                1                   
  Train Epochs:       100                 Batch Size:         32                  
  Patience:           6                   Learning Rate:      0.0005              
  Des:                table2_ettm2_p720_no_mamba_s2022Loss:               MSE                 
  Lradj:              type1               Use Amp:            0                   

[1mGPU[0m
  Use GPU:            1                   GPU:                0                   
  Use Multi GPU:      0                   Devices:            0,1,2,3             

[1mDe-stationary Projector Params[0m
  P Hidden Dims:      128, 128            P Hidden Layers:    2                   

Use GPU: cuda:0
🚀 Lazy Loading: GraphMambaRecent ...
[GraphMamba] Building 7x7 static graph from 2000 training samples
>>>>>>>evaluating validation checkpoint : long_term_forecast_ETTm2_96_720_table2_ettm2_p720_no_mamba_s2022_GraphMambaRecent_ETTm2_ftM_sl336_ll48_pl720_dm64_nh8_el1_dl1_df128_expand2_dc2_fc1_ebtimeF_dtTrue_table2_ettm2_p720_no_mamba_s2022_0<<<<<<<<<<<<<<<<<<<<<<<<<<<<<<<<<
val 10801
EVALUATION_RESULT {"batches": 338, "elapsed_seconds": 0.8195376941002905, "elements": 54437040, "mae": 0.3663259660982899, "metric_version": "element_weighted_v1", "milliseconds_per_batch": 2.424667734024528, "mse": 0.28349051721034063, "parameter_count": 6715302, "peak_cuda_memory_bytes": 93422080, "split": "val", "timerole_intervention": "intact"}
=== w/o Graph | ETTm1-96 ===
Using GPU
Args in experiment:
[1mBasic Config[0m
  Task Name:          long_term_forecast  Is Training:        1                   
  Model ID:           ETTm1_96_96_table2_ettm1_p96_no_graph_s2022Model:              GraphMambaRecent    

[1mData Loader[0m
  Data:               ETTm1               Root Path:          /home/cwh/Time-Series-Library/dataset/ETT-small
  Data Path:          ETTm1.csv           Features:           M                   
  Target:             OT                  Freq:               h                   
  Checkpoints:        /home/cwh/Time-Series-Library/logs/timerole_p0/recent_backbone/seed2022/checkpoints

[1mForecasting Task[0m
  Seq Len:            336                 Label Len:          48                  
  Pred Len:           96                  Seasonal Patterns:  Monthly             
  Inverse:            0                   

[1mModel Parameters[0m
  Top k:              5                   Num Kernels:        6                   
  Enc In:             7                   Dec In:             7                   
  C Out:              7                   d model:            64                  
  n heads:            8                   e layers:           1                   
  d layers:           1                   d FF:               128                 
  Moving Avg:         25                  Factor:             1                   
  Distil:             1                   Dropout:            0.1                 
  Embed:              timeF               Activation:         gelu                

[1mRun Parameters[0m
  Num Workers:        0                   Itr:                1                   
  Train Epochs:       100                 Batch Size:         32                  
  Patience:           6                   Learning Rate:      0.0005              
  Des:                table2_ettm1_p96_no_graph_s2022Loss:               MSE                 
  Lradj:              type1               Use Amp:            0                   

[1mGPU[0m
  Use GPU:            1                   GPU:                0                   
  Use Multi GPU:      0                   Devices:            0,1,2,3             

[1mDe-stationary Projector Params[0m
  P Hidden Dims:      128, 128            P Hidden Layers:    2                   

Use GPU: cuda:0
🚀 Lazy Loading: GraphMambaRecent ...
>>>>>>>start training : long_term_forecast_ETTm1_96_96_table2_ettm1_p96_no_graph_s2022_GraphMambaRecent_ETTm1_ftM_sl336_ll48_pl96_dm64_nh8_el1_dl1_df128_expand2_dc2_fc1_ebtimeF_dtTrue_table2_ettm1_p96_no_graph_s2022_0>>>>>>>>>>>>>>>>>>>>>>>>>>
train 34129
val 11425
	iters: 100, epoch: 1 | loss: 0.3984198
	speed: 0.0118s/iter; left time: 1260.9227s
	iters: 200, epoch: 1 | loss: 0.4615602
	speed: 0.0103s/iter; left time: 1100.9181s
	iters: 300, epoch: 1 | loss: 0.4184974
	speed: 0.0106s/iter; left time: 1125.6768s
	iters: 400, epoch: 1 | loss: 0.3514059
	speed: 0.0099s/iter; left time: 1056.5488s
	iters: 500, epoch: 1 | loss: 0.3091726
	speed: 0.0100s/iter; left time: 1064.6134s
	iters: 600, epoch: 1 | loss: 0.2934477
	speed: 0.0100s/iter; left time: 1058.6248s
	iters: 700, epoch: 1 | loss: 0.2935248
	speed: 0.0100s/iter; left time: 1062.0808s
	iters: 800, epoch: 1 | loss: 0.3326712
	speed: 0.0101s/iter; left time: 1067.2078s
	iters: 900, epoch: 1 | loss: 0.2539973
	speed: 0.0098s/iter; left time: 1038.1537s
	iters: 1000, epoch: 1 | loss: 0.3391565
	speed: 0.0096s/iter; left time: 1019.5877s
Epoch: 1 cost time: 10.887381792068481
Epoch: 1, Steps: 1067 | Train Loss: 0.3554777 Vali Loss: 0.4131099
Validation loss decreased (inf --> 0.413110).  Saving model ...
Updating learning rate to 0.0005
	iters: 100, epoch: 2 | loss: 0.2258876
	speed: 0.0323s/iter; left time: 3405.9767s
	iters: 200, epoch: 2 | loss: 0.2805519
	speed: 0.0099s/iter; left time: 1040.3850s
	iters: 300, epoch: 2 | loss: 0.3169494
	speed: 0.0101s/iter; left time: 1066.3282s
	iters: 400, epoch: 2 | loss: 0.2168656
	speed: 0.0099s/iter; left time: 1041.4849s
	iters: 500, epoch: 2 | loss: 0.2640438
	speed: 0.0101s/iter; left time: 1061.4584s
	iters: 600, epoch: 2 | loss: 0.3037041
	speed: 0.0101s/iter; left time: 1056.4853s
	iters: 700, epoch: 2 | loss: 0.2863457
	speed: 0.0103s/iter; left time: 1078.7592s
	iters: 800, epoch: 2 | loss: 0.3519534
	speed: 0.0100s/iter; left time: 1049.6247s
	iters: 900, epoch: 2 | loss: 0.2975749
	speed: 0.0101s/iter; left time: 1062.0007s
	iters: 1000, epoch: 2 | loss: 0.2542749
	speed: 0.0099s/iter; left time: 1034.3242s
Epoch: 2 cost time: 10.67161250114441
Epoch: 2, Steps: 1067 | Train Loss: 0.2826235 Vali Loss: 0.4088998
Validation loss decreased (0.413110 --> 0.408900).  Saving model ...
Updating learning rate to 0.00025
	iters: 100, epoch: 3 | loss: 0.2547350
	speed: 0.0315s/iter; left time: 3294.8260s
	iters: 200, epoch: 3 | loss: 0.3097268
	speed: 0.0099s/iter; left time: 1029.9346s
	iters: 300, epoch: 3 | loss: 0.2252519
	speed: 0.0099s/iter; left time: 1031.7213s
	iters: 400, epoch: 3 | loss: 0.2894270
	speed: 0.0099s/iter; left time: 1030.4303s
	iters: 500, epoch: 3 | loss: 0.3193427
	speed: 0.0097s/iter; left time: 1004.4879s
	iters: 600, epoch: 3 | loss: 0.2366504
	speed: 0.0100s/iter; left time: 1042.4564s
	iters: 700, epoch: 3 | loss: 0.2631691
	speed: 0.0097s/iter; left time: 1012.6695s
	iters: 800, epoch: 3 | loss: 0.3115237
	speed: 0.0100s/iter; left time: 1033.0176s
	iters: 900, epoch: 3 | loss: 0.2105259
	speed: 0.0099s/iter; left time: 1025.5853s
	iters: 1000, epoch: 3 | loss: 0.2374754
	speed: 0.0096s/iter; left time: 991.8762s
Epoch: 3 cost time: 10.49201250076294
Epoch: 3, Steps: 1067 | Train Loss: 0.2667472 Vali Loss: 0.4122470
EarlyStopping counter: 1 out of 6
Updating learning rate to 0.000125
	iters: 100, epoch: 4 | loss: 0.2925741
	speed: 0.0330s/iter; left time: 3411.3669s
	iters: 200, epoch: 4 | loss: 0.2248166
	speed: 0.0099s/iter; left time: 1022.1405s
	iters: 300, epoch: 4 | loss: 0.2637362
	speed: 0.0099s/iter; left time: 1019.4038s
	iters: 400, epoch: 4 | loss: 0.2982985
	speed: 0.0102s/iter; left time: 1050.3944s
	iters: 500, epoch: 4 | loss: 0.3018705
	speed: 0.0096s/iter; left time: 992.8262s
	iters: 600, epoch: 4 | loss: 0.1960594
	speed: 0.0098s/iter; left time: 1012.2018s
	iters: 700, epoch: 4 | loss: 0.2050361
	speed: 0.0098s/iter; left time: 1007.0498s
	iters: 800, epoch: 4 | loss: 0.2462404
	speed: 0.0097s/iter; left time: 997.0752s
	iters: 900, epoch: 4 | loss: 0.2527986
	speed: 0.0097s/iter; left time: 998.5610s
	iters: 1000, epoch: 4 | loss: 0.2370248
	speed: 0.0098s/iter; left time: 1001.4678s
Epoch: 4 cost time: 10.516520500183105
Epoch: 4, Steps: 1067 | Train Loss: 0.2596705 Vali Loss: 0.4235784
EarlyStopping counter: 2 out of 6
Updating learning rate to 6.25e-05
	iters: 100, epoch: 5 | loss: 0.2753473
	speed: 0.0313s/iter; left time: 3205.6800s
	iters: 200, epoch: 5 | loss: 0.3137198
	speed: 0.0097s/iter; left time: 987.4409s
	iters: 300, epoch: 5 | loss: 0.2232885
	speed: 0.0097s/iter; left time: 992.6491s
	iters: 400, epoch: 5 | loss: 0.2295708
	speed: 0.0100s/iter; left time: 1022.1234s
	iters: 500, epoch: 5 | loss: 0.2409923
	speed: 0.0103s/iter; left time: 1045.8392s
	iters: 600, epoch: 5 | loss: 0.2923387
	speed: 0.0098s/iter; left time: 1002.0678s
	iters: 700, epoch: 5 | loss: 0.2793911
	speed: 0.0098s/iter; left time: 993.8320s
	iters: 800, epoch: 5 | loss: 0.2750005
	speed: 0.0098s/iter; left time: 1000.5788s
	iters: 900, epoch: 5 | loss: 0.2451242
	speed: 0.0099s/iter; left time: 1003.1099s
	iters: 1000, epoch: 5 | loss: 0.3342009
	speed: 0.0097s/iter; left time: 987.8800s
Epoch: 5 cost time: 10.513546466827393
Epoch: 5, Steps: 1067 | Train Loss: 0.2554736 Vali Loss: 0.4133896
EarlyStopping counter: 3 out of 6
Updating learning rate to 3.125e-05
	iters: 100, epoch: 6 | loss: 0.1989015
	speed: 0.0308s/iter; left time: 3116.1032s
	iters: 200, epoch: 6 | loss: 0.2098905
	speed: 0.0097s/iter; left time: 984.4817s
	iters: 300, epoch: 6 | loss: 0.3069947
	speed: 0.0098s/iter; left time: 987.7228s
	iters: 400, epoch: 6 | loss: 0.2470828
	speed: 0.0099s/iter; left time: 1003.5522s
	iters: 500, epoch: 6 | loss: 0.2316193
	speed: 0.0099s/iter; left time: 996.4612s
	iters: 600, epoch: 6 | loss: 0.2554376
	speed: 0.0100s/iter; left time: 1005.5360s
	iters: 700, epoch: 6 | loss: 0.2685472
	speed: 0.0099s/iter; left time: 994.6784s
	iters: 800, epoch: 6 | loss: 0.2712728
	speed: 0.0098s/iter; left time: 988.0469s
	iters: 900, epoch: 6 | loss: 0.2295669
	speed: 0.0098s/iter; left time: 983.7057s
	iters: 1000, epoch: 6 | loss: 0.2882318
	speed: 0.0099s/iter; left time: 993.4585s
Epoch: 6 cost time: 10.507911443710327
Epoch: 6, Steps: 1067 | Train Loss: 0.2531331 Vali Loss: 0.4134123
EarlyStopping counter: 4 out of 6
Updating learning rate to 1.5625e-05
	iters: 100, epoch: 7 | loss: 0.2592245
	speed: 0.0313s/iter; left time: 3132.1523s
	iters: 200, epoch: 7 | loss: 0.2940000
	speed: 0.0099s/iter; left time: 992.7197s
	iters: 300, epoch: 7 | loss: 0.2276909
	speed: 0.0097s/iter; left time: 968.3159s
	iters: 400, epoch: 7 | loss: 0.2419473
	speed: 0.0098s/iter; left time: 974.5756s
	iters: 500, epoch: 7 | loss: 0.2697838
	speed: 0.0098s/iter; left time: 982.0335s
	iters: 600, epoch: 7 | loss: 0.2413203
	speed: 0.0100s/iter; left time: 996.9520s
	iters: 700, epoch: 7 | loss: 0.2272136
	speed: 0.0100s/iter; left time: 999.8784s
	iters: 800, epoch: 7 | loss: 0.2212406
	speed: 0.0097s/iter; left time: 966.2071s
	iters: 900, epoch: 7 | loss: 0.2601846
	speed: 0.0096s/iter; left time: 958.4258s
	iters: 1000, epoch: 7 | loss: 0.2477096
	speed: 0.0098s/iter; left time: 970.2154s
Epoch: 7 cost time: 10.507835626602173
Epoch: 7, Steps: 1067 | Train Loss: 0.2514760 Vali Loss: 0.4099868
EarlyStopping counter: 5 out of 6
Updating learning rate to 7.8125e-06
	iters: 100, epoch: 8 | loss: 0.2582836
	speed: 0.0317s/iter; left time: 3140.5341s
	iters: 200, epoch: 8 | loss: 0.2193120
	speed: 0.0098s/iter; left time: 967.3955s
	iters: 300, epoch: 8 | loss: 0.2512694
	speed: 0.0099s/iter; left time: 976.4588s
	iters: 400, epoch: 8 | loss: 0.2360518
	speed: 0.0098s/iter; left time: 965.9075s
	iters: 500, epoch: 8 | loss: 0.2126410
	speed: 0.0098s/iter; left time: 963.7298s
	iters: 600, epoch: 8 | loss: 0.2477216
	speed: 0.0097s/iter; left time: 953.8164s
	iters: 700, epoch: 8 | loss: 0.2295755
	speed: 0.0100s/iter; left time: 987.0112s
	iters: 800, epoch: 8 | loss: 0.3020071
	speed: 0.0100s/iter; left time: 985.4474s
	iters: 900, epoch: 8 | loss: 0.3060004
	speed: 0.0098s/iter; left time: 966.2660s
	iters: 1000, epoch: 8 | loss: 0.2161194
	speed: 0.0099s/iter; left time: 976.2396s
Epoch: 8 cost time: 10.511485576629639
Epoch: 8, Steps: 1067 | Train Loss: 0.2508378 Vali Loss: 0.4106372
EarlyStopping counter: 6 out of 6
Early stopping
VALIDATION_RESULT {"best_epoch": 2, "best_mae": 0.42128454928821957, "best_mse": 0.40889979965775985, "epochs_ran": 8, "metric_version": "element_weighted_v1"}
>>>>>>>test skipped (validation-only run)<<<<<<<<<<<<<<<<<<<<<<<<
Using GPU
Args in experiment:
[1mBasic Config[0m
  Task Name:          long_term_forecast  Is Training:        0                   
  Model ID:           ETTm1_96_96_table2_ettm1_p96_no_graph_s2022Model:              GraphMambaRecent    

[1mData Loader[0m
  Data:               ETTm1               Root Path:          /home/cwh/Time-Series-Library/dataset/ETT-small
  Data Path:          ETTm1.csv           Features:           M                   
  Target:             OT                  Freq:               h                   
  Checkpoints:        /home/cwh/Time-Series-Library/logs/timerole_p0/recent_backbone/seed2022/checkpoints

[1mForecasting Task[0m
  Seq Len:            336                 Label Len:          48                  
  Pred Len:           96                  Seasonal Patterns:  Monthly             
  Inverse:            0                   

[1mModel Parameters[0m
  Top k:              5                   Num Kernels:        6                   
  Enc In:             7                   Dec In:             7                   
  C Out:              7                   d model:            64                  
  n heads:            8                   e layers:           1                   
  d layers:           1                   d FF:               128                 
  Moving Avg:         25                  Factor:             1                   
  Distil:             1                   Dropout:            0.1                 
  Embed:              timeF               Activation:         gelu                

[1mRun Parameters[0m
  Num Workers:        0                   Itr:                1                   
  Train Epochs:       100                 Batch Size:         32                  
  Patience:           6                   Learning Rate:      0.0005              
  Des:                table2_ettm1_p96_no_graph_s2022Loss:               MSE                 
  Lradj:              type1               Use Amp:            0                   

[1mGPU[0m
  Use GPU:            1                   GPU:                0                   
  Use Multi GPU:      0                   Devices:            0,1,2,3             

[1mDe-stationary Projector Params[0m
  P Hidden Dims:      128, 128            P Hidden Layers:    2                   

Use GPU: cuda:0
🚀 Lazy Loading: GraphMambaRecent ...
>>>>>>>evaluating validation checkpoint : long_term_forecast_ETTm1_96_96_table2_ettm1_p96_no_graph_s2022_GraphMambaRecent_ETTm1_ftM_sl336_ll48_pl96_dm64_nh8_el1_dl1_df128_expand2_dc2_fc1_ebtimeF_dtTrue_table2_ettm1_p96_no_graph_s2022_0<<<<<<<<<<<<<<<<<<<<<<<<<<<<<<<<<
val 11425
EVALUATION_RESULT {"batches": 358, "elapsed_seconds": 1.6599022278096527, "elements": 7677600, "mae": 0.42128454962210987, "metric_version": "element_weighted_v1", "milliseconds_per_batch": 4.6365984017029405, "mse": 0.40889979929207043, "parameter_count": 988992, "peak_cuda_memory_bytes": 139025920, "split": "val", "timerole_intervention": "intact"}
=== w/o Graph | ETTm1-720 ===
Using GPU
Args in experiment:
[1mBasic Config[0m
  Task Name:          long_term_forecast  Is Training:        1                   
  Model ID:           ETTm1_96_720_table2_ettm1_p720_no_graph_s2022Model:              GraphMambaRecent    

[1mData Loader[0m
  Data:               ETTm1               Root Path:          /home/cwh/Time-Series-Library/dataset/ETT-small
  Data Path:          ETTm1.csv           Features:           M                   
  Target:             OT                  Freq:               h                   
  Checkpoints:        /home/cwh/Time-Series-Library/logs/timerole_p0/recent_backbone/seed2022/checkpoints

[1mForecasting Task[0m
  Seq Len:            336                 Label Len:          48                  
  Pred Len:           720                 Seasonal Patterns:  Monthly             
  Inverse:            0                   

[1mModel Parameters[0m
  Top k:              5                   Num Kernels:        6                   
  Enc In:             7                   Dec In:             7                   
  C Out:              7                   d model:            64                  
  n heads:            8                   e layers:           1                   
  d layers:           1                   d FF:               128                 
  Moving Avg:         25                  Factor:             1                   
  Distil:             1                   Dropout:            0.1                 
  Embed:              timeF               Activation:         gelu                

[1mRun Parameters[0m
  Num Workers:        0                   Itr:                1                   
  Train Epochs:       100                 Batch Size:         32                  
  Patience:           6                   Learning Rate:      0.0005              
  Des:                table2_ettm1_p720_no_graph_s2022Loss:               MSE                 
  Lradj:              type1               Use Amp:            0                   

[1mGPU[0m
  Use GPU:            1                   GPU:                0                   
  Use Multi GPU:      0                   Devices:            0,1,2,3             

[1mDe-stationary Projector Params[0m
  P Hidden Dims:      128, 128            P Hidden Layers:    2                   

Use GPU: cuda:0
🚀 Lazy Loading: GraphMambaRecent ...
>>>>>>>start training : long_term_forecast_ETTm1_96_720_table2_ettm1_p720_no_graph_s2022_GraphMambaRecent_ETTm1_ftM_sl336_ll48_pl720_dm64_nh8_el1_dl1_df128_expand2_dc2_fc1_ebtimeF_dtTrue_table2_ettm1_p720_no_graph_s2022_0>>>>>>>>>>>>>>>>>>>>>>>>>>
train 33505
val 10801
	iters: 100, epoch: 1 | loss: 0.5749906
	speed: 0.0124s/iter; left time: 1299.0707s
	iters: 200, epoch: 1 | loss: 0.6093293
	speed: 0.0102s/iter; left time: 1065.1578s
	iters: 300, epoch: 1 | loss: 0.5823420
	speed: 0.0102s/iter; left time: 1064.5835s
	iters: 400, epoch: 1 | loss: 0.5074056
	speed: 0.0102s/iter; left time: 1067.7664s
	iters: 500, epoch: 1 | loss: 0.4891781
	speed: 0.0103s/iter; left time: 1073.0489s
	iters: 600, epoch: 1 | loss: 0.4978193
	speed: 0.0102s/iter; left time: 1058.6278s
	iters: 700, epoch: 1 | loss: 0.5008453
	speed: 0.0103s/iter; left time: 1071.7980s
	iters: 800, epoch: 1 | loss: 0.4182802
	speed: 0.0103s/iter; left time: 1071.9621s
	iters: 900, epoch: 1 | loss: 0.5953898
	speed: 0.0102s/iter; left time: 1056.6897s
	iters: 1000, epoch: 1 | loss: 0.4444935
	speed: 0.0104s/iter; left time: 1074.5211s
Epoch: 1 cost time: 10.96869969367981
Epoch: 1, Steps: 1048 | Train Loss: 0.5177025 Vali Loss: 1.0203917
Validation loss decreased (inf --> 1.020392).  Saving model ...
Updating learning rate to 0.0005
	iters: 100, epoch: 2 | loss: 0.5111355
	speed: 0.0307s/iter; left time: 3181.5025s
	iters: 200, epoch: 2 | loss: 0.4618287
	speed: 0.0106s/iter; left time: 1096.7692s
	iters: 300, epoch: 2 | loss: 0.5080612
	speed: 0.0103s/iter; left time: 1067.1689s
	iters: 400, epoch: 2 | loss: 0.4683967
	speed: 0.0105s/iter; left time: 1083.9145s
	iters: 500, epoch: 2 | loss: 0.4298982
	speed: 0.0103s/iter; left time: 1066.4710s
	iters: 600, epoch: 2 | loss: 0.4676303
	speed: 0.0103s/iter; left time: 1061.6530s
	iters: 700, epoch: 2 | loss: 0.5088642
	speed: 0.0102s/iter; left time: 1050.1322s
	iters: 800, epoch: 2 | loss: 0.4470229
	speed: 0.0103s/iter; left time: 1064.5661s
	iters: 900, epoch: 2 | loss: 0.4047591
	speed: 0.0104s/iter; left time: 1071.7418s
	iters: 1000, epoch: 2 | loss: 0.3958241
	speed: 0.0104s/iter; left time: 1064.2876s
Epoch: 2 cost time: 10.8550283908844
Epoch: 2, Steps: 1048 | Train Loss: 0.4610455 Vali Loss: 0.9775289
Validation loss decreased (1.020392 --> 0.977529).  Saving model ...
Updating learning rate to 0.00025
	iters: 100, epoch: 3 | loss: 0.4798901
	speed: 0.0304s/iter; left time: 3116.1331s
	iters: 200, epoch: 3 | loss: 0.4611287
	speed: 0.0105s/iter; left time: 1077.1312s
	iters: 300, epoch: 3 | loss: 0.3887288
	speed: 0.0102s/iter; left time: 1041.8873s
	iters: 400, epoch: 3 | loss: 0.4806651
	speed: 0.0102s/iter; left time: 1043.6942s
	iters: 500, epoch: 3 | loss: 0.3923697
	speed: 0.0104s/iter; left time: 1058.4349s
	iters: 600, epoch: 3 | loss: 0.4531406
	speed: 0.0104s/iter; left time: 1060.0070s
	iters: 700, epoch: 3 | loss: 0.5874178
	speed: 0.0105s/iter; left time: 1067.6776s
	iters: 800, epoch: 3 | loss: 0.4352762
	speed: 0.0105s/iter; left time: 1071.8332s
	iters: 900, epoch: 3 | loss: 0.4074928
	speed: 0.0103s/iter; left time: 1045.5851s
	iters: 1000, epoch: 3 | loss: 0.4595653
	speed: 0.0105s/iter; left time: 1070.6755s
Epoch: 3 cost time: 10.86267638206482
Epoch: 3, Steps: 1048 | Train Loss: 0.4422684 Vali Loss: 0.9767574
Validation loss decreased (0.977529 --> 0.976757).  Saving model ...
Updating learning rate to 0.000125
	iters: 100, epoch: 4 | loss: 0.4421521
	speed: 0.0311s/iter; left time: 3160.5374s
	iters: 200, epoch: 4 | loss: 0.4084692
	speed: 0.0104s/iter; left time: 1056.2384s
	iters: 300, epoch: 4 | loss: 0.4303471
	speed: 0.0103s/iter; left time: 1039.2462s
	iters: 400, epoch: 4 | loss: 0.4421230
	speed: 0.0102s/iter; left time: 1035.3758s
	iters: 500, epoch: 4 | loss: 0.4565822
	speed: 0.0104s/iter; left time: 1047.9376s
	iters: 600, epoch: 4 | loss: 0.4137111
	speed: 0.0105s/iter; left time: 1064.5713s
	iters: 700, epoch: 4 | loss: 0.4223815
	speed: 0.0106s/iter; left time: 1070.9165s
	iters: 800, epoch: 4 | loss: 0.3677228
	speed: 0.0104s/iter; left time: 1052.4189s
	iters: 900, epoch: 4 | loss: 0.4610551
	speed: 0.0104s/iter; left time: 1045.2666s
	iters: 1000, epoch: 4 | loss: 0.3988847
	speed: 0.0105s/iter; left time: 1059.2721s
Epoch: 4 cost time: 10.886536121368408
Epoch: 4, Steps: 1048 | Train Loss: 0.4338511 Vali Loss: 0.9703516
Validation loss decreased (0.976757 --> 0.970352).  Saving model ...
Updating learning rate to 6.25e-05
	iters: 100, epoch: 5 | loss: 0.4551024
	speed: 0.0307s/iter; left time: 3080.7425s
	iters: 200, epoch: 5 | loss: 0.4314157
	speed: 0.0105s/iter; left time: 1053.6948s
	iters: 300, epoch: 5 | loss: 0.5023410
	speed: 0.0103s/iter; left time: 1032.9344s
	iters: 400, epoch: 5 | loss: 0.4022979
	speed: 0.0105s/iter; left time: 1048.6377s
	iters: 500, epoch: 5 | loss: 0.3785365
	speed: 0.0105s/iter; left time: 1049.5331s
	iters: 600, epoch: 5 | loss: 0.5005246
	speed: 0.0106s/iter; left time: 1062.5763s
	iters: 700, epoch: 5 | loss: 0.4225073
	speed: 0.0102s/iter; left time: 1019.9536s
	iters: 800, epoch: 5 | loss: 0.3637829
	speed: 0.0104s/iter; left time: 1041.3826s
	iters: 900, epoch: 5 | loss: 0.4302965
	speed: 0.0103s/iter; left time: 1028.5415s
	iters: 1000, epoch: 5 | loss: 0.4276752
	speed: 0.0105s/iter; left time: 1049.2763s
Epoch: 5 cost time: 10.94077444076538
Epoch: 5, Steps: 1048 | Train Loss: 0.4300959 Vali Loss: 0.9698407
Validation loss decreased (0.970352 --> 0.969841).  Saving model ...
Updating learning rate to 3.125e-05
	iters: 100, epoch: 6 | loss: 0.4223036
	speed: 0.0314s/iter; left time: 3123.2842s
	iters: 200, epoch: 6 | loss: 0.3985130
	speed: 0.0103s/iter; left time: 1024.5158s
	iters: 300, epoch: 6 | loss: 0.3792324
	speed: 0.0104s/iter; left time: 1031.9596s
	iters: 400, epoch: 6 | loss: 0.3325377
	speed: 0.0104s/iter; left time: 1029.2076s
	iters: 500, epoch: 6 | loss: 0.3904535
	speed: 0.0102s/iter; left time: 1007.2770s
	iters: 600, epoch: 6 | loss: 0.3925098
	speed: 0.0103s/iter; left time: 1020.7116s
	iters: 700, epoch: 6 | loss: 0.3973637
	speed: 0.0106s/iter; left time: 1043.6049s
	iters: 800, epoch: 6 | loss: 0.4053508
	speed: 0.0105s/iter; left time: 1038.3974s
	iters: 900, epoch: 6 | loss: 0.5457191
	speed: 0.0101s/iter; left time: 1000.4552s
	iters: 1000, epoch: 6 | loss: 0.4128111
	speed: 0.0103s/iter; left time: 1016.1626s
Epoch: 6 cost time: 10.858355522155762
Epoch: 6, Steps: 1048 | Train Loss: 0.4281981 Vali Loss: 0.9695503
Validation loss decreased (0.969841 --> 0.969550).  Saving model ...
Updating learning rate to 1.5625e-05
	iters: 100, epoch: 7 | loss: 0.4126825
	speed: 0.0312s/iter; left time: 3067.1509s
	iters: 200, epoch: 7 | loss: 0.3692265
	speed: 0.0104s/iter; left time: 1019.1403s
	iters: 300, epoch: 7 | loss: 0.5416538
	speed: 0.0106s/iter; left time: 1044.5315s
	iters: 400, epoch: 7 | loss: 0.4442790
	speed: 0.0103s/iter; left time: 1013.5618s
	iters: 500, epoch: 7 | loss: 0.4846755
	speed: 0.0103s/iter; left time: 1012.1023s
	iters: 600, epoch: 7 | loss: 0.3715954
	speed: 0.0102s/iter; left time: 999.7257s
	iters: 700, epoch: 7 | loss: 0.4563518
	speed: 0.0105s/iter; left time: 1024.3453s
	iters: 800, epoch: 7 | loss: 0.3619996
	speed: 0.0102s/iter; left time: 992.2080s
	iters: 900, epoch: 7 | loss: 0.4302333
	speed: 0.0104s/iter; left time: 1011.1923s
	iters: 1000, epoch: 7 | loss: 0.4104834
	speed: 0.0104s/iter; left time: 1010.4244s
Epoch: 7 cost time: 10.856256246566772
Epoch: 7, Steps: 1048 | Train Loss: 0.4266423 Vali Loss: 0.9706388
EarlyStopping counter: 1 out of 6
Updating learning rate to 7.8125e-06
	iters: 100, epoch: 8 | loss: 0.4182134
	speed: 0.0306s/iter; left time: 2979.4820s
	iters: 200, epoch: 8 | loss: 0.4067654
	speed: 0.0106s/iter; left time: 1027.9038s
	iters: 300, epoch: 8 | loss: 0.4233374
	speed: 0.0103s/iter; left time: 1005.0940s
	iters: 400, epoch: 8 | loss: 0.4125145
	speed: 0.0103s/iter; left time: 995.1047s
	iters: 500, epoch: 8 | loss: 0.3803785
	speed: 0.0101s/iter; left time: 981.1153s
	iters: 600, epoch: 8 | loss: 0.3837869
	speed: 0.0100s/iter; left time: 967.2299s
	iters: 700, epoch: 8 | loss: 0.3669697
	speed: 0.0103s/iter; left time: 997.8150s
	iters: 800, epoch: 8 | loss: 0.4318528
	speed: 0.0104s/iter; left time: 1000.7824s
	iters: 900, epoch: 8 | loss: 0.4992062
	speed: 0.0102s/iter; left time: 986.1786s
	iters: 1000, epoch: 8 | loss: 0.4348777
	speed: 0.0103s/iter; left time: 991.5499s
Epoch: 8 cost time: 10.76509952545166
Epoch: 8, Steps: 1048 | Train Loss: 0.4256018 Vali Loss: 0.9716036
EarlyStopping counter: 2 out of 6
Updating learning rate to 3.90625e-06
	iters: 100, epoch: 9 | loss: 0.3554077
	speed: 0.0303s/iter; left time: 2921.9397s
	iters: 200, epoch: 9 | loss: 0.3953609
	speed: 0.0103s/iter; left time: 995.0236s
	iters: 300, epoch: 9 | loss: 0.4165695
	speed: 0.0106s/iter; left time: 1019.6445s
	iters: 400, epoch: 9 | loss: 0.3881596
	speed: 0.0103s/iter; left time: 989.4373s
	iters: 500, epoch: 9 | loss: 0.4116178
	speed: 0.0103s/iter; left time: 987.3864s
	iters: 600, epoch: 9 | loss: 0.4225201
	speed: 0.0104s/iter; left time: 996.6398s
	iters: 700, epoch: 9 | loss: 0.4831315
	speed: 0.0106s/iter; left time: 1015.5105s
	iters: 800, epoch: 9 | loss: 0.3914817
	speed: 0.0105s/iter; left time: 1002.1422s
	iters: 900, epoch: 9 | loss: 0.3238041
	speed: 0.0104s/iter; left time: 995.1868s
	iters: 1000, epoch: 9 | loss: 0.3783491
	speed: 0.0103s/iter; left time: 983.4173s
Epoch: 9 cost time: 10.898910760879517
Epoch: 9, Steps: 1048 | Train Loss: 0.4253370 Vali Loss: 0.9706392
EarlyStopping counter: 3 out of 6
Updating learning rate to 1.953125e-06
	iters: 100, epoch: 10 | loss: 0.4424051
	speed: 0.0314s/iter; left time: 2994.8343s
	iters: 200, epoch: 10 | loss: 0.4037856
	speed: 0.0107s/iter; left time: 1013.6261s
	iters: 300, epoch: 10 | loss: 0.4236837
	speed: 0.0105s/iter; left time: 1000.9532s
	iters: 400, epoch: 10 | loss: 0.3778708
	speed: 0.0105s/iter; left time: 999.7840s
	iters: 500, epoch: 10 | loss: 0.4529963
	speed: 0.0103s/iter; left time: 977.1943s
	iters: 600, epoch: 10 | loss: 0.3596918
	speed: 0.0101s/iter; left time: 960.5491s
	iters: 700, epoch: 10 | loss: 0.4393772
	speed: 0.0102s/iter; left time: 962.0163s
	iters: 800, epoch: 10 | loss: 0.4858077
	speed: 0.0102s/iter; left time: 962.5664s
	iters: 900, epoch: 10 | loss: 0.4998174
	speed: 0.0103s/iter; left time: 973.9001s
	iters: 1000, epoch: 10 | loss: 0.4866553
	speed: 0.0102s/iter; left time: 964.9136s
Epoch: 10 cost time: 10.832776546478271
Epoch: 10, Steps: 1048 | Train Loss: 0.4251016 Vali Loss: 0.9708543
EarlyStopping counter: 4 out of 6
Updating learning rate to 9.765625e-07
	iters: 100, epoch: 11 | loss: 0.4845692
	speed: 0.0301s/iter; left time: 2836.0981s
	iters: 200, epoch: 11 | loss: 0.4827785
	speed: 0.0102s/iter; left time: 961.5570s
	iters: 300, epoch: 11 | loss: 0.3798597
	speed: 0.0103s/iter; left time: 965.7066s
	iters: 400, epoch: 11 | loss: 0.4956476
	speed: 0.0102s/iter; left time: 961.9601s
	iters: 500, epoch: 11 | loss: 0.4284024
	speed: 0.0103s/iter; left time: 963.5085s
	iters: 600, epoch: 11 | loss: 0.4593732
	speed: 0.0107s/iter; left time: 999.5217s
	iters: 700, epoch: 11 | loss: 0.3601132
	speed: 0.0105s/iter; left time: 980.4355s
	iters: 800, epoch: 11 | loss: 0.4578627
	speed: 0.0102s/iter; left time: 956.2202s
	iters: 900, epoch: 11 | loss: 0.4135494
	speed: 0.0104s/iter; left time: 967.8857s
	iters: 1000, epoch: 11 | loss: 0.4041863
	speed: 0.0101s/iter; left time: 947.0249s
Epoch: 11 cost time: 10.802621364593506
Epoch: 11, Steps: 1048 | Train Loss: 0.4249798 Vali Loss: 0.9708856
EarlyStopping counter: 5 out of 6
Updating learning rate to 4.8828125e-07
	iters: 100, epoch: 12 | loss: 0.4126581
	speed: 0.0308s/iter; left time: 2871.7296s
	iters: 200, epoch: 12 | loss: 0.4292575
	speed: 0.0104s/iter; left time: 964.5441s
	iters: 300, epoch: 12 | loss: 0.4259087
	speed: 0.0104s/iter; left time: 967.9778s
	iters: 400, epoch: 12 | loss: 0.4279110
	speed: 0.0103s/iter; left time: 956.0044s
	iters: 500, epoch: 12 | loss: 0.4996706
	speed: 0.0103s/iter; left time: 955.6141s
	iters: 600, epoch: 12 | loss: 0.4413811
	speed: 0.0101s/iter; left time: 935.7220s
	iters: 700, epoch: 12 | loss: 0.3361111
	speed: 0.0103s/iter; left time: 952.1357s
	iters: 800, epoch: 12 | loss: 0.4285493
	speed: 0.0103s/iter; left time: 949.4891s
	iters: 900, epoch: 12 | loss: 0.4203213
	speed: 0.0102s/iter; left time: 944.4014s
	iters: 1000, epoch: 12 | loss: 0.4453848
	speed: 0.0101s/iter; left time: 932.4954s
Epoch: 12 cost time: 10.755228996276855
Epoch: 12, Steps: 1048 | Train Loss: 0.4256455 Vali Loss: 0.9709215
EarlyStopping counter: 6 out of 6
Early stopping
VALIDATION_RESULT {"best_epoch": 6, "best_mae": 0.6579335968900955, "best_mse": 0.9695502985249106, "epochs_ran": 12, "metric_version": "element_weighted_v1"}
>>>>>>>test skipped (validation-only run)<<<<<<<<<<<<<<<<<<<<<<<<
Using GPU
Args in experiment:
[1mBasic Config[0m
  Task Name:          long_term_forecast  Is Training:        0                   
  Model ID:           ETTm1_96_720_table2_ettm1_p720_no_graph_s2022Model:              GraphMambaRecent    

[1mData Loader[0m
  Data:               ETTm1               Root Path:          /home/cwh/Time-Series-Library/dataset/ETT-small
  Data Path:          ETTm1.csv           Features:           M                   
  Target:             OT                  Freq:               h                   
  Checkpoints:        /home/cwh/Time-Series-Library/logs/timerole_p0/recent_backbone/seed2022/checkpoints

[1mForecasting Task[0m
  Seq Len:            336                 Label Len:          48                  
  Pred Len:           720                 Seasonal Patterns:  Monthly             
  Inverse:            0                   

[1mModel Parameters[0m
  Top k:              5                   Num Kernels:        6                   
  Enc In:             7                   Dec In:             7                   
  C Out:              7                   d model:            64                  
  n heads:            8                   e layers:           1                   
  d layers:           1                   d FF:               128                 
  Moving Avg:         25                  Factor:             1                   
  Distil:             1                   Dropout:            0.1                 
  Embed:              timeF               Activation:         gelu                

[1mRun Parameters[0m
  Num Workers:        0                   Itr:                1                   
  Train Epochs:       100                 Batch Size:         32                  
  Patience:           6                   Learning Rate:      0.0005              
  Des:                table2_ettm1_p720_no_graph_s2022Loss:               MSE                 
  Lradj:              type1               Use Amp:            0                   

[1mGPU[0m
  Use GPU:            1                   GPU:                0                   
  Use Multi GPU:      0                   Devices:            0,1,2,3             

[1mDe-stationary Projector Params[0m
  P Hidden Dims:      128, 128            P Hidden Layers:    2                   

Use GPU: cuda:0
🚀 Lazy Loading: GraphMambaRecent ...
>>>>>>>evaluating validation checkpoint : long_term_forecast_ETTm1_96_720_table2_ettm1_p720_no_graph_s2022_GraphMambaRecent_ETTm1_ftM_sl336_ll48_pl720_dm64_nh8_el1_dl1_df128_expand2_dc2_fc1_ebtimeF_dtTrue_table2_ettm1_p720_no_graph_s2022_0<<<<<<<<<<<<<<<<<<<<<<<<<<<<<<<<<
val 10801
EVALUATION_RESULT {"batches": 338, "elapsed_seconds": 1.6730694100260735, "elements": 54437040, "mae": 0.6579335968900955, "metric_version": "element_weighted_v1", "milliseconds_per_batch": 4.94990949711856, "mse": 0.9695502955111078, "parameter_count": 6800928, "peak_cuda_memory_bytes": 165820928, "split": "val", "timerole_intervention": "intact"}
=== w/o Graph | ETTm2-96 ===
Using GPU
Args in experiment:
[1mBasic Config[0m
  Task Name:          long_term_forecast  Is Training:        1                   
  Model ID:           ETTm2_96_96_table2_ettm2_p96_no_graph_s2022Model:              GraphMambaRecent    

[1mData Loader[0m
  Data:               ETTm2               Root Path:          /home/cwh/Time-Series-Library/dataset/ETT-small
  Data Path:          ETTm2.csv           Features:           M                   
  Target:             OT                  Freq:               h                   
  Checkpoints:        /home/cwh/Time-Series-Library/logs/timerole_p0/recent_backbone/seed2022/checkpoints

[1mForecasting Task[0m
  Seq Len:            336                 Label Len:          48                  
  Pred Len:           96                  Seasonal Patterns:  Monthly             
  Inverse:            0                   

[1mModel Parameters[0m
  Top k:              5                   Num Kernels:        6                   
  Enc In:             7                   Dec In:             7                   
  C Out:              7                   d model:            64                  
  n heads:            8                   e layers:           1                   
  d layers:           1                   d FF:               128                 
  Moving Avg:         25                  Factor:             1                   
  Distil:             1                   Dropout:            0.1                 
  Embed:              timeF               Activation:         gelu                

[1mRun Parameters[0m
  Num Workers:        0                   Itr:                1                   
  Train Epochs:       100                 Batch Size:         32                  
  Patience:           6                   Learning Rate:      0.0005              
  Des:                table2_ettm2_p96_no_graph_s2022Loss:               MSE                 
  Lradj:              type1               Use Amp:            0                   

[1mGPU[0m
  Use GPU:            1                   GPU:                0                   
  Use Multi GPU:      0                   Devices:            0,1,2,3             

[1mDe-stationary Projector Params[0m
  P Hidden Dims:      128, 128            P Hidden Layers:    2                   

Use GPU: cuda:0
🚀 Lazy Loading: GraphMambaRecent ...
>>>>>>>start training : long_term_forecast_ETTm2_96_96_table2_ettm2_p96_no_graph_s2022_GraphMambaRecent_ETTm2_ftM_sl336_ll48_pl96_dm64_nh8_el1_dl1_df128_expand2_dc2_fc1_ebtimeF_dtTrue_table2_ettm2_p96_no_graph_s2022_0>>>>>>>>>>>>>>>>>>>>>>>>>>
train 34129
val 11425
	iters: 100, epoch: 1 | loss: 0.1769170
	speed: 0.0119s/iter; left time: 1269.5391s
	iters: 200, epoch: 1 | loss: 0.3316419
	speed: 0.0102s/iter; left time: 1086.6494s
	iters: 300, epoch: 1 | loss: 0.2422791
	speed: 0.0100s/iter; left time: 1067.1488s
	iters: 400, epoch: 1 | loss: 0.4078260
	speed: 0.0098s/iter; left time: 1044.7820s
	iters: 500, epoch: 1 | loss: 0.3312414
	speed: 0.0097s/iter; left time: 1029.2762s
	iters: 600, epoch: 1 | loss: 0.2891228
	speed: 0.0096s/iter; left time: 1020.2741s
	iters: 700, epoch: 1 | loss: 0.3849215
	speed: 0.0100s/iter; left time: 1055.5668s
	iters: 800, epoch: 1 | loss: 0.2485089
	speed: 0.0100s/iter; left time: 1057.6789s
	iters: 900, epoch: 1 | loss: 0.1574735
	speed: 0.0097s/iter; left time: 1027.8771s
	iters: 1000, epoch: 1 | loss: 0.1892355
	speed: 0.0097s/iter; left time: 1026.9340s
Epoch: 1 cost time: 10.724467277526855
Epoch: 1, Steps: 1067 | Train Loss: 0.2641382 Vali Loss: 0.1316582
Validation loss decreased (inf --> 0.131658).  Saving model ...
Updating learning rate to 0.0005
	iters: 100, epoch: 2 | loss: 0.1660803
	speed: 0.0315s/iter; left time: 3323.1413s
	iters: 200, epoch: 2 | loss: 0.2204752
	speed: 0.0098s/iter; left time: 1037.9972s
	iters: 300, epoch: 2 | loss: 0.1142310
	speed: 0.0099s/iter; left time: 1047.9094s
	iters: 400, epoch: 2 | loss: 0.2872942
	speed: 0.0099s/iter; left time: 1037.1080s
	iters: 500, epoch: 2 | loss: 0.5316854
	speed: 0.0098s/iter; left time: 1030.5784s
	iters: 600, epoch: 2 | loss: 0.1786565
	speed: 0.0099s/iter; left time: 1043.7003s
	iters: 700, epoch: 2 | loss: 0.2904312
	speed: 0.0099s/iter; left time: 1040.1310s
	iters: 800, epoch: 2 | loss: 0.1385927
	speed: 0.0097s/iter; left time: 1021.3938s
	iters: 900, epoch: 2 | loss: 0.2175509
	speed: 0.0097s/iter; left time: 1015.1175s
	iters: 1000, epoch: 2 | loss: 0.1759448
	speed: 0.0096s/iter; left time: 1003.6078s
Epoch: 2 cost time: 10.49865460395813
Epoch: 2, Steps: 1067 | Train Loss: 0.2319058 Vali Loss: 0.1311967
Validation loss decreased (0.131658 --> 0.131197).  Saving model ...
Updating learning rate to 0.00025
	iters: 100, epoch: 3 | loss: 0.1029496
	speed: 0.0312s/iter; left time: 3255.6836s
	iters: 200, epoch: 3 | loss: 0.1757599
	speed: 0.0098s/iter; left time: 1027.6508s
	iters: 300, epoch: 3 | loss: 0.1261483
	speed: 0.0099s/iter; left time: 1031.0526s
	iters: 400, epoch: 3 | loss: 0.2074515
	speed: 0.0097s/iter; left time: 1014.8665s
	iters: 500, epoch: 3 | loss: 0.1721648
	speed: 0.0098s/iter; left time: 1022.8201s
	iters: 600, epoch: 3 | loss: 0.1610289
	speed: 0.0100s/iter; left time: 1035.9796s
	iters: 700, epoch: 3 | loss: 0.2279660
	speed: 0.0099s/iter; left time: 1024.0693s
	iters: 800, epoch: 3 | loss: 0.1959764
	speed: 0.0100s/iter; left time: 1037.3679s
	iters: 900, epoch: 3 | loss: 0.1983942
	speed: 0.0097s/iter; left time: 1007.7111s
	iters: 1000, epoch: 3 | loss: 0.1503583
	speed: 0.0098s/iter; left time: 1014.8781s
Epoch: 3 cost time: 10.488082647323608
Epoch: 3, Steps: 1067 | Train Loss: 0.2155463 Vali Loss: 0.1323740
EarlyStopping counter: 1 out of 6
Updating learning rate to 0.000125
	iters: 100, epoch: 4 | loss: 0.1567426
	speed: 0.0329s/iter; left time: 3402.2016s
	iters: 200, epoch: 4 | loss: 0.2444848
	speed: 0.0100s/iter; left time: 1030.5866s
	iters: 300, epoch: 4 | loss: 0.1168118
	speed: 0.0099s/iter; left time: 1023.1415s
	iters: 400, epoch: 4 | loss: 0.1572506
	speed: 0.0099s/iter; left time: 1023.8816s
	iters: 500, epoch: 4 | loss: 0.1633301
	speed: 0.0100s/iter; left time: 1035.1349s
	iters: 600, epoch: 4 | loss: 0.0960405
	speed: 0.0098s/iter; left time: 1009.1641s
	iters: 700, epoch: 4 | loss: 0.1667470
	speed: 0.0098s/iter; left time: 1008.4645s
	iters: 800, epoch: 4 | loss: 0.3037011
	speed: 0.0098s/iter; left time: 1008.0616s
	iters: 900, epoch: 4 | loss: 0.1727507
	speed: 0.0098s/iter; left time: 1009.5470s
	iters: 1000, epoch: 4 | loss: 0.1605385
	speed: 0.0100s/iter; left time: 1027.4093s
Epoch: 4 cost time: 10.594869375228882
Epoch: 4, Steps: 1067 | Train Loss: 0.2093728 Vali Loss: 0.1343827
EarlyStopping counter: 2 out of 6
Updating learning rate to 6.25e-05
	iters: 100, epoch: 5 | loss: 0.1392003
	speed: 0.0311s/iter; left time: 3178.7186s
	iters: 200, epoch: 5 | loss: 0.4174280
	speed: 0.0099s/iter; left time: 1010.8183s
	iters: 300, epoch: 5 | loss: 0.2221849
	speed: 0.0097s/iter; left time: 992.1263s
	iters: 400, epoch: 5 | loss: 0.3135851
	speed: 0.0099s/iter; left time: 1008.5781s
	iters: 500, epoch: 5 | loss: 0.1218563
	speed: 0.0100s/iter; left time: 1021.8883s
	iters: 600, epoch: 5 | loss: 0.2989513
	speed: 0.0100s/iter; left time: 1019.3024s
	iters: 700, epoch: 5 | loss: 0.3604923
	speed: 0.0097s/iter; left time: 986.0126s
	iters: 800, epoch: 5 | loss: 0.2905773
	speed: 0.0099s/iter; left time: 1006.1015s
	iters: 900, epoch: 5 | loss: 0.1636276
	speed: 0.0098s/iter; left time: 998.7221s
	iters: 1000, epoch: 5 | loss: 0.3431570
	speed: 0.0098s/iter; left time: 992.8802s
Epoch: 5 cost time: 10.527057409286499
Epoch: 5, Steps: 1067 | Train Loss: 0.2063298 Vali Loss: 0.1375161
EarlyStopping counter: 3 out of 6
Updating learning rate to 3.125e-05
	iters: 100, epoch: 6 | loss: 0.1273077
	speed: 0.0315s/iter; left time: 3188.1702s
	iters: 200, epoch: 6 | loss: 0.1452373
	speed: 0.0100s/iter; left time: 1010.8153s
	iters: 300, epoch: 6 | loss: 0.1270152
	speed: 0.0097s/iter; left time: 984.0301s
	iters: 400, epoch: 6 | loss: 0.1091791
	speed: 0.0098s/iter; left time: 988.7297s
	iters: 500, epoch: 6 | loss: 0.1604470
	speed: 0.0098s/iter; left time: 987.9349s
	iters: 600, epoch: 6 | loss: 0.2244968
	speed: 0.0099s/iter; left time: 996.4862s
	iters: 700, epoch: 6 | loss: 0.1307075
	speed: 0.0098s/iter; left time: 985.0863s
	iters: 800, epoch: 6 | loss: 0.1723834
	speed: 0.0098s/iter; left time: 983.4460s
	iters: 900, epoch: 6 | loss: 0.1698475
	speed: 0.0096s/iter; left time: 966.6759s
	iters: 1000, epoch: 6 | loss: 0.2851806
	speed: 0.0099s/iter; left time: 995.1845s
Epoch: 6 cost time: 10.466647624969482
Epoch: 6, Steps: 1067 | Train Loss: 0.2047755 Vali Loss: 0.1356800
EarlyStopping counter: 4 out of 6
Updating learning rate to 1.5625e-05
	iters: 100, epoch: 7 | loss: 0.1137293
	speed: 0.0320s/iter; left time: 3207.0014s
	iters: 200, epoch: 7 | loss: 0.2728194
	speed: 0.0101s/iter; left time: 1012.3287s
	iters: 300, epoch: 7 | loss: 0.2053426
	speed: 0.0099s/iter; left time: 994.2020s
	iters: 400, epoch: 7 | loss: 0.1595831
	speed: 0.0101s/iter; left time: 1011.0447s
	iters: 500, epoch: 7 | loss: 0.2283554
	speed: 0.0097s/iter; left time: 972.0332s
	iters: 600, epoch: 7 | loss: 0.3234226
	speed: 0.0098s/iter; left time: 973.0053s
	iters: 700, epoch: 7 | loss: 0.1731986
	speed: 0.0099s/iter; left time: 981.0940s
	iters: 800, epoch: 7 | loss: 0.1216743
	speed: 0.0099s/iter; left time: 980.6733s
	iters: 900, epoch: 7 | loss: 0.1371159
	speed: 0.0099s/iter; left time: 987.1257s
	iters: 1000, epoch: 7 | loss: 0.3541859
	speed: 0.0098s/iter; left time: 975.3646s
Epoch: 7 cost time: 10.577845335006714
Epoch: 7, Steps: 1067 | Train Loss: 0.2034595 Vali Loss: 0.1366580
EarlyStopping counter: 5 out of 6
Updating learning rate to 7.8125e-06
	iters: 100, epoch: 8 | loss: 0.1827841
	speed: 0.0319s/iter; left time: 3157.4380s
	iters: 200, epoch: 8 | loss: 0.1461123
	speed: 0.0099s/iter; left time: 980.2884s
	iters: 300, epoch: 8 | loss: 0.1206920
	speed: 0.0100s/iter; left time: 993.1385s
	iters: 400, epoch: 8 | loss: 0.1762997
	speed: 0.0099s/iter; left time: 981.5707s
	iters: 500, epoch: 8 | loss: 0.2142518
	speed: 0.0099s/iter; left time: 975.4514s
	iters: 600, epoch: 8 | loss: 0.3058029
	speed: 0.0097s/iter; left time: 960.0527s
	iters: 700, epoch: 8 | loss: 0.1794743
	speed: 0.0099s/iter; left time: 975.2352s
	iters: 800, epoch: 8 | loss: 0.1343152
	speed: 0.0099s/iter; left time: 978.7757s
	iters: 900, epoch: 8 | loss: 0.2130909
	speed: 0.0098s/iter; left time: 965.3728s
	iters: 1000, epoch: 8 | loss: 0.1597670
	speed: 0.0098s/iter; left time: 958.5697s
Epoch: 8 cost time: 10.542961835861206
Epoch: 8, Steps: 1067 | Train Loss: 0.2030755 Vali Loss: 0.1353841
EarlyStopping counter: 6 out of 6
Early stopping
VALIDATION_RESULT {"best_epoch": 2, "best_mae": 0.2504577031780981, "best_mse": 0.13119670189208285, "epochs_ran": 8, "metric_version": "element_weighted_v1"}
>>>>>>>test skipped (validation-only run)<<<<<<<<<<<<<<<<<<<<<<<<
Using GPU
Args in experiment:
[1mBasic Config[0m
  Task Name:          long_term_forecast  Is Training:        0                   
  Model ID:           ETTm2_96_96_table2_ettm2_p96_no_graph_s2022Model:              GraphMambaRecent    

[1mData Loader[0m
  Data:               ETTm2               Root Path:          /home/cwh/Time-Series-Library/dataset/ETT-small
  Data Path:          ETTm2.csv           Features:           M                   
  Target:             OT                  Freq:               h                   
  Checkpoints:        /home/cwh/Time-Series-Library/logs/timerole_p0/recent_backbone/seed2022/checkpoints

[1mForecasting Task[0m
  Seq Len:            336                 Label Len:          48                  
  Pred Len:           96                  Seasonal Patterns:  Monthly             
  Inverse:            0                   

[1mModel Parameters[0m
  Top k:              5                   Num Kernels:        6                   
  Enc In:             7                   Dec In:             7                   
  C Out:              7                   d model:            64                  
  n heads:            8                   e layers:           1                   
  d layers:           1                   d FF:               128                 
  Moving Avg:         25                  Factor:             1                   
  Distil:             1                   Dropout:            0.1                 
  Embed:              timeF               Activation:         gelu                

[1mRun Parameters[0m
  Num Workers:        0                   Itr:                1                   
  Train Epochs:       100                 Batch Size:         32                  
  Patience:           6                   Learning Rate:      0.0005              
  Des:                table2_ettm2_p96_no_graph_s2022Loss:               MSE                 
  Lradj:              type1               Use Amp:            0                   

[1mGPU[0m
  Use GPU:            1                   GPU:                0                   
  Use Multi GPU:      0                   Devices:            0,1,2,3             

[1mDe-stationary Projector Params[0m
  P Hidden Dims:      128, 128            P Hidden Layers:    2                   

Use GPU: cuda:0
🚀 Lazy Loading: GraphMambaRecent ...
>>>>>>>evaluating validation checkpoint : long_term_forecast_ETTm2_96_96_table2_ettm2_p96_no_graph_s2022_GraphMambaRecent_ETTm2_ftM_sl336_ll48_pl96_dm64_nh8_el1_dl1_df128_expand2_dc2_fc1_ebtimeF_dtTrue_table2_ettm2_p96_no_graph_s2022_0<<<<<<<<<<<<<<<<<<<<<<<<<<<<<<<<<
val 11425
EVALUATION_RESULT {"batches": 358, "elapsed_seconds": 1.6397361778654158, "elements": 7677600, "mae": 0.25045770217245217, "metric_version": "element_weighted_v1", "milliseconds_per_batch": 4.580268653255351, "mse": 0.1311967025956375, "parameter_count": 988992, "peak_cuda_memory_bytes": 139025920, "split": "val", "timerole_intervention": "intact"}
=== w/o Graph | ETTm2-720 ===
Using GPU
Args in experiment:
[1mBasic Config[0m
  Task Name:          long_term_forecast  Is Training:        1                   
  Model ID:           ETTm2_96_720_table2_ettm2_p720_no_graph_s2022Model:              GraphMambaRecent    

[1mData Loader[0m
  Data:               ETTm2               Root Path:          /home/cwh/Time-Series-Library/dataset/ETT-small
  Data Path:          ETTm2.csv           Features:           M                   
  Target:             OT                  Freq:               h                   
  Checkpoints:        /home/cwh/Time-Series-Library/logs/timerole_p0/recent_backbone/seed2022/checkpoints

[1mForecasting Task[0m
  Seq Len:            336                 Label Len:          48                  
  Pred Len:           720                 Seasonal Patterns:  Monthly             
  Inverse:            0                   

[1mModel Parameters[0m
  Top k:              5                   Num Kernels:        6                   
  Enc In:             7                   Dec In:             7                   
  C Out:              7                   d model:            64                  
  n heads:            8                   e layers:           1                   
  d layers:           1                   d FF:               128                 
  Moving Avg:         25                  Factor:             1                   
  Distil:             1                   Dropout:            0.1                 
  Embed:              timeF               Activation:         gelu                

[1mRun Parameters[0m
  Num Workers:        0                   Itr:                1                   
  Train Epochs:       100                 Batch Size:         32                  
  Patience:           6                   Learning Rate:      0.0005              
  Des:                table2_ettm2_p720_no_graph_s2022Loss:               MSE                 
  Lradj:              type1               Use Amp:            0                   

[1mGPU[0m
  Use GPU:            1                   GPU:                0                   
  Use Multi GPU:      0                   Devices:            0,1,2,3             

[1mDe-stationary Projector Params[0m
  P Hidden Dims:      128, 128            P Hidden Layers:    2                   

Use GPU: cuda:0
🚀 Lazy Loading: GraphMambaRecent ...
>>>>>>>start training : long_term_forecast_ETTm2_96_720_table2_ettm2_p720_no_graph_s2022_GraphMambaRecent_ETTm2_ftM_sl336_ll48_pl720_dm64_nh8_el1_dl1_df128_expand2_dc2_fc1_ebtimeF_dtTrue_table2_ettm2_p720_no_graph_s2022_0>>>>>>>>>>>>>>>>>>>>>>>>>>
train 33505
val 10801
	iters: 100, epoch: 1 | loss: 0.7669246
	speed: 0.0124s/iter; left time: 1298.6916s
	iters: 200, epoch: 1 | loss: 1.0792255
	speed: 0.0104s/iter; left time: 1083.2329s
	iters: 300, epoch: 1 | loss: 0.6060522
	speed: 0.0103s/iter; left time: 1076.3765s
	iters: 400, epoch: 1 | loss: 0.6513253
	speed: 0.0103s/iter; left time: 1072.0922s
	iters: 500, epoch: 1 | loss: 0.9125498
	speed: 0.0106s/iter; left time: 1107.1219s
	iters: 600, epoch: 1 | loss: 0.8824297
	speed: 0.0103s/iter; left time: 1074.1584s
	iters: 700, epoch: 1 | loss: 0.3372537
	speed: 0.0103s/iter; left time: 1069.3796s
	iters: 800, epoch: 1 | loss: 1.4692622
	speed: 0.0103s/iter; left time: 1074.5659s
	iters: 900, epoch: 1 | loss: 0.3759187
	speed: 0.0105s/iter; left time: 1086.9786s
	iters: 1000, epoch: 1 | loss: 0.5315678
	speed: 0.0104s/iter; left time: 1077.3864s
Epoch: 1 cost time: 11.064939975738525
Epoch: 1, Steps: 1048 | Train Loss: 0.6325117 Vali Loss: 0.2948412
Validation loss decreased (inf --> 0.294841).  Saving model ...
Updating learning rate to 0.0005
	iters: 100, epoch: 2 | loss: 0.7772714
	speed: 0.0315s/iter; left time: 3260.0966s
	iters: 200, epoch: 2 | loss: 0.8550729
	speed: 0.0107s/iter; left time: 1105.1131s
	iters: 300, epoch: 2 | loss: 0.5034569
	speed: 0.0104s/iter; left time: 1080.4700s
	iters: 400, epoch: 2 | loss: 0.4840220
	speed: 0.0102s/iter; left time: 1053.9500s
	iters: 500, epoch: 2 | loss: 0.3015108
	speed: 0.0106s/iter; left time: 1098.8988s
	iters: 600, epoch: 2 | loss: 0.6063638
	speed: 0.0104s/iter; left time: 1076.9431s
	iters: 700, epoch: 2 | loss: 0.4768450
	speed: 0.0105s/iter; left time: 1081.2855s
	iters: 800, epoch: 2 | loss: 0.4012962
	speed: 0.0102s/iter; left time: 1049.3430s
	iters: 900, epoch: 2 | loss: 0.6624884
	speed: 0.0105s/iter; left time: 1078.9675s
	iters: 1000, epoch: 2 | loss: 0.3015598
	speed: 0.0108s/iter; left time: 1106.8842s
Epoch: 2 cost time: 10.99264931678772
Epoch: 2, Steps: 1048 | Train Loss: 0.5841682 Vali Loss: 0.2926116
Validation loss decreased (0.294841 --> 0.292612).  Saving model ...
Updating learning rate to 0.00025
	iters: 100, epoch: 3 | loss: 0.3587891
	speed: 0.0319s/iter; left time: 3270.0757s
	iters: 200, epoch: 3 | loss: 0.4210506
	speed: 0.0105s/iter; left time: 1072.3025s
	iters: 300, epoch: 3 | loss: 0.4457290
	speed: 0.0106s/iter; left time: 1082.0577s
	iters: 400, epoch: 3 | loss: 0.3982471
	speed: 0.0103s/iter; left time: 1058.8563s
	iters: 500, epoch: 3 | loss: 0.4259597
	speed: 0.0103s/iter; left time: 1056.6583s
	iters: 600, epoch: 3 | loss: 0.5131782
	speed: 0.0104s/iter; left time: 1058.7667s
	iters: 700, epoch: 3 | loss: 0.7667394
	speed: 0.0103s/iter; left time: 1046.5485s
	iters: 800, epoch: 3 | loss: 0.5630094
	speed: 0.0105s/iter; left time: 1070.1149s
	iters: 900, epoch: 3 | loss: 0.3340124
	speed: 0.0107s/iter; left time: 1094.0419s
	iters: 1000, epoch: 3 | loss: 0.9427708
	speed: 0.0103s/iter; left time: 1050.9613s
Epoch: 3 cost time: 10.9364333152771
Epoch: 3, Steps: 1048 | Train Loss: 0.5594021 Vali Loss: 0.2888574
Validation loss decreased (0.292612 --> 0.288857).  Saving model ...
Updating learning rate to 0.000125
	iters: 100, epoch: 4 | loss: 0.8647225
	speed: 0.0303s/iter; left time: 3080.8110s
	iters: 200, epoch: 4 | loss: 0.5230029
	speed: 0.0104s/iter; left time: 1053.5454s
	iters: 300, epoch: 4 | loss: 0.4248971
	speed: 0.0101s/iter; left time: 1024.7620s
	iters: 400, epoch: 4 | loss: 0.5338235
	speed: 0.0103s/iter; left time: 1038.9164s
	iters: 500, epoch: 4 | loss: 0.4278993
	speed: 0.0102s/iter; left time: 1036.8237s
	iters: 600, epoch: 4 | loss: 0.7440678
	speed: 0.0102s/iter; left time: 1030.2429s
	iters: 700, epoch: 4 | loss: 0.5063874
	speed: 0.0105s/iter; left time: 1055.5596s
	iters: 800, epoch: 4 | loss: 0.3357513
	speed: 0.0103s/iter; left time: 1040.7849s
	iters: 900, epoch: 4 | loss: 0.5456537
	speed: 0.0102s/iter; left time: 1032.3827s
	iters: 1000, epoch: 4 | loss: 0.3874998
	speed: 0.0103s/iter; left time: 1035.6077s
Epoch: 4 cost time: 10.778871059417725
Epoch: 4, Steps: 1048 | Train Loss: 0.5479722 Vali Loss: 0.2937782
EarlyStopping counter: 1 out of 6
Updating learning rate to 6.25e-05
	iters: 100, epoch: 5 | loss: 0.3186667
	speed: 0.0302s/iter; left time: 3040.0899s
	iters: 200, epoch: 5 | loss: 0.3475497
	speed: 0.0103s/iter; left time: 1038.8090s
	iters: 300, epoch: 5 | loss: 0.7120635
	speed: 0.0103s/iter; left time: 1037.3002s
	iters: 400, epoch: 5 | loss: 0.8948400
	speed: 0.0101s/iter; left time: 1015.5379s
	iters: 500, epoch: 5 | loss: 0.4604805
	speed: 0.0104s/iter; left time: 1042.7251s
	iters: 600, epoch: 5 | loss: 0.5163648
	speed: 0.0104s/iter; left time: 1036.2218s
	iters: 700, epoch: 5 | loss: 0.5704749
	speed: 0.0105s/iter; left time: 1045.8092s
	iters: 800, epoch: 5 | loss: 0.3964342
	speed: 0.0103s/iter; left time: 1023.9159s
	iters: 900, epoch: 5 | loss: 0.3127639
	speed: 0.0106s/iter; left time: 1058.4132s
	iters: 1000, epoch: 5 | loss: 0.3077348
	speed: 0.0106s/iter; left time: 1052.4348s
Epoch: 5 cost time: 10.878124237060547
Epoch: 5, Steps: 1048 | Train Loss: 0.5409226 Vali Loss: 0.2958616
EarlyStopping counter: 2 out of 6
Updating learning rate to 3.125e-05
	iters: 100, epoch: 6 | loss: 0.8961635
	speed: 0.0307s/iter; left time: 3053.7659s
	iters: 200, epoch: 6 | loss: 0.7450181
	speed: 0.0105s/iter; left time: 1045.9494s
	iters: 300, epoch: 6 | loss: 0.6590790
	speed: 0.0106s/iter; left time: 1050.5918s
	iters: 400, epoch: 6 | loss: 0.4581804
	speed: 0.0105s/iter; left time: 1041.7531s
	iters: 500, epoch: 6 | loss: 0.6196184
	speed: 0.0105s/iter; left time: 1038.2149s
	iters: 600, epoch: 6 | loss: 0.7303329
	speed: 0.0105s/iter; left time: 1036.7936s
	iters: 700, epoch: 6 | loss: 0.7416445
	speed: 0.0104s/iter; left time: 1025.4999s
	iters: 800, epoch: 6 | loss: 0.6411001
	speed: 0.0104s/iter; left time: 1028.9583s
	iters: 900, epoch: 6 | loss: 0.3209762
	speed: 0.0103s/iter; left time: 1014.1369s
	iters: 1000, epoch: 6 | loss: 0.9549302
	speed: 0.0104s/iter; left time: 1024.4220s
Epoch: 6 cost time: 10.964482307434082
Epoch: 6, Steps: 1048 | Train Loss: 0.5355479 Vali Loss: 0.2932104
EarlyStopping counter: 3 out of 6
Updating learning rate to 1.5625e-05
	iters: 100, epoch: 7 | loss: 0.7938858
	speed: 0.0320s/iter; left time: 3153.3625s
	iters: 200, epoch: 7 | loss: 0.3905890
	speed: 0.0113s/iter; left time: 1114.5779s
	iters: 300, epoch: 7 | loss: 0.4697282
	speed: 0.0106s/iter; left time: 1045.3028s
	iters: 400, epoch: 7 | loss: 0.9772509
	speed: 0.0105s/iter; left time: 1034.2567s
	iters: 500, epoch: 7 | loss: 0.4814032
	speed: 0.0107s/iter; left time: 1051.8262s
	iters: 600, epoch: 7 | loss: 0.3560566
	speed: 0.0105s/iter; left time: 1030.7335s
	iters: 700, epoch: 7 | loss: 0.2958736
	speed: 0.0119s/iter; left time: 1163.0977s
	iters: 800, epoch: 7 | loss: 0.8211552
	speed: 0.0104s/iter; left time: 1020.2271s
	iters: 900, epoch: 7 | loss: 0.6738328
	speed: 0.0102s/iter; left time: 992.6367s
	iters: 1000, epoch: 7 | loss: 0.4116779
	speed: 0.0105s/iter; left time: 1023.5786s
Epoch: 7 cost time: 11.323305606842041
Epoch: 7, Steps: 1048 | Train Loss: 0.5319770 Vali Loss: 0.2951085
EarlyStopping counter: 4 out of 6
Updating learning rate to 7.8125e-06
	iters: 100, epoch: 8 | loss: 0.5773193
	speed: 0.0305s/iter; left time: 2964.7699s
	iters: 200, epoch: 8 | loss: 0.5584709
	speed: 0.0104s/iter; left time: 1013.1860s
	iters: 300, epoch: 8 | loss: 0.3451558
	speed: 0.0104s/iter; left time: 1013.8523s
	iters: 400, epoch: 8 | loss: 0.9813883
	speed: 0.0101s/iter; left time: 984.2189s
	iters: 500, epoch: 8 | loss: 0.4129503
	speed: 0.0104s/iter; left time: 1007.1568s
	iters: 600, epoch: 8 | loss: 0.4650821
	speed: 0.0104s/iter; left time: 1003.1909s
	iters: 700, epoch: 8 | loss: 1.0929857
	speed: 0.0104s/iter; left time: 1010.8958s
	iters: 800, epoch: 8 | loss: 0.6624796
	speed: 0.0102s/iter; left time: 984.1217s
	iters: 900, epoch: 8 | loss: 0.2834314
	speed: 0.0104s/iter; left time: 1003.1614s
	iters: 1000, epoch: 8 | loss: 0.3717726
	speed: 0.0104s/iter; left time: 1003.8337s
Epoch: 8 cost time: 10.846083879470825
Epoch: 8, Steps: 1048 | Train Loss: 0.5324301 Vali Loss: 0.2957513
EarlyStopping counter: 5 out of 6
Updating learning rate to 3.90625e-06
	iters: 100, epoch: 9 | loss: 0.3384523
	speed: 0.0309s/iter; left time: 2971.9122s
	iters: 200, epoch: 9 | loss: 0.5407495
	speed: 0.0103s/iter; left time: 990.8809s
	iters: 300, epoch: 9 | loss: 0.4422898
	speed: 0.0103s/iter; left time: 991.9926s
	iters: 400, epoch: 9 | loss: 0.5197876
	speed: 0.0103s/iter; left time: 993.3562s
	iters: 500, epoch: 9 | loss: 0.4531483
	speed: 0.0104s/iter; left time: 999.8245s
	iters: 600, epoch: 9 | loss: 0.5457155
	speed: 0.0121s/iter; left time: 1163.5599s
	iters: 700, epoch: 9 | loss: 0.6903765
	speed: 0.0104s/iter; left time: 999.9043s
	iters: 800, epoch: 9 | loss: 0.5372802
	speed: 0.0105s/iter; left time: 1007.0569s
	iters: 900, epoch: 9 | loss: 0.8260319
	speed: 0.0104s/iter; left time: 995.2756s
	iters: 1000, epoch: 9 | loss: 0.5153417
	speed: 0.0106s/iter; left time: 1015.6335s
Epoch: 9 cost time: 11.105722427368164
Epoch: 9, Steps: 1048 | Train Loss: 0.5313014 Vali Loss: 0.2952841
EarlyStopping counter: 6 out of 6
Early stopping
VALIDATION_RESULT {"best_epoch": 3, "best_mae": 0.37190771805775535, "best_mse": 0.2888574452032683, "epochs_ran": 9, "metric_version": "element_weighted_v1"}
>>>>>>>test skipped (validation-only run)<<<<<<<<<<<<<<<<<<<<<<<<
Using GPU
Args in experiment:
[1mBasic Config[0m
  Task Name:          long_term_forecast  Is Training:        0                   
  Model ID:           ETTm2_96_720_table2_ettm2_p720_no_graph_s2022Model:              GraphMambaRecent    

[1mData Loader[0m
  Data:               ETTm2               Root Path:          /home/cwh/Time-Series-Library/dataset/ETT-small
  Data Path:          ETTm2.csv           Features:           M                   
  Target:             OT                  Freq:               h                   
  Checkpoints:        /home/cwh/Time-Series-Library/logs/timerole_p0/recent_backbone/seed2022/checkpoints

[1mForecasting Task[0m
  Seq Len:            336                 Label Len:          48                  
  Pred Len:           720                 Seasonal Patterns:  Monthly             
  Inverse:            0                   

[1mModel Parameters[0m
  Top k:              5                   Num Kernels:        6                   
  Enc In:             7                   Dec In:             7                   
  C Out:              7                   d model:            64                  
  n heads:            8                   e layers:           1                   
  d layers:           1                   d FF:               128                 
  Moving Avg:         25                  Factor:             1                   
  Distil:             1                   Dropout:            0.1                 
  Embed:              timeF               Activation:         gelu                

[1mRun Parameters[0m
  Num Workers:        0                   Itr:                1                   
  Train Epochs:       100                 Batch Size:         32                  
  Patience:           6                   Learning Rate:      0.0005              
  Des:                table2_ettm2_p720_no_graph_s2022Loss:               MSE                 
  Lradj:              type1               Use Amp:            0                   

[1mGPU[0m
  Use GPU:            1                   GPU:                0                   
  Use Multi GPU:      0                   Devices:            0,1,2,3             

[1mDe-stationary Projector Params[0m
  P Hidden Dims:      128, 128            P Hidden Layers:    2                   

Use GPU: cuda:0
🚀 Lazy Loading: GraphMambaRecent ...
>>>>>>>evaluating validation checkpoint : long_term_forecast_ETTm2_96_720_table2_ettm2_p720_no_graph_s2022_GraphMambaRecent_ETTm2_ftM_sl336_ll48_pl720_dm64_nh8_el1_dl1_df128_expand2_dc2_fc1_ebtimeF_dtTrue_table2_ettm2_p720_no_graph_s2022_0<<<<<<<<<<<<<<<<<<<<<<<<<<<<<<<<<
val 10801
EVALUATION_RESULT {"batches": 338, "elapsed_seconds": 1.5712449818383902, "elements": 54437040, "mae": 0.3719077176272121, "metric_version": "element_weighted_v1", "milliseconds_per_batch": 4.648653792421273, "mse": 0.28885744480860365, "parameter_count": 6800928, "peak_cuda_memory_bytes": 165820928, "split": "val", "timerole_intervention": "intact"}
{
  "completed": 20,
  "failures": []
}
