=== w/o Decomp | ETTm1-96 ===
Using GPU
Args in experiment:
[1mBasic Config[0m
  Task Name:          long_term_forecast  Is Training:        1                   
  Model ID:           ETTm1_96_96_table2_ettm1_p96_no_decomp_s2023Model:              GraphMambaRecent    

[1mData Loader[0m
  Data:               ETTm1               Root Path:          /home/cwh/Time-Series-Library/dataset/ETT-small
  Data Path:          ETTm1.csv           Features:           M                   
  Target:             OT                  Freq:               h                   
  Checkpoints:        /home/cwh/Time-Series-Library/logs/timerole_p0/recent_backbone/seed2023/checkpoints

[1mForecasting Task[0m
  Seq Len:            336                 Label Len:          48                  
  Pred Len:           96                  Seasonal Patterns:  Monthly             
  Inverse:            0                   

[1mModel Parameters[0m
  Top k:              5                   Num Kernels:        6                   
  Enc In:             7                   Dec In:             7                   
  C Out:              7                   d model:            64                  
  n heads:            8                   e layers:           1                   
  d layers:           1                   d FF:               128                 
  Moving Avg:         25                  Factor:             1                   
  Distil:             1                   Dropout:            0.1                 
  Embed:              timeF               Activation:         gelu                

[1mRun Parameters[0m
  Num Workers:        0                   Itr:                1                   
  Train Epochs:       100                 Batch Size:         32                  
  Patience:           6                   Learning Rate:      0.0005              
  Des:                table2_ettm1_p96_no_decomp_s2023Loss:               MSE                 
  Lradj:              type1               Use Amp:            0                   

[1mGPU[0m
  Use GPU:            1                   GPU:                0                   
  Use Multi GPU:      0                   Devices:            0,1,2,3             

[1mDe-stationary Projector Params[0m
  P Hidden Dims:      128, 128            P Hidden Layers:    2                   

Use GPU: cuda:0
🚀 Lazy Loading: GraphMambaRecent ...
[GraphMamba] Building 7x7 static graph from 2000 training samples
>>>>>>>start training : long_term_forecast_ETTm1_96_96_table2_ettm1_p96_no_decomp_s2023_GraphMambaRecent_ETTm1_ftM_sl336_ll48_pl96_dm64_nh8_el1_dl1_df128_expand2_dc2_fc1_ebtimeF_dtTrue_table2_ettm1_p96_no_decomp_s2023_0>>>>>>>>>>>>>>>>>>>>>>>>>>
train 34129
val 11425
	iters: 100, epoch: 1 | loss: 0.3409968
	speed: 0.0126s/iter; left time: 1342.3486s
	iters: 200, epoch: 1 | loss: 0.3695436
	speed: 0.0103s/iter; left time: 1098.3276s
	iters: 300, epoch: 1 | loss: 0.3020886
	speed: 0.0103s/iter; left time: 1092.7101s
	iters: 400, epoch: 1 | loss: 0.3102835
	speed: 0.0103s/iter; left time: 1099.3365s
	iters: 500, epoch: 1 | loss: 0.3049364
	speed: 0.0105s/iter; left time: 1112.9104s
	iters: 600, epoch: 1 | loss: 0.3150021
	speed: 0.0104s/iter; left time: 1098.6703s
	iters: 700, epoch: 1 | loss: 0.3232392
	speed: 0.0104s/iter; left time: 1098.7408s
	iters: 800, epoch: 1 | loss: 0.3392911
	speed: 0.0104s/iter; left time: 1102.4202s
	iters: 900, epoch: 1 | loss: 0.3165040
	speed: 0.0103s/iter; left time: 1088.4368s
	iters: 1000, epoch: 1 | loss: 0.2970230
	speed: 0.0102s/iter; left time: 1076.5454s
Epoch: 1 cost time: 11.266599893569946
Epoch: 1, Steps: 1067 | Train Loss: 0.3249670 Vali Loss: 0.4216730
Validation loss decreased (inf --> 0.421673).  Saving model ...
Updating learning rate to 0.0005
	iters: 100, epoch: 2 | loss: 0.3187775
	speed: 0.0367s/iter; left time: 3873.1374s
	iters: 200, epoch: 2 | loss: 0.3468306
	speed: 0.0106s/iter; left time: 1112.7159s
	iters: 300, epoch: 2 | loss: 0.2701762
	speed: 0.0105s/iter; left time: 1108.8390s
	iters: 400, epoch: 2 | loss: 0.2203842
	speed: 0.0107s/iter; left time: 1125.4723s
	iters: 500, epoch: 2 | loss: 0.3251229
	speed: 0.0102s/iter; left time: 1073.3772s
	iters: 600, epoch: 2 | loss: 0.2542190
	speed: 0.0102s/iter; left time: 1071.7492s
	iters: 700, epoch: 2 | loss: 0.2324642
	speed: 0.0104s/iter; left time: 1087.9751s
	iters: 800, epoch: 2 | loss: 0.2796527
	speed: 0.0104s/iter; left time: 1089.9529s
	iters: 900, epoch: 2 | loss: 0.2866932
	speed: 0.0105s/iter; left time: 1098.3942s
	iters: 1000, epoch: 2 | loss: 0.2738391
	speed: 0.0107s/iter; left time: 1121.4854s
Epoch: 2 cost time: 11.383023262023926
Epoch: 2, Steps: 1067 | Train Loss: 0.2749668 Vali Loss: 0.4079078
Validation loss decreased (0.421673 --> 0.407908).  Saving model ...
Updating learning rate to 0.00025
	iters: 100, epoch: 3 | loss: 0.2507130
	speed: 0.0323s/iter; left time: 3377.8045s
	iters: 200, epoch: 3 | loss: 0.2559025
	speed: 0.0105s/iter; left time: 1095.4048s
	iters: 300, epoch: 3 | loss: 0.2521537
	speed: 0.0105s/iter; left time: 1093.7765s
	iters: 400, epoch: 3 | loss: 0.2470250
	speed: 0.0104s/iter; left time: 1083.4890s
	iters: 500, epoch: 3 | loss: 0.2678593
	speed: 0.0101s/iter; left time: 1055.8648s
	iters: 600, epoch: 3 | loss: 0.2388985
	speed: 0.0104s/iter; left time: 1083.9708s
	iters: 700, epoch: 3 | loss: 0.2388132
	speed: 0.0104s/iter; left time: 1077.1758s
	iters: 800, epoch: 3 | loss: 0.2553142
	speed: 0.0104s/iter; left time: 1079.9932s
	iters: 900, epoch: 3 | loss: 0.2843458
	speed: 0.0103s/iter; left time: 1067.4100s
	iters: 1000, epoch: 3 | loss: 0.2162965
	speed: 0.0106s/iter; left time: 1094.7601s
Epoch: 3 cost time: 11.096425294876099
Epoch: 3, Steps: 1067 | Train Loss: 0.2607854 Vali Loss: 0.4139315
EarlyStopping counter: 1 out of 6
Updating learning rate to 0.000125
	iters: 100, epoch: 4 | loss: 0.2970232
	speed: 0.0323s/iter; left time: 3343.0608s
	iters: 200, epoch: 4 | loss: 0.3818838
	speed: 0.0104s/iter; left time: 1073.7143s
	iters: 300, epoch: 4 | loss: 0.2197717
	speed: 0.0105s/iter; left time: 1078.9253s
	iters: 400, epoch: 4 | loss: 0.2375073
	speed: 0.0104s/iter; left time: 1076.8091s
	iters: 500, epoch: 4 | loss: 0.2336311
	speed: 0.0103s/iter; left time: 1065.4141s
	iters: 600, epoch: 4 | loss: 0.2355294
	speed: 0.0104s/iter; left time: 1068.3987s
	iters: 700, epoch: 4 | loss: 0.2555521
	speed: 0.0106s/iter; left time: 1086.9513s
	iters: 800, epoch: 4 | loss: 0.2727145
	speed: 0.0104s/iter; left time: 1068.7572s
	iters: 900, epoch: 4 | loss: 0.2477142
	speed: 0.0103s/iter; left time: 1052.4674s
	iters: 1000, epoch: 4 | loss: 0.2052663
	speed: 0.0103s/iter; left time: 1058.6661s
Epoch: 4 cost time: 11.08678650856018
Epoch: 4, Steps: 1067 | Train Loss: 0.2539435 Vali Loss: 0.4035880
Validation loss decreased (0.407908 --> 0.403588).  Saving model ...
Updating learning rate to 6.25e-05
	iters: 100, epoch: 5 | loss: 0.2439852
	speed: 0.0333s/iter; left time: 3406.4718s
	iters: 200, epoch: 5 | loss: 0.3392939
	speed: 0.0105s/iter; left time: 1068.8229s
	iters: 300, epoch: 5 | loss: 0.2449306
	speed: 0.0105s/iter; left time: 1075.2998s
	iters: 400, epoch: 5 | loss: 0.2975134
	speed: 0.0106s/iter; left time: 1085.9543s
	iters: 500, epoch: 5 | loss: 0.2748325
	speed: 0.0102s/iter; left time: 1037.9230s
	iters: 600, epoch: 5 | loss: 0.1784816
	speed: 0.0103s/iter; left time: 1053.9291s
	iters: 700, epoch: 5 | loss: 0.2260843
	speed: 0.0103s/iter; left time: 1049.9259s
	iters: 800, epoch: 5 | loss: 0.2432762
	speed: 0.0104s/iter; left time: 1059.3554s
	iters: 900, epoch: 5 | loss: 0.2184090
	speed: 0.0103s/iter; left time: 1050.4031s
	iters: 1000, epoch: 5 | loss: 0.2450903
	speed: 0.0104s/iter; left time: 1058.5445s
Epoch: 5 cost time: 11.114049196243286
Epoch: 5, Steps: 1067 | Train Loss: 0.2503699 Vali Loss: 0.4078298
EarlyStopping counter: 1 out of 6
Updating learning rate to 3.125e-05
	iters: 100, epoch: 6 | loss: 0.2281321
	speed: 0.0334s/iter; left time: 3387.0252s
	iters: 200, epoch: 6 | loss: 0.2963160
	speed: 0.0105s/iter; left time: 1058.9036s
	iters: 300, epoch: 6 | loss: 0.3153990
	speed: 0.0103s/iter; left time: 1043.2450s
	iters: 400, epoch: 6 | loss: 0.3179934
	speed: 0.0107s/iter; left time: 1078.0214s
	iters: 500, epoch: 6 | loss: 0.1954952
	speed: 0.0107s/iter; left time: 1078.5221s
	iters: 600, epoch: 6 | loss: 0.2399510
	speed: 0.0107s/iter; left time: 1079.9948s
	iters: 700, epoch: 6 | loss: 0.2569602
	speed: 0.0105s/iter; left time: 1057.1998s
	iters: 800, epoch: 6 | loss: 0.3162025
	speed: 0.0105s/iter; left time: 1051.3020s
	iters: 900, epoch: 6 | loss: 0.2185357
	speed: 0.0104s/iter; left time: 1040.1080s
	iters: 1000, epoch: 6 | loss: 0.1995992
	speed: 0.0105s/iter; left time: 1056.2605s
Epoch: 6 cost time: 11.258919715881348
Epoch: 6, Steps: 1067 | Train Loss: 0.2481611 Vali Loss: 0.4122570
EarlyStopping counter: 2 out of 6
Updating learning rate to 1.5625e-05
	iters: 100, epoch: 7 | loss: 0.2189012
	speed: 0.0321s/iter; left time: 3221.1765s
	iters: 200, epoch: 7 | loss: 0.1999465
	speed: 0.0102s/iter; left time: 1022.6166s
	iters: 300, epoch: 7 | loss: 0.2125437
	speed: 0.0103s/iter; left time: 1028.5310s
	iters: 400, epoch: 7 | loss: 0.2559242
	speed: 0.0105s/iter; left time: 1047.1205s
	iters: 500, epoch: 7 | loss: 0.2862878
	speed: 0.0106s/iter; left time: 1057.3166s
	iters: 600, epoch: 7 | loss: 0.2435517
	speed: 0.0122s/iter; left time: 1215.8389s
	iters: 700, epoch: 7 | loss: 0.2618557
	speed: 0.0106s/iter; left time: 1051.1704s
	iters: 800, epoch: 7 | loss: 0.2675744
	speed: 0.0106s/iter; left time: 1057.1558s
	iters: 900, epoch: 7 | loss: 0.2559449
	speed: 0.0102s/iter; left time: 1018.7043s
	iters: 1000, epoch: 7 | loss: 0.1910527
	speed: 0.0107s/iter; left time: 1059.4573s
Epoch: 7 cost time: 11.313453912734985
Epoch: 7, Steps: 1067 | Train Loss: 0.2469091 Vali Loss: 0.4050020
EarlyStopping counter: 3 out of 6
Updating learning rate to 7.8125e-06
	iters: 100, epoch: 8 | loss: 0.1938531
	speed: 0.0345s/iter; left time: 3424.6428s
	iters: 200, epoch: 8 | loss: 0.2688491
	speed: 0.0103s/iter; left time: 1022.9099s
	iters: 300, epoch: 8 | loss: 0.2251471
	speed: 0.0102s/iter; left time: 1011.0658s
	iters: 400, epoch: 8 | loss: 0.2353583
	speed: 0.0104s/iter; left time: 1032.1401s
	iters: 500, epoch: 8 | loss: 0.2458532
	speed: 0.0102s/iter; left time: 1005.9464s
	iters: 600, epoch: 8 | loss: 0.2408865
	speed: 0.0106s/iter; left time: 1040.6246s
	iters: 700, epoch: 8 | loss: 0.2717527
	speed: 0.0102s/iter; left time: 1005.8747s
	iters: 800, epoch: 8 | loss: 0.2427408
	speed: 0.0103s/iter; left time: 1017.6812s
	iters: 900, epoch: 8 | loss: 0.2079864
	speed: 0.0102s/iter; left time: 1007.7055s
	iters: 1000, epoch: 8 | loss: 0.2781123
	speed: 0.0105s/iter; left time: 1033.5274s
Epoch: 8 cost time: 11.060759782791138
Epoch: 8, Steps: 1067 | Train Loss: 0.2463520 Vali Loss: 0.4101568
EarlyStopping counter: 4 out of 6
Updating learning rate to 3.90625e-06
	iters: 100, epoch: 9 | loss: 0.2081824
	speed: 0.0334s/iter; left time: 3277.0599s
	iters: 200, epoch: 9 | loss: 0.2846000
	speed: 0.0107s/iter; left time: 1044.3181s
	iters: 300, epoch: 9 | loss: 0.3155467
	speed: 0.0104s/iter; left time: 1014.0499s
	iters: 400, epoch: 9 | loss: 0.2192827
	speed: 0.0106s/iter; left time: 1034.0841s
	iters: 500, epoch: 9 | loss: 0.2201535
	speed: 0.0104s/iter; left time: 1019.4986s
	iters: 600, epoch: 9 | loss: 0.2511107
	speed: 0.0102s/iter; left time: 998.4559s
	iters: 700, epoch: 9 | loss: 0.1955581
	speed: 0.0104s/iter; left time: 1017.1541s
	iters: 800, epoch: 9 | loss: 0.2159415
	speed: 0.0105s/iter; left time: 1020.6281s
	iters: 900, epoch: 9 | loss: 0.3091898
	speed: 0.0103s/iter; left time: 1002.4097s
	iters: 1000, epoch: 9 | loss: 0.2539380
	speed: 0.0103s/iter; left time: 1005.4408s
Epoch: 9 cost time: 11.105500936508179
Epoch: 9, Steps: 1067 | Train Loss: 0.2461892 Vali Loss: 0.4080750
EarlyStopping counter: 5 out of 6
Updating learning rate to 1.953125e-06
	iters: 100, epoch: 10 | loss: 0.2227742
	speed: 0.0322s/iter; left time: 3120.2432s
	iters: 200, epoch: 10 | loss: 0.2255732
	speed: 0.0101s/iter; left time: 979.9272s
	iters: 300, epoch: 10 | loss: 0.2339667
	speed: 0.0102s/iter; left time: 985.2561s
	iters: 400, epoch: 10 | loss: 0.2373902
	speed: 0.0103s/iter; left time: 991.5463s
	iters: 500, epoch: 10 | loss: 0.2963636
	speed: 0.0105s/iter; left time: 1011.3488s
	iters: 600, epoch: 10 | loss: 0.2442150
	speed: 0.0103s/iter; left time: 990.1555s
	iters: 700, epoch: 10 | loss: 0.2278028
	speed: 0.0103s/iter; left time: 996.7621s
	iters: 800, epoch: 10 | loss: 0.2141329
	speed: 0.0108s/iter; left time: 1040.6926s
	iters: 900, epoch: 10 | loss: 0.2393028
	speed: 0.0103s/iter; left time: 991.9887s
	iters: 1000, epoch: 10 | loss: 0.2131419
	speed: 0.0101s/iter; left time: 973.6613s
Epoch: 10 cost time: 11.031270027160645
Epoch: 10, Steps: 1067 | Train Loss: 0.2460141 Vali Loss: 0.4067735
EarlyStopping counter: 6 out of 6
Early stopping
VALIDATION_RESULT {"best_epoch": 4, "best_mae": 0.4205900278476001, "best_mse": 0.4035879764395902, "epochs_ran": 10, "metric_version": "element_weighted_v1"}
>>>>>>>test skipped (validation-only run)<<<<<<<<<<<<<<<<<<<<<<<<
Using GPU
Args in experiment:
[1mBasic Config[0m
  Task Name:          long_term_forecast  Is Training:        0                   
  Model ID:           ETTm1_96_96_table2_ettm1_p96_no_decomp_s2023Model:              GraphMambaRecent    

[1mData Loader[0m
  Data:               ETTm1               Root Path:          /home/cwh/Time-Series-Library/dataset/ETT-small
  Data Path:          ETTm1.csv           Features:           M                   
  Target:             OT                  Freq:               h                   
  Checkpoints:        /home/cwh/Time-Series-Library/logs/timerole_p0/recent_backbone/seed2023/checkpoints

[1mForecasting Task[0m
  Seq Len:            336                 Label Len:          48                  
  Pred Len:           96                  Seasonal Patterns:  Monthly             
  Inverse:            0                   

[1mModel Parameters[0m
  Top k:              5                   Num Kernels:        6                   
  Enc In:             7                   Dec In:             7                   
  C Out:              7                   d model:            64                  
  n heads:            8                   e layers:           1                   
  d layers:           1                   d FF:               128                 
  Moving Avg:         25                  Factor:             1                   
  Distil:             1                   Dropout:            0.1                 
  Embed:              timeF               Activation:         gelu                

[1mRun Parameters[0m
  Num Workers:        0                   Itr:                1                   
  Train Epochs:       100                 Batch Size:         32                  
  Patience:           6                   Learning Rate:      0.0005              
  Des:                table2_ettm1_p96_no_decomp_s2023Loss:               MSE                 
  Lradj:              type1               Use Amp:            0                   

[1mGPU[0m
  Use GPU:            1                   GPU:                0                   
  Use Multi GPU:      0                   Devices:            0,1,2,3             

[1mDe-stationary Projector Params[0m
  P Hidden Dims:      128, 128            P Hidden Layers:    2                   

Use GPU: cuda:0
🚀 Lazy Loading: GraphMambaRecent ...
[GraphMamba] Building 7x7 static graph from 2000 training samples
>>>>>>>evaluating validation checkpoint : long_term_forecast_ETTm1_96_96_table2_ettm1_p96_no_decomp_s2023_GraphMambaRecent_ETTm1_ftM_sl336_ll48_pl96_dm64_nh8_el1_dl1_df128_expand2_dc2_fc1_ebtimeF_dtTrue_table2_ettm1_p96_no_decomp_s2023_0<<<<<<<<<<<<<<<<<<<<<<<<<<<<<<<<<
val 11425
EVALUATION_RESULT {"batches": 358, "elapsed_seconds": 1.7145559468772262, "elements": 7677600, "mae": 0.4205900314210218, "metric_version": "element_weighted_v1", "milliseconds_per_batch": 4.789262421444766, "mse": 0.4035879772544416, "parameter_count": 988070, "peak_cuda_memory_bytes": 138765312, "split": "val", "timerole_intervention": "intact"}
=== w/o Decomp | ETTm1-720 ===
Using GPU
Args in experiment:
[1mBasic Config[0m
  Task Name:          long_term_forecast  Is Training:        1                   
  Model ID:           ETTm1_96_720_table2_ettm1_p720_no_decomp_s2023Model:              GraphMambaRecent    

[1mData Loader[0m
  Data:               ETTm1               Root Path:          /home/cwh/Time-Series-Library/dataset/ETT-small
  Data Path:          ETTm1.csv           Features:           M                   
  Target:             OT                  Freq:               h                   
  Checkpoints:        /home/cwh/Time-Series-Library/logs/timerole_p0/recent_backbone/seed2023/checkpoints

[1mForecasting Task[0m
  Seq Len:            336                 Label Len:          48                  
  Pred Len:           720                 Seasonal Patterns:  Monthly             
  Inverse:            0                   

[1mModel Parameters[0m
  Top k:              5                   Num Kernels:        6                   
  Enc In:             7                   Dec In:             7                   
  C Out:              7                   d model:            64                  
  n heads:            8                   e layers:           1                   
  d layers:           1                   d FF:               128                 
  Moving Avg:         25                  Factor:             1                   
  Distil:             1                   Dropout:            0.1                 
  Embed:              timeF               Activation:         gelu                

[1mRun Parameters[0m
  Num Workers:        0                   Itr:                1                   
  Train Epochs:       100                 Batch Size:         32                  
  Patience:           6                   Learning Rate:      0.0005              
  Des:                table2_ettm1_p720_no_decomp_s2023Loss:               MSE                 
  Lradj:              type1               Use Amp:            0                   

[1mGPU[0m
  Use GPU:            1                   GPU:                0                   
  Use Multi GPU:      0                   Devices:            0,1,2,3             

[1mDe-stationary Projector Params[0m
  P Hidden Dims:      128, 128            P Hidden Layers:    2                   

Use GPU: cuda:0
🚀 Lazy Loading: GraphMambaRecent ...
[GraphMamba] Building 7x7 static graph from 2000 training samples
>>>>>>>start training : long_term_forecast_ETTm1_96_720_table2_ettm1_p720_no_decomp_s2023_GraphMambaRecent_ETTm1_ftM_sl336_ll48_pl720_dm64_nh8_el1_dl1_df128_expand2_dc2_fc1_ebtimeF_dtTrue_table2_ettm1_p720_no_decomp_s2023_0>>>>>>>>>>>>>>>>>>>>>>>>>>
train 33505
val 10801
	iters: 100, epoch: 1 | loss: 0.5050677
	speed: 0.0127s/iter; left time: 1326.0776s
	iters: 200, epoch: 1 | loss: 0.5925274
	speed: 0.0107s/iter; left time: 1117.6637s
	iters: 300, epoch: 1 | loss: 0.5771164
	speed: 0.0106s/iter; left time: 1102.7465s
	iters: 400, epoch: 1 | loss: 0.4428584
	speed: 0.0108s/iter; left time: 1124.6919s
	iters: 500, epoch: 1 | loss: 0.4709413
	speed: 0.0107s/iter; left time: 1111.7477s
	iters: 600, epoch: 1 | loss: 0.3915701
	speed: 0.0110s/iter; left time: 1149.6587s
	iters: 700, epoch: 1 | loss: 0.4993981
	speed: 0.0106s/iter; left time: 1102.7786s
	iters: 800, epoch: 1 | loss: 0.3933933
	speed: 0.0124s/iter; left time: 1286.8821s
	iters: 900, epoch: 1 | loss: 0.4221288
	speed: 0.0107s/iter; left time: 1110.5355s
	iters: 1000, epoch: 1 | loss: 0.4230581
	speed: 0.0108s/iter; left time: 1125.7266s
Epoch: 1 cost time: 11.600471258163452
Epoch: 1, Steps: 1048 | Train Loss: 0.4872331 Vali Loss: 0.9782411
Validation loss decreased (inf --> 0.978241).  Saving model ...
Updating learning rate to 0.0005
	iters: 100, epoch: 2 | loss: 0.3841551
	speed: 0.0314s/iter; left time: 3250.5755s
	iters: 200, epoch: 2 | loss: 0.4150115
	speed: 0.0107s/iter; left time: 1111.2083s
	iters: 300, epoch: 2 | loss: 0.5682491
	speed: 0.0107s/iter; left time: 1107.5013s
	iters: 400, epoch: 2 | loss: 0.5129811
	speed: 0.0105s/iter; left time: 1085.7471s
	iters: 500, epoch: 2 | loss: 0.3796991
	speed: 0.0106s/iter; left time: 1097.3228s
	iters: 600, epoch: 2 | loss: 0.4743855
	speed: 0.0105s/iter; left time: 1086.6964s
	iters: 700, epoch: 2 | loss: 0.4557666
	speed: 0.0108s/iter; left time: 1112.9355s
	iters: 800, epoch: 2 | loss: 0.3957112
	speed: 0.0107s/iter; left time: 1101.3368s
	iters: 900, epoch: 2 | loss: 0.5055707
	speed: 0.0108s/iter; left time: 1110.1887s
	iters: 1000, epoch: 2 | loss: 0.4317333
	speed: 0.0108s/iter; left time: 1112.0832s
Epoch: 2 cost time: 11.198392868041992
Epoch: 2, Steps: 1048 | Train Loss: 0.4485619 Vali Loss: 0.9526448
Validation loss decreased (0.978241 --> 0.952645).  Saving model ...
Updating learning rate to 0.00025
	iters: 100, epoch: 3 | loss: 0.5069481
	speed: 0.0311s/iter; left time: 3187.3173s
	iters: 200, epoch: 3 | loss: 0.4143932
	speed: 0.0108s/iter; left time: 1107.0204s
	iters: 300, epoch: 3 | loss: 0.4196135
	speed: 0.0107s/iter; left time: 1096.3922s
	iters: 400, epoch: 3 | loss: 0.3904445
	speed: 0.0107s/iter; left time: 1094.2395s
	iters: 500, epoch: 3 | loss: 0.3930892
	speed: 0.0107s/iter; left time: 1093.9750s
	iters: 600, epoch: 3 | loss: 0.4201626
	speed: 0.0106s/iter; left time: 1082.5199s
	iters: 700, epoch: 3 | loss: 0.3933759
	speed: 0.0107s/iter; left time: 1092.6488s
	iters: 800, epoch: 3 | loss: 0.3942620
	speed: 0.0107s/iter; left time: 1094.8325s
	iters: 900, epoch: 3 | loss: 0.4664165
	speed: 0.0108s/iter; left time: 1103.8836s
	iters: 1000, epoch: 3 | loss: 0.5246246
	speed: 0.0107s/iter; left time: 1086.1823s
Epoch: 3 cost time: 11.210481882095337
Epoch: 3, Steps: 1048 | Train Loss: 0.4306341 Vali Loss: 0.9684992
EarlyStopping counter: 1 out of 6
Updating learning rate to 0.000125
	iters: 100, epoch: 4 | loss: 0.4389439
	speed: 0.0308s/iter; left time: 3129.5676s
	iters: 200, epoch: 4 | loss: 0.4195789
	speed: 0.0109s/iter; left time: 1108.6388s
	iters: 300, epoch: 4 | loss: 0.4747987
	speed: 0.0108s/iter; left time: 1095.1415s
	iters: 400, epoch: 4 | loss: 0.3343346
	speed: 0.0109s/iter; left time: 1107.7292s
	iters: 500, epoch: 4 | loss: 0.3977074
	speed: 0.0111s/iter; left time: 1121.0675s
	iters: 600, epoch: 4 | loss: 0.5034291
	speed: 0.0108s/iter; left time: 1091.8234s
	iters: 700, epoch: 4 | loss: 0.4196253
	speed: 0.0111s/iter; left time: 1118.3099s
	iters: 800, epoch: 4 | loss: 0.3883968
	speed: 0.0108s/iter; left time: 1086.4347s
	iters: 900, epoch: 4 | loss: 0.4436700
	speed: 0.0110s/iter; left time: 1103.5445s
	iters: 1000, epoch: 4 | loss: 0.4314197
	speed: 0.0108s/iter; left time: 1090.2816s
Epoch: 4 cost time: 11.410176038742065
Epoch: 4, Steps: 1048 | Train Loss: 0.4211028 Vali Loss: 0.9595926
EarlyStopping counter: 2 out of 6
Updating learning rate to 6.25e-05
	iters: 100, epoch: 5 | loss: 0.3602573
	speed: 0.0314s/iter; left time: 3160.2592s
	iters: 200, epoch: 5 | loss: 0.4224829
	speed: 0.0107s/iter; left time: 1073.7912s
	iters: 300, epoch: 5 | loss: 0.5041466
	speed: 0.0106s/iter; left time: 1062.5151s
	iters: 400, epoch: 5 | loss: 0.4181942
	speed: 0.0107s/iter; left time: 1070.4993s
	iters: 500, epoch: 5 | loss: 0.3659273
	speed: 0.0107s/iter; left time: 1073.6683s
	iters: 600, epoch: 5 | loss: 0.4024295
	speed: 0.0109s/iter; left time: 1091.8534s
	iters: 700, epoch: 5 | loss: 0.5154715
	speed: 0.0109s/iter; left time: 1088.3441s
	iters: 800, epoch: 5 | loss: 0.3905533
	speed: 0.0110s/iter; left time: 1096.4328s
	iters: 900, epoch: 5 | loss: 0.4270706
	speed: 0.0110s/iter; left time: 1093.4574s
	iters: 1000, epoch: 5 | loss: 0.4519759
	speed: 0.0107s/iter; left time: 1069.0335s
Epoch: 5 cost time: 11.298315286636353
Epoch: 5, Steps: 1048 | Train Loss: 0.4161692 Vali Loss: 0.9558452
EarlyStopping counter: 3 out of 6
Updating learning rate to 3.125e-05
	iters: 100, epoch: 6 | loss: 0.4476084
	speed: 0.0323s/iter; left time: 3212.8395s
	iters: 200, epoch: 6 | loss: 0.3941813
	speed: 0.0107s/iter; left time: 1060.9226s
	iters: 300, epoch: 6 | loss: 0.3308326
	speed: 0.0108s/iter; left time: 1068.3707s
	iters: 400, epoch: 6 | loss: 0.4743280
	speed: 0.0108s/iter; left time: 1067.8367s
	iters: 500, epoch: 6 | loss: 0.3610561
	speed: 0.0110s/iter; left time: 1089.6319s
	iters: 600, epoch: 6 | loss: 0.5001253
	speed: 0.0108s/iter; left time: 1071.5055s
	iters: 700, epoch: 6 | loss: 0.3997961
	speed: 0.0108s/iter; left time: 1069.0623s
	iters: 800, epoch: 6 | loss: 0.4064289
	speed: 0.0111s/iter; left time: 1093.4890s
	iters: 900, epoch: 6 | loss: 0.3887365
	speed: 0.0109s/iter; left time: 1076.2537s
	iters: 1000, epoch: 6 | loss: 0.3990533
	speed: 0.0109s/iter; left time: 1073.9579s
Epoch: 6 cost time: 11.379572868347168
Epoch: 6, Steps: 1048 | Train Loss: 0.4137358 Vali Loss: 0.9611882
EarlyStopping counter: 4 out of 6
Updating learning rate to 1.5625e-05
	iters: 100, epoch: 7 | loss: 0.4388076
	speed: 0.0313s/iter; left time: 3082.5246s
	iters: 200, epoch: 7 | loss: 0.4827737
	speed: 0.0109s/iter; left time: 1073.5660s
	iters: 300, epoch: 7 | loss: 0.5062801
	speed: 0.0107s/iter; left time: 1054.5701s
	iters: 400, epoch: 7 | loss: 0.3146959
	speed: 0.0108s/iter; left time: 1062.2823s
	iters: 500, epoch: 7 | loss: 0.4332880
	speed: 0.0111s/iter; left time: 1090.3626s
	iters: 600, epoch: 7 | loss: 0.4274904
	speed: 0.0108s/iter; left time: 1054.9429s
	iters: 700, epoch: 7 | loss: 0.4880686
	speed: 0.0109s/iter; left time: 1062.9900s
	iters: 800, epoch: 7 | loss: 0.4232437
	speed: 0.0109s/iter; left time: 1067.8236s
	iters: 900, epoch: 7 | loss: 0.3731233
	speed: 0.0110s/iter; left time: 1070.3376s
	iters: 1000, epoch: 7 | loss: 0.3924205
	speed: 0.0108s/iter; left time: 1056.9480s
Epoch: 7 cost time: 11.415220499038696
Epoch: 7, Steps: 1048 | Train Loss: 0.4122589 Vali Loss: 0.9617167
EarlyStopping counter: 5 out of 6
Updating learning rate to 7.8125e-06
	iters: 100, epoch: 8 | loss: 0.3548408
	speed: 0.0321s/iter; left time: 3122.7119s
	iters: 200, epoch: 8 | loss: 0.4487470
	speed: 0.0108s/iter; left time: 1050.9978s
	iters: 300, epoch: 8 | loss: 0.4311887
	speed: 0.0108s/iter; left time: 1046.3375s
	iters: 400, epoch: 8 | loss: 0.3526509
	speed: 0.0111s/iter; left time: 1079.0187s
	iters: 500, epoch: 8 | loss: 0.4719224
	speed: 0.0109s/iter; left time: 1056.5555s
	iters: 600, epoch: 8 | loss: 0.3331547
	speed: 0.0106s/iter; left time: 1031.3370s
	iters: 700, epoch: 8 | loss: 0.3816720
	speed: 0.0107s/iter; left time: 1035.7566s
	iters: 800, epoch: 8 | loss: 0.4352345
	speed: 0.0106s/iter; left time: 1028.8633s
	iters: 900, epoch: 8 | loss: 0.4058109
	speed: 0.0107s/iter; left time: 1031.5054s
	iters: 1000, epoch: 8 | loss: 0.4622951
	speed: 0.0107s/iter; left time: 1034.2847s
Epoch: 8 cost time: 11.31816840171814
Epoch: 8, Steps: 1048 | Train Loss: 0.4114617 Vali Loss: 0.9588194
EarlyStopping counter: 6 out of 6
Early stopping
VALIDATION_RESULT {"best_epoch": 2, "best_mae": 0.6505957642190868, "best_mse": 0.9526447633070699, "epochs_ran": 8, "metric_version": "element_weighted_v1"}
>>>>>>>test skipped (validation-only run)<<<<<<<<<<<<<<<<<<<<<<<<
Using GPU
Args in experiment:
[1mBasic Config[0m
  Task Name:          long_term_forecast  Is Training:        0                   
  Model ID:           ETTm1_96_720_table2_ettm1_p720_no_decomp_s2023Model:              GraphMambaRecent    

[1mData Loader[0m
  Data:               ETTm1               Root Path:          /home/cwh/Time-Series-Library/dataset/ETT-small
  Data Path:          ETTm1.csv           Features:           M                   
  Target:             OT                  Freq:               h                   
  Checkpoints:        /home/cwh/Time-Series-Library/logs/timerole_p0/recent_backbone/seed2023/checkpoints

[1mForecasting Task[0m
  Seq Len:            336                 Label Len:          48                  
  Pred Len:           720                 Seasonal Patterns:  Monthly             
  Inverse:            0                   

[1mModel Parameters[0m
  Top k:              5                   Num Kernels:        6                   
  Enc In:             7                   Dec In:             7                   
  C Out:              7                   d model:            64                  
  n heads:            8                   e layers:           1                   
  d layers:           1                   d FF:               128                 
  Moving Avg:         25                  Factor:             1                   
  Distil:             1                   Dropout:            0.1                 
  Embed:              timeF               Activation:         gelu                

[1mRun Parameters[0m
  Num Workers:        0                   Itr:                1                   
  Train Epochs:       100                 Batch Size:         32                  
  Patience:           6                   Learning Rate:      0.0005              
  Des:                table2_ettm1_p720_no_decomp_s2023Loss:               MSE                 
  Lradj:              type1               Use Amp:            0                   

[1mGPU[0m
  Use GPU:            1                   GPU:                0                   
  Use Multi GPU:      0                   Devices:            0,1,2,3             

[1mDe-stationary Projector Params[0m
  P Hidden Dims:      128, 128            P Hidden Layers:    2                   

Use GPU: cuda:0
🚀 Lazy Loading: GraphMambaRecent ...
[GraphMamba] Building 7x7 static graph from 2000 training samples
>>>>>>>evaluating validation checkpoint : long_term_forecast_ETTm1_96_720_table2_ettm1_p720_no_decomp_s2023_GraphMambaRecent_ETTm1_ftM_sl336_ll48_pl720_dm64_nh8_el1_dl1_df128_expand2_dc2_fc1_ebtimeF_dtTrue_table2_ettm1_p720_no_decomp_s2023_0<<<<<<<<<<<<<<<<<<<<<<<<<<<<<<<<<
val 10801
EVALUATION_RESULT {"batches": 338, "elapsed_seconds": 1.7050978459883481, "elements": 54437040, "mae": 0.6505957659412599, "metric_version": "element_weighted_v1", "milliseconds_per_batch": 5.04466818339748, "mse": 0.9526447654597862, "parameter_count": 6739478, "peak_cuda_memory_bytes": 164759040, "split": "val", "timerole_intervention": "intact"}
=== w/o Decomp | ETTm2-96 ===
Using GPU
Args in experiment:
[1mBasic Config[0m
  Task Name:          long_term_forecast  Is Training:        1                   
  Model ID:           ETTm2_96_96_table2_ettm2_p96_no_decomp_s2023Model:              GraphMambaRecent    

[1mData Loader[0m
  Data:               ETTm2               Root Path:          /home/cwh/Time-Series-Library/dataset/ETT-small
  Data Path:          ETTm2.csv           Features:           M                   
  Target:             OT                  Freq:               h                   
  Checkpoints:        /home/cwh/Time-Series-Library/logs/timerole_p0/recent_backbone/seed2023/checkpoints

[1mForecasting Task[0m
  Seq Len:            336                 Label Len:          48                  
  Pred Len:           96                  Seasonal Patterns:  Monthly             
  Inverse:            0                   

[1mModel Parameters[0m
  Top k:              5                   Num Kernels:        6                   
  Enc In:             7                   Dec In:             7                   
  C Out:              7                   d model:            64                  
  n heads:            8                   e layers:           1                   
  d layers:           1                   d FF:               128                 
  Moving Avg:         25                  Factor:             1                   
  Distil:             1                   Dropout:            0.1                 
  Embed:              timeF               Activation:         gelu                

[1mRun Parameters[0m
  Num Workers:        0                   Itr:                1                   
  Train Epochs:       100                 Batch Size:         32                  
  Patience:           6                   Learning Rate:      0.0005              
  Des:                table2_ettm2_p96_no_decomp_s2023Loss:               MSE                 
  Lradj:              type1               Use Amp:            0                   

[1mGPU[0m
  Use GPU:            1                   GPU:                0                   
  Use Multi GPU:      0                   Devices:            0,1,2,3             

[1mDe-stationary Projector Params[0m
  P Hidden Dims:      128, 128            P Hidden Layers:    2                   

Use GPU: cuda:0
🚀 Lazy Loading: GraphMambaRecent ...
[GraphMamba] Building 7x7 static graph from 2000 training samples
>>>>>>>start training : long_term_forecast_ETTm2_96_96_table2_ettm2_p96_no_decomp_s2023_GraphMambaRecent_ETTm2_ftM_sl336_ll48_pl96_dm64_nh8_el1_dl1_df128_expand2_dc2_fc1_ebtimeF_dtTrue_table2_ettm2_p96_no_decomp_s2023_0>>>>>>>>>>>>>>>>>>>>>>>>>>
train 34129
val 11425
	iters: 100, epoch: 1 | loss: 0.1995251
	speed: 0.0126s/iter; left time: 1337.9146s
	iters: 200, epoch: 1 | loss: 0.6062933
	speed: 0.0105s/iter; left time: 1117.6627s
	iters: 300, epoch: 1 | loss: 0.1340040
	speed: 0.0105s/iter; left time: 1122.2257s
	iters: 400, epoch: 1 | loss: 0.1659340
	speed: 0.0106s/iter; left time: 1125.4922s
	iters: 500, epoch: 1 | loss: 0.1326161
	speed: 0.0103s/iter; left time: 1090.8599s
	iters: 600, epoch: 1 | loss: 0.2339533
	speed: 0.0106s/iter; left time: 1125.4547s
	iters: 700, epoch: 1 | loss: 0.1419025
	speed: 0.0103s/iter; left time: 1088.8797s
	iters: 800, epoch: 1 | loss: 0.2227721
	speed: 0.0103s/iter; left time: 1091.0002s
	iters: 900, epoch: 1 | loss: 0.1793160
	speed: 0.0105s/iter; left time: 1111.3910s
	iters: 1000, epoch: 1 | loss: 0.4482269
	speed: 0.0106s/iter; left time: 1119.1662s
Epoch: 1 cost time: 11.383515357971191
Epoch: 1, Steps: 1067 | Train Loss: 0.2453184 Vali Loss: 0.1313807
Validation loss decreased (inf --> 0.131381).  Saving model ...
Updating learning rate to 0.0005
	iters: 100, epoch: 2 | loss: 0.1443315
	speed: 0.0330s/iter; left time: 3482.7173s
	iters: 200, epoch: 2 | loss: 0.1770113
	speed: 0.0106s/iter; left time: 1113.4655s
	iters: 300, epoch: 2 | loss: 0.1436059
	speed: 0.0104s/iter; left time: 1091.7781s
	iters: 400, epoch: 2 | loss: 0.1318517
	speed: 0.0105s/iter; left time: 1102.7761s
	iters: 500, epoch: 2 | loss: 0.1223504
	speed: 0.0105s/iter; left time: 1107.9463s
	iters: 600, epoch: 2 | loss: 0.1370694
	speed: 0.0107s/iter; left time: 1120.4104s
	iters: 700, epoch: 2 | loss: 0.4078395
	speed: 0.0107s/iter; left time: 1127.1509s
	iters: 800, epoch: 2 | loss: 0.1789344
	speed: 0.0107s/iter; left time: 1118.1875s
	iters: 900, epoch: 2 | loss: 0.1304572
	speed: 0.0104s/iter; left time: 1088.1855s
	iters: 1000, epoch: 2 | loss: 0.1438773
	speed: 0.0107s/iter; left time: 1115.7883s
Epoch: 2 cost time: 11.24191665649414
Epoch: 2, Steps: 1067 | Train Loss: 0.2229314 Vali Loss: 0.1286509
Validation loss decreased (0.131381 --> 0.128651).  Saving model ...
Updating learning rate to 0.00025
	iters: 100, epoch: 3 | loss: 0.1373485
	speed: 0.0325s/iter; left time: 3397.4595s
	iters: 200, epoch: 3 | loss: 0.1189475
	speed: 0.0106s/iter; left time: 1102.8222s
	iters: 300, epoch: 3 | loss: 0.2342794
	speed: 0.0103s/iter; left time: 1072.7066s
	iters: 400, epoch: 3 | loss: 0.2593687
	speed: 0.0102s/iter; left time: 1063.1883s
	iters: 500, epoch: 3 | loss: 0.1375806
	speed: 0.0103s/iter; left time: 1069.0293s
	iters: 600, epoch: 3 | loss: 0.1451873
	speed: 0.0106s/iter; left time: 1097.4359s
	iters: 700, epoch: 3 | loss: 0.1182098
	speed: 0.0103s/iter; left time: 1066.8054s
	iters: 800, epoch: 3 | loss: 0.3307800
	speed: 0.0106s/iter; left time: 1096.8359s
	iters: 900, epoch: 3 | loss: 0.1864760
	speed: 0.0105s/iter; left time: 1093.6755s
	iters: 1000, epoch: 3 | loss: 0.2249097
	speed: 0.0104s/iter; left time: 1077.2010s
Epoch: 3 cost time: 11.098761081695557
Epoch: 3, Steps: 1067 | Train Loss: 0.2107555 Vali Loss: 0.1358938
EarlyStopping counter: 1 out of 6
Updating learning rate to 0.000125
	iters: 100, epoch: 4 | loss: 0.1401199
	speed: 0.0325s/iter; left time: 3355.4307s
	iters: 200, epoch: 4 | loss: 0.1703585
	speed: 0.0103s/iter; left time: 1065.9305s
	iters: 300, epoch: 4 | loss: 0.2083584
	speed: 0.0101s/iter; left time: 1046.1081s
	iters: 400, epoch: 4 | loss: 0.1374141
	speed: 0.0102s/iter; left time: 1047.9095s
	iters: 500, epoch: 4 | loss: 0.1134502
	speed: 0.0103s/iter; left time: 1060.9000s
	iters: 600, epoch: 4 | loss: 0.1687018
	speed: 0.0103s/iter; left time: 1059.0035s
	iters: 700, epoch: 4 | loss: 0.2063033
	speed: 0.0103s/iter; left time: 1061.9154s
	iters: 800, epoch: 4 | loss: 0.1695084
	speed: 0.0105s/iter; left time: 1073.4727s
	iters: 900, epoch: 4 | loss: 0.4029240
	speed: 0.0105s/iter; left time: 1078.6703s
	iters: 1000, epoch: 4 | loss: 0.2106847
	speed: 0.0103s/iter; left time: 1059.3169s
Epoch: 4 cost time: 11.026153564453125
Epoch: 4, Steps: 1067 | Train Loss: 0.2058367 Vali Loss: 0.1287083
EarlyStopping counter: 2 out of 6
Updating learning rate to 6.25e-05
	iters: 100, epoch: 5 | loss: 0.1961214
	speed: 0.0321s/iter; left time: 3281.4775s
	iters: 200, epoch: 5 | loss: 0.1888408
	speed: 0.0105s/iter; left time: 1070.1055s
	iters: 300, epoch: 5 | loss: 0.2376211
	speed: 0.0105s/iter; left time: 1069.6451s
	iters: 400, epoch: 5 | loss: 0.1384895
	speed: 0.0102s/iter; left time: 1036.6614s
	iters: 500, epoch: 5 | loss: 0.2166760
	speed: 0.0102s/iter; left time: 1036.7074s
	iters: 600, epoch: 5 | loss: 0.2335658
	speed: 0.0101s/iter; left time: 1033.2452s
	iters: 700, epoch: 5 | loss: 0.1482568
	speed: 0.0102s/iter; left time: 1036.9628s
	iters: 800, epoch: 5 | loss: 0.2500916
	speed: 0.0102s/iter; left time: 1041.0887s
	iters: 900, epoch: 5 | loss: 0.2009664
	speed: 0.0103s/iter; left time: 1045.1677s
	iters: 1000, epoch: 5 | loss: 0.2101254
	speed: 0.0103s/iter; left time: 1044.5016s
Epoch: 5 cost time: 10.96716022491455
Epoch: 5, Steps: 1067 | Train Loss: 0.2030333 Vali Loss: 0.1339592
EarlyStopping counter: 3 out of 6
Updating learning rate to 3.125e-05
	iters: 100, epoch: 6 | loss: 0.1525017
	speed: 0.0320s/iter; left time: 3238.7097s
	iters: 200, epoch: 6 | loss: 0.1342479
	speed: 0.0103s/iter; left time: 1038.9620s
	iters: 300, epoch: 6 | loss: 0.4576609
	speed: 0.0104s/iter; left time: 1047.0638s
	iters: 400, epoch: 6 | loss: 0.1144759
	speed: 0.0104s/iter; left time: 1050.3514s
	iters: 500, epoch: 6 | loss: 0.1788012
	speed: 0.0105s/iter; left time: 1055.8289s
	iters: 600, epoch: 6 | loss: 0.1682510
	speed: 0.0101s/iter; left time: 1016.9753s
	iters: 700, epoch: 6 | loss: 0.1421684
	speed: 0.0105s/iter; left time: 1057.4007s
	iters: 800, epoch: 6 | loss: 0.1521982
	speed: 0.0102s/iter; left time: 1023.8809s
	iters: 900, epoch: 6 | loss: 0.2217489
	speed: 0.0103s/iter; left time: 1037.0909s
	iters: 1000, epoch: 6 | loss: 0.1861205
	speed: 0.0104s/iter; left time: 1039.4156s
Epoch: 6 cost time: 11.016175985336304
Epoch: 6, Steps: 1067 | Train Loss: 0.2014766 Vali Loss: 0.1327851
EarlyStopping counter: 4 out of 6
Updating learning rate to 1.5625e-05
	iters: 100, epoch: 7 | loss: 0.1837074
	speed: 0.0324s/iter; left time: 3246.9854s
	iters: 200, epoch: 7 | loss: 0.1382202
	speed: 0.0103s/iter; left time: 1029.0348s
	iters: 300, epoch: 7 | loss: 0.2421678
	speed: 0.0102s/iter; left time: 1023.4964s
	iters: 400, epoch: 7 | loss: 0.1563232
	speed: 0.0107s/iter; left time: 1068.6634s
	iters: 500, epoch: 7 | loss: 0.2701201
	speed: 0.0103s/iter; left time: 1031.0038s
	iters: 600, epoch: 7 | loss: 0.2047224
	speed: 0.0104s/iter; left time: 1039.9789s
	iters: 700, epoch: 7 | loss: 0.1432928
	speed: 0.0105s/iter; left time: 1043.7838s
	iters: 800, epoch: 7 | loss: 0.1354479
	speed: 0.0104s/iter; left time: 1039.5692s
	iters: 900, epoch: 7 | loss: 0.2898919
	speed: 0.0103s/iter; left time: 1022.0685s
	iters: 1000, epoch: 7 | loss: 0.1694698
	speed: 0.0102s/iter; left time: 1011.2432s
Epoch: 7 cost time: 11.063657760620117
Epoch: 7, Steps: 1067 | Train Loss: 0.2003506 Vali Loss: 0.1316246
EarlyStopping counter: 5 out of 6
Updating learning rate to 7.8125e-06
	iters: 100, epoch: 8 | loss: 0.1736556
	speed: 0.0322s/iter; left time: 3192.8103s
	iters: 200, epoch: 8 | loss: 0.1709868
	speed: 0.0102s/iter; left time: 1010.3849s
	iters: 300, epoch: 8 | loss: 0.0876613
	speed: 0.0104s/iter; left time: 1024.8822s
	iters: 400, epoch: 8 | loss: 0.1371718
	speed: 0.0104s/iter; left time: 1026.1626s
	iters: 500, epoch: 8 | loss: 0.1566194
	speed: 0.0104s/iter; left time: 1028.8303s
	iters: 600, epoch: 8 | loss: 0.2260742
	speed: 0.0104s/iter; left time: 1023.9621s
	iters: 700, epoch: 8 | loss: 0.4107473
	speed: 0.0105s/iter; left time: 1033.6533s
	iters: 800, epoch: 8 | loss: 0.2255376
	speed: 0.0105s/iter; left time: 1032.3741s
	iters: 900, epoch: 8 | loss: 0.1782100
	speed: 0.0104s/iter; left time: 1025.5744s
	iters: 1000, epoch: 8 | loss: 0.1377999
	speed: 0.0105s/iter; left time: 1027.0524s
Epoch: 8 cost time: 11.129149436950684
Epoch: 8, Steps: 1067 | Train Loss: 0.1999667 Vali Loss: 0.1318413
EarlyStopping counter: 6 out of 6
Early stopping
VALIDATION_RESULT {"best_epoch": 2, "best_mae": 0.24688595964472107, "best_mse": 0.12865092412076717, "epochs_ran": 8, "metric_version": "element_weighted_v1"}
>>>>>>>test skipped (validation-only run)<<<<<<<<<<<<<<<<<<<<<<<<
Using GPU
Args in experiment:
[1mBasic Config[0m
  Task Name:          long_term_forecast  Is Training:        0                   
  Model ID:           ETTm2_96_96_table2_ettm2_p96_no_decomp_s2023Model:              GraphMambaRecent    

[1mData Loader[0m
  Data:               ETTm2               Root Path:          /home/cwh/Time-Series-Library/dataset/ETT-small
  Data Path:          ETTm2.csv           Features:           M                   
  Target:             OT                  Freq:               h                   
  Checkpoints:        /home/cwh/Time-Series-Library/logs/timerole_p0/recent_backbone/seed2023/checkpoints

[1mForecasting Task[0m
  Seq Len:            336                 Label Len:          48                  
  Pred Len:           96                  Seasonal Patterns:  Monthly             
  Inverse:            0                   

[1mModel Parameters[0m
  Top k:              5                   Num Kernels:        6                   
  Enc In:             7                   Dec In:             7                   
  C Out:              7                   d model:            64                  
  n heads:            8                   e layers:           1                   
  d layers:           1                   d FF:               128                 
  Moving Avg:         25                  Factor:             1                   
  Distil:             1                   Dropout:            0.1                 
  Embed:              timeF               Activation:         gelu                

[1mRun Parameters[0m
  Num Workers:        0                   Itr:                1                   
  Train Epochs:       100                 Batch Size:         32                  
  Patience:           6                   Learning Rate:      0.0005              
  Des:                table2_ettm2_p96_no_decomp_s2023Loss:               MSE                 
  Lradj:              type1               Use Amp:            0                   

[1mGPU[0m
  Use GPU:            1                   GPU:                0                   
  Use Multi GPU:      0                   Devices:            0,1,2,3             

[1mDe-stationary Projector Params[0m
  P Hidden Dims:      128, 128            P Hidden Layers:    2                   

Use GPU: cuda:0
🚀 Lazy Loading: GraphMambaRecent ...
[GraphMamba] Building 7x7 static graph from 2000 training samples
>>>>>>>evaluating validation checkpoint : long_term_forecast_ETTm2_96_96_table2_ettm2_p96_no_decomp_s2023_GraphMambaRecent_ETTm2_ftM_sl336_ll48_pl96_dm64_nh8_el1_dl1_df128_expand2_dc2_fc1_ebtimeF_dtTrue_table2_ettm2_p96_no_decomp_s2023_0<<<<<<<<<<<<<<<<<<<<<<<<<<<<<<<<<
val 11425
EVALUATION_RESULT {"batches": 358, "elapsed_seconds": 1.623019411927089, "elements": 7677600, "mae": 0.24688595964869597, "metric_version": "element_weighted_v1", "milliseconds_per_batch": 4.533573776332651, "mse": 0.12865092413766044, "parameter_count": 988070, "peak_cuda_memory_bytes": 138765312, "split": "val", "timerole_intervention": "intact"}
=== w/o Decomp | ETTm2-720 ===
Using GPU
Args in experiment:
[1mBasic Config[0m
  Task Name:          long_term_forecast  Is Training:        1                   
  Model ID:           ETTm2_96_720_table2_ettm2_p720_no_decomp_s2023Model:              GraphMambaRecent    

[1mData Loader[0m
  Data:               ETTm2               Root Path:          /home/cwh/Time-Series-Library/dataset/ETT-small
  Data Path:          ETTm2.csv           Features:           M                   
  Target:             OT                  Freq:               h                   
  Checkpoints:        /home/cwh/Time-Series-Library/logs/timerole_p0/recent_backbone/seed2023/checkpoints

[1mForecasting Task[0m
  Seq Len:            336                 Label Len:          48                  
  Pred Len:           720                 Seasonal Patterns:  Monthly             
  Inverse:            0                   

[1mModel Parameters[0m
  Top k:              5                   Num Kernels:        6                   
  Enc In:             7                   Dec In:             7                   
  C Out:              7                   d model:            64                  
  n heads:            8                   e layers:           1                   
  d layers:           1                   d FF:               128                 
  Moving Avg:         25                  Factor:             1                   
  Distil:             1                   Dropout:            0.1                 
  Embed:              timeF               Activation:         gelu                

[1mRun Parameters[0m
  Num Workers:        0                   Itr:                1                   
  Train Epochs:       100                 Batch Size:         32                  
  Patience:           6                   Learning Rate:      0.0005              
  Des:                table2_ettm2_p720_no_decomp_s2023Loss:               MSE                 
  Lradj:              type1               Use Amp:            0                   

[1mGPU[0m
  Use GPU:            1                   GPU:                0                   
  Use Multi GPU:      0                   Devices:            0,1,2,3             

[1mDe-stationary Projector Params[0m
  P Hidden Dims:      128, 128            P Hidden Layers:    2                   

Use GPU: cuda:0
🚀 Lazy Loading: GraphMambaRecent ...
[GraphMamba] Building 7x7 static graph from 2000 training samples
>>>>>>>start training : long_term_forecast_ETTm2_96_720_table2_ettm2_p720_no_decomp_s2023_GraphMambaRecent_ETTm2_ftM_sl336_ll48_pl720_dm64_nh8_el1_dl1_df128_expand2_dc2_fc1_ebtimeF_dtTrue_table2_ettm2_p720_no_decomp_s2023_0>>>>>>>>>>>>>>>>>>>>>>>>>>
train 33505
val 10801
	iters: 100, epoch: 1 | loss: 1.2347093
	speed: 0.0131s/iter; left time: 1374.6994s
	iters: 200, epoch: 1 | loss: 0.4326149
	speed: 0.0107s/iter; left time: 1119.4077s
	iters: 300, epoch: 1 | loss: 0.4499254
	speed: 0.0110s/iter; left time: 1145.9510s
	iters: 400, epoch: 1 | loss: 1.4297638
	speed: 0.0110s/iter; left time: 1149.7309s
	iters: 500, epoch: 1 | loss: 0.4241898
	speed: 0.0108s/iter; left time: 1125.7845s
	iters: 600, epoch: 1 | loss: 0.3882575
	speed: 0.0107s/iter; left time: 1118.6014s
	iters: 700, epoch: 1 | loss: 0.3111188
	speed: 0.0108s/iter; left time: 1122.7005s
	iters: 800, epoch: 1 | loss: 1.0255834
	speed: 0.0107s/iter; left time: 1113.0546s
	iters: 900, epoch: 1 | loss: 0.4003545
	speed: 0.0108s/iter; left time: 1119.8859s
	iters: 1000, epoch: 1 | loss: 0.3753356
	speed: 0.0105s/iter; left time: 1085.9933s
Epoch: 1 cost time: 11.524187803268433
Epoch: 1, Steps: 1048 | Train Loss: 0.5946379 Vali Loss: 0.3183772
Validation loss decreased (inf --> 0.318377).  Saving model ...
Updating learning rate to 0.0005
	iters: 100, epoch: 2 | loss: 0.3797874
	speed: 0.0317s/iter; left time: 3281.0951s
	iters: 200, epoch: 2 | loss: 0.7117006
	speed: 0.0129s/iter; left time: 1337.0703s
	iters: 300, epoch: 2 | loss: 0.4687337
	speed: 0.0107s/iter; left time: 1111.4492s
	iters: 400, epoch: 2 | loss: 0.5855498
	speed: 0.0110s/iter; left time: 1137.8663s
	iters: 500, epoch: 2 | loss: 0.7356122
	speed: 0.0108s/iter; left time: 1113.7309s
	iters: 600, epoch: 2 | loss: 0.3826519
	speed: 0.0106s/iter; left time: 1094.9852s
	iters: 700, epoch: 2 | loss: 0.3377013
	speed: 0.0108s/iter; left time: 1117.3703s
	iters: 800, epoch: 2 | loss: 0.3539284
	speed: 0.0110s/iter; left time: 1133.8810s
	iters: 900, epoch: 2 | loss: 0.2438438
	speed: 0.0111s/iter; left time: 1138.8288s
	iters: 1000, epoch: 2 | loss: 0.4866204
	speed: 0.0107s/iter; left time: 1099.8730s
Epoch: 2 cost time: 11.621825695037842
Epoch: 2, Steps: 1048 | Train Loss: 0.5663697 Vali Loss: 0.3074853
Validation loss decreased (0.318377 --> 0.307485).  Saving model ...
Updating learning rate to 0.00025
	iters: 100, epoch: 3 | loss: 0.3118935
	speed: 0.0323s/iter; left time: 3317.2422s
	iters: 200, epoch: 3 | loss: 0.4270054
	speed: 0.0109s/iter; left time: 1115.3380s
	iters: 300, epoch: 3 | loss: 0.4150015
	speed: 0.0105s/iter; left time: 1079.0122s
	iters: 400, epoch: 3 | loss: 0.6967750
	speed: 0.0108s/iter; left time: 1105.2708s
	iters: 500, epoch: 3 | loss: 0.4769625
	speed: 0.0109s/iter; left time: 1109.3454s
	iters: 600, epoch: 3 | loss: 0.3213159
	speed: 0.0107s/iter; left time: 1089.6962s
	iters: 700, epoch: 3 | loss: 0.7917397
	speed: 0.0109s/iter; left time: 1113.5500s
	iters: 800, epoch: 3 | loss: 0.4041588
	speed: 0.0109s/iter; left time: 1110.0574s
	iters: 900, epoch: 3 | loss: 0.2633310
	speed: 0.0110s/iter; left time: 1117.6148s
	iters: 1000, epoch: 3 | loss: 0.3530590
	speed: 0.0108s/iter; left time: 1102.8451s
Epoch: 3 cost time: 11.341212749481201
Epoch: 3, Steps: 1048 | Train Loss: 0.5428861 Vali Loss: 0.3019937
Validation loss decreased (0.307485 --> 0.301994).  Saving model ...
Updating learning rate to 0.000125
	iters: 100, epoch: 4 | loss: 0.4770404
	speed: 0.0318s/iter; left time: 3233.5182s
	iters: 200, epoch: 4 | loss: 1.3122971
	speed: 0.0109s/iter; left time: 1102.8341s
	iters: 300, epoch: 4 | loss: 0.2600610
	speed: 0.0108s/iter; left time: 1097.3860s
	iters: 400, epoch: 4 | loss: 0.4487050
	speed: 0.0109s/iter; left time: 1103.0412s
	iters: 500, epoch: 4 | loss: 0.4881225
	speed: 0.0107s/iter; left time: 1086.3781s
	iters: 600, epoch: 4 | loss: 0.4004712
	speed: 0.0110s/iter; left time: 1110.8412s
	iters: 700, epoch: 4 | loss: 0.2976754
	speed: 0.0110s/iter; left time: 1106.4165s
	iters: 800, epoch: 4 | loss: 0.3470252
	speed: 0.0110s/iter; left time: 1111.5115s
	iters: 900, epoch: 4 | loss: 0.3975799
	speed: 0.0110s/iter; left time: 1111.3038s
	iters: 1000, epoch: 4 | loss: 0.2850576
	speed: 0.0108s/iter; left time: 1090.5463s
Epoch: 4 cost time: 11.39977502822876
Epoch: 4, Steps: 1048 | Train Loss: 0.5288492 Vali Loss: 0.3043186
EarlyStopping counter: 1 out of 6
Updating learning rate to 6.25e-05
	iters: 100, epoch: 5 | loss: 0.4305007
	speed: 0.0314s/iter; left time: 3157.9127s
	iters: 200, epoch: 5 | loss: 0.8197674
	speed: 0.0107s/iter; left time: 1077.4328s
	iters: 300, epoch: 5 | loss: 0.6890174
	speed: 0.0108s/iter; left time: 1087.7548s
	iters: 400, epoch: 5 | loss: 0.4970076
	speed: 0.0107s/iter; left time: 1075.5995s
	iters: 500, epoch: 5 | loss: 0.4800073
	speed: 0.0109s/iter; left time: 1092.0048s
	iters: 600, epoch: 5 | loss: 0.3322259
	speed: 0.0107s/iter; left time: 1065.7361s
	iters: 700, epoch: 5 | loss: 0.5188296
	speed: 0.0109s/iter; left time: 1093.4802s
	iters: 800, epoch: 5 | loss: 0.3021365
	speed: 0.0108s/iter; left time: 1078.7369s
	iters: 900, epoch: 5 | loss: 0.4823925
	speed: 0.0109s/iter; left time: 1082.0222s
	iters: 1000, epoch: 5 | loss: 0.2703867
	speed: 0.0107s/iter; left time: 1063.6881s
Epoch: 5 cost time: 11.328020572662354
Epoch: 5, Steps: 1048 | Train Loss: 0.5201591 Vali Loss: 0.3049517
EarlyStopping counter: 2 out of 6
Updating learning rate to 3.125e-05
	iters: 100, epoch: 6 | loss: 0.4487778
	speed: 0.0318s/iter; left time: 3159.4983s
	iters: 200, epoch: 6 | loss: 0.3087014
	speed: 0.0108s/iter; left time: 1074.7530s
	iters: 300, epoch: 6 | loss: 0.6214567
	speed: 0.0108s/iter; left time: 1071.9610s
	iters: 400, epoch: 6 | loss: 0.7166724
	speed: 0.0110s/iter; left time: 1093.6777s
	iters: 500, epoch: 6 | loss: 1.1280143
	speed: 0.0109s/iter; left time: 1082.7974s
	iters: 600, epoch: 6 | loss: 0.7042347
	speed: 0.0108s/iter; left time: 1064.7675s
	iters: 700, epoch: 6 | loss: 0.2859986
	speed: 0.0112s/iter; left time: 1109.3449s
	iters: 800, epoch: 6 | loss: 0.3804035
	speed: 0.0108s/iter; left time: 1070.9178s
	iters: 900, epoch: 6 | loss: 0.3965633
	speed: 0.0108s/iter; left time: 1063.4899s
	iters: 1000, epoch: 6 | loss: 0.4464937
	speed: 0.0108s/iter; left time: 1060.5850s
Epoch: 6 cost time: 11.398102760314941
Epoch: 6, Steps: 1048 | Train Loss: 0.5156404 Vali Loss: 0.3065336
EarlyStopping counter: 3 out of 6
Updating learning rate to 1.5625e-05
	iters: 100, epoch: 7 | loss: 0.4472610
	speed: 0.0323s/iter; left time: 3174.1329s
	iters: 200, epoch: 7 | loss: 0.4572861
	speed: 0.0111s/iter; left time: 1090.4505s
	iters: 300, epoch: 7 | loss: 0.6347868
	speed: 0.0110s/iter; left time: 1083.8913s
	iters: 400, epoch: 7 | loss: 0.8598123
	speed: 0.0115s/iter; left time: 1129.7883s
	iters: 500, epoch: 7 | loss: 0.8479614
	speed: 0.0111s/iter; left time: 1089.8901s
	iters: 600, epoch: 7 | loss: 0.5312840
	speed: 0.0111s/iter; left time: 1082.2977s
	iters: 700, epoch: 7 | loss: 0.4389796
	speed: 0.0110s/iter; left time: 1077.8643s
	iters: 800, epoch: 7 | loss: 0.4185515
	speed: 0.0110s/iter; left time: 1070.5920s
	iters: 900, epoch: 7 | loss: 0.7285926
	speed: 0.0110s/iter; left time: 1075.9610s
	iters: 1000, epoch: 7 | loss: 0.2591932
	speed: 0.0110s/iter; left time: 1076.6120s
Epoch: 7 cost time: 11.638988018035889
Epoch: 7, Steps: 1048 | Train Loss: 0.5132603 Vali Loss: 0.3093495
EarlyStopping counter: 4 out of 6
Updating learning rate to 7.8125e-06
	iters: 100, epoch: 8 | loss: 0.4890169
	speed: 0.0319s/iter; left time: 3104.1754s
	iters: 200, epoch: 8 | loss: 0.5966125
	speed: 0.0112s/iter; left time: 1085.6791s
	iters: 300, epoch: 8 | loss: 0.2571506
	speed: 0.0111s/iter; left time: 1078.3301s
	iters: 400, epoch: 8 | loss: 0.4951335
	speed: 0.0115s/iter; left time: 1116.1562s
	iters: 500, epoch: 8 | loss: 0.6566450
	speed: 0.0112s/iter; left time: 1086.4215s
	iters: 600, epoch: 8 | loss: 1.5017921
	speed: 0.0114s/iter; left time: 1105.8174s
	iters: 700, epoch: 8 | loss: 0.3509502
	speed: 0.0111s/iter; left time: 1072.8170s
	iters: 800, epoch: 8 | loss: 0.5236905
	speed: 0.0112s/iter; left time: 1084.3690s
	iters: 900, epoch: 8 | loss: 0.4045781
	speed: 0.0108s/iter; left time: 1044.1086s
	iters: 1000, epoch: 8 | loss: 0.9214922
	speed: 0.0110s/iter; left time: 1060.4974s
Epoch: 8 cost time: 11.635682582855225
Epoch: 8, Steps: 1048 | Train Loss: 0.5126976 Vali Loss: 0.3095263
EarlyStopping counter: 5 out of 6
Updating learning rate to 3.90625e-06
	iters: 100, epoch: 9 | loss: 0.5067809
	speed: 0.0314s/iter; left time: 3024.7165s
	iters: 200, epoch: 9 | loss: 0.3551752
	speed: 0.0112s/iter; left time: 1079.5522s
	iters: 300, epoch: 9 | loss: 0.4679926
	speed: 0.0110s/iter; left time: 1058.6509s
	iters: 400, epoch: 9 | loss: 0.6454644
	speed: 0.0108s/iter; left time: 1033.2024s
	iters: 500, epoch: 9 | loss: 0.3179839
	speed: 0.0110s/iter; left time: 1058.2608s
	iters: 600, epoch: 9 | loss: 0.4629372
	speed: 0.0112s/iter; left time: 1073.9930s
	iters: 700, epoch: 9 | loss: 0.3417866
	speed: 0.0110s/iter; left time: 1050.5583s
	iters: 800, epoch: 9 | loss: 0.6291246
	speed: 0.0108s/iter; left time: 1033.8052s
	iters: 900, epoch: 9 | loss: 0.4361115
	speed: 0.0108s/iter; left time: 1028.3946s
	iters: 1000, epoch: 9 | loss: 0.3725069
	speed: 0.0111s/iter; left time: 1058.2678s
Epoch: 9 cost time: 11.481845617294312
Epoch: 9, Steps: 1048 | Train Loss: 0.5120228 Vali Loss: 0.3097248
EarlyStopping counter: 6 out of 6
Early stopping
VALIDATION_RESULT {"best_epoch": 3, "best_mae": 0.38224948046059265, "best_mse": 0.3019937124554807, "epochs_ran": 9, "metric_version": "element_weighted_v1"}
>>>>>>>test skipped (validation-only run)<<<<<<<<<<<<<<<<<<<<<<<<
Using GPU
Args in experiment:
[1mBasic Config[0m
  Task Name:          long_term_forecast  Is Training:        0                   
  Model ID:           ETTm2_96_720_table2_ettm2_p720_no_decomp_s2023Model:              GraphMambaRecent    

[1mData Loader[0m
  Data:               ETTm2               Root Path:          /home/cwh/Time-Series-Library/dataset/ETT-small
  Data Path:          ETTm2.csv           Features:           M                   
  Target:             OT                  Freq:               h                   
  Checkpoints:        /home/cwh/Time-Series-Library/logs/timerole_p0/recent_backbone/seed2023/checkpoints

[1mForecasting Task[0m
  Seq Len:            336                 Label Len:          48                  
  Pred Len:           720                 Seasonal Patterns:  Monthly             
  Inverse:            0                   

[1mModel Parameters[0m
  Top k:              5                   Num Kernels:        6                   
  Enc In:             7                   Dec In:             7                   
  C Out:              7                   d model:            64                  
  n heads:            8                   e layers:           1                   
  d layers:           1                   d FF:               128                 
  Moving Avg:         25                  Factor:             1                   
  Distil:             1                   Dropout:            0.1                 
  Embed:              timeF               Activation:         gelu                

[1mRun Parameters[0m
  Num Workers:        0                   Itr:                1                   
  Train Epochs:       100                 Batch Size:         32                  
  Patience:           6                   Learning Rate:      0.0005              
  Des:                table2_ettm2_p720_no_decomp_s2023Loss:               MSE                 
  Lradj:              type1               Use Amp:            0                   

[1mGPU[0m
  Use GPU:            1                   GPU:                0                   
  Use Multi GPU:      0                   Devices:            0,1,2,3             

[1mDe-stationary Projector Params[0m
  P Hidden Dims:      128, 128            P Hidden Layers:    2                   

Use GPU: cuda:0
🚀 Lazy Loading: GraphMambaRecent ...
[GraphMamba] Building 7x7 static graph from 2000 training samples
>>>>>>>evaluating validation checkpoint : long_term_forecast_ETTm2_96_720_table2_ettm2_p720_no_decomp_s2023_GraphMambaRecent_ETTm2_ftM_sl336_ll48_pl720_dm64_nh8_el1_dl1_df128_expand2_dc2_fc1_ebtimeF_dtTrue_table2_ettm2_p720_no_decomp_s2023_0<<<<<<<<<<<<<<<<<<<<<<<<<<<<<<<<<
val 10801
EVALUATION_RESULT {"batches": 338, "elapsed_seconds": 1.656712600030005, "elements": 54437040, "mae": 0.3822494810346503, "metric_version": "element_weighted_v1", "milliseconds_per_batch": 4.90151656813611, "mse": 0.30199371317305274, "parameter_count": 6739478, "peak_cuda_memory_bytes": 164759040, "split": "val", "timerole_intervention": "intact"}
=== w/o Patch | ETTm1-96 ===
Using GPU
Args in experiment:
[1mBasic Config[0m
  Task Name:          long_term_forecast  Is Training:        1                   
  Model ID:           ETTm1_96_96_table2_ettm1_p96_no_patch_s2023Model:              GraphMambaRecent    

[1mData Loader[0m
  Data:               ETTm1               Root Path:          /home/cwh/Time-Series-Library/dataset/ETT-small
  Data Path:          ETTm1.csv           Features:           M                   
  Target:             OT                  Freq:               h                   
  Checkpoints:        /home/cwh/Time-Series-Library/logs/timerole_p0/recent_backbone/seed2023/checkpoints

[1mForecasting Task[0m
  Seq Len:            336                 Label Len:          48                  
  Pred Len:           96                  Seasonal Patterns:  Monthly             
  Inverse:            0                   

[1mModel Parameters[0m
  Top k:              5                   Num Kernels:        6                   
  Enc In:             7                   Dec In:             7                   
  C Out:              7                   d model:            64                  
  n heads:            8                   e layers:           1                   
  d layers:           1                   d FF:               128                 
  Moving Avg:         25                  Factor:             1                   
  Distil:             1                   Dropout:            0.1                 
  Embed:              timeF               Activation:         gelu                

[1mRun Parameters[0m
  Num Workers:        0                   Itr:                1                   
  Train Epochs:       100                 Batch Size:         32                  
  Patience:           6                   Learning Rate:      0.0005              
  Des:                table2_ettm1_p96_no_patch_s2023Loss:               MSE                 
  Lradj:              type1               Use Amp:            0                   

[1mGPU[0m
  Use GPU:            1                   GPU:                0                   
  Use Multi GPU:      0                   Devices:            0,1,2,3             

[1mDe-stationary Projector Params[0m
  P Hidden Dims:      128, 128            P Hidden Layers:    2                   

Use GPU: cuda:0
🚀 Lazy Loading: GraphMambaRecent ...
[GraphMamba] Building 7x7 static graph from 2000 training samples
>>>>>>>start training : long_term_forecast_ETTm1_96_96_table2_ettm1_p96_no_patch_s2023_GraphMambaRecent_ETTm1_ftM_sl336_ll48_pl96_dm64_nh8_el1_dl1_df128_expand2_dc2_fc1_ebtimeF_dtTrue_table2_ettm1_p96_no_patch_s2023_0>>>>>>>>>>>>>>>>>>>>>>>>>>
train 34129
val 11425
	iters: 100, epoch: 1 | loss: 0.2730857
	speed: 0.0089s/iter; left time: 950.2145s
	iters: 200, epoch: 1 | loss: 0.3690012
	speed: 0.0065s/iter; left time: 696.6296s
	iters: 300, epoch: 1 | loss: 0.2844486
	speed: 0.0071s/iter; left time: 754.0626s
	iters: 400, epoch: 1 | loss: 0.2234507
	speed: 0.0069s/iter; left time: 738.6652s
	iters: 500, epoch: 1 | loss: 0.3059992
	speed: 0.0069s/iter; left time: 729.4447s
	iters: 600, epoch: 1 | loss: 0.2173552
	speed: 0.0070s/iter; left time: 740.7276s
	iters: 700, epoch: 1 | loss: 0.3393673
	speed: 0.0072s/iter; left time: 760.5101s
	iters: 800, epoch: 1 | loss: 0.2897206
	speed: 0.0068s/iter; left time: 723.9344s
	iters: 900, epoch: 1 | loss: 0.3916799
	speed: 0.0070s/iter; left time: 745.6384s
	iters: 1000, epoch: 1 | loss: 0.2405209
	speed: 0.0071s/iter; left time: 747.2353s
Epoch: 1 cost time: 7.704106569290161
Epoch: 1, Steps: 1067 | Train Loss: 0.3103547 Vali Loss: 0.3837219
Validation loss decreased (inf --> 0.383722).  Saving model ...
Updating learning rate to 0.0005
	iters: 100, epoch: 2 | loss: 0.2342460
	speed: 0.0242s/iter; left time: 2550.3668s
	iters: 200, epoch: 2 | loss: 0.2394993
	speed: 0.0069s/iter; left time: 725.3937s
	iters: 300, epoch: 2 | loss: 0.2358841
	speed: 0.0070s/iter; left time: 737.1723s
	iters: 400, epoch: 2 | loss: 0.2683456
	speed: 0.0069s/iter; left time: 723.0382s
	iters: 500, epoch: 2 | loss: 0.2254399
	speed: 0.0073s/iter; left time: 765.2336s
	iters: 600, epoch: 2 | loss: 0.2634999
	speed: 0.0069s/iter; left time: 723.3556s
	iters: 700, epoch: 2 | loss: 0.2279338
	speed: 0.0067s/iter; left time: 706.1802s
	iters: 800, epoch: 2 | loss: 0.2737609
	speed: 0.0070s/iter; left time: 730.9125s
	iters: 900, epoch: 2 | loss: 0.2085252
	speed: 0.0068s/iter; left time: 709.8028s
	iters: 1000, epoch: 2 | loss: 0.2119873
	speed: 0.0067s/iter; left time: 703.1566s
Epoch: 2 cost time: 7.378345966339111
Epoch: 2, Steps: 1067 | Train Loss: 0.2655076 Vali Loss: 0.4059707
EarlyStopping counter: 1 out of 6
Updating learning rate to 0.00025
	iters: 100, epoch: 3 | loss: 0.2719067
	speed: 0.0225s/iter; left time: 2349.2358s
	iters: 200, epoch: 3 | loss: 0.2563688
	speed: 0.0067s/iter; left time: 704.4095s
	iters: 300, epoch: 3 | loss: 0.2538469
	speed: 0.0067s/iter; left time: 694.2575s
	iters: 400, epoch: 3 | loss: 0.2218185
	speed: 0.0068s/iter; left time: 704.0511s
	iters: 500, epoch: 3 | loss: 0.2319521
	speed: 0.0070s/iter; left time: 732.5642s
	iters: 600, epoch: 3 | loss: 0.3046629
	speed: 0.0067s/iter; left time: 691.8577s
	iters: 700, epoch: 3 | loss: 0.2416859
	speed: 0.0070s/iter; left time: 727.3424s
	iters: 800, epoch: 3 | loss: 0.3212135
	speed: 0.0068s/iter; left time: 706.5669s
	iters: 900, epoch: 3 | loss: 0.2507262
	speed: 0.0067s/iter; left time: 697.1276s
	iters: 1000, epoch: 3 | loss: 0.2197451
	speed: 0.0067s/iter; left time: 693.0429s
Epoch: 3 cost time: 7.261230707168579
Epoch: 3, Steps: 1067 | Train Loss: 0.2501217 Vali Loss: 0.4198709
EarlyStopping counter: 2 out of 6
Updating learning rate to 0.000125
	iters: 100, epoch: 4 | loss: 0.2468621
	speed: 0.0224s/iter; left time: 2318.9056s
	iters: 200, epoch: 4 | loss: 0.2393818
	speed: 0.0069s/iter; left time: 715.0869s
	iters: 300, epoch: 4 | loss: 0.2855050
	speed: 0.0068s/iter; left time: 696.6236s
	iters: 400, epoch: 4 | loss: 0.1681193
	speed: 0.0068s/iter; left time: 696.4741s
	iters: 500, epoch: 4 | loss: 0.2672244
	speed: 0.0073s/iter; left time: 747.8560s
	iters: 600, epoch: 4 | loss: 0.2608779
	speed: 0.0067s/iter; left time: 689.9627s
	iters: 700, epoch: 4 | loss: 0.1969493
	speed: 0.0067s/iter; left time: 688.1861s
	iters: 800, epoch: 4 | loss: 0.2434955
	speed: 0.0067s/iter; left time: 690.6018s
	iters: 900, epoch: 4 | loss: 0.2172524
	speed: 0.0069s/iter; left time: 704.4217s
	iters: 1000, epoch: 4 | loss: 0.2542317
	speed: 0.0069s/iter; left time: 707.4143s
Epoch: 4 cost time: 7.3184638023376465
Epoch: 4, Steps: 1067 | Train Loss: 0.2412596 Vali Loss: 0.4195767
EarlyStopping counter: 3 out of 6
Updating learning rate to 6.25e-05
	iters: 100, epoch: 5 | loss: 0.2135361
	speed: 0.0225s/iter; left time: 2302.5020s
	iters: 200, epoch: 5 | loss: 0.2343112
	speed: 0.0070s/iter; left time: 718.4575s
	iters: 300, epoch: 5 | loss: 0.2375757
	speed: 0.0069s/iter; left time: 708.7419s
	iters: 400, epoch: 5 | loss: 0.2185183
	speed: 0.0069s/iter; left time: 701.2049s
	iters: 500, epoch: 5 | loss: 0.2562079
	speed: 0.0069s/iter; left time: 707.2420s
	iters: 600, epoch: 5 | loss: 0.2733857
	speed: 0.0068s/iter; left time: 689.9535s
	iters: 700, epoch: 5 | loss: 0.2025355
	speed: 0.0069s/iter; left time: 702.3177s
	iters: 800, epoch: 5 | loss: 0.1788378
	speed: 0.0067s/iter; left time: 679.1471s
	iters: 900, epoch: 5 | loss: 0.1621880
	speed: 0.0066s/iter; left time: 671.0661s
	iters: 1000, epoch: 5 | loss: 0.2801749
	speed: 0.0066s/iter; left time: 671.9248s
Epoch: 5 cost time: 7.2905964851379395
Epoch: 5, Steps: 1067 | Train Loss: 0.2360460 Vali Loss: 0.4211202
EarlyStopping counter: 4 out of 6
Updating learning rate to 3.125e-05
	iters: 100, epoch: 6 | loss: 0.2009697
	speed: 0.0224s/iter; left time: 2267.9468s
	iters: 200, epoch: 6 | loss: 0.2073443
	speed: 0.0068s/iter; left time: 686.8948s
	iters: 300, epoch: 6 | loss: 0.1977623
	speed: 0.0068s/iter; left time: 690.4994s
	iters: 400, epoch: 6 | loss: 0.2242247
	speed: 0.0071s/iter; left time: 714.5400s
	iters: 500, epoch: 6 | loss: 0.2472182
	speed: 0.0069s/iter; left time: 699.0423s
	iters: 600, epoch: 6 | loss: 0.2233392
	speed: 0.0072s/iter; left time: 722.3253s
	iters: 700, epoch: 6 | loss: 0.3064627
	speed: 0.0069s/iter; left time: 693.7031s
	iters: 800, epoch: 6 | loss: 0.2199569
	speed: 0.0066s/iter; left time: 664.4806s
	iters: 900, epoch: 6 | loss: 0.2250125
	speed: 0.0068s/iter; left time: 684.2338s
	iters: 1000, epoch: 6 | loss: 0.2705316
	speed: 0.0069s/iter; left time: 692.1213s
Epoch: 6 cost time: 7.324764251708984
Epoch: 6, Steps: 1067 | Train Loss: 0.2330471 Vali Loss: 0.4350289
EarlyStopping counter: 5 out of 6
Updating learning rate to 1.5625e-05
	iters: 100, epoch: 7 | loss: 0.2075470
	speed: 0.0224s/iter; left time: 2248.7567s
	iters: 200, epoch: 7 | loss: 0.2244732
	speed: 0.0067s/iter; left time: 672.0442s
	iters: 300, epoch: 7 | loss: 0.2558013
	speed: 0.0068s/iter; left time: 684.4884s
	iters: 400, epoch: 7 | loss: 0.2389472
	speed: 0.0067s/iter; left time: 666.5307s
	iters: 500, epoch: 7 | loss: 0.2416584
	speed: 0.0070s/iter; left time: 696.9272s
	iters: 600, epoch: 7 | loss: 0.2508204
	speed: 0.0068s/iter; left time: 674.5102s
	iters: 700, epoch: 7 | loss: 0.2077772
	speed: 0.0068s/iter; left time: 681.1809s
	iters: 800, epoch: 7 | loss: 0.2719744
	speed: 0.0068s/iter; left time: 681.1627s
	iters: 900, epoch: 7 | loss: 0.2421412
	speed: 0.0068s/iter; left time: 672.0113s
	iters: 1000, epoch: 7 | loss: 0.1829423
	speed: 0.0069s/iter; left time: 685.2051s
Epoch: 7 cost time: 7.306440353393555
Epoch: 7, Steps: 1067 | Train Loss: 0.2314275 Vali Loss: 0.4276839
EarlyStopping counter: 6 out of 6
Early stopping
VALIDATION_RESULT {"best_epoch": 1, "best_mae": 0.40583084793305463, "best_mse": 0.3837218918879355, "epochs_ran": 7, "metric_version": "element_weighted_v1"}
>>>>>>>test skipped (validation-only run)<<<<<<<<<<<<<<<<<<<<<<<<
Using GPU
Args in experiment:
[1mBasic Config[0m
  Task Name:          long_term_forecast  Is Training:        0                   
  Model ID:           ETTm1_96_96_table2_ettm1_p96_no_patch_s2023Model:              GraphMambaRecent    

[1mData Loader[0m
  Data:               ETTm1               Root Path:          /home/cwh/Time-Series-Library/dataset/ETT-small
  Data Path:          ETTm1.csv           Features:           M                   
  Target:             OT                  Freq:               h                   
  Checkpoints:        /home/cwh/Time-Series-Library/logs/timerole_p0/recent_backbone/seed2023/checkpoints

[1mForecasting Task[0m
  Seq Len:            336                 Label Len:          48                  
  Pred Len:           96                  Seasonal Patterns:  Monthly             
  Inverse:            0                   

[1mModel Parameters[0m
  Top k:              5                   Num Kernels:        6                   
  Enc In:             7                   Dec In:             7                   
  C Out:              7                   d model:            64                  
  n heads:            8                   e layers:           1                   
  d layers:           1                   d FF:               128                 
  Moving Avg:         25                  Factor:             1                   
  Distil:             1                   Dropout:            0.1                 
  Embed:              timeF               Activation:         gelu                

[1mRun Parameters[0m
  Num Workers:        0                   Itr:                1                   
  Train Epochs:       100                 Batch Size:         32                  
  Patience:           6                   Learning Rate:      0.0005              
  Des:                table2_ettm1_p96_no_patch_s2023Loss:               MSE                 
  Lradj:              type1               Use Amp:            0                   

[1mGPU[0m
  Use GPU:            1                   GPU:                0                   
  Use Multi GPU:      0                   Devices:            0,1,2,3             

[1mDe-stationary Projector Params[0m
  P Hidden Dims:      128, 128            P Hidden Layers:    2                   

Use GPU: cuda:0
🚀 Lazy Loading: GraphMambaRecent ...
[GraphMamba] Building 7x7 static graph from 2000 training samples
>>>>>>>evaluating validation checkpoint : long_term_forecast_ETTm1_96_96_table2_ettm1_p96_no_patch_s2023_GraphMambaRecent_ETTm1_ftM_sl336_ll48_pl96_dm64_nh8_el1_dl1_df128_expand2_dc2_fc1_ebtimeF_dtTrue_table2_ettm1_p96_no_patch_s2023_0<<<<<<<<<<<<<<<<<<<<<<<<<<<<<<<<<
val 11425
EVALUATION_RESULT {"batches": 358, "elapsed_seconds": 1.2428270059172064, "elements": 7677600, "mae": 0.4058308502186136, "metric_version": "element_weighted_v1", "milliseconds_per_batch": 3.471583815411191, "mse": 0.38372188941953184, "parameter_count": 702214, "peak_cuda_memory_bytes": 120710144, "split": "val", "timerole_intervention": "intact"}
=== w/o Patch | ETTm1-720 ===
Using GPU
Args in experiment:
[1mBasic Config[0m
  Task Name:          long_term_forecast  Is Training:        1                   
  Model ID:           ETTm1_96_720_table2_ettm1_p720_no_patch_s2023Model:              GraphMambaRecent    

[1mData Loader[0m
  Data:               ETTm1               Root Path:          /home/cwh/Time-Series-Library/dataset/ETT-small
  Data Path:          ETTm1.csv           Features:           M                   
  Target:             OT                  Freq:               h                   
  Checkpoints:        /home/cwh/Time-Series-Library/logs/timerole_p0/recent_backbone/seed2023/checkpoints

[1mForecasting Task[0m
  Seq Len:            336                 Label Len:          48                  
  Pred Len:           720                 Seasonal Patterns:  Monthly             
  Inverse:            0                   

[1mModel Parameters[0m
  Top k:              5                   Num Kernels:        6                   
  Enc In:             7                   Dec In:             7                   
  C Out:              7                   d model:            64                  
  n heads:            8                   e layers:           1                   
  d layers:           1                   d FF:               128                 
  Moving Avg:         25                  Factor:             1                   
  Distil:             1                   Dropout:            0.1                 
  Embed:              timeF               Activation:         gelu                

[1mRun Parameters[0m
  Num Workers:        0                   Itr:                1                   
  Train Epochs:       100                 Batch Size:         32                  
  Patience:           6                   Learning Rate:      0.0005              
  Des:                table2_ettm1_p720_no_patch_s2023Loss:               MSE                 
  Lradj:              type1               Use Amp:            0                   

[1mGPU[0m
  Use GPU:            1                   GPU:                0                   
  Use Multi GPU:      0                   Devices:            0,1,2,3             

[1mDe-stationary Projector Params[0m
  P Hidden Dims:      128, 128            P Hidden Layers:    2                   

Use GPU: cuda:0
🚀 Lazy Loading: GraphMambaRecent ...
[GraphMamba] Building 7x7 static graph from 2000 training samples
>>>>>>>start training : long_term_forecast_ETTm1_96_720_table2_ettm1_p720_no_patch_s2023_GraphMambaRecent_ETTm1_ftM_sl336_ll48_pl720_dm64_nh8_el1_dl1_df128_expand2_dc2_fc1_ebtimeF_dtTrue_table2_ettm1_p720_no_patch_s2023_0>>>>>>>>>>>>>>>>>>>>>>>>>>
train 33505
val 10801
	iters: 100, epoch: 1 | loss: 0.4914998
	speed: 0.0093s/iter; left time: 972.3514s
	iters: 200, epoch: 1 | loss: 0.4790879
	speed: 0.0071s/iter; left time: 739.5790s
	iters: 300, epoch: 1 | loss: 0.5513654
	speed: 0.0076s/iter; left time: 791.8561s
	iters: 400, epoch: 1 | loss: 0.4518140
	speed: 0.0072s/iter; left time: 754.8613s
	iters: 500, epoch: 1 | loss: 0.4661710
	speed: 0.0072s/iter; left time: 747.1628s
	iters: 600, epoch: 1 | loss: 0.5885541
	speed: 0.0072s/iter; left time: 753.8997s
	iters: 700, epoch: 1 | loss: 0.4787274
	speed: 0.0070s/iter; left time: 733.5834s
	iters: 800, epoch: 1 | loss: 0.4506844
	speed: 0.0069s/iter; left time: 722.6003s
	iters: 900, epoch: 1 | loss: 0.4587576
	speed: 0.0072s/iter; left time: 750.5706s
	iters: 1000, epoch: 1 | loss: 0.4002131
	speed: 0.0070s/iter; left time: 728.3058s
Epoch: 1 cost time: 7.723248243331909
Epoch: 1, Steps: 1048 | Train Loss: 0.4844588 Vali Loss: 0.9816646
Validation loss decreased (inf --> 0.981665).  Saving model ...
Updating learning rate to 0.0005
	iters: 100, epoch: 2 | loss: 0.4075080
	speed: 0.0219s/iter; left time: 2265.9560s
	iters: 200, epoch: 2 | loss: 0.3935047
	speed: 0.0071s/iter; left time: 736.0522s
	iters: 300, epoch: 2 | loss: 0.3590833
	speed: 0.0073s/iter; left time: 757.3668s
	iters: 400, epoch: 2 | loss: 0.4660756
	speed: 0.0075s/iter; left time: 773.9620s
	iters: 500, epoch: 2 | loss: 0.4739636
	speed: 0.0071s/iter; left time: 736.2715s
	iters: 600, epoch: 2 | loss: 0.5274192
	speed: 0.0072s/iter; left time: 747.1211s
	iters: 700, epoch: 2 | loss: 0.3910597
	speed: 0.0073s/iter; left time: 754.9412s
	iters: 800, epoch: 2 | loss: 0.4360433
	speed: 0.0073s/iter; left time: 750.8917s
	iters: 900, epoch: 2 | loss: 0.4153709
	speed: 0.0073s/iter; left time: 752.8071s
	iters: 1000, epoch: 2 | loss: 0.4494595
	speed: 0.0072s/iter; left time: 738.5335s
Epoch: 2 cost time: 7.592710018157959
Epoch: 2, Steps: 1048 | Train Loss: 0.4455138 Vali Loss: 0.9713694
Validation loss decreased (0.981665 --> 0.971369).  Saving model ...
Updating learning rate to 0.00025
	iters: 100, epoch: 3 | loss: 0.3552360
	speed: 0.0217s/iter; left time: 2227.1497s
	iters: 200, epoch: 3 | loss: 0.5378828
	speed: 0.0073s/iter; left time: 751.8832s
	iters: 300, epoch: 3 | loss: 0.5196331
	speed: 0.0070s/iter; left time: 712.5265s
	iters: 400, epoch: 3 | loss: 0.4374984
	speed: 0.0071s/iter; left time: 725.2660s
	iters: 500, epoch: 3 | loss: 0.4095221
	speed: 0.0074s/iter; left time: 756.7084s
	iters: 600, epoch: 3 | loss: 0.4037772
	speed: 0.0074s/iter; left time: 752.9377s
	iters: 700, epoch: 3 | loss: 0.3808202
	speed: 0.0070s/iter; left time: 710.5734s
	iters: 800, epoch: 3 | loss: 0.3773629
	speed: 0.0074s/iter; left time: 757.1627s
	iters: 900, epoch: 3 | loss: 0.4218034
	speed: 0.0073s/iter; left time: 738.8507s
	iters: 1000, epoch: 3 | loss: 0.4761460
	speed: 0.0072s/iter; left time: 729.7409s
Epoch: 3 cost time: 7.573439836502075
Epoch: 3, Steps: 1048 | Train Loss: 0.4260347 Vali Loss: 0.9709793
Validation loss decreased (0.971369 --> 0.970979).  Saving model ...
Updating learning rate to 0.000125
	iters: 100, epoch: 4 | loss: 0.3200223
	speed: 0.0233s/iter; left time: 2367.3260s
	iters: 200, epoch: 4 | loss: 0.3926367
	speed: 0.0088s/iter; left time: 890.7531s
	iters: 300, epoch: 4 | loss: 0.3558133
	speed: 0.0071s/iter; left time: 715.3652s
	iters: 400, epoch: 4 | loss: 0.4804828
	speed: 0.0070s/iter; left time: 713.8135s
	iters: 500, epoch: 4 | loss: 0.4382738
	speed: 0.0072s/iter; left time: 724.8968s
	iters: 600, epoch: 4 | loss: 0.4504142
	speed: 0.0071s/iter; left time: 716.3774s
	iters: 700, epoch: 4 | loss: 0.4108480
	speed: 0.0071s/iter; left time: 721.2614s
	iters: 800, epoch: 4 | loss: 0.4077106
	speed: 0.0073s/iter; left time: 732.1190s
	iters: 900, epoch: 4 | loss: 0.4062507
	speed: 0.0071s/iter; left time: 714.7112s
	iters: 1000, epoch: 4 | loss: 0.4896248
	speed: 0.0069s/iter; left time: 694.8787s
Epoch: 4 cost time: 7.762934923171997
Epoch: 4, Steps: 1048 | Train Loss: 0.4158273 Vali Loss: 0.9739662
EarlyStopping counter: 1 out of 6
Updating learning rate to 6.25e-05
	iters: 100, epoch: 5 | loss: 0.4168190
	speed: 0.0218s/iter; left time: 2191.5187s
	iters: 200, epoch: 5 | loss: 0.3791734
	speed: 0.0073s/iter; left time: 736.7617s
	iters: 300, epoch: 5 | loss: 0.3764593
	speed: 0.0068s/iter; left time: 686.9432s
	iters: 400, epoch: 5 | loss: 0.3986190
	speed: 0.0069s/iter; left time: 693.0360s
	iters: 500, epoch: 5 | loss: 0.4450423
	speed: 0.0072s/iter; left time: 720.0721s
	iters: 600, epoch: 5 | loss: 0.3913932
	speed: 0.0074s/iter; left time: 744.8025s
	iters: 700, epoch: 5 | loss: 0.3575831
	speed: 0.0075s/iter; left time: 748.9035s
	iters: 800, epoch: 5 | loss: 0.4148990
	speed: 0.0076s/iter; left time: 762.7097s
	iters: 900, epoch: 5 | loss: 0.3525601
	speed: 0.0073s/iter; left time: 723.5296s
	iters: 1000, epoch: 5 | loss: 0.3474409
	speed: 0.0074s/iter; left time: 734.6218s
Epoch: 5 cost time: 7.632530927658081
Epoch: 5, Steps: 1048 | Train Loss: 0.4090407 Vali Loss: 0.9742486
EarlyStopping counter: 2 out of 6
Updating learning rate to 3.125e-05
	iters: 100, epoch: 6 | loss: 0.3455115
	speed: 0.0225s/iter; left time: 2238.2543s
	iters: 200, epoch: 6 | loss: 0.3986714
	speed: 0.0075s/iter; left time: 747.2922s
	iters: 300, epoch: 6 | loss: 0.3986726
	speed: 0.0072s/iter; left time: 709.9473s
	iters: 400, epoch: 6 | loss: 0.4571813
	speed: 0.0072s/iter; left time: 713.2263s
	iters: 500, epoch: 6 | loss: 0.3765795
	speed: 0.0072s/iter; left time: 708.8380s
	iters: 600, epoch: 6 | loss: 0.3943775
	speed: 0.0072s/iter; left time: 712.3906s
	iters: 700, epoch: 6 | loss: 0.4671867
	speed: 0.0076s/iter; left time: 747.3791s
	iters: 800, epoch: 6 | loss: 0.4347813
	speed: 0.0077s/iter; left time: 764.0524s
	iters: 900, epoch: 6 | loss: 0.4192719
	speed: 0.0073s/iter; left time: 716.1695s
	iters: 1000, epoch: 6 | loss: 0.4279958
	speed: 0.0074s/iter; left time: 729.3296s
Epoch: 6 cost time: 7.73682975769043
Epoch: 6, Steps: 1048 | Train Loss: 0.4056634 Vali Loss: 0.9739851
EarlyStopping counter: 3 out of 6
Updating learning rate to 1.5625e-05
	iters: 100, epoch: 7 | loss: 0.3721305
	speed: 0.0228s/iter; left time: 2244.1101s
	iters: 200, epoch: 7 | loss: 0.3418200
	speed: 0.0068s/iter; left time: 670.6791s
	iters: 300, epoch: 7 | loss: 0.4068183
	speed: 0.0071s/iter; left time: 693.5232s
	iters: 400, epoch: 7 | loss: 0.4479412
	speed: 0.0071s/iter; left time: 696.3446s
	iters: 500, epoch: 7 | loss: 0.3576924
	speed: 0.0070s/iter; left time: 690.4085s
	iters: 600, epoch: 7 | loss: 0.4740940
	speed: 0.0072s/iter; left time: 708.5820s
	iters: 700, epoch: 7 | loss: 0.4043090
	speed: 0.0073s/iter; left time: 712.0921s
	iters: 800, epoch: 7 | loss: 0.4118974
	speed: 0.0072s/iter; left time: 704.9298s
	iters: 900, epoch: 7 | loss: 0.3769395
	speed: 0.0073s/iter; left time: 716.2834s
	iters: 1000, epoch: 7 | loss: 0.4138038
	speed: 0.0077s/iter; left time: 754.8203s
Epoch: 7 cost time: 7.574090957641602
Epoch: 7, Steps: 1048 | Train Loss: 0.4036645 Vali Loss: 0.9764362
EarlyStopping counter: 4 out of 6
Updating learning rate to 7.8125e-06
	iters: 100, epoch: 8 | loss: 0.3713422
	speed: 0.0229s/iter; left time: 2225.0531s
	iters: 200, epoch: 8 | loss: 0.3365663
	speed: 0.0074s/iter; left time: 717.5158s
	iters: 300, epoch: 8 | loss: 0.4846861
	speed: 0.0072s/iter; left time: 703.9483s
	iters: 400, epoch: 8 | loss: 0.4265608
	speed: 0.0071s/iter; left time: 692.5479s
	iters: 500, epoch: 8 | loss: 0.4069862
	speed: 0.0070s/iter; left time: 679.7151s
	iters: 600, epoch: 8 | loss: 0.3791994
	speed: 0.0071s/iter; left time: 690.3297s
	iters: 700, epoch: 8 | loss: 0.3477075
	speed: 0.0071s/iter; left time: 683.2099s
	iters: 800, epoch: 8 | loss: 0.4725655
	speed: 0.0074s/iter; left time: 713.1399s
	iters: 900, epoch: 8 | loss: 0.4153290
	speed: 0.0075s/iter; left time: 722.5449s
	iters: 1000, epoch: 8 | loss: 0.4022165
	speed: 0.0070s/iter; left time: 674.4305s
Epoch: 8 cost time: 7.558012008666992
Epoch: 8, Steps: 1048 | Train Loss: 0.4024786 Vali Loss: 0.9765531
EarlyStopping counter: 5 out of 6
Updating learning rate to 3.90625e-06
	iters: 100, epoch: 9 | loss: 0.4350137
	speed: 0.0225s/iter; left time: 2164.9314s
	iters: 200, epoch: 9 | loss: 0.3786198
	speed: 0.0074s/iter; left time: 715.4005s
	iters: 300, epoch: 9 | loss: 0.4124039
	speed: 0.0072s/iter; left time: 691.4860s
	iters: 400, epoch: 9 | loss: 0.3603811
	speed: 0.0073s/iter; left time: 702.8038s
	iters: 500, epoch: 9 | loss: 0.3690590
	speed: 0.0074s/iter; left time: 709.2921s
	iters: 600, epoch: 9 | loss: 0.4460324
	speed: 0.0074s/iter; left time: 705.7898s
	iters: 700, epoch: 9 | loss: 0.4263442
	speed: 0.0073s/iter; left time: 696.0422s
	iters: 800, epoch: 9 | loss: 0.3843259
	speed: 0.0071s/iter; left time: 679.2015s
	iters: 900, epoch: 9 | loss: 0.5223696
	speed: 0.0071s/iter; left time: 679.6442s
	iters: 1000, epoch: 9 | loss: 0.4993948
	speed: 0.0071s/iter; left time: 673.2535s
Epoch: 9 cost time: 7.593797445297241
Epoch: 9, Steps: 1048 | Train Loss: 0.4020184 Vali Loss: 0.9770866
EarlyStopping counter: 6 out of 6
Early stopping
VALIDATION_RESULT {"best_epoch": 3, "best_mae": 0.6582880164320333, "best_mse": 0.9709793094520294, "epochs_ran": 9, "metric_version": "element_weighted_v1"}
>>>>>>>test skipped (validation-only run)<<<<<<<<<<<<<<<<<<<<<<<<
Using GPU
Args in experiment:
[1mBasic Config[0m
  Task Name:          long_term_forecast  Is Training:        0                   
  Model ID:           ETTm1_96_720_table2_ettm1_p720_no_patch_s2023Model:              GraphMambaRecent    

[1mData Loader[0m
  Data:               ETTm1               Root Path:          /home/cwh/Time-Series-Library/dataset/ETT-small
  Data Path:          ETTm1.csv           Features:           M                   
  Target:             OT                  Freq:               h                   
  Checkpoints:        /home/cwh/Time-Series-Library/logs/timerole_p0/recent_backbone/seed2023/checkpoints

[1mForecasting Task[0m
  Seq Len:            336                 Label Len:          48                  
  Pred Len:           720                 Seasonal Patterns:  Monthly             
  Inverse:            0                   

[1mModel Parameters[0m
  Top k:              5                   Num Kernels:        6                   
  Enc In:             7                   Dec In:             7                   
  C Out:              7                   d model:            64                  
  n heads:            8                   e layers:           1                   
  d layers:           1                   d FF:               128                 
  Moving Avg:         25                  Factor:             1                   
  Distil:             1                   Dropout:            0.1                 
  Embed:              timeF               Activation:         gelu                

[1mRun Parameters[0m
  Num Workers:        0                   Itr:                1                   
  Train Epochs:       100                 Batch Size:         32                  
  Patience:           6                   Learning Rate:      0.0005              
  Des:                table2_ettm1_p720_no_patch_s2023Loss:               MSE                 
  Lradj:              type1               Use Amp:            0                   

[1mGPU[0m
  Use GPU:            1                   GPU:                0                   
  Use Multi GPU:      0                   Devices:            0,1,2,3             

[1mDe-stationary Projector Params[0m
  P Hidden Dims:      128, 128            P Hidden Layers:    2                   

Use GPU: cuda:0
🚀 Lazy Loading: GraphMambaRecent ...
[GraphMamba] Building 7x7 static graph from 2000 training samples
>>>>>>>evaluating validation checkpoint : long_term_forecast_ETTm1_96_720_table2_ettm1_p720_no_patch_s2023_GraphMambaRecent_ETTm1_ftM_sl336_ll48_pl720_dm64_nh8_el1_dl1_df128_expand2_dc2_fc1_ebtimeF_dtTrue_table2_ettm1_p720_no_patch_s2023_0<<<<<<<<<<<<<<<<<<<<<<<<<<<<<<<<<
val 10801
EVALUATION_RESULT {"batches": 338, "elapsed_seconds": 1.2055731019936502, "elements": 54437040, "mae": 0.6582880192305643, "metric_version": "element_weighted_v1", "milliseconds_per_batch": 3.5667843254250005, "mse": 0.9709793104566302, "parameter_count": 4597222, "peak_cuda_memory_bytes": 139964416, "split": "val", "timerole_intervention": "intact"}
=== w/o Patch | ETTm2-96 ===
Using GPU
Args in experiment:
[1mBasic Config[0m
  Task Name:          long_term_forecast  Is Training:        1                   
  Model ID:           ETTm2_96_96_table2_ettm2_p96_no_patch_s2023Model:              GraphMambaRecent    

[1mData Loader[0m
  Data:               ETTm2               Root Path:          /home/cwh/Time-Series-Library/dataset/ETT-small
  Data Path:          ETTm2.csv           Features:           M                   
  Target:             OT                  Freq:               h                   
  Checkpoints:        /home/cwh/Time-Series-Library/logs/timerole_p0/recent_backbone/seed2023/checkpoints

[1mForecasting Task[0m
  Seq Len:            336                 Label Len:          48                  
  Pred Len:           96                  Seasonal Patterns:  Monthly             
  Inverse:            0                   

[1mModel Parameters[0m
  Top k:              5                   Num Kernels:        6                   
  Enc In:             7                   Dec In:             7                   
  C Out:              7                   d model:            64                  
  n heads:            8                   e layers:           1                   
  d layers:           1                   d FF:               128                 
  Moving Avg:         25                  Factor:             1                   
  Distil:             1                   Dropout:            0.1                 
  Embed:              timeF               Activation:         gelu                

[1mRun Parameters[0m
  Num Workers:        0                   Itr:                1                   
  Train Epochs:       100                 Batch Size:         32                  
  Patience:           6                   Learning Rate:      0.0005              
  Des:                table2_ettm2_p96_no_patch_s2023Loss:               MSE                 
  Lradj:              type1               Use Amp:            0                   

[1mGPU[0m
  Use GPU:            1                   GPU:                0                   
  Use Multi GPU:      0                   Devices:            0,1,2,3             

[1mDe-stationary Projector Params[0m
  P Hidden Dims:      128, 128            P Hidden Layers:    2                   

Use GPU: cuda:0
🚀 Lazy Loading: GraphMambaRecent ...
[GraphMamba] Building 7x7 static graph from 2000 training samples
>>>>>>>start training : long_term_forecast_ETTm2_96_96_table2_ettm2_p96_no_patch_s2023_GraphMambaRecent_ETTm2_ftM_sl336_ll48_pl96_dm64_nh8_el1_dl1_df128_expand2_dc2_fc1_ebtimeF_dtTrue_table2_ettm2_p96_no_patch_s2023_0>>>>>>>>>>>>>>>>>>>>>>>>>>
train 34129
val 11425
	iters: 100, epoch: 1 | loss: 0.1978710
	speed: 0.0088s/iter; left time: 933.1003s
	iters: 200, epoch: 1 | loss: 0.4281235
	speed: 0.0067s/iter; left time: 713.3181s
	iters: 300, epoch: 1 | loss: 0.6852533
	speed: 0.0070s/iter; left time: 742.0668s
	iters: 400, epoch: 1 | loss: 0.2222303
	speed: 0.0066s/iter; left time: 705.3832s
	iters: 500, epoch: 1 | loss: 0.2680855
	speed: 0.0078s/iter; left time: 823.2731s
	iters: 600, epoch: 1 | loss: 0.2125221
	speed: 0.0078s/iter; left time: 830.5905s
	iters: 700, epoch: 1 | loss: 0.1430520
	speed: 0.0070s/iter; left time: 737.8904s
	iters: 800, epoch: 1 | loss: 0.3535297
	speed: 0.0070s/iter; left time: 744.8166s
	iters: 900, epoch: 1 | loss: 0.1344250
	speed: 0.0070s/iter; left time: 741.5020s
	iters: 1000, epoch: 1 | loss: 0.3021672
	speed: 0.0071s/iter; left time: 748.5654s
Epoch: 1 cost time: 7.720982313156128
Epoch: 1, Steps: 1067 | Train Loss: 0.2420123 Vali Loss: 0.1283104
Validation loss decreased (inf --> 0.128310).  Saving model ...
Updating learning rate to 0.0005
	iters: 100, epoch: 2 | loss: 0.1937737
	speed: 0.0219s/iter; left time: 2306.7663s
	iters: 200, epoch: 2 | loss: 0.1182044
	speed: 0.0066s/iter; left time: 700.6491s
	iters: 300, epoch: 2 | loss: 0.1470485
	speed: 0.0069s/iter; left time: 722.1554s
	iters: 400, epoch: 2 | loss: 0.2475106
	speed: 0.0069s/iter; left time: 724.9736s
	iters: 500, epoch: 2 | loss: 0.1291524
	speed: 0.0070s/iter; left time: 737.7573s
	iters: 600, epoch: 2 | loss: 0.1676084
	speed: 0.0069s/iter; left time: 720.5586s
	iters: 700, epoch: 2 | loss: 0.1558588
	speed: 0.0069s/iter; left time: 725.1505s
	iters: 800, epoch: 2 | loss: 0.1008263
	speed: 0.0069s/iter; left time: 720.4161s
	iters: 900, epoch: 2 | loss: 0.2412360
	speed: 0.0071s/iter; left time: 745.9277s
	iters: 1000, epoch: 2 | loss: 0.5373986
	speed: 0.0069s/iter; left time: 717.0524s
Epoch: 2 cost time: 7.3771538734436035
Epoch: 2, Steps: 1067 | Train Loss: 0.2204850 Vali Loss: 0.1327563
EarlyStopping counter: 1 out of 6
Updating learning rate to 0.00025
	iters: 100, epoch: 3 | loss: 0.1597652
	speed: 0.0230s/iter; left time: 2398.2871s
	iters: 200, epoch: 3 | loss: 0.1375160
	speed: 0.0069s/iter; left time: 716.8916s
	iters: 300, epoch: 3 | loss: 0.1672803
	speed: 0.0071s/iter; left time: 739.2410s
	iters: 400, epoch: 3 | loss: 0.1464282
	speed: 0.0069s/iter; left time: 715.7575s
	iters: 500, epoch: 3 | loss: 0.2460317
	speed: 0.0070s/iter; left time: 732.1622s
	iters: 600, epoch: 3 | loss: 0.1709253
	speed: 0.0068s/iter; left time: 707.6487s
	iters: 700, epoch: 3 | loss: 0.1617163
	speed: 0.0068s/iter; left time: 704.5092s
	iters: 800, epoch: 3 | loss: 0.1155399
	speed: 0.0067s/iter; left time: 700.3864s
	iters: 900, epoch: 3 | loss: 0.1735880
	speed: 0.0072s/iter; left time: 742.6505s
	iters: 1000, epoch: 3 | loss: 0.1113227
	speed: 0.0070s/iter; left time: 721.1526s
Epoch: 3 cost time: 7.408504962921143
Epoch: 3, Steps: 1067 | Train Loss: 0.2078823 Vali Loss: 0.1289382
EarlyStopping counter: 2 out of 6
Updating learning rate to 0.000125
	iters: 100, epoch: 4 | loss: 0.1226191
	speed: 0.0226s/iter; left time: 2336.0790s
	iters: 200, epoch: 4 | loss: 0.1607322
	speed: 0.0068s/iter; left time: 702.8351s
	iters: 300, epoch: 4 | loss: 0.1457967
	speed: 0.0075s/iter; left time: 775.9969s
	iters: 400, epoch: 4 | loss: 0.1460741
	speed: 0.0069s/iter; left time: 708.2390s
	iters: 500, epoch: 4 | loss: 0.2093788
	speed: 0.0069s/iter; left time: 705.8289s
	iters: 600, epoch: 4 | loss: 0.1367792
	speed: 0.0073s/iter; left time: 746.7055s
	iters: 700, epoch: 4 | loss: 0.1663906
	speed: 0.0069s/iter; left time: 706.0782s
	iters: 800, epoch: 4 | loss: 0.1616283
	speed: 0.0070s/iter; left time: 719.3185s
	iters: 900, epoch: 4 | loss: 0.1001547
	speed: 0.0071s/iter; left time: 727.4517s
	iters: 1000, epoch: 4 | loss: 0.2769601
	speed: 0.0070s/iter; left time: 717.7557s
Epoch: 4 cost time: 7.508948564529419
Epoch: 4, Steps: 1067 | Train Loss: 0.1995418 Vali Loss: 0.1382439
EarlyStopping counter: 3 out of 6
Updating learning rate to 6.25e-05
	iters: 100, epoch: 5 | loss: 0.1375766
	speed: 0.0224s/iter; left time: 2294.8030s
	iters: 200, epoch: 5 | loss: 0.1246505
	speed: 0.0073s/iter; left time: 743.2829s
	iters: 300, epoch: 5 | loss: 0.1929558
	speed: 0.0069s/iter; left time: 705.0387s
	iters: 400, epoch: 5 | loss: 0.1821348
	speed: 0.0067s/iter; left time: 686.9439s
	iters: 500, epoch: 5 | loss: 0.2314129
	speed: 0.0071s/iter; left time: 721.9660s
	iters: 600, epoch: 5 | loss: 0.1337849
	speed: 0.0072s/iter; left time: 729.1780s
	iters: 700, epoch: 5 | loss: 0.1493102
	speed: 0.0067s/iter; left time: 683.9862s
	iters: 800, epoch: 5 | loss: 0.1552454
	speed: 0.0068s/iter; left time: 688.8141s
	iters: 900, epoch: 5 | loss: 0.2370476
	speed: 0.0071s/iter; left time: 718.5476s
	iters: 1000, epoch: 5 | loss: 0.2134208
	speed: 0.0067s/iter; left time: 679.3673s
Epoch: 5 cost time: 7.3737099170684814
Epoch: 5, Steps: 1067 | Train Loss: 0.1947635 Vali Loss: 0.1362120
EarlyStopping counter: 4 out of 6
Updating learning rate to 3.125e-05
	iters: 100, epoch: 6 | loss: 0.1526135
	speed: 0.0216s/iter; left time: 2191.4153s
	iters: 200, epoch: 6 | loss: 0.2065017
	speed: 0.0068s/iter; left time: 691.8947s
	iters: 300, epoch: 6 | loss: 0.1089263
	speed: 0.0072s/iter; left time: 732.2631s
	iters: 400, epoch: 6 | loss: 0.1325300
	speed: 0.0069s/iter; left time: 691.9187s
	iters: 500, epoch: 6 | loss: 0.1185675
	speed: 0.0069s/iter; left time: 692.4810s
	iters: 600, epoch: 6 | loss: 0.4356754
	speed: 0.0071s/iter; left time: 713.9643s
	iters: 700, epoch: 6 | loss: 0.2686816
	speed: 0.0068s/iter; left time: 687.3650s
	iters: 800, epoch: 6 | loss: 0.2365907
	speed: 0.0068s/iter; left time: 682.9641s
	iters: 900, epoch: 6 | loss: 0.2985765
	speed: 0.0075s/iter; left time: 752.8277s
	iters: 1000, epoch: 6 | loss: 0.3636141
	speed: 0.0069s/iter; left time: 692.7071s
Epoch: 6 cost time: 7.437396287918091
Epoch: 6, Steps: 1067 | Train Loss: 0.1919002 Vali Loss: 0.1378677
EarlyStopping counter: 5 out of 6
Updating learning rate to 1.5625e-05
	iters: 100, epoch: 7 | loss: 0.2815132
	speed: 0.0223s/iter; left time: 2237.2359s
	iters: 200, epoch: 7 | loss: 0.1641804
	speed: 0.0071s/iter; left time: 710.8846s
	iters: 300, epoch: 7 | loss: 0.1988062
	speed: 0.0070s/iter; left time: 702.9225s
	iters: 400, epoch: 7 | loss: 0.1671537
	speed: 0.0070s/iter; left time: 703.6805s
	iters: 500, epoch: 7 | loss: 0.1757270
	speed: 0.0070s/iter; left time: 694.0560s
	iters: 600, epoch: 7 | loss: 0.2228378
	speed: 0.0070s/iter; left time: 700.1426s
	iters: 700, epoch: 7 | loss: 0.1386576
	speed: 0.0069s/iter; left time: 691.8815s
	iters: 800, epoch: 7 | loss: 0.2671061
	speed: 0.0070s/iter; left time: 698.1043s
	iters: 900, epoch: 7 | loss: 0.1450182
	speed: 0.0072s/iter; left time: 714.7396s
	iters: 1000, epoch: 7 | loss: 0.1860122
	speed: 0.0070s/iter; left time: 691.4052s
Epoch: 7 cost time: 7.488558292388916
Epoch: 7, Steps: 1067 | Train Loss: 0.1904153 Vali Loss: 0.1388953
EarlyStopping counter: 6 out of 6
Early stopping
VALIDATION_RESULT {"best_epoch": 1, "best_mae": 0.24537747867159312, "best_mse": 0.12831041951371788, "epochs_ran": 7, "metric_version": "element_weighted_v1"}
>>>>>>>test skipped (validation-only run)<<<<<<<<<<<<<<<<<<<<<<<<
Using GPU
Args in experiment:
[1mBasic Config[0m
  Task Name:          long_term_forecast  Is Training:        0                   
  Model ID:           ETTm2_96_96_table2_ettm2_p96_no_patch_s2023Model:              GraphMambaRecent    

[1mData Loader[0m
  Data:               ETTm2               Root Path:          /home/cwh/Time-Series-Library/dataset/ETT-small
  Data Path:          ETTm2.csv           Features:           M                   
  Target:             OT                  Freq:               h                   
  Checkpoints:        /home/cwh/Time-Series-Library/logs/timerole_p0/recent_backbone/seed2023/checkpoints

[1mForecasting Task[0m
  Seq Len:            336                 Label Len:          48                  
  Pred Len:           96                  Seasonal Patterns:  Monthly             
  Inverse:            0                   

[1mModel Parameters[0m
  Top k:              5                   Num Kernels:        6                   
  Enc In:             7                   Dec In:             7                   
  C Out:              7                   d model:            64                  
  n heads:            8                   e layers:           1                   
  d layers:           1                   d FF:               128                 
  Moving Avg:         25                  Factor:             1                   
  Distil:             1                   Dropout:            0.1                 
  Embed:              timeF               Activation:         gelu                

[1mRun Parameters[0m
  Num Workers:        0                   Itr:                1                   
  Train Epochs:       100                 Batch Size:         32                  
  Patience:           6                   Learning Rate:      0.0005              
  Des:                table2_ettm2_p96_no_patch_s2023Loss:               MSE                 
  Lradj:              type1               Use Amp:            0                   

[1mGPU[0m
  Use GPU:            1                   GPU:                0                   
  Use Multi GPU:      0                   Devices:            0,1,2,3             

[1mDe-stationary Projector Params[0m
  P Hidden Dims:      128, 128            P Hidden Layers:    2                   

Use GPU: cuda:0
🚀 Lazy Loading: GraphMambaRecent ...
[GraphMamba] Building 7x7 static graph from 2000 training samples
>>>>>>>evaluating validation checkpoint : long_term_forecast_ETTm2_96_96_table2_ettm2_p96_no_patch_s2023_GraphMambaRecent_ETTm2_ftM_sl336_ll48_pl96_dm64_nh8_el1_dl1_df128_expand2_dc2_fc1_ebtimeF_dtTrue_table2_ettm2_p96_no_patch_s2023_0<<<<<<<<<<<<<<<<<<<<<<<<<<<<<<<<<
val 11425
EVALUATION_RESULT {"batches": 358, "elapsed_seconds": 1.199869975214824, "elements": 7677600, "mae": 0.24537747964544, "metric_version": "element_weighted_v1", "milliseconds_per_batch": 3.3515921095386147, "mse": 0.12831041996486736, "parameter_count": 702214, "peak_cuda_memory_bytes": 120710144, "split": "val", "timerole_intervention": "intact"}
=== w/o Patch | ETTm2-720 ===
Using GPU
Args in experiment:
[1mBasic Config[0m
  Task Name:          long_term_forecast  Is Training:        1                   
  Model ID:           ETTm2_96_720_table2_ettm2_p720_no_patch_s2023Model:              GraphMambaRecent    

[1mData Loader[0m
  Data:               ETTm2               Root Path:          /home/cwh/Time-Series-Library/dataset/ETT-small
  Data Path:          ETTm2.csv           Features:           M                   
  Target:             OT                  Freq:               h                   
  Checkpoints:        /home/cwh/Time-Series-Library/logs/timerole_p0/recent_backbone/seed2023/checkpoints

[1mForecasting Task[0m
  Seq Len:            336                 Label Len:          48                  
  Pred Len:           720                 Seasonal Patterns:  Monthly             
  Inverse:            0                   

[1mModel Parameters[0m
  Top k:              5                   Num Kernels:        6                   
  Enc In:             7                   Dec In:             7                   
  C Out:              7                   d model:            64                  
  n heads:            8                   e layers:           1                   
  d layers:           1                   d FF:               128                 
  Moving Avg:         25                  Factor:             1                   
  Distil:             1                   Dropout:            0.1                 
  Embed:              timeF               Activation:         gelu                

[1mRun Parameters[0m
  Num Workers:        0                   Itr:                1                   
  Train Epochs:       100                 Batch Size:         32                  
  Patience:           6                   Learning Rate:      0.0005              
  Des:                table2_ettm2_p720_no_patch_s2023Loss:               MSE                 
  Lradj:              type1               Use Amp:            0                   

[1mGPU[0m
  Use GPU:            1                   GPU:                0                   
  Use Multi GPU:      0                   Devices:            0,1,2,3             

[1mDe-stationary Projector Params[0m
  P Hidden Dims:      128, 128            P Hidden Layers:    2                   

Use GPU: cuda:0
🚀 Lazy Loading: GraphMambaRecent ...
[GraphMamba] Building 7x7 static graph from 2000 training samples
>>>>>>>start training : long_term_forecast_ETTm2_96_720_table2_ettm2_p720_no_patch_s2023_GraphMambaRecent_ETTm2_ftM_sl336_ll48_pl720_dm64_nh8_el1_dl1_df128_expand2_dc2_fc1_ebtimeF_dtTrue_table2_ettm2_p720_no_patch_s2023_0>>>>>>>>>>>>>>>>>>>>>>>>>>
train 33505
val 10801
	iters: 100, epoch: 1 | loss: 0.6128324
	speed: 0.0094s/iter; left time: 983.6101s
	iters: 200, epoch: 1 | loss: 0.6777545
	speed: 0.0069s/iter; left time: 718.7745s
	iters: 300, epoch: 1 | loss: 0.6590580
	speed: 0.0070s/iter; left time: 732.4618s
	iters: 400, epoch: 1 | loss: 0.7278048
	speed: 0.0072s/iter; left time: 750.5719s
	iters: 500, epoch: 1 | loss: 0.7276723
	speed: 0.0073s/iter; left time: 757.9405s
	iters: 600, epoch: 1 | loss: 0.5574291
	speed: 0.0073s/iter; left time: 759.5670s
	iters: 700, epoch: 1 | loss: 0.4580854
	speed: 0.0072s/iter; left time: 746.4719s
	iters: 800, epoch: 1 | loss: 0.3977586
	speed: 0.0070s/iter; left time: 722.8887s
	iters: 900, epoch: 1 | loss: 0.4132697
	speed: 0.0069s/iter; left time: 714.2042s
	iters: 1000, epoch: 1 | loss: 0.5979804
	speed: 0.0071s/iter; left time: 735.3520s
Epoch: 1 cost time: 7.647669076919556
Epoch: 1, Steps: 1048 | Train Loss: 0.5899227 Vali Loss: 0.2897284
Validation loss decreased (inf --> 0.289728).  Saving model ...
Updating learning rate to 0.0005
	iters: 100, epoch: 2 | loss: 0.3709698
	speed: 0.0216s/iter; left time: 2243.9327s
	iters: 200, epoch: 2 | loss: 0.3441801
	speed: 0.0073s/iter; left time: 754.9178s
	iters: 300, epoch: 2 | loss: 0.3834509
	speed: 0.0072s/iter; left time: 741.8979s
	iters: 400, epoch: 2 | loss: 0.3779343
	speed: 0.0070s/iter; left time: 727.6771s
	iters: 500, epoch: 2 | loss: 0.3756958
	speed: 0.0069s/iter; left time: 713.9105s
	iters: 600, epoch: 2 | loss: 0.5027464
	speed: 0.0074s/iter; left time: 760.3038s
	iters: 700, epoch: 2 | loss: 0.4258991
	speed: 0.0072s/iter; left time: 744.0661s
	iters: 800, epoch: 2 | loss: 0.6815802
	speed: 0.0069s/iter; left time: 714.0768s
	iters: 900, epoch: 2 | loss: 0.5686035
	speed: 0.0070s/iter; left time: 718.4011s
	iters: 1000, epoch: 2 | loss: 0.3472805
	speed: 0.0070s/iter; left time: 722.8863s
Epoch: 2 cost time: 7.451204538345337
Epoch: 2, Steps: 1048 | Train Loss: 0.5611781 Vali Loss: 0.3000589
EarlyStopping counter: 1 out of 6
Updating learning rate to 0.00025
	iters: 100, epoch: 3 | loss: 0.7035309
	speed: 0.0216s/iter; left time: 2215.0038s
	iters: 200, epoch: 3 | loss: 0.6583785
	speed: 0.0070s/iter; left time: 713.9462s
	iters: 300, epoch: 3 | loss: 0.3574167
	speed: 0.0069s/iter; left time: 710.1975s
	iters: 400, epoch: 3 | loss: 0.6582974
	speed: 0.0070s/iter; left time: 716.6802s
	iters: 500, epoch: 3 | loss: 0.3288906
	speed: 0.0069s/iter; left time: 702.2900s
	iters: 600, epoch: 3 | loss: 1.2559963
	speed: 0.0073s/iter; left time: 741.3172s
	iters: 700, epoch: 3 | loss: 0.3648310
	speed: 0.0078s/iter; left time: 796.4651s
	iters: 800, epoch: 3 | loss: 1.0255548
	speed: 0.0078s/iter; left time: 796.9978s
	iters: 900, epoch: 3 | loss: 0.3192259
	speed: 0.0073s/iter; left time: 740.4333s
	iters: 1000, epoch: 3 | loss: 0.4189909
	speed: 0.0072s/iter; left time: 730.0711s
Epoch: 3 cost time: 7.533107757568359
Epoch: 3, Steps: 1048 | Train Loss: 0.5402052 Vali Loss: 0.3145730
EarlyStopping counter: 2 out of 6
Updating learning rate to 0.000125
	iters: 100, epoch: 4 | loss: 0.8138355
	speed: 0.0217s/iter; left time: 2199.7255s
	iters: 200, epoch: 4 | loss: 0.4825324
	speed: 0.0072s/iter; left time: 732.3116s
	iters: 300, epoch: 4 | loss: 0.5933207
	speed: 0.0073s/iter; left time: 744.5369s
	iters: 400, epoch: 4 | loss: 0.7163626
	speed: 0.0072s/iter; left time: 726.9472s
	iters: 500, epoch: 4 | loss: 0.8082530
	speed: 0.0072s/iter; left time: 730.2500s
	iters: 600, epoch: 4 | loss: 0.4714575
	speed: 0.0078s/iter; left time: 784.1578s
	iters: 700, epoch: 4 | loss: 0.2856554
	speed: 0.0075s/iter; left time: 752.2316s
	iters: 800, epoch: 4 | loss: 0.5731506
	speed: 0.0075s/iter; left time: 759.8471s
	iters: 900, epoch: 4 | loss: 0.5233051
	speed: 0.0075s/iter; left time: 753.4843s
	iters: 1000, epoch: 4 | loss: 0.4117915
	speed: 0.0075s/iter; left time: 753.6229s
Epoch: 4 cost time: 7.737196683883667
Epoch: 4, Steps: 1048 | Train Loss: 0.5249727 Vali Loss: 0.2991107
EarlyStopping counter: 3 out of 6
Updating learning rate to 6.25e-05
	iters: 100, epoch: 5 | loss: 0.6991839
	speed: 0.0228s/iter; left time: 2293.8043s
	iters: 200, epoch: 5 | loss: 0.2675998
	speed: 0.0076s/iter; left time: 761.1552s
	iters: 300, epoch: 5 | loss: 0.4718903
	speed: 0.0075s/iter; left time: 755.6623s
	iters: 400, epoch: 5 | loss: 0.3078283
	speed: 0.0073s/iter; left time: 733.5238s
	iters: 500, epoch: 5 | loss: 0.2892976
	speed: 0.0075s/iter; left time: 748.3916s
	iters: 600, epoch: 5 | loss: 0.4195246
	speed: 0.0074s/iter; left time: 742.9129s
	iters: 700, epoch: 5 | loss: 0.3959047
	speed: 0.0072s/iter; left time: 719.2836s
	iters: 800, epoch: 5 | loss: 0.5148312
	speed: 0.0075s/iter; left time: 750.2489s
	iters: 900, epoch: 5 | loss: 0.3254932
	speed: 0.0072s/iter; left time: 719.6571s
	iters: 1000, epoch: 5 | loss: 0.9124062
	speed: 0.0074s/iter; left time: 738.3883s
Epoch: 5 cost time: 7.786404371261597
Epoch: 5, Steps: 1048 | Train Loss: 0.5115100 Vali Loss: 0.3027345
EarlyStopping counter: 4 out of 6
Updating learning rate to 3.125e-05
	iters: 100, epoch: 6 | loss: 0.2721513
	speed: 0.0220s/iter; left time: 2184.6778s
	iters: 200, epoch: 6 | loss: 0.4326228
	speed: 0.0071s/iter; left time: 702.2821s
	iters: 300, epoch: 6 | loss: 0.3192643
	speed: 0.0072s/iter; left time: 713.0941s
	iters: 400, epoch: 6 | loss: 0.3654509
	speed: 0.0075s/iter; left time: 739.7893s
	iters: 500, epoch: 6 | loss: 0.2562790
	speed: 0.0073s/iter; left time: 724.4207s
	iters: 600, epoch: 6 | loss: 0.2799320
	speed: 0.0073s/iter; left time: 722.9757s
	iters: 700, epoch: 6 | loss: 0.3203098
	speed: 0.0070s/iter; left time: 694.5983s
	iters: 800, epoch: 6 | loss: 0.3744620
	speed: 0.0070s/iter; left time: 692.3174s
	iters: 900, epoch: 6 | loss: 0.8084591
	speed: 0.0071s/iter; left time: 704.3257s
	iters: 1000, epoch: 6 | loss: 0.5136082
	speed: 0.0071s/iter; left time: 702.6260s
Epoch: 6 cost time: 7.526203870773315
Epoch: 6, Steps: 1048 | Train Loss: 0.5051940 Vali Loss: 0.2998028
EarlyStopping counter: 5 out of 6
Updating learning rate to 1.5625e-05
	iters: 100, epoch: 7 | loss: 0.5772294
	speed: 0.0210s/iter; left time: 2071.1418s
	iters: 200, epoch: 7 | loss: 0.4918420
	speed: 0.0069s/iter; left time: 673.9238s
	iters: 300, epoch: 7 | loss: 0.3996853
	speed: 0.0068s/iter; left time: 668.1222s
	iters: 400, epoch: 7 | loss: 0.3348729
	speed: 0.0072s/iter; left time: 704.2691s
	iters: 500, epoch: 7 | loss: 0.3686184
	speed: 0.0072s/iter; left time: 703.0320s
	iters: 600, epoch: 7 | loss: 0.5525996
	speed: 0.0070s/iter; left time: 682.9077s
	iters: 700, epoch: 7 | loss: 0.9578042
	speed: 0.0071s/iter; left time: 694.5635s
	iters: 800, epoch: 7 | loss: 0.3430845
	speed: 0.0071s/iter; left time: 689.2365s
	iters: 900, epoch: 7 | loss: 0.9816188
	speed: 0.0071s/iter; left time: 696.2738s
	iters: 1000, epoch: 7 | loss: 0.3397943
	speed: 0.0073s/iter; left time: 708.2383s
Epoch: 7 cost time: 7.366458892822266
Epoch: 7, Steps: 1048 | Train Loss: 0.5044264 Vali Loss: 0.3019700
EarlyStopping counter: 6 out of 6
Early stopping
VALIDATION_RESULT {"best_epoch": 1, "best_mae": 0.3685801673723098, "best_mse": 0.2897283651630512, "epochs_ran": 7, "metric_version": "element_weighted_v1"}
>>>>>>>test skipped (validation-only run)<<<<<<<<<<<<<<<<<<<<<<<<
Using GPU
Args in experiment:
[1mBasic Config[0m
  Task Name:          long_term_forecast  Is Training:        0                   
  Model ID:           ETTm2_96_720_table2_ettm2_p720_no_patch_s2023Model:              GraphMambaRecent    

[1mData Loader[0m
  Data:               ETTm2               Root Path:          /home/cwh/Time-Series-Library/dataset/ETT-small
  Data Path:          ETTm2.csv           Features:           M                   
  Target:             OT                  Freq:               h                   
  Checkpoints:        /home/cwh/Time-Series-Library/logs/timerole_p0/recent_backbone/seed2023/checkpoints

[1mForecasting Task[0m
  Seq Len:            336                 Label Len:          48                  
  Pred Len:           720                 Seasonal Patterns:  Monthly             
  Inverse:            0                   

[1mModel Parameters[0m
  Top k:              5                   Num Kernels:        6                   
  Enc In:             7                   Dec In:             7                   
  C Out:              7                   d model:            64                  
  n heads:            8                   e layers:           1                   
  d layers:           1                   d FF:               128                 
  Moving Avg:         25                  Factor:             1                   
  Distil:             1                   Dropout:            0.1                 
  Embed:              timeF               Activation:         gelu                

[1mRun Parameters[0m
  Num Workers:        0                   Itr:                1                   
  Train Epochs:       100                 Batch Size:         32                  
  Patience:           6                   Learning Rate:      0.0005              
  Des:                table2_ettm2_p720_no_patch_s2023Loss:               MSE                 
  Lradj:              type1               Use Amp:            0                   

[1mGPU[0m
  Use GPU:            1                   GPU:                0                   
  Use Multi GPU:      0                   Devices:            0,1,2,3             

[1mDe-stationary Projector Params[0m
  P Hidden Dims:      128, 128            P Hidden Layers:    2                   

Use GPU: cuda:0
🚀 Lazy Loading: GraphMambaRecent ...
[GraphMamba] Building 7x7 static graph from 2000 training samples
>>>>>>>evaluating validation checkpoint : long_term_forecast_ETTm2_96_720_table2_ettm2_p720_no_patch_s2023_GraphMambaRecent_ETTm2_ftM_sl336_ll48_pl720_dm64_nh8_el1_dl1_df128_expand2_dc2_fc1_ebtimeF_dtTrue_table2_ettm2_p720_no_patch_s2023_0<<<<<<<<<<<<<<<<<<<<<<<<<<<<<<<<<
val 10801
EVALUATION_RESULT {"batches": 338, "elapsed_seconds": 1.185567753855139, "elements": 54437040, "mae": 0.36858016669061633, "metric_version": "element_weighted_v1", "milliseconds_per_batch": 3.507596904896861, "mse": 0.28972836541420144, "parameter_count": 4597222, "peak_cuda_memory_bytes": 139964416, "split": "val", "timerole_intervention": "intact"}
=== Uni-Mamba | ETTm1-96 ===
Using GPU
Args in experiment:
[1mBasic Config[0m
  Task Name:          long_term_forecast  Is Training:        1                   
  Model ID:           ETTm1_96_96_table2_ettm1_p96_uni_mamba_s2023Model:              GraphMambaRecent    

[1mData Loader[0m
  Data:               ETTm1               Root Path:          /home/cwh/Time-Series-Library/dataset/ETT-small
  Data Path:          ETTm1.csv           Features:           M                   
  Target:             OT                  Freq:               h                   
  Checkpoints:        /home/cwh/Time-Series-Library/logs/timerole_p0/recent_backbone/seed2023/checkpoints

[1mForecasting Task[0m
  Seq Len:            336                 Label Len:          48                  
  Pred Len:           96                  Seasonal Patterns:  Monthly             
  Inverse:            0                   

[1mModel Parameters[0m
  Top k:              5                   Num Kernels:        6                   
  Enc In:             7                   Dec In:             7                   
  C Out:              7                   d model:            64                  
  n heads:            8                   e layers:           1                   
  d layers:           1                   d FF:               128                 
  Moving Avg:         25                  Factor:             1                   
  Distil:             1                   Dropout:            0.1                 
  Embed:              timeF               Activation:         gelu                

[1mRun Parameters[0m
  Num Workers:        0                   Itr:                1                   
  Train Epochs:       100                 Batch Size:         32                  
  Patience:           6                   Learning Rate:      0.0005              
  Des:                table2_ettm1_p96_uni_mamba_s2023Loss:               MSE                 
  Lradj:              type1               Use Amp:            0                   

[1mGPU[0m
  Use GPU:            1                   GPU:                0                   
  Use Multi GPU:      0                   Devices:            0,1,2,3             

[1mDe-stationary Projector Params[0m
  P Hidden Dims:      128, 128            P Hidden Layers:    2                   

Use GPU: cuda:0
🚀 Lazy Loading: GraphMambaRecent ...
[GraphMamba] Building 7x7 static graph from 2000 training samples
>>>>>>>start training : long_term_forecast_ETTm1_96_96_table2_ettm1_p96_uni_mamba_s2023_GraphMambaRecent_ETTm1_ftM_sl336_ll48_pl96_dm64_nh8_el1_dl1_df128_expand2_dc2_fc1_ebtimeF_dtTrue_table2_ettm1_p96_uni_mamba_s2023_0>>>>>>>>>>>>>>>>>>>>>>>>>>
train 34129
val 11425
	iters: 100, epoch: 1 | loss: 0.4067390
	speed: 0.0097s/iter; left time: 1029.8252s
	iters: 200, epoch: 1 | loss: 0.3066666
	speed: 0.0080s/iter; left time: 849.5023s
	iters: 300, epoch: 1 | loss: 0.3036677
	speed: 0.0079s/iter; left time: 842.7107s
	iters: 400, epoch: 1 | loss: 0.2992891
	speed: 0.0078s/iter; left time: 829.2905s
	iters: 500, epoch: 1 | loss: 0.3459229
	speed: 0.0079s/iter; left time: 838.8377s
	iters: 600, epoch: 1 | loss: 0.3252237
	speed: 0.0078s/iter; left time: 831.3347s
	iters: 700, epoch: 1 | loss: 0.3127934
	speed: 0.0078s/iter; left time: 830.8061s
	iters: 800, epoch: 1 | loss: 0.3220931
	speed: 0.0084s/iter; left time: 885.5767s
	iters: 900, epoch: 1 | loss: 0.2676666
	speed: 0.0077s/iter; left time: 811.6528s
	iters: 1000, epoch: 1 | loss: 0.2890632
	speed: 0.0079s/iter; left time: 837.7729s
Epoch: 1 cost time: 8.620747566223145
Epoch: 1, Steps: 1067 | Train Loss: 0.3392780 Vali Loss: 0.4065017
Validation loss decreased (inf --> 0.406502).  Saving model ...
Updating learning rate to 0.0005
	iters: 100, epoch: 2 | loss: 0.2797128
	speed: 0.0262s/iter; left time: 2762.0375s
	iters: 200, epoch: 2 | loss: 0.2744999
	speed: 0.0079s/iter; left time: 831.5008s
	iters: 300, epoch: 2 | loss: 0.2303316
	speed: 0.0079s/iter; left time: 832.5203s
	iters: 400, epoch: 2 | loss: 0.3253751
	speed: 0.0078s/iter; left time: 823.5562s
	iters: 500, epoch: 2 | loss: 0.3351681
	speed: 0.0076s/iter; left time: 801.5769s
	iters: 600, epoch: 2 | loss: 0.2865677
	speed: 0.0079s/iter; left time: 828.9402s
	iters: 700, epoch: 2 | loss: 0.2574953
	speed: 0.0076s/iter; left time: 799.7298s
	iters: 800, epoch: 2 | loss: 0.2836440
	speed: 0.0079s/iter; left time: 827.3632s
	iters: 900, epoch: 2 | loss: 0.3228884
	speed: 0.0078s/iter; left time: 813.0795s
	iters: 1000, epoch: 2 | loss: 0.2245209
	speed: 0.0077s/iter; left time: 801.8091s
Epoch: 2 cost time: 8.3556649684906
Epoch: 2, Steps: 1067 | Train Loss: 0.2801022 Vali Loss: 0.4019438
Validation loss decreased (0.406502 --> 0.401944).  Saving model ...
Updating learning rate to 0.00025
	iters: 100, epoch: 3 | loss: 0.2511472
	speed: 0.0254s/iter; left time: 2649.3551s
	iters: 200, epoch: 3 | loss: 0.4097162
	speed: 0.0076s/iter; left time: 793.0484s
	iters: 300, epoch: 3 | loss: 0.2531049
	speed: 0.0077s/iter; left time: 804.2751s
	iters: 400, epoch: 3 | loss: 0.1990554
	speed: 0.0078s/iter; left time: 816.4278s
	iters: 500, epoch: 3 | loss: 0.2350595
	speed: 0.0080s/iter; left time: 836.4070s
	iters: 600, epoch: 3 | loss: 0.2765430
	speed: 0.0092s/iter; left time: 955.0806s
	iters: 700, epoch: 3 | loss: 0.2442607
	speed: 0.0088s/iter; left time: 914.3826s
	iters: 800, epoch: 3 | loss: 0.2674961
	speed: 0.0078s/iter; left time: 810.2121s
	iters: 900, epoch: 3 | loss: 0.2083651
	speed: 0.0078s/iter; left time: 810.5423s
	iters: 1000, epoch: 3 | loss: 0.2229300
	speed: 0.0078s/iter; left time: 812.2059s
Epoch: 3 cost time: 8.57668662071228
Epoch: 3, Steps: 1067 | Train Loss: 0.2674763 Vali Loss: 0.4137928
EarlyStopping counter: 1 out of 6
Updating learning rate to 0.000125
	iters: 100, epoch: 4 | loss: 0.2617969
	speed: 0.0259s/iter; left time: 2682.6263s
	iters: 200, epoch: 4 | loss: 0.3157486
	speed: 0.0078s/iter; left time: 810.0919s
	iters: 300, epoch: 4 | loss: 0.2933617
	speed: 0.0079s/iter; left time: 813.1898s
	iters: 400, epoch: 4 | loss: 0.1596088
	speed: 0.0079s/iter; left time: 810.0924s
	iters: 500, epoch: 4 | loss: 0.2843067
	speed: 0.0077s/iter; left time: 795.1024s
	iters: 600, epoch: 4 | loss: 0.2301732
	speed: 0.0078s/iter; left time: 802.3138s
	iters: 700, epoch: 4 | loss: 0.2837738
	speed: 0.0079s/iter; left time: 815.2684s
	iters: 800, epoch: 4 | loss: 0.2302016
	speed: 0.0083s/iter; left time: 848.1898s
	iters: 900, epoch: 4 | loss: 0.2866889
	speed: 0.0080s/iter; left time: 818.4440s
	iters: 1000, epoch: 4 | loss: 0.2653899
	speed: 0.0081s/iter; left time: 827.6854s
Epoch: 4 cost time: 8.447507381439209
Epoch: 4, Steps: 1067 | Train Loss: 0.2608503 Vali Loss: 0.4096766
EarlyStopping counter: 2 out of 6
Updating learning rate to 6.25e-05
	iters: 100, epoch: 5 | loss: 0.2060299
	speed: 0.0250s/iter; left time: 2560.8873s
	iters: 200, epoch: 5 | loss: 0.1902374
	speed: 0.0079s/iter; left time: 807.0050s
	iters: 300, epoch: 5 | loss: 0.2774075
	speed: 0.0077s/iter; left time: 782.0425s
	iters: 400, epoch: 5 | loss: 0.2875867
	speed: 0.0075s/iter; left time: 761.7457s
	iters: 500, epoch: 5 | loss: 0.2408129
	speed: 0.0080s/iter; left time: 818.9259s
	iters: 600, epoch: 5 | loss: 0.2601723
	speed: 0.0078s/iter; left time: 790.5492s
	iters: 700, epoch: 5 | loss: 0.2601284
	speed: 0.0081s/iter; left time: 828.6396s
	iters: 800, epoch: 5 | loss: 0.2598340
	speed: 0.0078s/iter; left time: 790.5590s
	iters: 900, epoch: 5 | loss: 0.2752304
	speed: 0.0077s/iter; left time: 781.8934s
	iters: 1000, epoch: 5 | loss: 0.2780601
	speed: 0.0076s/iter; left time: 775.3398s
Epoch: 5 cost time: 8.286577463150024
Epoch: 5, Steps: 1067 | Train Loss: 0.2572205 Vali Loss: 0.4078890
EarlyStopping counter: 3 out of 6
Updating learning rate to 3.125e-05
	iters: 100, epoch: 6 | loss: 0.2351524
	speed: 0.0246s/iter; left time: 2488.7693s
	iters: 200, epoch: 6 | loss: 0.2225227
	speed: 0.0076s/iter; left time: 766.7499s
	iters: 300, epoch: 6 | loss: 0.2069981
	speed: 0.0077s/iter; left time: 775.4432s
	iters: 400, epoch: 6 | loss: 0.2880425
	speed: 0.0076s/iter; left time: 767.4836s
	iters: 500, epoch: 6 | loss: 0.2409802
	speed: 0.0076s/iter; left time: 769.9532s
	iters: 600, epoch: 6 | loss: 0.2850768
	speed: 0.0074s/iter; left time: 749.7422s
	iters: 700, epoch: 6 | loss: 0.2877745
	speed: 0.0078s/iter; left time: 782.2571s
	iters: 800, epoch: 6 | loss: 0.2414500
	speed: 0.0075s/iter; left time: 750.9499s
	iters: 900, epoch: 6 | loss: 0.2448711
	speed: 0.0076s/iter; left time: 761.8788s
	iters: 1000, epoch: 6 | loss: 0.1969634
	speed: 0.0077s/iter; left time: 777.2980s
Epoch: 6 cost time: 8.144923686981201
Epoch: 6, Steps: 1067 | Train Loss: 0.2555661 Vali Loss: 0.4075610
EarlyStopping counter: 4 out of 6
Updating learning rate to 1.5625e-05
	iters: 100, epoch: 7 | loss: 0.2617753
	speed: 0.0260s/iter; left time: 2608.3605s
	iters: 200, epoch: 7 | loss: 0.2419612
	speed: 0.0076s/iter; left time: 765.0317s
	iters: 300, epoch: 7 | loss: 0.1976365
	speed: 0.0078s/iter; left time: 775.9699s
	iters: 400, epoch: 7 | loss: 0.2425125
	speed: 0.0076s/iter; left time: 757.6111s
	iters: 500, epoch: 7 | loss: 0.2814129
	speed: 0.0075s/iter; left time: 750.5699s
	iters: 600, epoch: 7 | loss: 0.3598739
	speed: 0.0074s/iter; left time: 736.8610s
	iters: 700, epoch: 7 | loss: 0.2961164
	speed: 0.0076s/iter; left time: 753.7355s
	iters: 800, epoch: 7 | loss: 0.3083669
	speed: 0.0075s/iter; left time: 744.3136s
	iters: 900, epoch: 7 | loss: 0.2265748
	speed: 0.0075s/iter; left time: 742.4669s
	iters: 1000, epoch: 7 | loss: 0.2531732
	speed: 0.0078s/iter; left time: 778.8057s
Epoch: 7 cost time: 8.094745874404907
Epoch: 7, Steps: 1067 | Train Loss: 0.2543538 Vali Loss: 0.4092551
EarlyStopping counter: 5 out of 6
Updating learning rate to 7.8125e-06
	iters: 100, epoch: 8 | loss: 0.2327496
	speed: 0.0247s/iter; left time: 2451.3633s
	iters: 200, epoch: 8 | loss: 0.3278923
	speed: 0.0077s/iter; left time: 758.3405s
	iters: 300, epoch: 8 | loss: 0.2675946
	speed: 0.0093s/iter; left time: 922.2360s
	iters: 400, epoch: 8 | loss: 0.2605948
	speed: 0.0090s/iter; left time: 892.4797s
	iters: 500, epoch: 8 | loss: 0.2513713
	speed: 0.0081s/iter; left time: 802.6876s
	iters: 600, epoch: 8 | loss: 0.2869128
	speed: 0.0083s/iter; left time: 822.3897s
	iters: 700, epoch: 8 | loss: 0.2366397
	speed: 0.0083s/iter; left time: 818.0857s
	iters: 800, epoch: 8 | loss: 0.2700937
	speed: 0.0079s/iter; left time: 779.5104s
	iters: 900, epoch: 8 | loss: 0.2319187
	speed: 0.0080s/iter; left time: 786.6187s
	iters: 1000, epoch: 8 | loss: 0.3207486
	speed: 0.0077s/iter; left time: 753.3926s
Epoch: 8 cost time: 8.717304229736328
Epoch: 8, Steps: 1067 | Train Loss: 0.2537290 Vali Loss: 0.4078778
EarlyStopping counter: 6 out of 6
Early stopping
VALIDATION_RESULT {"best_epoch": 2, "best_mae": 0.416710612919227, "best_mse": 0.4019438149067739, "epochs_ran": 8, "metric_version": "element_weighted_v1"}
>>>>>>>test skipped (validation-only run)<<<<<<<<<<<<<<<<<<<<<<<<
Using GPU
Args in experiment:
[1mBasic Config[0m
  Task Name:          long_term_forecast  Is Training:        0                   
  Model ID:           ETTm1_96_96_table2_ettm1_p96_uni_mamba_s2023Model:              GraphMambaRecent    

[1mData Loader[0m
  Data:               ETTm1               Root Path:          /home/cwh/Time-Series-Library/dataset/ETT-small
  Data Path:          ETTm1.csv           Features:           M                   
  Target:             OT                  Freq:               h                   
  Checkpoints:        /home/cwh/Time-Series-Library/logs/timerole_p0/recent_backbone/seed2023/checkpoints

[1mForecasting Task[0m
  Seq Len:            336                 Label Len:          48                  
  Pred Len:           96                  Seasonal Patterns:  Monthly             
  Inverse:            0                   

[1mModel Parameters[0m
  Top k:              5                   Num Kernels:        6                   
  Enc In:             7                   Dec In:             7                   
  C Out:              7                   d model:            64                  
  n heads:            8                   e layers:           1                   
  d layers:           1                   d FF:               128                 
  Moving Avg:         25                  Factor:             1                   
  Distil:             1                   Dropout:            0.1                 
  Embed:              timeF               Activation:         gelu                

[1mRun Parameters[0m
  Num Workers:        0                   Itr:                1                   
  Train Epochs:       100                 Batch Size:         32                  
  Patience:           6                   Learning Rate:      0.0005              
  Des:                table2_ettm1_p96_uni_mamba_s2023Loss:               MSE                 
  Lradj:              type1               Use Amp:            0                   

[1mGPU[0m
  Use GPU:            1                   GPU:                0                   
  Use Multi GPU:      0                   Devices:            0,1,2,3             

[1mDe-stationary Projector Params[0m
  P Hidden Dims:      128, 128            P Hidden Layers:    2                   

Use GPU: cuda:0
🚀 Lazy Loading: GraphMambaRecent ...
[GraphMamba] Building 7x7 static graph from 2000 training samples
>>>>>>>evaluating validation checkpoint : long_term_forecast_ETTm1_96_96_table2_ettm1_p96_uni_mamba_s2023_GraphMambaRecent_ETTm1_ftM_sl336_ll48_pl96_dm64_nh8_el1_dl1_df128_expand2_dc2_fc1_ebtimeF_dtTrue_table2_ettm1_p96_uni_mamba_s2023_0<<<<<<<<<<<<<<<<<<<<<<<<<<<<<<<<<
val 11425
EVALUATION_RESULT {"batches": 358, "elapsed_seconds": 1.3495106201153249, "elements": 7677600, "mae": 0.41671061452309316, "metric_version": "element_weighted_v1", "milliseconds_per_batch": 3.769582737752304, "mse": 0.40194381385939165, "parameter_count": 958854, "peak_cuda_memory_bytes": 127896576, "split": "val", "timerole_intervention": "intact"}
=== Uni-Mamba | ETTm1-720 ===
Using GPU
Args in experiment:
[1mBasic Config[0m
  Task Name:          long_term_forecast  Is Training:        1                   
  Model ID:           ETTm1_96_720_table2_ettm1_p720_uni_mamba_s2023Model:              GraphMambaRecent    

[1mData Loader[0m
  Data:               ETTm1               Root Path:          /home/cwh/Time-Series-Library/dataset/ETT-small
  Data Path:          ETTm1.csv           Features:           M                   
  Target:             OT                  Freq:               h                   
  Checkpoints:        /home/cwh/Time-Series-Library/logs/timerole_p0/recent_backbone/seed2023/checkpoints

[1mForecasting Task[0m
  Seq Len:            336                 Label Len:          48                  
  Pred Len:           720                 Seasonal Patterns:  Monthly             
  Inverse:            0                   

[1mModel Parameters[0m
  Top k:              5                   Num Kernels:        6                   
  Enc In:             7                   Dec In:             7                   
  C Out:              7                   d model:            64                  
  n heads:            8                   e layers:           1                   
  d layers:           1                   d FF:               128                 
  Moving Avg:         25                  Factor:             1                   
  Distil:             1                   Dropout:            0.1                 
  Embed:              timeF               Activation:         gelu                

[1mRun Parameters[0m
  Num Workers:        0                   Itr:                1                   
  Train Epochs:       100                 Batch Size:         32                  
  Patience:           6                   Learning Rate:      0.0005              
  Des:                table2_ettm1_p720_uni_mamba_s2023Loss:               MSE                 
  Lradj:              type1               Use Amp:            0                   

[1mGPU[0m
  Use GPU:            1                   GPU:                0                   
  Use Multi GPU:      0                   Devices:            0,1,2,3             

[1mDe-stationary Projector Params[0m
  P Hidden Dims:      128, 128            P Hidden Layers:    2                   

Use GPU: cuda:0
🚀 Lazy Loading: GraphMambaRecent ...
[GraphMamba] Building 7x7 static graph from 2000 training samples
>>>>>>>start training : long_term_forecast_ETTm1_96_720_table2_ettm1_p720_uni_mamba_s2023_GraphMambaRecent_ETTm1_ftM_sl336_ll48_pl720_dm64_nh8_el1_dl1_df128_expand2_dc2_fc1_ebtimeF_dtTrue_table2_ettm1_p720_uni_mamba_s2023_0>>>>>>>>>>>>>>>>>>>>>>>>>>
train 33505
val 10801
	iters: 100, epoch: 1 | loss: 0.5447847
	speed: 0.0099s/iter; left time: 1040.5909s
	iters: 200, epoch: 1 | loss: 0.5774777
	speed: 0.0082s/iter; left time: 854.7430s
	iters: 300, epoch: 1 | loss: 0.5291981
	speed: 0.0081s/iter; left time: 847.8099s
	iters: 400, epoch: 1 | loss: 0.4433612
	speed: 0.0085s/iter; left time: 886.3956s
	iters: 500, epoch: 1 | loss: 0.4774812
	speed: 0.0083s/iter; left time: 865.7368s
	iters: 600, epoch: 1 | loss: 0.4808909
	speed: 0.0082s/iter; left time: 850.4384s
	iters: 700, epoch: 1 | loss: 0.5086406
	speed: 0.0080s/iter; left time: 834.1221s
	iters: 800, epoch: 1 | loss: 0.4599826
	speed: 0.0081s/iter; left time: 838.6845s
	iters: 900, epoch: 1 | loss: 0.4406116
	speed: 0.0081s/iter; left time: 843.4621s
	iters: 1000, epoch: 1 | loss: 0.5058413
	speed: 0.0080s/iter; left time: 828.1527s
Epoch: 1 cost time: 8.724515438079834
Epoch: 1, Steps: 1048 | Train Loss: 0.5011096 Vali Loss: 0.9878945
Validation loss decreased (inf --> 0.987895).  Saving model ...
Updating learning rate to 0.0005
	iters: 100, epoch: 2 | loss: 0.3775066
	speed: 0.0250s/iter; left time: 2588.3644s
	iters: 200, epoch: 2 | loss: 0.3820426
	speed: 0.0083s/iter; left time: 860.8304s
	iters: 300, epoch: 2 | loss: 0.5157140
	speed: 0.0082s/iter; left time: 850.4150s
	iters: 400, epoch: 2 | loss: 0.4850729
	speed: 0.0084s/iter; left time: 865.6258s
	iters: 500, epoch: 2 | loss: 0.5404183
	speed: 0.0085s/iter; left time: 877.0849s
	iters: 600, epoch: 2 | loss: 0.5112357
	speed: 0.0083s/iter; left time: 853.1827s
	iters: 700, epoch: 2 | loss: 0.3682144
	speed: 0.0092s/iter; left time: 949.1334s
	iters: 800, epoch: 2 | loss: 0.4513591
	speed: 0.0094s/iter; left time: 972.1588s
	iters: 900, epoch: 2 | loss: 0.5075869
	speed: 0.0080s/iter; left time: 818.6268s
	iters: 1000, epoch: 2 | loss: 0.4087603
	speed: 0.0078s/iter; left time: 806.4259s
Epoch: 2 cost time: 8.799372911453247
Epoch: 2, Steps: 1048 | Train Loss: 0.4600165 Vali Loss: 0.9786886
Validation loss decreased (0.987895 --> 0.978689).  Saving model ...
Updating learning rate to 0.00025
	iters: 100, epoch: 3 | loss: 0.4958476
	speed: 0.0249s/iter; left time: 2552.9288s
	iters: 200, epoch: 3 | loss: 0.3719886
	speed: 0.0080s/iter; left time: 815.0351s
	iters: 300, epoch: 3 | loss: 0.4149589
	speed: 0.0079s/iter; left time: 807.4432s
	iters: 400, epoch: 3 | loss: 0.4639287
	speed: 0.0079s/iter; left time: 808.6700s
	iters: 500, epoch: 3 | loss: 0.4270700
	speed: 0.0078s/iter; left time: 801.4877s
	iters: 600, epoch: 3 | loss: 0.3842121
	speed: 0.0082s/iter; left time: 838.0054s
	iters: 700, epoch: 3 | loss: 0.4861544
	speed: 0.0082s/iter; left time: 836.6107s
	iters: 800, epoch: 3 | loss: 0.4551625
	speed: 0.0078s/iter; left time: 795.8830s
	iters: 900, epoch: 3 | loss: 0.4381696
	speed: 0.0081s/iter; left time: 829.6858s
	iters: 1000, epoch: 3 | loss: 0.4756900
	speed: 0.0081s/iter; left time: 819.6278s
Epoch: 3 cost time: 8.404378652572632
Epoch: 3, Steps: 1048 | Train Loss: 0.4431819 Vali Loss: 0.9730794
Validation loss decreased (0.978689 --> 0.973079).  Saving model ...
Updating learning rate to 0.000125
	iters: 100, epoch: 4 | loss: 0.4027366
	speed: 0.0244s/iter; left time: 2477.5090s
	iters: 200, epoch: 4 | loss: 0.4474148
	speed: 0.0081s/iter; left time: 817.5717s
	iters: 300, epoch: 4 | loss: 0.4638680
	speed: 0.0077s/iter; left time: 783.2405s
	iters: 400, epoch: 4 | loss: 0.5144107
	speed: 0.0082s/iter; left time: 829.0334s
	iters: 500, epoch: 4 | loss: 0.4170051
	speed: 0.0080s/iter; left time: 811.1408s
	iters: 600, epoch: 4 | loss: 0.4484344
	speed: 0.0078s/iter; left time: 783.6487s
	iters: 700, epoch: 4 | loss: 0.4336322
	speed: 0.0081s/iter; left time: 817.8479s
	iters: 800, epoch: 4 | loss: 0.4355980
	speed: 0.0078s/iter; left time: 786.8325s
	iters: 900, epoch: 4 | loss: 0.4422975
	speed: 0.0081s/iter; left time: 814.8356s
	iters: 1000, epoch: 4 | loss: 0.4205642
	speed: 0.0079s/iter; left time: 796.8469s
Epoch: 4 cost time: 8.324515581130981
Epoch: 4, Steps: 1048 | Train Loss: 0.4355899 Vali Loss: 0.9789147
EarlyStopping counter: 1 out of 6
Updating learning rate to 6.25e-05
	iters: 100, epoch: 5 | loss: 0.3795818
	speed: 0.0240s/iter; left time: 2408.6032s
	iters: 200, epoch: 5 | loss: 0.4245127
	speed: 0.0079s/iter; left time: 796.3140s
	iters: 300, epoch: 5 | loss: 0.4473428
	speed: 0.0084s/iter; left time: 840.8387s
	iters: 400, epoch: 5 | loss: 0.4141310
	speed: 0.0078s/iter; left time: 785.2500s
	iters: 500, epoch: 5 | loss: 0.4136902
	speed: 0.0078s/iter; left time: 783.0687s
	iters: 600, epoch: 5 | loss: 0.4287714
	speed: 0.0081s/iter; left time: 807.3825s
	iters: 700, epoch: 5 | loss: 0.5692718
	speed: 0.0078s/iter; left time: 778.4284s
	iters: 800, epoch: 5 | loss: 0.3825611
	speed: 0.0081s/iter; left time: 809.9784s
	iters: 900, epoch: 5 | loss: 0.4730567
	speed: 0.0079s/iter; left time: 784.9977s
	iters: 1000, epoch: 5 | loss: 0.3965120
	speed: 0.0079s/iter; left time: 782.4354s
Epoch: 5 cost time: 8.342843770980835
Epoch: 5, Steps: 1048 | Train Loss: 0.4312208 Vali Loss: 0.9821540
EarlyStopping counter: 2 out of 6
Updating learning rate to 3.125e-05
	iters: 100, epoch: 6 | loss: 0.3972473
	speed: 0.0244s/iter; left time: 2424.5141s
	iters: 200, epoch: 6 | loss: 0.4144658
	speed: 0.0080s/iter; left time: 793.2927s
	iters: 300, epoch: 6 | loss: 0.3981937
	speed: 0.0085s/iter; left time: 839.6171s
	iters: 400, epoch: 6 | loss: 0.5061034
	speed: 0.0086s/iter; left time: 849.7638s
	iters: 500, epoch: 6 | loss: 0.5418528
	speed: 0.0085s/iter; left time: 842.0361s
	iters: 600, epoch: 6 | loss: 0.4533257
	speed: 0.0084s/iter; left time: 834.6302s
	iters: 700, epoch: 6 | loss: 0.4601865
	speed: 0.0084s/iter; left time: 833.4639s
	iters: 800, epoch: 6 | loss: 0.3921086
	speed: 0.0082s/iter; left time: 811.5150s
	iters: 900, epoch: 6 | loss: 0.4560290
	speed: 0.0081s/iter; left time: 795.8456s
	iters: 1000, epoch: 6 | loss: 0.4536499
	speed: 0.0082s/iter; left time: 807.1077s
Epoch: 6 cost time: 8.676416873931885
Epoch: 6, Steps: 1048 | Train Loss: 0.4289115 Vali Loss: 0.9783052
EarlyStopping counter: 3 out of 6
Updating learning rate to 1.5625e-05
	iters: 100, epoch: 7 | loss: 0.4153905
	speed: 0.0249s/iter; left time: 2454.4624s
	iters: 200, epoch: 7 | loss: 0.4378756
	speed: 0.0084s/iter; left time: 825.5734s
	iters: 300, epoch: 7 | loss: 0.4278440
	speed: 0.0081s/iter; left time: 798.1235s
	iters: 400, epoch: 7 | loss: 0.3853996
	speed: 0.0079s/iter; left time: 776.1738s
	iters: 500, epoch: 7 | loss: 0.3605960
	speed: 0.0079s/iter; left time: 776.9559s
	iters: 600, epoch: 7 | loss: 0.4525616
	speed: 0.0078s/iter; left time: 763.6759s
	iters: 700, epoch: 7 | loss: 0.4408993
	speed: 0.0081s/iter; left time: 791.5143s
	iters: 800, epoch: 7 | loss: 0.3662443
	speed: 0.0079s/iter; left time: 775.5138s
	iters: 900, epoch: 7 | loss: 0.3683532
	speed: 0.0080s/iter; left time: 779.6789s
	iters: 1000, epoch: 7 | loss: 0.4518548
	speed: 0.0081s/iter; left time: 786.0466s
Epoch: 7 cost time: 8.415619134902954
Epoch: 7, Steps: 1048 | Train Loss: 0.4279573 Vali Loss: 0.9792536
EarlyStopping counter: 4 out of 6
Updating learning rate to 7.8125e-06
	iters: 100, epoch: 8 | loss: 0.4383779
	speed: 0.0245s/iter; left time: 2389.6124s
	iters: 200, epoch: 8 | loss: 0.3720573
	speed: 0.0080s/iter; left time: 776.5748s
	iters: 300, epoch: 8 | loss: 0.4598763
	speed: 0.0083s/iter; left time: 806.2456s
	iters: 400, epoch: 8 | loss: 0.3832851
	speed: 0.0081s/iter; left time: 785.5764s
	iters: 500, epoch: 8 | loss: 0.3623858
	speed: 0.0082s/iter; left time: 794.6684s
	iters: 600, epoch: 8 | loss: 0.4733189
	speed: 0.0084s/iter; left time: 809.2450s
	iters: 700, epoch: 8 | loss: 0.3830729
	speed: 0.0083s/iter; left time: 804.6469s
	iters: 800, epoch: 8 | loss: 0.4060471
	speed: 0.0083s/iter; left time: 804.3464s
	iters: 900, epoch: 8 | loss: 0.4767022
	speed: 0.0080s/iter; left time: 773.5993s
	iters: 1000, epoch: 8 | loss: 0.3999706
	speed: 0.0081s/iter; left time: 779.6710s
Epoch: 8 cost time: 8.572697639465332
Epoch: 8, Steps: 1048 | Train Loss: 0.4269927 Vali Loss: 0.9786504
EarlyStopping counter: 5 out of 6
Updating learning rate to 3.90625e-06
	iters: 100, epoch: 9 | loss: 0.4568686
	speed: 0.0257s/iter; left time: 2478.6633s
	iters: 200, epoch: 9 | loss: 0.3835587
	speed: 0.0081s/iter; left time: 777.3343s
	iters: 300, epoch: 9 | loss: 0.4006607
	speed: 0.0080s/iter; left time: 770.5868s
	iters: 400, epoch: 9 | loss: 0.4483263
	speed: 0.0080s/iter; left time: 772.6139s
	iters: 500, epoch: 9 | loss: 0.3194052
	speed: 0.0080s/iter; left time: 767.6707s
	iters: 600, epoch: 9 | loss: 0.4422908
	speed: 0.0083s/iter; left time: 793.2465s
	iters: 700, epoch: 9 | loss: 0.4373706
	speed: 0.0079s/iter; left time: 759.9995s
	iters: 800, epoch: 9 | loss: 0.4068430
	speed: 0.0080s/iter; left time: 761.2830s
	iters: 900, epoch: 9 | loss: 0.4236695
	speed: 0.0078s/iter; left time: 742.9012s
	iters: 1000, epoch: 9 | loss: 0.3523669
	speed: 0.0079s/iter; left time: 753.2314s
Epoch: 9 cost time: 8.43500804901123
Epoch: 9, Steps: 1048 | Train Loss: 0.4266617 Vali Loss: 0.9794894
EarlyStopping counter: 6 out of 6
Early stopping
VALIDATION_RESULT {"best_epoch": 3, "best_mae": 0.6583579995865407, "best_mse": 0.973079431819309, "epochs_ran": 9, "metric_version": "element_weighted_v1"}
>>>>>>>test skipped (validation-only run)<<<<<<<<<<<<<<<<<<<<<<<<
Using GPU
Args in experiment:
[1mBasic Config[0m
  Task Name:          long_term_forecast  Is Training:        0                   
  Model ID:           ETTm1_96_720_table2_ettm1_p720_uni_mamba_s2023Model:              GraphMambaRecent    

[1mData Loader[0m
  Data:               ETTm1               Root Path:          /home/cwh/Time-Series-Library/dataset/ETT-small
  Data Path:          ETTm1.csv           Features:           M                   
  Target:             OT                  Freq:               h                   
  Checkpoints:        /home/cwh/Time-Series-Library/logs/timerole_p0/recent_backbone/seed2023/checkpoints

[1mForecasting Task[0m
  Seq Len:            336                 Label Len:          48                  
  Pred Len:           720                 Seasonal Patterns:  Monthly             
  Inverse:            0                   

[1mModel Parameters[0m
  Top k:              5                   Num Kernels:        6                   
  Enc In:             7                   Dec In:             7                   
  C Out:              7                   d model:            64                  
  n heads:            8                   e layers:           1                   
  d layers:           1                   d FF:               128                 
  Moving Avg:         25                  Factor:             1                   
  Distil:             1                   Dropout:            0.1                 
  Embed:              timeF               Activation:         gelu                

[1mRun Parameters[0m
  Num Workers:        0                   Itr:                1                   
  Train Epochs:       100                 Batch Size:         32                  
  Patience:           6                   Learning Rate:      0.0005              
  Des:                table2_ettm1_p720_uni_mamba_s2023Loss:               MSE                 
  Lradj:              type1               Use Amp:            0                   

[1mGPU[0m
  Use GPU:            1                   GPU:                0                   
  Use Multi GPU:      0                   Devices:            0,1,2,3             

[1mDe-stationary Projector Params[0m
  P Hidden Dims:      128, 128            P Hidden Layers:    2                   

Use GPU: cuda:0
🚀 Lazy Loading: GraphMambaRecent ...
[GraphMamba] Building 7x7 static graph from 2000 training samples
>>>>>>>evaluating validation checkpoint : long_term_forecast_ETTm1_96_720_table2_ettm1_p720_uni_mamba_s2023_GraphMambaRecent_ETTm1_ftM_sl336_ll48_pl720_dm64_nh8_el1_dl1_df128_expand2_dc2_fc1_ebtimeF_dtTrue_table2_ettm1_p720_uni_mamba_s2023_0<<<<<<<<<<<<<<<<<<<<<<<<<<<<<<<<<
val 10801
EVALUATION_RESULT {"batches": 338, "elapsed_seconds": 1.3623505069408566, "elements": 54437040, "mae": 0.6583579951375939, "metric_version": "element_weighted_v1", "milliseconds_per_batch": 4.030622801600168, "mse": 0.9730794345460829, "parameter_count": 6770790, "peak_cuda_memory_bytes": 154691584, "split": "val", "timerole_intervention": "intact"}
=== Uni-Mamba | ETTm2-96 ===
Using GPU
Args in experiment:
[1mBasic Config[0m
  Task Name:          long_term_forecast  Is Training:        1                   
  Model ID:           ETTm2_96_96_table2_ettm2_p96_uni_mamba_s2023Model:              GraphMambaRecent    

[1mData Loader[0m
  Data:               ETTm2               Root Path:          /home/cwh/Time-Series-Library/dataset/ETT-small
  Data Path:          ETTm2.csv           Features:           M                   
  Target:             OT                  Freq:               h                   
  Checkpoints:        /home/cwh/Time-Series-Library/logs/timerole_p0/recent_backbone/seed2023/checkpoints

[1mForecasting Task[0m
  Seq Len:            336                 Label Len:          48                  
  Pred Len:           96                  Seasonal Patterns:  Monthly             
  Inverse:            0                   

[1mModel Parameters[0m
  Top k:              5                   Num Kernels:        6                   
  Enc In:             7                   Dec In:             7                   
  C Out:              7                   d model:            64                  
  n heads:            8                   e layers:           1                   
  d layers:           1                   d FF:               128                 
  Moving Avg:         25                  Factor:             1                   
  Distil:             1                   Dropout:            0.1                 
  Embed:              timeF               Activation:         gelu                

[1mRun Parameters[0m
  Num Workers:        0                   Itr:                1                   
  Train Epochs:       100                 Batch Size:         32                  
  Patience:           6                   Learning Rate:      0.0005              
  Des:                table2_ettm2_p96_uni_mamba_s2023Loss:               MSE                 
  Lradj:              type1               Use Amp:            0                   

[1mGPU[0m
  Use GPU:            1                   GPU:                0                   
  Use Multi GPU:      0                   Devices:            0,1,2,3             

[1mDe-stationary Projector Params[0m
  P Hidden Dims:      128, 128            P Hidden Layers:    2                   

Use GPU: cuda:0
🚀 Lazy Loading: GraphMambaRecent ...
[GraphMamba] Building 7x7 static graph from 2000 training samples
>>>>>>>start training : long_term_forecast_ETTm2_96_96_table2_ettm2_p96_uni_mamba_s2023_GraphMambaRecent_ETTm2_ftM_sl336_ll48_pl96_dm64_nh8_el1_dl1_df128_expand2_dc2_fc1_ebtimeF_dtTrue_table2_ettm2_p96_uni_mamba_s2023_0>>>>>>>>>>>>>>>>>>>>>>>>>>
train 34129
val 11425
	iters: 100, epoch: 1 | loss: 0.2850117
	speed: 0.0097s/iter; left time: 1036.7129s
	iters: 200, epoch: 1 | loss: 0.1483202
	speed: 0.0075s/iter; left time: 803.9550s
	iters: 300, epoch: 1 | loss: 0.1879658
	speed: 0.0082s/iter; left time: 872.6178s
	iters: 400, epoch: 1 | loss: 0.5310228
	speed: 0.0080s/iter; left time: 847.0286s
	iters: 500, epoch: 1 | loss: 0.2463954
	speed: 0.0077s/iter; left time: 819.1540s
	iters: 600, epoch: 1 | loss: 0.1936189
	speed: 0.0080s/iter; left time: 850.0624s
	iters: 700, epoch: 1 | loss: 0.1345461
	speed: 0.0082s/iter; left time: 868.8169s
	iters: 800, epoch: 1 | loss: 0.2676577
	speed: 0.0094s/iter; left time: 994.9688s
	iters: 900, epoch: 1 | loss: 0.4033517
	speed: 0.0089s/iter; left time: 938.8739s
	iters: 1000, epoch: 1 | loss: 0.1537076
	speed: 0.0079s/iter; left time: 836.5814s
Epoch: 1 cost time: 8.900031089782715
Epoch: 1, Steps: 1067 | Train Loss: 0.2524900 Vali Loss: 0.1352345
Validation loss decreased (inf --> 0.135234).  Saving model ...
Updating learning rate to 0.0005
	iters: 100, epoch: 2 | loss: 0.3257515
	speed: 0.0258s/iter; left time: 2725.2512s
	iters: 200, epoch: 2 | loss: 0.1260903
	speed: 0.0080s/iter; left time: 840.2383s
	iters: 300, epoch: 2 | loss: 0.2772848
	speed: 0.0081s/iter; left time: 848.9448s
	iters: 400, epoch: 2 | loss: 0.1731198
	speed: 0.0081s/iter; left time: 851.0686s
	iters: 500, epoch: 2 | loss: 0.1847829
	speed: 0.0080s/iter; left time: 837.9111s
	iters: 600, epoch: 2 | loss: 0.1205533
	speed: 0.0082s/iter; left time: 865.4272s
	iters: 700, epoch: 2 | loss: 0.4244127
	speed: 0.0080s/iter; left time: 840.8394s
	iters: 800, epoch: 2 | loss: 0.1162593
	speed: 0.0082s/iter; left time: 858.5077s
	iters: 900, epoch: 2 | loss: 0.2138899
	speed: 0.0079s/iter; left time: 831.8288s
	iters: 1000, epoch: 2 | loss: 0.5726939
	speed: 0.0080s/iter; left time: 832.4406s
Epoch: 2 cost time: 8.593649625778198
Epoch: 2, Steps: 1067 | Train Loss: 0.2301346 Vali Loss: 0.1292724
Validation loss decreased (0.135234 --> 0.129272).  Saving model ...
Updating learning rate to 0.00025
	iters: 100, epoch: 3 | loss: 0.1481551
	speed: 0.0260s/iter; left time: 2720.4518s
	iters: 200, epoch: 3 | loss: 0.1913362
	speed: 0.0081s/iter; left time: 843.7712s
	iters: 300, epoch: 3 | loss: 0.1674787
	speed: 0.0080s/iter; left time: 834.3023s
	iters: 400, epoch: 3 | loss: 0.2168894
	speed: 0.0078s/iter; left time: 812.5279s
	iters: 500, epoch: 3 | loss: 0.2123699
	speed: 0.0077s/iter; left time: 804.6096s
	iters: 600, epoch: 3 | loss: 0.1939636
	speed: 0.0077s/iter; left time: 796.2767s
	iters: 700, epoch: 3 | loss: 0.1891800
	speed: 0.0079s/iter; left time: 823.5175s
	iters: 800, epoch: 3 | loss: 0.2943825
	speed: 0.0078s/iter; left time: 812.5673s
	iters: 900, epoch: 3 | loss: 0.2298620
	speed: 0.0080s/iter; left time: 832.8031s
	iters: 1000, epoch: 3 | loss: 0.2499956
	speed: 0.0079s/iter; left time: 818.7250s
Epoch: 3 cost time: 8.418598890304565
Epoch: 3, Steps: 1067 | Train Loss: 0.2187435 Vali Loss: 0.1356262
EarlyStopping counter: 1 out of 6
Updating learning rate to 0.000125
	iters: 100, epoch: 4 | loss: 0.1979087
	speed: 0.0252s/iter; left time: 2604.4619s
	iters: 200, epoch: 4 | loss: 0.2130353
	speed: 0.0078s/iter; left time: 805.8158s
	iters: 300, epoch: 4 | loss: 0.3076952
	speed: 0.0081s/iter; left time: 838.9982s
	iters: 400, epoch: 4 | loss: 0.1919432
	speed: 0.0077s/iter; left time: 791.9325s
	iters: 500, epoch: 4 | loss: 0.1326246
	speed: 0.0081s/iter; left time: 838.7811s
	iters: 600, epoch: 4 | loss: 0.4443308
	speed: 0.0081s/iter; left time: 828.5563s
	iters: 700, epoch: 4 | loss: 0.1960516
	speed: 0.0083s/iter; left time: 855.7671s
	iters: 800, epoch: 4 | loss: 0.2630393
	speed: 0.0090s/iter; left time: 921.7744s
	iters: 900, epoch: 4 | loss: 0.2342613
	speed: 0.0086s/iter; left time: 878.5495s
	iters: 1000, epoch: 4 | loss: 0.1118376
	speed: 0.0085s/iter; left time: 869.9457s
Epoch: 4 cost time: 8.763000965118408
Epoch: 4, Steps: 1067 | Train Loss: 0.2130021 Vali Loss: 0.1329172
EarlyStopping counter: 2 out of 6
Updating learning rate to 6.25e-05
	iters: 100, epoch: 5 | loss: 0.2595944
	speed: 0.0274s/iter; left time: 2806.5131s
	iters: 200, epoch: 5 | loss: 0.2089950
	speed: 0.0078s/iter; left time: 796.3308s
	iters: 300, epoch: 5 | loss: 0.2277840
	speed: 0.0078s/iter; left time: 801.4695s
	iters: 400, epoch: 5 | loss: 0.1994719
	speed: 0.0078s/iter; left time: 791.3141s
	iters: 500, epoch: 5 | loss: 0.1760773
	speed: 0.0079s/iter; left time: 803.0290s
	iters: 600, epoch: 5 | loss: 0.1956730
	speed: 0.0079s/iter; left time: 808.9825s
	iters: 700, epoch: 5 | loss: 0.1223448
	speed: 0.0081s/iter; left time: 828.8795s
	iters: 800, epoch: 5 | loss: 0.2609722
	speed: 0.0079s/iter; left time: 804.4638s
	iters: 900, epoch: 5 | loss: 0.1393075
	speed: 0.0076s/iter; left time: 767.4009s
	iters: 1000, epoch: 5 | loss: 0.1967848
	speed: 0.0079s/iter; left time: 797.2697s
Epoch: 5 cost time: 8.41857361793518
Epoch: 5, Steps: 1067 | Train Loss: 0.2098350 Vali Loss: 0.1331007
EarlyStopping counter: 3 out of 6
Updating learning rate to 3.125e-05
	iters: 100, epoch: 6 | loss: 0.3707474
	speed: 0.0260s/iter; left time: 2628.2356s
	iters: 200, epoch: 6 | loss: 0.1852618
	speed: 0.0078s/iter; left time: 790.7122s
	iters: 300, epoch: 6 | loss: 0.1506546
	speed: 0.0077s/iter; left time: 778.2706s
	iters: 400, epoch: 6 | loss: 0.1391539
	speed: 0.0079s/iter; left time: 799.5323s
	iters: 500, epoch: 6 | loss: 0.1394823
	speed: 0.0080s/iter; left time: 811.8622s
	iters: 600, epoch: 6 | loss: 0.2766696
	speed: 0.0080s/iter; left time: 810.0163s
	iters: 700, epoch: 6 | loss: 0.1653307
	speed: 0.0078s/iter; left time: 788.1548s
	iters: 800, epoch: 6 | loss: 0.2056462
	speed: 0.0082s/iter; left time: 820.5610s
	iters: 900, epoch: 6 | loss: 0.3921791
	speed: 0.0078s/iter; left time: 783.7469s
	iters: 1000, epoch: 6 | loss: 0.1998221
	speed: 0.0083s/iter; left time: 836.5357s
Epoch: 6 cost time: 8.482286214828491
Epoch: 6, Steps: 1067 | Train Loss: 0.2083832 Vali Loss: 0.1356730
EarlyStopping counter: 4 out of 6
Updating learning rate to 1.5625e-05
	iters: 100, epoch: 7 | loss: 0.2715124
	speed: 0.0260s/iter; left time: 2610.0918s
	iters: 200, epoch: 7 | loss: 0.1293468
	speed: 0.0084s/iter; left time: 843.2858s
	iters: 300, epoch: 7 | loss: 0.1254777
	speed: 0.0080s/iter; left time: 801.9329s
	iters: 400, epoch: 7 | loss: 0.1927338
	speed: 0.0080s/iter; left time: 800.8792s
	iters: 500, epoch: 7 | loss: 0.2750593
	speed: 0.0079s/iter; left time: 785.3738s
	iters: 600, epoch: 7 | loss: 0.1636307
	speed: 0.0083s/iter; left time: 830.7769s
	iters: 700, epoch: 7 | loss: 0.1609411
	speed: 0.0078s/iter; left time: 774.4054s
	iters: 800, epoch: 7 | loss: 0.1741574
	speed: 0.0080s/iter; left time: 793.1616s
	iters: 900, epoch: 7 | loss: 0.1128142
	speed: 0.0077s/iter; left time: 769.0683s
	iters: 1000, epoch: 7 | loss: 0.1863630
	speed: 0.0075s/iter; left time: 747.2790s
Epoch: 7 cost time: 8.512109279632568
Epoch: 7, Steps: 1067 | Train Loss: 0.2072446 Vali Loss: 0.1339673
EarlyStopping counter: 5 out of 6
Updating learning rate to 7.8125e-06
	iters: 100, epoch: 8 | loss: 0.1256738
	speed: 0.0250s/iter; left time: 2477.4494s
	iters: 200, epoch: 8 | loss: 0.1267133
	speed: 0.0077s/iter; left time: 761.2409s
	iters: 300, epoch: 8 | loss: 0.2074265
	speed: 0.0076s/iter; left time: 747.4328s
	iters: 400, epoch: 8 | loss: 0.1722535
	speed: 0.0077s/iter; left time: 761.4852s
	iters: 500, epoch: 8 | loss: 0.5849367
	speed: 0.0077s/iter; left time: 764.9622s
	iters: 600, epoch: 8 | loss: 0.2188872
	speed: 0.0076s/iter; left time: 747.2434s
	iters: 700, epoch: 8 | loss: 0.1462795
	speed: 0.0078s/iter; left time: 773.2696s
	iters: 800, epoch: 8 | loss: 0.4103954
	speed: 0.0082s/iter; left time: 809.6931s
	iters: 900, epoch: 8 | loss: 0.1336728
	speed: 0.0078s/iter; left time: 770.8907s
	iters: 1000, epoch: 8 | loss: 0.3648891
	speed: 0.0081s/iter; left time: 792.2195s
Epoch: 8 cost time: 8.302632093429565
Epoch: 8, Steps: 1067 | Train Loss: 0.2069564 Vali Loss: 0.1336784
EarlyStopping counter: 6 out of 6
Early stopping
VALIDATION_RESULT {"best_epoch": 2, "best_mae": 0.24716875970841845, "best_mse": 0.12927242884030252, "epochs_ran": 8, "metric_version": "element_weighted_v1"}
>>>>>>>test skipped (validation-only run)<<<<<<<<<<<<<<<<<<<<<<<<
Using GPU
Args in experiment:
[1mBasic Config[0m
  Task Name:          long_term_forecast  Is Training:        0                   
  Model ID:           ETTm2_96_96_table2_ettm2_p96_uni_mamba_s2023Model:              GraphMambaRecent    

[1mData Loader[0m
  Data:               ETTm2               Root Path:          /home/cwh/Time-Series-Library/dataset/ETT-small
  Data Path:          ETTm2.csv           Features:           M                   
  Target:             OT                  Freq:               h                   
  Checkpoints:        /home/cwh/Time-Series-Library/logs/timerole_p0/recent_backbone/seed2023/checkpoints

[1mForecasting Task[0m
  Seq Len:            336                 Label Len:          48                  
  Pred Len:           96                  Seasonal Patterns:  Monthly             
  Inverse:            0                   

[1mModel Parameters[0m
  Top k:              5                   Num Kernels:        6                   
  Enc In:             7                   Dec In:             7                   
  C Out:              7                   d model:            64                  
  n heads:            8                   e layers:           1                   
  d layers:           1                   d FF:               128                 
  Moving Avg:         25                  Factor:             1                   
  Distil:             1                   Dropout:            0.1                 
  Embed:              timeF               Activation:         gelu                

[1mRun Parameters[0m
  Num Workers:        0                   Itr:                1                   
  Train Epochs:       100                 Batch Size:         32                  
  Patience:           6                   Learning Rate:      0.0005              
  Des:                table2_ettm2_p96_uni_mamba_s2023Loss:               MSE                 
  Lradj:              type1               Use Amp:            0                   

[1mGPU[0m
  Use GPU:            1                   GPU:                0                   
  Use Multi GPU:      0                   Devices:            0,1,2,3             

[1mDe-stationary Projector Params[0m
  P Hidden Dims:      128, 128            P Hidden Layers:    2                   

Use GPU: cuda:0
🚀 Lazy Loading: GraphMambaRecent ...
[GraphMamba] Building 7x7 static graph from 2000 training samples
>>>>>>>evaluating validation checkpoint : long_term_forecast_ETTm2_96_96_table2_ettm2_p96_uni_mamba_s2023_GraphMambaRecent_ETTm2_ftM_sl336_ll48_pl96_dm64_nh8_el1_dl1_df128_expand2_dc2_fc1_ebtimeF_dtTrue_table2_ettm2_p96_uni_mamba_s2023_0<<<<<<<<<<<<<<<<<<<<<<<<<<<<<<<<<
val 11425
EVALUATION_RESULT {"batches": 358, "elapsed_seconds": 1.363827969878912, "elements": 7677600, "mae": 0.24716875981375291, "metric_version": "element_weighted_v1", "milliseconds_per_batch": 3.809575334857296, "mse": 0.12927242838915307, "parameter_count": 958854, "peak_cuda_memory_bytes": 127896576, "split": "val", "timerole_intervention": "intact"}
=== Uni-Mamba | ETTm2-720 ===
Using GPU
Args in experiment:
[1mBasic Config[0m
  Task Name:          long_term_forecast  Is Training:        1                   
  Model ID:           ETTm2_96_720_table2_ettm2_p720_uni_mamba_s2023Model:              GraphMambaRecent    

[1mData Loader[0m
  Data:               ETTm2               Root Path:          /home/cwh/Time-Series-Library/dataset/ETT-small
  Data Path:          ETTm2.csv           Features:           M                   
  Target:             OT                  Freq:               h                   
  Checkpoints:        /home/cwh/Time-Series-Library/logs/timerole_p0/recent_backbone/seed2023/checkpoints

[1mForecasting Task[0m
  Seq Len:            336                 Label Len:          48                  
  Pred Len:           720                 Seasonal Patterns:  Monthly             
  Inverse:            0                   

[1mModel Parameters[0m
  Top k:              5                   Num Kernels:        6                   
  Enc In:             7                   Dec In:             7                   
  C Out:              7                   d model:            64                  
  n heads:            8                   e layers:           1                   
  d layers:           1                   d FF:               128                 
  Moving Avg:         25                  Factor:             1                   
  Distil:             1                   Dropout:            0.1                 
  Embed:              timeF               Activation:         gelu                

[1mRun Parameters[0m
  Num Workers:        0                   Itr:                1                   
  Train Epochs:       100                 Batch Size:         32                  
  Patience:           6                   Learning Rate:      0.0005              
  Des:                table2_ettm2_p720_uni_mamba_s2023Loss:               MSE                 
  Lradj:              type1               Use Amp:            0                   

[1mGPU[0m
  Use GPU:            1                   GPU:                0                   
  Use Multi GPU:      0                   Devices:            0,1,2,3             

[1mDe-stationary Projector Params[0m
  P Hidden Dims:      128, 128            P Hidden Layers:    2                   

Use GPU: cuda:0
🚀 Lazy Loading: GraphMambaRecent ...
[GraphMamba] Building 7x7 static graph from 2000 training samples
>>>>>>>start training : long_term_forecast_ETTm2_96_720_table2_ettm2_p720_uni_mamba_s2023_GraphMambaRecent_ETTm2_ftM_sl336_ll48_pl720_dm64_nh8_el1_dl1_df128_expand2_dc2_fc1_ebtimeF_dtTrue_table2_ettm2_p720_uni_mamba_s2023_0>>>>>>>>>>>>>>>>>>>>>>>>>>
train 33505
val 10801
	iters: 100, epoch: 1 | loss: 0.6066346
	speed: 0.0101s/iter; left time: 1062.3873s
	iters: 200, epoch: 1 | loss: 0.7256384
	speed: 0.0083s/iter; left time: 869.9145s
	iters: 300, epoch: 1 | loss: 0.6427525
	speed: 0.0083s/iter; left time: 871.2479s
	iters: 400, epoch: 1 | loss: 0.5049009
	speed: 0.0083s/iter; left time: 870.4573s
	iters: 500, epoch: 1 | loss: 0.4720925
	speed: 0.0085s/iter; left time: 886.5756s
	iters: 600, epoch: 1 | loss: 0.6977704
	speed: 0.0082s/iter; left time: 853.2519s
	iters: 700, epoch: 1 | loss: 0.6375644
	speed: 0.0084s/iter; left time: 874.5861s
	iters: 800, epoch: 1 | loss: 0.6216957
	speed: 0.0085s/iter; left time: 886.6777s
	iters: 900, epoch: 1 | loss: 0.5283028
	speed: 0.0083s/iter; left time: 863.6295s
	iters: 1000, epoch: 1 | loss: 1.1692513
	speed: 0.0081s/iter; left time: 845.9708s
Epoch: 1 cost time: 8.91226863861084
Epoch: 1, Steps: 1048 | Train Loss: 0.6025097 Vali Loss: 0.2957798
Validation loss decreased (inf --> 0.295780).  Saving model ...
Updating learning rate to 0.0005
	iters: 100, epoch: 2 | loss: 0.3174245
	speed: 0.0255s/iter; left time: 2646.9496s
	iters: 200, epoch: 2 | loss: 0.4195718
	speed: 0.0082s/iter; left time: 853.6534s
	iters: 300, epoch: 2 | loss: 0.5519254
	speed: 0.0078s/iter; left time: 809.5045s
	iters: 400, epoch: 2 | loss: 0.3831516
	speed: 0.0080s/iter; left time: 831.0075s
	iters: 500, epoch: 2 | loss: 0.3766844
	speed: 0.0085s/iter; left time: 876.8439s
	iters: 600, epoch: 2 | loss: 1.1538006
	speed: 0.0083s/iter; left time: 854.9342s
	iters: 700, epoch: 2 | loss: 0.7017929
	speed: 0.0089s/iter; left time: 915.5559s
	iters: 800, epoch: 2 | loss: 0.9028954
	speed: 0.0083s/iter; left time: 857.4840s
	iters: 900, epoch: 2 | loss: 0.5427918
	speed: 0.0082s/iter; left time: 839.9112s
	iters: 1000, epoch: 2 | loss: 0.5897645
	speed: 0.0083s/iter; left time: 852.6281s
Epoch: 2 cost time: 8.6759934425354
Epoch: 2, Steps: 1048 | Train Loss: 0.5832502 Vali Loss: 0.3202756
EarlyStopping counter: 1 out of 6
Updating learning rate to 0.00025
	iters: 100, epoch: 3 | loss: 0.5008898
	speed: 0.0259s/iter; left time: 2653.2009s
	iters: 200, epoch: 3 | loss: 0.3050326
	speed: 0.0081s/iter; left time: 834.2640s
	iters: 300, epoch: 3 | loss: 0.5737639
	speed: 0.0081s/iter; left time: 832.9445s
	iters: 400, epoch: 3 | loss: 0.5253108
	speed: 0.0084s/iter; left time: 860.2754s
	iters: 500, epoch: 3 | loss: 0.6654593
	speed: 0.0080s/iter; left time: 814.2000s
	iters: 600, epoch: 3 | loss: 0.7746673
	speed: 0.0082s/iter; left time: 833.7679s
	iters: 700, epoch: 3 | loss: 1.0498112
	speed: 0.0082s/iter; left time: 834.1843s
	iters: 800, epoch: 3 | loss: 0.9246387
	speed: 0.0081s/iter; left time: 828.8365s
	iters: 900, epoch: 3 | loss: 0.5792411
	speed: 0.0079s/iter; left time: 808.9306s
	iters: 1000, epoch: 3 | loss: 0.2409513
	speed: 0.0083s/iter; left time: 848.8030s
Epoch: 3 cost time: 8.579285383224487
Epoch: 3, Steps: 1048 | Train Loss: 0.5646438 Vali Loss: 0.3068967
EarlyStopping counter: 2 out of 6
Updating learning rate to 0.000125
	iters: 100, epoch: 4 | loss: 0.4985516
	speed: 0.0253s/iter; left time: 2568.7197s
	iters: 200, epoch: 4 | loss: 0.6031545
	speed: 0.0082s/iter; left time: 833.3914s
	iters: 300, epoch: 4 | loss: 0.5785716
	speed: 0.0084s/iter; left time: 853.6944s
	iters: 400, epoch: 4 | loss: 0.3413124
	speed: 0.0082s/iter; left time: 826.4524s
	iters: 500, epoch: 4 | loss: 0.7602187
	speed: 0.0080s/iter; left time: 806.0054s
	iters: 600, epoch: 4 | loss: 0.8409674
	speed: 0.0081s/iter; left time: 815.5053s
	iters: 700, epoch: 4 | loss: 0.3242980
	speed: 0.0083s/iter; left time: 832.8953s
	iters: 800, epoch: 4 | loss: 0.7358485
	speed: 0.0082s/iter; left time: 823.0643s
	iters: 900, epoch: 4 | loss: 0.4229448
	speed: 0.0080s/iter; left time: 806.9907s
	iters: 1000, epoch: 4 | loss: 0.6371694
	speed: 0.0080s/iter; left time: 808.6215s
Epoch: 4 cost time: 8.564127922058105
Epoch: 4, Steps: 1048 | Train Loss: 0.5463549 Vali Loss: 0.3147112
EarlyStopping counter: 3 out of 6
Updating learning rate to 6.25e-05
	iters: 100, epoch: 5 | loss: 0.5030611
	speed: 0.0245s/iter; left time: 2466.2953s
	iters: 200, epoch: 5 | loss: 0.3460756
	speed: 0.0079s/iter; left time: 797.0580s
	iters: 300, epoch: 5 | loss: 0.4827997
	speed: 0.0079s/iter; left time: 796.1353s
	iters: 400, epoch: 5 | loss: 0.5980454
	speed: 0.0079s/iter; left time: 787.6552s
	iters: 500, epoch: 5 | loss: 0.7775584
	speed: 0.0079s/iter; left time: 795.0315s
	iters: 600, epoch: 5 | loss: 0.3277991
	speed: 0.0079s/iter; left time: 790.7241s
	iters: 700, epoch: 5 | loss: 0.4900783
	speed: 0.0080s/iter; left time: 802.7799s
	iters: 800, epoch: 5 | loss: 0.3398698
	speed: 0.0081s/iter; left time: 806.9503s
	iters: 900, epoch: 5 | loss: 0.2916025
	speed: 0.0079s/iter; left time: 787.6212s
	iters: 1000, epoch: 5 | loss: 0.6964791
	speed: 0.0078s/iter; left time: 781.3047s
Epoch: 5 cost time: 8.34328842163086
Epoch: 5, Steps: 1048 | Train Loss: 0.5424810 Vali Loss: 0.3092432
EarlyStopping counter: 4 out of 6
Updating learning rate to 3.125e-05
	iters: 100, epoch: 6 | loss: 0.6581333
	speed: 0.0250s/iter; left time: 2489.4847s
	iters: 200, epoch: 6 | loss: 0.4061942
	speed: 0.0079s/iter; left time: 788.3414s
	iters: 300, epoch: 6 | loss: 0.3672542
	speed: 0.0082s/iter; left time: 809.5568s
	iters: 400, epoch: 6 | loss: 0.4005759
	speed: 0.0081s/iter; left time: 804.4275s
	iters: 500, epoch: 6 | loss: 0.5249445
	speed: 0.0079s/iter; left time: 782.5278s
	iters: 600, epoch: 6 | loss: 0.6628878
	speed: 0.0080s/iter; left time: 790.7994s
	iters: 700, epoch: 6 | loss: 0.3064916
	speed: 0.0079s/iter; left time: 781.7281s
	iters: 800, epoch: 6 | loss: 0.9072461
	speed: 0.0080s/iter; left time: 791.6173s
	iters: 900, epoch: 6 | loss: 0.6347104
	speed: 0.0079s/iter; left time: 778.9239s
	iters: 1000, epoch: 6 | loss: 0.7995752
	speed: 0.0083s/iter; left time: 814.5044s
Epoch: 6 cost time: 8.425711393356323
Epoch: 6, Steps: 1048 | Train Loss: 0.5371829 Vali Loss: 0.3107819
EarlyStopping counter: 5 out of 6
Updating learning rate to 1.5625e-05
	iters: 100, epoch: 7 | loss: 0.5235436
	speed: 0.0243s/iter; left time: 2395.8314s
	iters: 200, epoch: 7 | loss: 0.3550321
	speed: 0.0080s/iter; left time: 783.4992s
	iters: 300, epoch: 7 | loss: 0.5569192
	speed: 0.0081s/iter; left time: 796.3570s
	iters: 400, epoch: 7 | loss: 0.2553320
	speed: 0.0079s/iter; left time: 776.4597s
	iters: 500, epoch: 7 | loss: 0.2926864
	speed: 0.0081s/iter; left time: 789.1314s
	iters: 600, epoch: 7 | loss: 0.3941353
	speed: 0.0082s/iter; left time: 807.0210s
	iters: 700, epoch: 7 | loss: 0.9628626
	speed: 0.0083s/iter; left time: 811.3525s
	iters: 800, epoch: 7 | loss: 0.3911369
	speed: 0.0083s/iter; left time: 815.8335s
	iters: 900, epoch: 7 | loss: 0.4255607
	speed: 0.0084s/iter; left time: 816.8324s
	iters: 1000, epoch: 7 | loss: 0.3977764
	speed: 0.0081s/iter; left time: 785.6060s
Epoch: 7 cost time: 8.53987431526184
Epoch: 7, Steps: 1048 | Train Loss: 0.5342698 Vali Loss: 0.3183106
EarlyStopping counter: 6 out of 6
Early stopping
VALIDATION_RESULT {"best_epoch": 1, "best_mae": 0.3705634371807091, "best_mse": 0.295779847232693, "epochs_ran": 7, "metric_version": "element_weighted_v1"}
>>>>>>>test skipped (validation-only run)<<<<<<<<<<<<<<<<<<<<<<<<
Using GPU
Args in experiment:
[1mBasic Config[0m
  Task Name:          long_term_forecast  Is Training:        0                   
  Model ID:           ETTm2_96_720_table2_ettm2_p720_uni_mamba_s2023Model:              GraphMambaRecent    

[1mData Loader[0m
  Data:               ETTm2               Root Path:          /home/cwh/Time-Series-Library/dataset/ETT-small
  Data Path:          ETTm2.csv           Features:           M                   
  Target:             OT                  Freq:               h                   
  Checkpoints:        /home/cwh/Time-Series-Library/logs/timerole_p0/recent_backbone/seed2023/checkpoints

[1mForecasting Task[0m
  Seq Len:            336                 Label Len:          48                  
  Pred Len:           720                 Seasonal Patterns:  Monthly             
  Inverse:            0                   

[1mModel Parameters[0m
  Top k:              5                   Num Kernels:        6                   
  Enc In:             7                   Dec In:             7                   
  C Out:              7                   d model:            64                  
  n heads:            8                   e layers:           1                   
  d layers:           1                   d FF:               128                 
  Moving Avg:         25                  Factor:             1                   
  Distil:             1                   Dropout:            0.1                 
  Embed:              timeF               Activation:         gelu                

[1mRun Parameters[0m
  Num Workers:        0                   Itr:                1                   
  Train Epochs:       100                 Batch Size:         32                  
  Patience:           6                   Learning Rate:      0.0005              
  Des:                table2_ettm2_p720_uni_mamba_s2023Loss:               MSE                 
  Lradj:              type1               Use Amp:            0                   

[1mGPU[0m
  Use GPU:            1                   GPU:                0                   
  Use Multi GPU:      0                   Devices:            0,1,2,3             

[1mDe-stationary Projector Params[0m
  P Hidden Dims:      128, 128            P Hidden Layers:    2                   

Use GPU: cuda:0
🚀 Lazy Loading: GraphMambaRecent ...
[GraphMamba] Building 7x7 static graph from 2000 training samples
>>>>>>>evaluating validation checkpoint : long_term_forecast_ETTm2_96_720_table2_ettm2_p720_uni_mamba_s2023_GraphMambaRecent_ETTm2_ftM_sl336_ll48_pl720_dm64_nh8_el1_dl1_df128_expand2_dc2_fc1_ebtimeF_dtTrue_table2_ettm2_p720_uni_mamba_s2023_0<<<<<<<<<<<<<<<<<<<<<<<<<<<<<<<<<
val 10801
EVALUATION_RESULT {"batches": 338, "elapsed_seconds": 1.3375684008933604, "elements": 54437040, "mae": 0.3705634359608366, "metric_version": "element_weighted_v1", "milliseconds_per_batch": 3.9573029612229598, "mse": 0.2957798479861437, "parameter_count": 6770790, "peak_cuda_memory_bytes": 154691584, "split": "val", "timerole_intervention": "intact"}
=== w/o Mamba | ETTm1-96 ===
Using GPU
Args in experiment:
[1mBasic Config[0m
  Task Name:          long_term_forecast  Is Training:        1                   
  Model ID:           ETTm1_96_96_table2_ettm1_p96_no_mamba_s2023Model:              GraphMambaRecent    

[1mData Loader[0m
  Data:               ETTm1               Root Path:          /home/cwh/Time-Series-Library/dataset/ETT-small
  Data Path:          ETTm1.csv           Features:           M                   
  Target:             OT                  Freq:               h                   
  Checkpoints:        /home/cwh/Time-Series-Library/logs/timerole_p0/recent_backbone/seed2023/checkpoints

[1mForecasting Task[0m
  Seq Len:            336                 Label Len:          48                  
  Pred Len:           96                  Seasonal Patterns:  Monthly             
  Inverse:            0                   

[1mModel Parameters[0m
  Top k:              5                   Num Kernels:        6                   
  Enc In:             7                   Dec In:             7                   
  C Out:              7                   d model:            64                  
  n heads:            8                   e layers:           1                   
  d layers:           1                   d FF:               128                 
  Moving Avg:         25                  Factor:             1                   
  Distil:             1                   Dropout:            0.1                 
  Embed:              timeF               Activation:         gelu                

[1mRun Parameters[0m
  Num Workers:        0                   Itr:                1                   
  Train Epochs:       100                 Batch Size:         32                  
  Patience:           6                   Learning Rate:      0.0005              
  Des:                table2_ettm1_p96_no_mamba_s2023Loss:               MSE                 
  Lradj:              type1               Use Amp:            0                   

[1mGPU[0m
  Use GPU:            1                   GPU:                0                   
  Use Multi GPU:      0                   Devices:            0,1,2,3             

[1mDe-stationary Projector Params[0m
  P Hidden Dims:      128, 128            P Hidden Layers:    2                   

Use GPU: cuda:0
🚀 Lazy Loading: GraphMambaRecent ...
[GraphMamba] Building 7x7 static graph from 2000 training samples
>>>>>>>start training : long_term_forecast_ETTm1_96_96_table2_ettm1_p96_no_mamba_s2023_GraphMambaRecent_ETTm1_ftM_sl336_ll48_pl96_dm64_nh8_el1_dl1_df128_expand2_dc2_fc1_ebtimeF_dtTrue_table2_ettm1_p96_no_mamba_s2023_0>>>>>>>>>>>>>>>>>>>>>>>>>>
train 34129
val 11425
	iters: 100, epoch: 1 | loss: 0.3808507
	speed: 0.0109s/iter; left time: 1164.7509s
	iters: 200, epoch: 1 | loss: 0.3802825
	speed: 0.0039s/iter; left time: 417.9280s
	iters: 300, epoch: 1 | loss: 0.3309074
	speed: 0.0036s/iter; left time: 387.4304s
	iters: 400, epoch: 1 | loss: 0.3533223
	speed: 0.0037s/iter; left time: 389.0286s
	iters: 500, epoch: 1 | loss: 0.4775133
	speed: 0.0037s/iter; left time: 396.4869s
	iters: 600, epoch: 1 | loss: 0.3216638
	speed: 0.0036s/iter; left time: 384.3902s
	iters: 700, epoch: 1 | loss: 0.4594722
	speed: 0.0036s/iter; left time: 378.2882s
	iters: 800, epoch: 1 | loss: 0.3152276
	speed: 0.0036s/iter; left time: 384.7836s
	iters: 900, epoch: 1 | loss: 0.3188331
	speed: 0.0036s/iter; left time: 382.8876s
	iters: 1000, epoch: 1 | loss: 0.2752850
	speed: 0.0036s/iter; left time: 379.5936s
Epoch: 1 cost time: 4.062601804733276
Epoch: 1, Steps: 1067 | Train Loss: 0.3249421 Vali Loss: 0.4020292
Validation loss decreased (inf --> 0.402029).  Saving model ...
Updating learning rate to 0.0005
	iters: 100, epoch: 2 | loss: 0.2882084
	speed: 0.0134s/iter; left time: 1414.8346s
	iters: 200, epoch: 2 | loss: 0.3125762
	speed: 0.0039s/iter; left time: 409.3084s
	iters: 300, epoch: 2 | loss: 0.2503218
	speed: 0.0040s/iter; left time: 421.9496s
	iters: 400, epoch: 2 | loss: 0.3144507
	speed: 0.0035s/iter; left time: 372.6559s
	iters: 500, epoch: 2 | loss: 0.3053762
	speed: 0.0038s/iter; left time: 404.0916s
	iters: 600, epoch: 2 | loss: 0.2673682
	speed: 0.0036s/iter; left time: 379.2707s
	iters: 700, epoch: 2 | loss: 0.2890033
	speed: 0.0036s/iter; left time: 380.9879s
	iters: 800, epoch: 2 | loss: 0.3009834
	speed: 0.0039s/iter; left time: 403.9331s
	iters: 900, epoch: 2 | loss: 0.2571172
	speed: 0.0037s/iter; left time: 388.9053s
	iters: 1000, epoch: 2 | loss: 0.2768448
	speed: 0.0043s/iter; left time: 454.9351s
Epoch: 2 cost time: 4.073713064193726
Epoch: 2, Steps: 1067 | Train Loss: 0.2997252 Vali Loss: 0.3977686
Validation loss decreased (0.402029 --> 0.397769).  Saving model ...
Updating learning rate to 0.00025
	iters: 100, epoch: 3 | loss: 0.4111310
	speed: 0.0130s/iter; left time: 1353.1439s
	iters: 200, epoch: 3 | loss: 0.3120134
	speed: 0.0037s/iter; left time: 386.9063s
	iters: 300, epoch: 3 | loss: 0.2235674
	speed: 0.0038s/iter; left time: 391.6981s
	iters: 400, epoch: 3 | loss: 0.2945532
	speed: 0.0036s/iter; left time: 379.8892s
	iters: 500, epoch: 3 | loss: 0.2412337
	speed: 0.0037s/iter; left time: 384.6148s
	iters: 600, epoch: 3 | loss: 0.2581882
	speed: 0.0042s/iter; left time: 436.5150s
	iters: 700, epoch: 3 | loss: 0.2405662
	speed: 0.0039s/iter; left time: 405.2562s
	iters: 800, epoch: 3 | loss: 0.2507487
	speed: 0.0043s/iter; left time: 441.4263s
	iters: 900, epoch: 3 | loss: 0.2098533
	speed: 0.0038s/iter; left time: 389.8210s
	iters: 1000, epoch: 3 | loss: 0.2489827
	speed: 0.0040s/iter; left time: 412.3702s
Epoch: 3 cost time: 4.130139350891113
Epoch: 3, Steps: 1067 | Train Loss: 0.2888040 Vali Loss: 0.3929346
Validation loss decreased (0.397769 --> 0.392935).  Saving model ...
Updating learning rate to 0.000125
	iters: 100, epoch: 4 | loss: 0.3921493
	speed: 0.0133s/iter; left time: 1379.2856s
	iters: 200, epoch: 4 | loss: 0.3077943
	speed: 0.0041s/iter; left time: 419.5883s
	iters: 300, epoch: 4 | loss: 0.2246415
	speed: 0.0037s/iter; left time: 385.3980s
	iters: 400, epoch: 4 | loss: 0.2520099
	speed: 0.0038s/iter; left time: 396.6538s
	iters: 500, epoch: 4 | loss: 0.2830669
	speed: 0.0037s/iter; left time: 379.2149s
	iters: 600, epoch: 4 | loss: 0.2598573
	speed: 0.0040s/iter; left time: 411.6435s
	iters: 700, epoch: 4 | loss: 0.2544237
	speed: 0.0044s/iter; left time: 456.4668s
	iters: 800, epoch: 4 | loss: 0.2940882
	speed: 0.0038s/iter; left time: 392.7351s
	iters: 900, epoch: 4 | loss: 0.2973807
	speed: 0.0037s/iter; left time: 378.1659s
	iters: 1000, epoch: 4 | loss: 0.2740179
	speed: 0.0036s/iter; left time: 374.0055s
Epoch: 4 cost time: 4.1414878368377686
Epoch: 4, Steps: 1067 | Train Loss: 0.2848959 Vali Loss: 0.3842779
Validation loss decreased (0.392935 --> 0.384278).  Saving model ...
Updating learning rate to 6.25e-05
	iters: 100, epoch: 5 | loss: 0.3211646
	speed: 0.0133s/iter; left time: 1363.1688s
	iters: 200, epoch: 5 | loss: 0.2806846
	speed: 0.0040s/iter; left time: 409.0220s
	iters: 300, epoch: 5 | loss: 0.2534832
	speed: 0.0039s/iter; left time: 399.4750s
	iters: 400, epoch: 5 | loss: 0.2361222
	speed: 0.0039s/iter; left time: 401.4114s
	iters: 500, epoch: 5 | loss: 0.2428228
	speed: 0.0042s/iter; left time: 423.6876s
	iters: 600, epoch: 5 | loss: 0.2704076
	speed: 0.0039s/iter; left time: 395.8501s
	iters: 700, epoch: 5 | loss: 0.2930435
	speed: 0.0039s/iter; left time: 395.6673s
	iters: 800, epoch: 5 | loss: 0.3458973
	speed: 0.0043s/iter; left time: 432.8091s
	iters: 900, epoch: 5 | loss: 0.2894058
	speed: 0.0040s/iter; left time: 404.0510s
	iters: 1000, epoch: 5 | loss: 0.2378083
	speed: 0.0040s/iter; left time: 403.5822s
Epoch: 5 cost time: 4.293345212936401
Epoch: 5, Steps: 1067 | Train Loss: 0.2828835 Vali Loss: 0.3840252
Validation loss decreased (0.384278 --> 0.384025).  Saving model ...
Updating learning rate to 3.125e-05
	iters: 100, epoch: 6 | loss: 0.2690782
	speed: 0.0149s/iter; left time: 1508.1560s
	iters: 200, epoch: 6 | loss: 0.3227190
	speed: 0.0041s/iter; left time: 417.5767s
	iters: 300, epoch: 6 | loss: 0.2740535
	speed: 0.0043s/iter; left time: 433.6277s
	iters: 400, epoch: 6 | loss: 0.2478566
	speed: 0.0042s/iter; left time: 426.8959s
	iters: 500, epoch: 6 | loss: 0.2736840
	speed: 0.0041s/iter; left time: 412.6551s
	iters: 600, epoch: 6 | loss: 0.2296924
	speed: 0.0040s/iter; left time: 399.4917s
	iters: 700, epoch: 6 | loss: 0.3161637
	speed: 0.0037s/iter; left time: 373.6531s
	iters: 800, epoch: 6 | loss: 0.3292834
	speed: 0.0042s/iter; left time: 418.2979s
	iters: 900, epoch: 6 | loss: 0.2877181
	speed: 0.0039s/iter; left time: 393.8846s
	iters: 1000, epoch: 6 | loss: 0.2798766
	speed: 0.0037s/iter; left time: 369.6305s
Epoch: 6 cost time: 4.294576644897461
Epoch: 6, Steps: 1067 | Train Loss: 0.2818444 Vali Loss: 0.3845115
EarlyStopping counter: 1 out of 6
Updating learning rate to 1.5625e-05
	iters: 100, epoch: 7 | loss: 0.2429523
	speed: 0.0132s/iter; left time: 1323.8095s
	iters: 200, epoch: 7 | loss: 0.2335762
	speed: 0.0040s/iter; left time: 404.3038s
	iters: 300, epoch: 7 | loss: 0.2883013
	speed: 0.0037s/iter; left time: 371.0500s
	iters: 400, epoch: 7 | loss: 0.2785557
	speed: 0.0040s/iter; left time: 394.6927s
	iters: 500, epoch: 7 | loss: 0.2924363
	speed: 0.0040s/iter; left time: 394.4023s
	iters: 600, epoch: 7 | loss: 0.3402820
	speed: 0.0038s/iter; left time: 374.0058s
	iters: 700, epoch: 7 | loss: 0.2480324
	speed: 0.0039s/iter; left time: 385.2157s
	iters: 800, epoch: 7 | loss: 0.2430070
	speed: 0.0037s/iter; left time: 365.3977s
	iters: 900, epoch: 7 | loss: 0.2563720
	speed: 0.0037s/iter; left time: 366.0877s
	iters: 1000, epoch: 7 | loss: 0.2989597
	speed: 0.0037s/iter; left time: 365.4613s
Epoch: 7 cost time: 4.096174955368042
Epoch: 7, Steps: 1067 | Train Loss: 0.2814271 Vali Loss: 0.3846854
EarlyStopping counter: 2 out of 6
Updating learning rate to 7.8125e-06
	iters: 100, epoch: 8 | loss: 0.2964966
	speed: 0.0128s/iter; left time: 1271.9087s
	iters: 200, epoch: 8 | loss: 0.2915146
	speed: 0.0039s/iter; left time: 386.4041s
	iters: 300, epoch: 8 | loss: 0.2964792
	speed: 0.0038s/iter; left time: 373.4849s
	iters: 400, epoch: 8 | loss: 0.2479465
	speed: 0.0038s/iter; left time: 375.4222s
	iters: 500, epoch: 8 | loss: 0.2751078
	speed: 0.0039s/iter; left time: 383.6967s
	iters: 600, epoch: 8 | loss: 0.2263927
	speed: 0.0038s/iter; left time: 377.0759s
	iters: 700, epoch: 8 | loss: 0.2702894
	speed: 0.0035s/iter; left time: 349.0110s
	iters: 800, epoch: 8 | loss: 0.2453777
	speed: 0.0037s/iter; left time: 368.0794s
	iters: 900, epoch: 8 | loss: 0.3112364
	speed: 0.0039s/iter; left time: 383.1643s
	iters: 1000, epoch: 8 | loss: 0.2575091
	speed: 0.0039s/iter; left time: 382.5245s
Epoch: 8 cost time: 4.057632684707642
Epoch: 8, Steps: 1067 | Train Loss: 0.2813075 Vali Loss: 0.3852128
EarlyStopping counter: 3 out of 6
Updating learning rate to 3.90625e-06
	iters: 100, epoch: 9 | loss: 0.2849125
	speed: 0.0133s/iter; left time: 1308.3904s
	iters: 200, epoch: 9 | loss: 0.2883464
	speed: 0.0040s/iter; left time: 389.7449s
	iters: 300, epoch: 9 | loss: 0.2366734
	speed: 0.0041s/iter; left time: 402.9520s
	iters: 400, epoch: 9 | loss: 0.2188382
	speed: 0.0040s/iter; left time: 390.0538s
	iters: 500, epoch: 9 | loss: 0.3510300
	speed: 0.0039s/iter; left time: 382.9657s
	iters: 600, epoch: 9 | loss: 0.3341050
	speed: 0.0038s/iter; left time: 370.3058s
	iters: 700, epoch: 9 | loss: 0.3012916
	speed: 0.0042s/iter; left time: 412.3010s
	iters: 800, epoch: 9 | loss: 0.2619633
	speed: 0.0037s/iter; left time: 360.6429s
	iters: 900, epoch: 9 | loss: 0.2949114
	speed: 0.0039s/iter; left time: 382.0712s
	iters: 1000, epoch: 9 | loss: 0.2698886
	speed: 0.0041s/iter; left time: 400.7478s
Epoch: 9 cost time: 4.241659164428711
Epoch: 9, Steps: 1067 | Train Loss: 0.2811851 Vali Loss: 0.3849612
EarlyStopping counter: 4 out of 6
Updating learning rate to 1.953125e-06
	iters: 100, epoch: 10 | loss: 0.3665528
	speed: 0.0132s/iter; left time: 1280.7197s
	iters: 200, epoch: 10 | loss: 0.2813567
	speed: 0.0043s/iter; left time: 413.9308s
	iters: 300, epoch: 10 | loss: 0.3088129
	speed: 0.0038s/iter; left time: 370.2756s
	iters: 400, epoch: 10 | loss: 0.2797987
	speed: 0.0040s/iter; left time: 385.4353s
	iters: 500, epoch: 10 | loss: 0.2983148
	speed: 0.0040s/iter; left time: 386.6834s
	iters: 600, epoch: 10 | loss: 0.2590028
	speed: 0.0036s/iter; left time: 347.1116s
	iters: 700, epoch: 10 | loss: 0.2769800
	speed: 0.0037s/iter; left time: 361.3063s
	iters: 800, epoch: 10 | loss: 0.2722878
	speed: 0.0043s/iter; left time: 415.4388s
	iters: 900, epoch: 10 | loss: 0.3198901
	speed: 0.0038s/iter; left time: 365.5961s
	iters: 1000, epoch: 10 | loss: 0.3458533
	speed: 0.0039s/iter; left time: 374.5564s
Epoch: 10 cost time: 4.200098037719727
Epoch: 10, Steps: 1067 | Train Loss: 0.2810434 Vali Loss: 0.3848778
EarlyStopping counter: 5 out of 6
Updating learning rate to 9.765625e-07
	iters: 100, epoch: 11 | loss: 0.2706751
	speed: 0.0130s/iter; left time: 1246.2441s
	iters: 200, epoch: 11 | loss: 0.2598034
	speed: 0.0041s/iter; left time: 389.7864s
	iters: 300, epoch: 11 | loss: 0.2792540
	speed: 0.0040s/iter; left time: 383.7645s
	iters: 400, epoch: 11 | loss: 0.2692013
	speed: 0.0039s/iter; left time: 376.2978s
	iters: 500, epoch: 11 | loss: 0.2608789
	speed: 0.0039s/iter; left time: 375.8164s
	iters: 600, epoch: 11 | loss: 0.4287246
	speed: 0.0040s/iter; left time: 381.2379s
	iters: 700, epoch: 11 | loss: 0.3406284
	speed: 0.0041s/iter; left time: 386.2785s
	iters: 800, epoch: 11 | loss: 0.3695468
	speed: 0.0041s/iter; left time: 390.3863s
	iters: 900, epoch: 11 | loss: 0.2606643
	speed: 0.0041s/iter; left time: 387.3629s
	iters: 1000, epoch: 11 | loss: 0.2637781
	speed: 0.0037s/iter; left time: 351.9381s
Epoch: 11 cost time: 4.193434000015259
Epoch: 11, Steps: 1067 | Train Loss: 0.2807998 Vali Loss: 0.3848999
EarlyStopping counter: 6 out of 6
Early stopping
VALIDATION_RESULT {"best_epoch": 5, "best_mae": 0.40755948852049356, "best_mse": 0.3840252460131139, "epochs_ran": 11, "metric_version": "element_weighted_v1"}
>>>>>>>test skipped (validation-only run)<<<<<<<<<<<<<<<<<<<<<<<<
Using GPU
Args in experiment:
[1mBasic Config[0m
  Task Name:          long_term_forecast  Is Training:        0                   
  Model ID:           ETTm1_96_96_table2_ettm1_p96_no_mamba_s2023Model:              GraphMambaRecent    

[1mData Loader[0m
  Data:               ETTm1               Root Path:          /home/cwh/Time-Series-Library/dataset/ETT-small
  Data Path:          ETTm1.csv           Features:           M                   
  Target:             OT                  Freq:               h                   
  Checkpoints:        /home/cwh/Time-Series-Library/logs/timerole_p0/recent_backbone/seed2023/checkpoints

[1mForecasting Task[0m
  Seq Len:            336                 Label Len:          48                  
  Pred Len:           96                  Seasonal Patterns:  Monthly             
  Inverse:            0                   

[1mModel Parameters[0m
  Top k:              5                   Num Kernels:        6                   
  Enc In:             7                   Dec In:             7                   
  C Out:              7                   d model:            64                  
  n heads:            8                   e layers:           1                   
  d layers:           1                   d FF:               128                 
  Moving Avg:         25                  Factor:             1                   
  Distil:             1                   Dropout:            0.1                 
  Embed:              timeF               Activation:         gelu                

[1mRun Parameters[0m
  Num Workers:        0                   Itr:                1                   
  Train Epochs:       100                 Batch Size:         32                  
  Patience:           6                   Learning Rate:      0.0005              
  Des:                table2_ettm1_p96_no_mamba_s2023Loss:               MSE                 
  Lradj:              type1               Use Amp:            0                   

[1mGPU[0m
  Use GPU:            1                   GPU:                0                   
  Use Multi GPU:      0                   Devices:            0,1,2,3             

[1mDe-stationary Projector Params[0m
  P Hidden Dims:      128, 128            P Hidden Layers:    2                   

Use GPU: cuda:0
🚀 Lazy Loading: GraphMambaRecent ...
[GraphMamba] Building 7x7 static graph from 2000 training samples
>>>>>>>evaluating validation checkpoint : long_term_forecast_ETTm1_96_96_table2_ettm1_p96_no_mamba_s2023_GraphMambaRecent_ETTm1_ftM_sl336_ll48_pl96_dm64_nh8_el1_dl1_df128_expand2_dc2_fc1_ebtimeF_dtTrue_table2_ettm1_p96_no_mamba_s2023_0<<<<<<<<<<<<<<<<<<<<<<<<<<<<<<<<<
val 11425
EVALUATION_RESULT {"batches": 358, "elapsed_seconds": 0.7261543439235538, "elements": 7677600, "mae": 0.40755948600836617, "metric_version": "element_weighted_v1", "milliseconds_per_batch": 2.028364089171938, "mse": 0.38402524623173256, "parameter_count": 903366, "peak_cuda_memory_bytes": 65779200, "split": "val", "timerole_intervention": "intact"}
=== w/o Mamba | ETTm1-720 ===
Using GPU
Args in experiment:
[1mBasic Config[0m
  Task Name:          long_term_forecast  Is Training:        1                   
  Model ID:           ETTm1_96_720_table2_ettm1_p720_no_mamba_s2023Model:              GraphMambaRecent    

[1mData Loader[0m
  Data:               ETTm1               Root Path:          /home/cwh/Time-Series-Library/dataset/ETT-small
  Data Path:          ETTm1.csv           Features:           M                   
  Target:             OT                  Freq:               h                   
  Checkpoints:        /home/cwh/Time-Series-Library/logs/timerole_p0/recent_backbone/seed2023/checkpoints

[1mForecasting Task[0m
  Seq Len:            336                 Label Len:          48                  
  Pred Len:           720                 Seasonal Patterns:  Monthly             
  Inverse:            0                   

[1mModel Parameters[0m
  Top k:              5                   Num Kernels:        6                   
  Enc In:             7                   Dec In:             7                   
  C Out:              7                   d model:            64                  
  n heads:            8                   e layers:           1                   
  d layers:           1                   d FF:               128                 
  Moving Avg:         25                  Factor:             1                   
  Distil:             1                   Dropout:            0.1                 
  Embed:              timeF               Activation:         gelu                

[1mRun Parameters[0m
  Num Workers:        0                   Itr:                1                   
  Train Epochs:       100                 Batch Size:         32                  
  Patience:           6                   Learning Rate:      0.0005              
  Des:                table2_ettm1_p720_no_mamba_s2023Loss:               MSE                 
  Lradj:              type1               Use Amp:            0                   

[1mGPU[0m
  Use GPU:            1                   GPU:                0                   
  Use Multi GPU:      0                   Devices:            0,1,2,3             

[1mDe-stationary Projector Params[0m
  P Hidden Dims:      128, 128            P Hidden Layers:    2                   

Use GPU: cuda:0
🚀 Lazy Loading: GraphMambaRecent ...
[GraphMamba] Building 7x7 static graph from 2000 training samples
>>>>>>>start training : long_term_forecast_ETTm1_96_720_table2_ettm1_p720_no_mamba_s2023_GraphMambaRecent_ETTm1_ftM_sl336_ll48_pl720_dm64_nh8_el1_dl1_df128_expand2_dc2_fc1_ebtimeF_dtTrue_table2_ettm1_p720_no_mamba_s2023_0>>>>>>>>>>>>>>>>>>>>>>>>>>
train 33505
val 10801
	iters: 100, epoch: 1 | loss: 0.4892872
	speed: 0.0110s/iter; left time: 1153.5761s
	iters: 200, epoch: 1 | loss: 0.4447974
	speed: 0.0042s/iter; left time: 436.7915s
	iters: 300, epoch: 1 | loss: 0.5853764
	speed: 0.0043s/iter; left time: 453.8752s
	iters: 400, epoch: 1 | loss: 0.4531416
	speed: 0.0044s/iter; left time: 456.6060s
	iters: 500, epoch: 1 | loss: 0.4248316
	speed: 0.0043s/iter; left time: 444.9911s
	iters: 600, epoch: 1 | loss: 0.4036694
	speed: 0.0044s/iter; left time: 460.4620s
	iters: 700, epoch: 1 | loss: 0.4499828
	speed: 0.0047s/iter; left time: 488.1216s
	iters: 800, epoch: 1 | loss: 0.3800105
	speed: 0.0041s/iter; left time: 429.6026s
	iters: 900, epoch: 1 | loss: 0.4404092
	speed: 0.0044s/iter; left time: 457.5801s
	iters: 1000, epoch: 1 | loss: 0.4520303
	speed: 0.0044s/iter; left time: 454.9317s
Epoch: 1 cost time: 4.696756839752197
Epoch: 1, Steps: 1048 | Train Loss: 0.4818544 Vali Loss: 0.9847553
Validation loss decreased (inf --> 0.984755).  Saving model ...
Updating learning rate to 0.0005
	iters: 100, epoch: 2 | loss: 0.4738283
	speed: 0.0142s/iter; left time: 1469.6149s
	iters: 200, epoch: 2 | loss: 0.4904342
	speed: 0.0043s/iter; left time: 446.2542s
	iters: 300, epoch: 2 | loss: 0.4665555
	speed: 0.0043s/iter; left time: 443.1256s
	iters: 400, epoch: 2 | loss: 0.5126987
	speed: 0.0046s/iter; left time: 473.2943s
	iters: 500, epoch: 2 | loss: 0.5865617
	speed: 0.0047s/iter; left time: 485.7276s
	iters: 600, epoch: 2 | loss: 0.4066945
	speed: 0.0045s/iter; left time: 464.5626s
	iters: 700, epoch: 2 | loss: 0.3985142
	speed: 0.0045s/iter; left time: 461.8808s
	iters: 800, epoch: 2 | loss: 0.5029516
	speed: 0.0046s/iter; left time: 471.1589s
	iters: 900, epoch: 2 | loss: 0.4427619
	speed: 0.0044s/iter; left time: 450.1621s
	iters: 1000, epoch: 2 | loss: 0.4684676
	speed: 0.0045s/iter; left time: 467.1990s
Epoch: 2 cost time: 4.681840419769287
Epoch: 2, Steps: 1048 | Train Loss: 0.4612809 Vali Loss: 0.9726269
Validation loss decreased (0.984755 --> 0.972627).  Saving model ...
Updating learning rate to 0.00025
	iters: 100, epoch: 3 | loss: 0.4869358
	speed: 0.0135s/iter; left time: 1382.5959s
	iters: 200, epoch: 3 | loss: 0.4949202
	speed: 0.0052s/iter; left time: 534.9391s
	iters: 300, epoch: 3 | loss: 0.4587445
	speed: 0.0055s/iter; left time: 563.4172s
	iters: 400, epoch: 3 | loss: 0.5107310
	speed: 0.0048s/iter; left time: 494.2017s
	iters: 500, epoch: 3 | loss: 0.4118839
	speed: 0.0045s/iter; left time: 454.9016s
	iters: 600, epoch: 3 | loss: 0.4401095
	speed: 0.0039s/iter; left time: 403.2368s
	iters: 700, epoch: 3 | loss: 0.4929255
	speed: 0.0040s/iter; left time: 410.1928s
	iters: 800, epoch: 3 | loss: 0.5266744
	speed: 0.0041s/iter; left time: 421.9718s
	iters: 900, epoch: 3 | loss: 0.4845331
	speed: 0.0040s/iter; left time: 406.5162s
	iters: 1000, epoch: 3 | loss: 0.4329422
	speed: 0.0042s/iter; left time: 428.0374s
Epoch: 3 cost time: 4.654020309448242
Epoch: 3, Steps: 1048 | Train Loss: 0.4537610 Vali Loss: 0.9651997
Validation loss decreased (0.972627 --> 0.965200).  Saving model ...
Updating learning rate to 0.000125
	iters: 100, epoch: 4 | loss: 0.4805191
	speed: 0.0142s/iter; left time: 1443.3567s
	iters: 200, epoch: 4 | loss: 0.4196539
	speed: 0.0041s/iter; left time: 413.8309s
	iters: 300, epoch: 4 | loss: 0.3979507
	speed: 0.0040s/iter; left time: 409.1667s
	iters: 400, epoch: 4 | loss: 0.4025871
	speed: 0.0039s/iter; left time: 399.6428s
	iters: 500, epoch: 4 | loss: 0.4370851
	speed: 0.0043s/iter; left time: 439.0834s
	iters: 600, epoch: 4 | loss: 0.3927152
	speed: 0.0041s/iter; left time: 410.6014s
	iters: 700, epoch: 4 | loss: 0.4376521
	speed: 0.0041s/iter; left time: 412.1777s
	iters: 800, epoch: 4 | loss: 0.4672199
	speed: 0.0039s/iter; left time: 390.0502s
	iters: 900, epoch: 4 | loss: 0.4398503
	speed: 0.0043s/iter; left time: 435.5745s
	iters: 1000, epoch: 4 | loss: 0.4405922
	speed: 0.0042s/iter; left time: 420.8790s
Epoch: 4 cost time: 4.312692880630493
Epoch: 4, Steps: 1048 | Train Loss: 0.4505734 Vali Loss: 0.9635464
Validation loss decreased (0.965200 --> 0.963546).  Saving model ...
Updating learning rate to 6.25e-05
	iters: 100, epoch: 5 | loss: 0.4890064
	speed: 0.0131s/iter; left time: 1320.0105s
	iters: 200, epoch: 5 | loss: 0.4732918
	speed: 0.0039s/iter; left time: 390.1548s
	iters: 300, epoch: 5 | loss: 0.4549652
	speed: 0.0042s/iter; left time: 421.8599s
	iters: 400, epoch: 5 | loss: 0.3880112
	speed: 0.0041s/iter; left time: 407.7112s
	iters: 500, epoch: 5 | loss: 0.3876167
	speed: 0.0044s/iter; left time: 444.8007s
	iters: 600, epoch: 5 | loss: 0.4344950
	speed: 0.0039s/iter; left time: 391.0541s
	iters: 700, epoch: 5 | loss: 0.4775277
	speed: 0.0040s/iter; left time: 399.9991s
	iters: 800, epoch: 5 | loss: 0.4540524
	speed: 0.0044s/iter; left time: 438.3646s
	iters: 900, epoch: 5 | loss: 0.4725906
	speed: 0.0039s/iter; left time: 385.0947s
	iters: 1000, epoch: 5 | loss: 0.4118917
	speed: 0.0042s/iter; left time: 415.3005s
Epoch: 5 cost time: 4.279806613922119
Epoch: 5, Steps: 1048 | Train Loss: 0.4488460 Vali Loss: 0.9634836
Validation loss decreased (0.963546 --> 0.963484).  Saving model ...
Updating learning rate to 3.125e-05
	iters: 100, epoch: 6 | loss: 0.2969241
	speed: 0.0134s/iter; left time: 1333.7384s
	iters: 200, epoch: 6 | loss: 0.4210431
	speed: 0.0040s/iter; left time: 394.1870s
	iters: 300, epoch: 6 | loss: 0.4116211
	speed: 0.0040s/iter; left time: 395.8024s
	iters: 400, epoch: 6 | loss: 0.4826277
	speed: 0.0040s/iter; left time: 399.2359s
	iters: 500, epoch: 6 | loss: 0.5305014
	speed: 0.0040s/iter; left time: 393.5580s
	iters: 600, epoch: 6 | loss: 0.3694171
	speed: 0.0045s/iter; left time: 443.8879s
	iters: 700, epoch: 6 | loss: 0.4594449
	speed: 0.0041s/iter; left time: 402.6439s
	iters: 800, epoch: 6 | loss: 0.4956701
	speed: 0.0040s/iter; left time: 395.6787s
	iters: 900, epoch: 6 | loss: 0.4108071
	speed: 0.0039s/iter; left time: 385.8695s
	iters: 1000, epoch: 6 | loss: 0.5534385
	speed: 0.0039s/iter; left time: 384.6531s
Epoch: 6 cost time: 4.230367422103882
Epoch: 6, Steps: 1048 | Train Loss: 0.4484103 Vali Loss: 0.9624427
Validation loss decreased (0.963484 --> 0.962443).  Saving model ...
Updating learning rate to 1.5625e-05
	iters: 100, epoch: 7 | loss: 0.4016875
	speed: 0.0136s/iter; left time: 1341.2635s
	iters: 200, epoch: 7 | loss: 0.3965608
	speed: 0.0040s/iter; left time: 390.6027s
	iters: 300, epoch: 7 | loss: 0.4963424
	speed: 0.0040s/iter; left time: 389.1657s
	iters: 400, epoch: 7 | loss: 0.4256644
	speed: 0.0044s/iter; left time: 434.5518s
	iters: 500, epoch: 7 | loss: 0.4622010
	speed: 0.0041s/iter; left time: 398.9796s
	iters: 600, epoch: 7 | loss: 0.5040150
	speed: 0.0040s/iter; left time: 388.7868s
	iters: 700, epoch: 7 | loss: 0.5169915
	speed: 0.0039s/iter; left time: 385.3910s
	iters: 800, epoch: 7 | loss: 0.4114264
	speed: 0.0040s/iter; left time: 391.3131s
	iters: 900, epoch: 7 | loss: 0.4695544
	speed: 0.0042s/iter; left time: 406.6125s
	iters: 1000, epoch: 7 | loss: 0.4653417
	speed: 0.0039s/iter; left time: 380.6577s
Epoch: 7 cost time: 4.2267677783966064
Epoch: 7, Steps: 1048 | Train Loss: 0.4475275 Vali Loss: 0.9623187
Validation loss decreased (0.962443 --> 0.962319).  Saving model ...
Updating learning rate to 7.8125e-06
	iters: 100, epoch: 8 | loss: 0.4857378
	speed: 0.0137s/iter; left time: 1335.2588s
	iters: 200, epoch: 8 | loss: 0.4144815
	speed: 0.0043s/iter; left time: 417.6498s
	iters: 300, epoch: 8 | loss: 0.5807776
	speed: 0.0040s/iter; left time: 392.4035s
	iters: 400, epoch: 8 | loss: 0.5335562
	speed: 0.0041s/iter; left time: 398.9881s
	iters: 500, epoch: 8 | loss: 0.4688036
	speed: 0.0041s/iter; left time: 393.2455s
	iters: 600, epoch: 8 | loss: 0.4291264
	speed: 0.0040s/iter; left time: 391.6501s
	iters: 700, epoch: 8 | loss: 0.4566566
	speed: 0.0039s/iter; left time: 378.1975s
	iters: 800, epoch: 8 | loss: 0.4914831
	speed: 0.0038s/iter; left time: 369.9713s
	iters: 900, epoch: 8 | loss: 0.4137137
	speed: 0.0039s/iter; left time: 376.6579s
	iters: 1000, epoch: 8 | loss: 0.4412743
	speed: 0.0040s/iter; left time: 389.3079s
Epoch: 8 cost time: 4.222293376922607
Epoch: 8, Steps: 1048 | Train Loss: 0.4472811 Vali Loss: 0.9622061
Validation loss decreased (0.962319 --> 0.962206).  Saving model ...
Updating learning rate to 3.90625e-06
	iters: 100, epoch: 9 | loss: 0.3934237
	speed: 0.0134s/iter; left time: 1287.8349s
	iters: 200, epoch: 9 | loss: 0.5232537
	speed: 0.0040s/iter; left time: 382.8723s
	iters: 300, epoch: 9 | loss: 0.5057579
	speed: 0.0041s/iter; left time: 392.2834s
	iters: 400, epoch: 9 | loss: 0.4371436
	speed: 0.0039s/iter; left time: 377.1329s
	iters: 500, epoch: 9 | loss: 0.3635371
	speed: 0.0039s/iter; left time: 377.8803s
	iters: 600, epoch: 9 | loss: 0.4943984
	speed: 0.0040s/iter; left time: 383.7643s
	iters: 700, epoch: 9 | loss: 0.3467426
	speed: 0.0041s/iter; left time: 387.8471s
	iters: 800, epoch: 9 | loss: 0.4479359
	speed: 0.0039s/iter; left time: 372.8681s
	iters: 900, epoch: 9 | loss: 0.4413848
	speed: 0.0041s/iter; left time: 389.2559s
	iters: 1000, epoch: 9 | loss: 0.4500172
	speed: 0.0053s/iter; left time: 509.6427s
Epoch: 9 cost time: 4.361511945724487
Epoch: 9, Steps: 1048 | Train Loss: 0.4470492 Vali Loss: 0.9622046
Validation loss decreased (0.962206 --> 0.962205).  Saving model ...
Updating learning rate to 1.953125e-06
	iters: 100, epoch: 10 | loss: 0.3691393
	speed: 0.0149s/iter; left time: 1424.0541s
	iters: 200, epoch: 10 | loss: 0.5432705
	speed: 0.0046s/iter; left time: 438.3603s
	iters: 300, epoch: 10 | loss: 0.4835218
	speed: 0.0045s/iter; left time: 427.0866s
	iters: 400, epoch: 10 | loss: 0.5064678
	speed: 0.0040s/iter; left time: 380.7677s
	iters: 500, epoch: 10 | loss: 0.4741950
	speed: 0.0041s/iter; left time: 384.7953s
	iters: 600, epoch: 10 | loss: 0.4519329
	speed: 0.0039s/iter; left time: 368.8841s
	iters: 700, epoch: 10 | loss: 0.4529366
	speed: 0.0044s/iter; left time: 415.8115s
	iters: 800, epoch: 10 | loss: 0.4879653
	speed: 0.0045s/iter; left time: 426.0712s
	iters: 900, epoch: 10 | loss: 0.4537163
	speed: 0.0043s/iter; left time: 403.7987s
	iters: 1000, epoch: 10 | loss: 0.4481338
	speed: 0.0042s/iter; left time: 395.9217s
Epoch: 10 cost time: 4.527518033981323
Epoch: 10, Steps: 1048 | Train Loss: 0.4469821 Vali Loss: 0.9621163
Validation loss decreased (0.962205 --> 0.962116).  Saving model ...
Updating learning rate to 9.765625e-07
	iters: 100, epoch: 11 | loss: 0.3892200
	speed: 0.0150s/iter; left time: 1416.2636s
	iters: 200, epoch: 11 | loss: 0.4138762
	speed: 0.0046s/iter; left time: 435.1986s
	iters: 300, epoch: 11 | loss: 0.3763237
	speed: 0.0043s/iter; left time: 406.5876s
	iters: 400, epoch: 11 | loss: 0.4427517
	speed: 0.0047s/iter; left time: 436.9126s
	iters: 500, epoch: 11 | loss: 0.4109566
	speed: 0.0047s/iter; left time: 437.0907s
	iters: 600, epoch: 11 | loss: 0.5396175
	speed: 0.0044s/iter; left time: 411.2778s
	iters: 700, epoch: 11 | loss: 0.3870711
	speed: 0.0043s/iter; left time: 406.2355s
	iters: 800, epoch: 11 | loss: 0.4501753
	speed: 0.0044s/iter; left time: 408.1853s
	iters: 900, epoch: 11 | loss: 0.4452913
	speed: 0.0044s/iter; left time: 411.8603s
	iters: 1000, epoch: 11 | loss: 0.4248954
	speed: 0.0042s/iter; left time: 394.3744s
Epoch: 11 cost time: 4.699157953262329
Epoch: 11, Steps: 1048 | Train Loss: 0.4469555 Vali Loss: 0.9622309
EarlyStopping counter: 1 out of 6
Updating learning rate to 4.8828125e-07
	iters: 100, epoch: 12 | loss: 0.4550200
	speed: 0.0142s/iter; left time: 1327.6570s
	iters: 200, epoch: 12 | loss: 0.4517131
	speed: 0.0044s/iter; left time: 412.1856s
	iters: 300, epoch: 12 | loss: 0.4287666
	speed: 0.0044s/iter; left time: 411.2910s
	iters: 400, epoch: 12 | loss: 0.4624197
	speed: 0.0045s/iter; left time: 420.7050s
	iters: 500, epoch: 12 | loss: 0.3857019
	speed: 0.0046s/iter; left time: 422.2235s
	iters: 600, epoch: 12 | loss: 0.4383275
	speed: 0.0045s/iter; left time: 414.3299s
	iters: 700, epoch: 12 | loss: 0.4680541
	speed: 0.0044s/iter; left time: 408.3913s
	iters: 800, epoch: 12 | loss: 0.4256829
	speed: 0.0043s/iter; left time: 396.6077s
	iters: 900, epoch: 12 | loss: 0.4537013
	speed: 0.0043s/iter; left time: 393.7258s
	iters: 1000, epoch: 12 | loss: 0.4467821
	speed: 0.0044s/iter; left time: 406.1768s
Epoch: 12 cost time: 4.591341733932495
Epoch: 12, Steps: 1048 | Train Loss: 0.4474409 Vali Loss: 0.9622530
EarlyStopping counter: 2 out of 6
Updating learning rate to 2.44140625e-07
	iters: 100, epoch: 13 | loss: 0.3741428
	speed: 0.0140s/iter; left time: 1292.0741s
	iters: 200, epoch: 13 | loss: 0.4777021
	speed: 0.0041s/iter; left time: 375.2610s
	iters: 300, epoch: 13 | loss: 0.4593247
	speed: 0.0046s/iter; left time: 425.8221s
	iters: 400, epoch: 13 | loss: 0.4338336
	speed: 0.0045s/iter; left time: 417.4998s
	iters: 500, epoch: 13 | loss: 0.4339084
	speed: 0.0042s/iter; left time: 388.6013s
	iters: 600, epoch: 13 | loss: 0.4946598
	speed: 0.0046s/iter; left time: 422.2940s
	iters: 700, epoch: 13 | loss: 0.4198658
	speed: 0.0046s/iter; left time: 424.8534s
	iters: 800, epoch: 13 | loss: 0.4524552
	speed: 0.0047s/iter; left time: 434.0300s
	iters: 900, epoch: 13 | loss: 0.4213985
	speed: 0.0050s/iter; left time: 458.8579s
	iters: 1000, epoch: 13 | loss: 0.4209331
	speed: 0.0042s/iter; left time: 386.2696s
Epoch: 13 cost time: 4.760196924209595
Epoch: 13, Steps: 1048 | Train Loss: 0.4470852 Vali Loss: 0.9622387
EarlyStopping counter: 3 out of 6
Updating learning rate to 1.220703125e-07
	iters: 100, epoch: 14 | loss: 0.4300054
	speed: 0.0147s/iter; left time: 1341.8049s
	iters: 200, epoch: 14 | loss: 0.4867570
	speed: 0.0044s/iter; left time: 400.5821s
	iters: 300, epoch: 14 | loss: 0.4321074
	speed: 0.0047s/iter; left time: 425.3216s
	iters: 400, epoch: 14 | loss: 0.4882056
	speed: 0.0047s/iter; left time: 422.6424s
	iters: 500, epoch: 14 | loss: 0.4180632
	speed: 0.0046s/iter; left time: 416.5268s
	iters: 600, epoch: 14 | loss: 0.3534141
	speed: 0.0048s/iter; left time: 437.7450s
	iters: 700, epoch: 14 | loss: 0.4737225
	speed: 0.0047s/iter; left time: 426.7496s
	iters: 800, epoch: 14 | loss: 0.3669273
	speed: 0.0044s/iter; left time: 400.2310s
	iters: 900, epoch: 14 | loss: 0.3512874
	speed: 0.0045s/iter; left time: 402.3303s
	iters: 1000, epoch: 14 | loss: 0.4973390
	speed: 0.0046s/iter; left time: 414.9316s
Epoch: 14 cost time: 4.82078218460083
Epoch: 14, Steps: 1048 | Train Loss: 0.4469914 Vali Loss: 0.9622364
EarlyStopping counter: 4 out of 6
Updating learning rate to 6.103515625e-08
	iters: 100, epoch: 15 | loss: 0.5421298
	speed: 0.0141s/iter; left time: 1272.2893s
	iters: 200, epoch: 15 | loss: 0.4558011
	speed: 0.0043s/iter; left time: 389.6161s
	iters: 300, epoch: 15 | loss: 0.4173590
	speed: 0.0045s/iter; left time: 404.3348s
	iters: 400, epoch: 15 | loss: 0.3517320
	speed: 0.0041s/iter; left time: 367.0440s
	iters: 500, epoch: 15 | loss: 0.4440511
	speed: 0.0042s/iter; left time: 374.2052s
	iters: 600, epoch: 15 | loss: 0.4678576
	speed: 0.0041s/iter; left time: 365.2311s
	iters: 700, epoch: 15 | loss: 0.3381914
	speed: 0.0043s/iter; left time: 385.4897s
	iters: 800, epoch: 15 | loss: 0.3774339
	speed: 0.0042s/iter; left time: 373.9477s
	iters: 900, epoch: 15 | loss: 0.4333676
	speed: 0.0043s/iter; left time: 382.5838s
	iters: 1000, epoch: 15 | loss: 0.4122318
	speed: 0.0042s/iter; left time: 370.7564s
Epoch: 15 cost time: 4.489114761352539
Epoch: 15, Steps: 1048 | Train Loss: 0.4469869 Vali Loss: 0.9622352
EarlyStopping counter: 5 out of 6
Updating learning rate to 3.0517578125e-08
	iters: 100, epoch: 16 | loss: 0.4827612
	speed: 0.0147s/iter; left time: 1305.4947s
	iters: 200, epoch: 16 | loss: 0.4778289
	speed: 0.0044s/iter; left time: 389.7387s
	iters: 300, epoch: 16 | loss: 0.5338237
	speed: 0.0042s/iter; left time: 374.5072s
	iters: 400, epoch: 16 | loss: 0.4449955
	speed: 0.0042s/iter; left time: 375.2279s
	iters: 500, epoch: 16 | loss: 0.4388848
	speed: 0.0042s/iter; left time: 375.2857s
	iters: 600, epoch: 16 | loss: 0.3751390
	speed: 0.0045s/iter; left time: 394.9650s
	iters: 700, epoch: 16 | loss: 0.3805632
	speed: 0.0045s/iter; left time: 396.0096s
	iters: 800, epoch: 16 | loss: 0.4644805
	speed: 0.0041s/iter; left time: 365.5825s
	iters: 900, epoch: 16 | loss: 0.4624326
	speed: 0.0046s/iter; left time: 408.3636s
	iters: 1000, epoch: 16 | loss: 0.3525415
	speed: 0.0045s/iter; left time: 394.2985s
Epoch: 16 cost time: 4.613532781600952
Epoch: 16, Steps: 1048 | Train Loss: 0.4470934 Vali Loss: 0.9622350
EarlyStopping counter: 6 out of 6
Early stopping
VALIDATION_RESULT {"best_epoch": 10, "best_mae": 0.6492126723080002, "best_mse": 0.9621162601041038, "epochs_ran": 16, "metric_version": "element_weighted_v1"}
>>>>>>>test skipped (validation-only run)<<<<<<<<<<<<<<<<<<<<<<<<
Using GPU
Args in experiment:
[1mBasic Config[0m
  Task Name:          long_term_forecast  Is Training:        0                   
  Model ID:           ETTm1_96_720_table2_ettm1_p720_no_mamba_s2023Model:              GraphMambaRecent    

[1mData Loader[0m
  Data:               ETTm1               Root Path:          /home/cwh/Time-Series-Library/dataset/ETT-small
  Data Path:          ETTm1.csv           Features:           M                   
  Target:             OT                  Freq:               h                   
  Checkpoints:        /home/cwh/Time-Series-Library/logs/timerole_p0/recent_backbone/seed2023/checkpoints

[1mForecasting Task[0m
  Seq Len:            336                 Label Len:          48                  
  Pred Len:           720                 Seasonal Patterns:  Monthly             
  Inverse:            0                   

[1mModel Parameters[0m
  Top k:              5                   Num Kernels:        6                   
  Enc In:             7                   Dec In:             7                   
  C Out:              7                   d model:            64                  
  n heads:            8                   e layers:           1                   
  d layers:           1                   d FF:               128                 
  Moving Avg:         25                  Factor:             1                   
  Distil:             1                   Dropout:            0.1                 
  Embed:              timeF               Activation:         gelu                

[1mRun Parameters[0m
  Num Workers:        0                   Itr:                1                   
  Train Epochs:       100                 Batch Size:         32                  
  Patience:           6                   Learning Rate:      0.0005              
  Des:                table2_ettm1_p720_no_mamba_s2023Loss:               MSE                 
  Lradj:              type1               Use Amp:            0                   

[1mGPU[0m
  Use GPU:            1                   GPU:                0                   
  Use Multi GPU:      0                   Devices:            0,1,2,3             

[1mDe-stationary Projector Params[0m
  P Hidden Dims:      128, 128            P Hidden Layers:    2                   

Use GPU: cuda:0
🚀 Lazy Loading: GraphMambaRecent ...
[GraphMamba] Building 7x7 static graph from 2000 training samples
>>>>>>>evaluating validation checkpoint : long_term_forecast_ETTm1_96_720_table2_ettm1_p720_no_mamba_s2023_GraphMambaRecent_ETTm1_ftM_sl336_ll48_pl720_dm64_nh8_el1_dl1_df128_expand2_dc2_fc1_ebtimeF_dtTrue_table2_ettm1_p720_no_mamba_s2023_0<<<<<<<<<<<<<<<<<<<<<<<<<<<<<<<<<
val 10801
EVALUATION_RESULT {"batches": 338, "elapsed_seconds": 0.8150514769367874, "elements": 54437040, "mae": 0.6492126717339426, "metric_version": "element_weighted_v1", "milliseconds_per_batch": 2.411394902179844, "mse": 0.9621162629743921, "parameter_count": 6715302, "peak_cuda_memory_bytes": 93422080, "split": "val", "timerole_intervention": "intact"}
=== w/o Mamba | ETTm2-96 ===
Using GPU
Args in experiment:
[1mBasic Config[0m
  Task Name:          long_term_forecast  Is Training:        1                   
  Model ID:           ETTm2_96_96_table2_ettm2_p96_no_mamba_s2023Model:              GraphMambaRecent    

[1mData Loader[0m
  Data:               ETTm2               Root Path:          /home/cwh/Time-Series-Library/dataset/ETT-small
  Data Path:          ETTm2.csv           Features:           M                   
  Target:             OT                  Freq:               h                   
  Checkpoints:        /home/cwh/Time-Series-Library/logs/timerole_p0/recent_backbone/seed2023/checkpoints

[1mForecasting Task[0m
  Seq Len:            336                 Label Len:          48                  
  Pred Len:           96                  Seasonal Patterns:  Monthly             
  Inverse:            0                   

[1mModel Parameters[0m
  Top k:              5                   Num Kernels:        6                   
  Enc In:             7                   Dec In:             7                   
  C Out:              7                   d model:            64                  
  n heads:            8                   e layers:           1                   
  d layers:           1                   d FF:               128                 
  Moving Avg:         25                  Factor:             1                   
  Distil:             1                   Dropout:            0.1                 
  Embed:              timeF               Activation:         gelu                

[1mRun Parameters[0m
  Num Workers:        0                   Itr:                1                   
  Train Epochs:       100                 Batch Size:         32                  
  Patience:           6                   Learning Rate:      0.0005              
  Des:                table2_ettm2_p96_no_mamba_s2023Loss:               MSE                 
  Lradj:              type1               Use Amp:            0                   

[1mGPU[0m
  Use GPU:            1                   GPU:                0                   
  Use Multi GPU:      0                   Devices:            0,1,2,3             

[1mDe-stationary Projector Params[0m
  P Hidden Dims:      128, 128            P Hidden Layers:    2                   

Use GPU: cuda:0
🚀 Lazy Loading: GraphMambaRecent ...
[GraphMamba] Building 7x7 static graph from 2000 training samples
>>>>>>>start training : long_term_forecast_ETTm2_96_96_table2_ettm2_p96_no_mamba_s2023_GraphMambaRecent_ETTm2_ftM_sl336_ll48_pl96_dm64_nh8_el1_dl1_df128_expand2_dc2_fc1_ebtimeF_dtTrue_table2_ettm2_p96_no_mamba_s2023_0>>>>>>>>>>>>>>>>>>>>>>>>>>
train 34129
val 11425
	iters: 100, epoch: 1 | loss: 0.2833184
	speed: 0.0111s/iter; left time: 1180.7927s
	iters: 200, epoch: 1 | loss: 0.4195597
	speed: 0.0039s/iter; left time: 412.9563s
	iters: 300, epoch: 1 | loss: 0.1440662
	speed: 0.0038s/iter; left time: 402.9622s
	iters: 400, epoch: 1 | loss: 0.1566965
	speed: 0.0039s/iter; left time: 417.8497s
	iters: 500, epoch: 1 | loss: 0.5314235
	speed: 0.0038s/iter; left time: 405.0219s
	iters: 600, epoch: 1 | loss: 0.1750807
	speed: 0.0039s/iter; left time: 411.5469s
	iters: 700, epoch: 1 | loss: 0.1581149
	speed: 0.0042s/iter; left time: 446.5240s
	iters: 800, epoch: 1 | loss: 0.1050631
	speed: 0.0040s/iter; left time: 421.6415s
	iters: 900, epoch: 1 | loss: 0.3600830
	speed: 0.0041s/iter; left time: 429.5797s
	iters: 1000, epoch: 1 | loss: 0.1873977
	speed: 0.0039s/iter; left time: 413.8459s
Epoch: 1 cost time: 4.405359983444214
Epoch: 1, Steps: 1067 | Train Loss: 0.2428827 Vali Loss: 0.1269686
Validation loss decreased (inf --> 0.126969).  Saving model ...
Updating learning rate to 0.0005
	iters: 100, epoch: 2 | loss: 0.1459319
	speed: 0.0142s/iter; left time: 1502.7551s
	iters: 200, epoch: 2 | loss: 0.2054262
	speed: 0.0038s/iter; left time: 403.0122s
	iters: 300, epoch: 2 | loss: 0.1100707
	speed: 0.0039s/iter; left time: 411.1427s
	iters: 400, epoch: 2 | loss: 0.1936570
	speed: 0.0037s/iter; left time: 392.8988s
	iters: 500, epoch: 2 | loss: 0.5625908
	speed: 0.0037s/iter; left time: 393.5559s
	iters: 600, epoch: 2 | loss: 0.2760010
	speed: 0.0035s/iter; left time: 368.9331s
	iters: 700, epoch: 2 | loss: 0.2329538
	speed: 0.0037s/iter; left time: 389.7350s
	iters: 800, epoch: 2 | loss: 0.2110732
	speed: 0.0037s/iter; left time: 392.1957s
	iters: 900, epoch: 2 | loss: 0.2694700
	speed: 0.0038s/iter; left time: 396.8452s
	iters: 1000, epoch: 2 | loss: 0.2016139
	speed: 0.0038s/iter; left time: 401.8769s
Epoch: 2 cost time: 4.045168876647949
Epoch: 2, Steps: 1067 | Train Loss: 0.2336360 Vali Loss: 0.1269059
Validation loss decreased (0.126969 --> 0.126906).  Saving model ...
Updating learning rate to 0.00025
	iters: 100, epoch: 3 | loss: 0.1842495
	speed: 0.0133s/iter; left time: 1391.6135s
	iters: 200, epoch: 3 | loss: 0.1438112
	speed: 0.0037s/iter; left time: 388.4632s
	iters: 300, epoch: 3 | loss: 0.2262422
	speed: 0.0039s/iter; left time: 406.1221s
	iters: 400, epoch: 3 | loss: 0.1201423
	speed: 0.0041s/iter; left time: 427.2837s
	iters: 500, epoch: 3 | loss: 0.1451065
	speed: 0.0040s/iter; left time: 420.1697s
	iters: 600, epoch: 3 | loss: 0.2440755
	speed: 0.0043s/iter; left time: 450.6826s
	iters: 700, epoch: 3 | loss: 0.1504029
	speed: 0.0041s/iter; left time: 427.0276s
	iters: 800, epoch: 3 | loss: 0.2069057
	speed: 0.0041s/iter; left time: 420.4706s
	iters: 900, epoch: 3 | loss: 0.2779208
	speed: 0.0041s/iter; left time: 425.4036s
	iters: 1000, epoch: 3 | loss: 0.1175018
	speed: 0.0038s/iter; left time: 389.9032s
Epoch: 3 cost time: 4.247145414352417
Epoch: 3, Steps: 1067 | Train Loss: 0.2292318 Vali Loss: 0.1278578
EarlyStopping counter: 1 out of 6
Updating learning rate to 0.000125
	iters: 100, epoch: 4 | loss: 0.3372297
	speed: 0.0131s/iter; left time: 1357.0626s
	iters: 200, epoch: 4 | loss: 0.1776932
	speed: 0.0039s/iter; left time: 398.2776s
	iters: 300, epoch: 4 | loss: 0.2554809
	speed: 0.0038s/iter; left time: 395.7327s
	iters: 400, epoch: 4 | loss: 0.2124452
	speed: 0.0039s/iter; left time: 400.6504s
	iters: 500, epoch: 4 | loss: 0.3323838
	speed: 0.0040s/iter; left time: 408.9454s
	iters: 600, epoch: 4 | loss: 0.1687185
	speed: 0.0041s/iter; left time: 417.6365s
	iters: 700, epoch: 4 | loss: 0.3002644
	speed: 0.0040s/iter; left time: 408.1629s
	iters: 800, epoch: 4 | loss: 0.4409695
	speed: 0.0038s/iter; left time: 395.2503s
	iters: 900, epoch: 4 | loss: 0.2596376
	speed: 0.0040s/iter; left time: 409.7572s
	iters: 1000, epoch: 4 | loss: 0.1361694
	speed: 0.0038s/iter; left time: 393.2337s
Epoch: 4 cost time: 4.202746868133545
Epoch: 4, Steps: 1067 | Train Loss: 0.2268884 Vali Loss: 0.1261787
Validation loss decreased (0.126906 --> 0.126179).  Saving model ...
Updating learning rate to 6.25e-05
	iters: 100, epoch: 5 | loss: 0.1734522
	speed: 0.0138s/iter; left time: 1416.5694s
	iters: 200, epoch: 5 | loss: 0.1205106
	speed: 0.0040s/iter; left time: 409.3306s
	iters: 300, epoch: 5 | loss: 0.1389335
	speed: 0.0037s/iter; left time: 380.3548s
	iters: 400, epoch: 5 | loss: 0.2121182
	speed: 0.0040s/iter; left time: 405.2749s
	iters: 500, epoch: 5 | loss: 0.1837941
	speed: 0.0040s/iter; left time: 406.3702s
	iters: 600, epoch: 5 | loss: 0.1643813
	speed: 0.0042s/iter; left time: 430.7802s
	iters: 700, epoch: 5 | loss: 0.5412912
	speed: 0.0037s/iter; left time: 378.2580s
	iters: 800, epoch: 5 | loss: 0.3175062
	speed: 0.0037s/iter; left time: 374.7563s
	iters: 900, epoch: 5 | loss: 0.2107065
	speed: 0.0040s/iter; left time: 403.5100s
	iters: 1000, epoch: 5 | loss: 0.4506227
	speed: 0.0037s/iter; left time: 375.7390s
Epoch: 5 cost time: 4.147722959518433
Epoch: 5, Steps: 1067 | Train Loss: 0.2253850 Vali Loss: 0.1268653
EarlyStopping counter: 1 out of 6
Updating learning rate to 3.125e-05
	iters: 100, epoch: 6 | loss: 0.1672458
	speed: 0.0131s/iter; left time: 1330.2969s
	iters: 200, epoch: 6 | loss: 0.1806871
	speed: 0.0039s/iter; left time: 392.8352s
	iters: 300, epoch: 6 | loss: 0.1653849
	speed: 0.0035s/iter; left time: 356.5241s
	iters: 400, epoch: 6 | loss: 0.2958371
	speed: 0.0039s/iter; left time: 392.0333s
	iters: 500, epoch: 6 | loss: 0.1998719
	speed: 0.0039s/iter; left time: 396.1770s
	iters: 600, epoch: 6 | loss: 0.1394410
	speed: 0.0036s/iter; left time: 363.6094s
	iters: 700, epoch: 6 | loss: 0.1612046
	speed: 0.0040s/iter; left time: 399.6455s
	iters: 800, epoch: 6 | loss: 0.1811387
	speed: 0.0040s/iter; left time: 397.7382s
	iters: 900, epoch: 6 | loss: 0.3134012
	speed: 0.0039s/iter; left time: 388.8871s
	iters: 1000, epoch: 6 | loss: 0.2297770
	speed: 0.0037s/iter; left time: 372.5668s
Epoch: 6 cost time: 4.0980384349823
Epoch: 6, Steps: 1067 | Train Loss: 0.2244943 Vali Loss: 0.1269141
EarlyStopping counter: 2 out of 6
Updating learning rate to 1.5625e-05
	iters: 100, epoch: 7 | loss: 0.1093039
	speed: 0.0133s/iter; left time: 1336.0384s
	iters: 200, epoch: 7 | loss: 0.2124412
	speed: 0.0039s/iter; left time: 388.9509s
	iters: 300, epoch: 7 | loss: 0.1939502
	speed: 0.0044s/iter; left time: 435.8255s
	iters: 400, epoch: 7 | loss: 0.6499357
	speed: 0.0040s/iter; left time: 399.3103s
	iters: 500, epoch: 7 | loss: 0.1157945
	speed: 0.0038s/iter; left time: 380.6911s
	iters: 600, epoch: 7 | loss: 0.3787950
	speed: 0.0041s/iter; left time: 405.5910s
	iters: 700, epoch: 7 | loss: 0.4236532
	speed: 0.0039s/iter; left time: 389.0622s
	iters: 800, epoch: 7 | loss: 0.3563698
	speed: 0.0035s/iter; left time: 352.1803s
	iters: 900, epoch: 7 | loss: 0.1583510
	speed: 0.0040s/iter; left time: 393.2292s
	iters: 1000, epoch: 7 | loss: 0.1453196
	speed: 0.0041s/iter; left time: 406.1856s
Epoch: 7 cost time: 4.2177207469940186
Epoch: 7, Steps: 1067 | Train Loss: 0.2240652 Vali Loss: 0.1269019
EarlyStopping counter: 3 out of 6
Updating learning rate to 7.8125e-06
	iters: 100, epoch: 8 | loss: 0.3038310
	speed: 0.0137s/iter; left time: 1357.9358s
	iters: 200, epoch: 8 | loss: 0.1324134
	speed: 0.0039s/iter; left time: 385.8608s
	iters: 300, epoch: 8 | loss: 0.1699657
	speed: 0.0037s/iter; left time: 370.9153s
	iters: 400, epoch: 8 | loss: 0.1375346
	speed: 0.0040s/iter; left time: 393.0476s
	iters: 500, epoch: 8 | loss: 0.2793892
	speed: 0.0036s/iter; left time: 359.6576s
	iters: 600, epoch: 8 | loss: 0.2839473
	speed: 0.0037s/iter; left time: 368.7405s
	iters: 700, epoch: 8 | loss: 0.2285210
	speed: 0.0036s/iter; left time: 355.2307s
	iters: 800, epoch: 8 | loss: 0.3293515
	speed: 0.0039s/iter; left time: 388.3084s
	iters: 900, epoch: 8 | loss: 0.7519438
	speed: 0.0039s/iter; left time: 384.3551s
	iters: 1000, epoch: 8 | loss: 0.2932844
	speed: 0.0038s/iter; left time: 373.4496s
Epoch: 8 cost time: 4.076575994491577
Epoch: 8, Steps: 1067 | Train Loss: 0.2238406 Vali Loss: 0.1270024
EarlyStopping counter: 4 out of 6
Updating learning rate to 3.90625e-06
	iters: 100, epoch: 9 | loss: 0.1428886
	speed: 0.0140s/iter; left time: 1370.7072s
	iters: 200, epoch: 9 | loss: 0.3621477
	speed: 0.0040s/iter; left time: 394.3366s
	iters: 300, epoch: 9 | loss: 0.3272262
	speed: 0.0039s/iter; left time: 385.1719s
	iters: 400, epoch: 9 | loss: 0.1624799
	speed: 0.0037s/iter; left time: 366.0430s
	iters: 500, epoch: 9 | loss: 0.2725123
	speed: 0.0040s/iter; left time: 386.7994s
	iters: 600, epoch: 9 | loss: 0.2509263
	speed: 0.0038s/iter; left time: 369.5426s
	iters: 700, epoch: 9 | loss: 0.1545312
	speed: 0.0038s/iter; left time: 371.3570s
	iters: 800, epoch: 9 | loss: 0.3160349
	speed: 0.0038s/iter; left time: 374.6619s
	iters: 900, epoch: 9 | loss: 0.2034985
	speed: 0.0040s/iter; left time: 392.5191s
	iters: 1000, epoch: 9 | loss: 0.1760469
	speed: 0.0038s/iter; left time: 366.4861s
Epoch: 9 cost time: 4.1809070110321045
Epoch: 9, Steps: 1067 | Train Loss: 0.2237042 Vali Loss: 0.1270074
EarlyStopping counter: 5 out of 6
Updating learning rate to 1.953125e-06
	iters: 100, epoch: 10 | loss: 0.2250065
	speed: 0.0136s/iter; left time: 1321.3429s
	iters: 200, epoch: 10 | loss: 0.1535409
	speed: 0.0038s/iter; left time: 365.0415s
	iters: 300, epoch: 10 | loss: 0.1512299
	speed: 0.0038s/iter; left time: 368.8099s
	iters: 400, epoch: 10 | loss: 0.2384484
	speed: 0.0040s/iter; left time: 386.1323s
	iters: 500, epoch: 10 | loss: 0.1270039
	speed: 0.0040s/iter; left time: 388.5855s
	iters: 600, epoch: 10 | loss: 0.1278366
	speed: 0.0038s/iter; left time: 363.7359s
	iters: 700, epoch: 10 | loss: 0.1146019
	speed: 0.0039s/iter; left time: 380.5225s
	iters: 800, epoch: 10 | loss: 0.4260165
	speed: 0.0038s/iter; left time: 362.0072s
	iters: 900, epoch: 10 | loss: 0.1743787
	speed: 0.0042s/iter; left time: 407.7082s
	iters: 1000, epoch: 10 | loss: 0.1222460
	speed: 0.0039s/iter; left time: 378.9433s
Epoch: 10 cost time: 4.159467935562134
Epoch: 10, Steps: 1067 | Train Loss: 0.2236325 Vali Loss: 0.1269928
EarlyStopping counter: 6 out of 6
Early stopping
VALIDATION_RESULT {"best_epoch": 4, "best_mae": 0.24511416091116017, "best_mse": 0.12617865179905957, "epochs_ran": 10, "metric_version": "element_weighted_v1"}
>>>>>>>test skipped (validation-only run)<<<<<<<<<<<<<<<<<<<<<<<<
Using GPU
Args in experiment:
[1mBasic Config[0m
  Task Name:          long_term_forecast  Is Training:        0                   
  Model ID:           ETTm2_96_96_table2_ettm2_p96_no_mamba_s2023Model:              GraphMambaRecent    

[1mData Loader[0m
  Data:               ETTm2               Root Path:          /home/cwh/Time-Series-Library/dataset/ETT-small
  Data Path:          ETTm2.csv           Features:           M                   
  Target:             OT                  Freq:               h                   
  Checkpoints:        /home/cwh/Time-Series-Library/logs/timerole_p0/recent_backbone/seed2023/checkpoints

[1mForecasting Task[0m
  Seq Len:            336                 Label Len:          48                  
  Pred Len:           96                  Seasonal Patterns:  Monthly             
  Inverse:            0                   

[1mModel Parameters[0m
  Top k:              5                   Num Kernels:        6                   
  Enc In:             7                   Dec In:             7                   
  C Out:              7                   d model:            64                  
  n heads:            8                   e layers:           1                   
  d layers:           1                   d FF:               128                 
  Moving Avg:         25                  Factor:             1                   
  Distil:             1                   Dropout:            0.1                 
  Embed:              timeF               Activation:         gelu                

[1mRun Parameters[0m
  Num Workers:        0                   Itr:                1                   
  Train Epochs:       100                 Batch Size:         32                  
  Patience:           6                   Learning Rate:      0.0005              
  Des:                table2_ettm2_p96_no_mamba_s2023Loss:               MSE                 
  Lradj:              type1               Use Amp:            0                   

[1mGPU[0m
  Use GPU:            1                   GPU:                0                   
  Use Multi GPU:      0                   Devices:            0,1,2,3             

[1mDe-stationary Projector Params[0m
  P Hidden Dims:      128, 128            P Hidden Layers:    2                   

Use GPU: cuda:0
🚀 Lazy Loading: GraphMambaRecent ...
[GraphMamba] Building 7x7 static graph from 2000 training samples
>>>>>>>evaluating validation checkpoint : long_term_forecast_ETTm2_96_96_table2_ettm2_p96_no_mamba_s2023_GraphMambaRecent_ETTm2_ftM_sl336_ll48_pl96_dm64_nh8_el1_dl1_df128_expand2_dc2_fc1_ebtimeF_dtTrue_table2_ettm2_p96_no_mamba_s2023_0<<<<<<<<<<<<<<<<<<<<<<<<<<<<<<<<<
val 11425
EVALUATION_RESULT {"batches": 358, "elapsed_seconds": 0.8288590160664171, "elements": 7677600, "mae": 0.24511416105823094, "metric_version": "element_weighted_v1", "milliseconds_per_batch": 2.3152486482302153, "mse": 0.12617865096582426, "parameter_count": 903366, "peak_cuda_memory_bytes": 65779200, "split": "val", "timerole_intervention": "intact"}
=== w/o Mamba | ETTm2-720 ===
Using GPU
Args in experiment:
[1mBasic Config[0m
  Task Name:          long_term_forecast  Is Training:        1                   
  Model ID:           ETTm2_96_720_table2_ettm2_p720_no_mamba_s2023Model:              GraphMambaRecent    

[1mData Loader[0m
  Data:               ETTm2               Root Path:          /home/cwh/Time-Series-Library/dataset/ETT-small
  Data Path:          ETTm2.csv           Features:           M                   
  Target:             OT                  Freq:               h                   
  Checkpoints:        /home/cwh/Time-Series-Library/logs/timerole_p0/recent_backbone/seed2023/checkpoints

[1mForecasting Task[0m
  Seq Len:            336                 Label Len:          48                  
  Pred Len:           720                 Seasonal Patterns:  Monthly             
  Inverse:            0                   

[1mModel Parameters[0m
  Top k:              5                   Num Kernels:        6                   
  Enc In:             7                   Dec In:             7                   
  C Out:              7                   d model:            64                  
  n heads:            8                   e layers:           1                   
  d layers:           1                   d FF:               128                 
  Moving Avg:         25                  Factor:             1                   
  Distil:             1                   Dropout:            0.1                 
  Embed:              timeF               Activation:         gelu                

[1mRun Parameters[0m
  Num Workers:        0                   Itr:                1                   
  Train Epochs:       100                 Batch Size:         32                  
  Patience:           6                   Learning Rate:      0.0005              
  Des:                table2_ettm2_p720_no_mamba_s2023Loss:               MSE                 
  Lradj:              type1               Use Amp:            0                   

[1mGPU[0m
  Use GPU:            1                   GPU:                0                   
  Use Multi GPU:      0                   Devices:            0,1,2,3             

[1mDe-stationary Projector Params[0m
  P Hidden Dims:      128, 128            P Hidden Layers:    2                   

Use GPU: cuda:0
🚀 Lazy Loading: GraphMambaRecent ...
[GraphMamba] Building 7x7 static graph from 2000 training samples
>>>>>>>start training : long_term_forecast_ETTm2_96_720_table2_ettm2_p720_no_mamba_s2023_GraphMambaRecent_ETTm2_ftM_sl336_ll48_pl720_dm64_nh8_el1_dl1_df128_expand2_dc2_fc1_ebtimeF_dtTrue_table2_ettm2_p720_no_mamba_s2023_0>>>>>>>>>>>>>>>>>>>>>>>>>>
train 33505
val 10801
	iters: 100, epoch: 1 | loss: 0.3157288
	speed: 0.0115s/iter; left time: 1203.1510s
	iters: 200, epoch: 1 | loss: 0.3907886
	speed: 0.0044s/iter; left time: 460.8924s
	iters: 300, epoch: 1 | loss: 0.4862150
	speed: 0.0043s/iter; left time: 447.1409s
	iters: 400, epoch: 1 | loss: 0.3628784
	speed: 0.0042s/iter; left time: 433.7582s
	iters: 500, epoch: 1 | loss: 0.9608366
	speed: 0.0041s/iter; left time: 428.5525s
	iters: 600, epoch: 1 | loss: 0.6559348
	speed: 0.0040s/iter; left time: 417.0486s
	iters: 700, epoch: 1 | loss: 0.6515479
	speed: 0.0044s/iter; left time: 453.6313s
	iters: 800, epoch: 1 | loss: 0.5975550
	speed: 0.0041s/iter; left time: 424.7285s
	iters: 900, epoch: 1 | loss: 0.4634207
	speed: 0.0041s/iter; left time: 429.1358s
	iters: 1000, epoch: 1 | loss: 0.5076157
	speed: 0.0045s/iter; left time: 466.9489s
Epoch: 1 cost time: 4.6000816822052
Epoch: 1, Steps: 1048 | Train Loss: 0.5851418 Vali Loss: 0.2875498
Validation loss decreased (inf --> 0.287550).  Saving model ...
Updating learning rate to 0.0005
	iters: 100, epoch: 2 | loss: 0.2310927
	speed: 0.0136s/iter; left time: 1410.3079s
	iters: 200, epoch: 2 | loss: 0.8740988
	speed: 0.0043s/iter; left time: 442.9086s
	iters: 300, epoch: 2 | loss: 0.6436957
	speed: 0.0041s/iter; left time: 420.3444s
	iters: 400, epoch: 2 | loss: 0.5871366
	speed: 0.0041s/iter; left time: 425.5026s
	iters: 500, epoch: 2 | loss: 0.6604404
	speed: 0.0041s/iter; left time: 423.9191s
	iters: 600, epoch: 2 | loss: 0.4087622
	speed: 0.0042s/iter; left time: 431.8428s
	iters: 700, epoch: 2 | loss: 0.3510901
	speed: 0.0044s/iter; left time: 457.3187s
	iters: 800, epoch: 2 | loss: 0.7371624
	speed: 0.0046s/iter; left time: 473.3813s
	iters: 900, epoch: 2 | loss: 0.5034271
	speed: 0.0044s/iter; left time: 455.6698s
	iters: 1000, epoch: 2 | loss: 0.6509318
	speed: 0.0041s/iter; left time: 424.6436s
Epoch: 2 cost time: 4.428293943405151
Epoch: 2, Steps: 1048 | Train Loss: 0.5739866 Vali Loss: 0.2837197
Validation loss decreased (0.287550 --> 0.283720).  Saving model ...
Updating learning rate to 0.00025
	iters: 100, epoch: 3 | loss: 0.4162791
	speed: 0.0139s/iter; left time: 1425.3627s
	iters: 200, epoch: 3 | loss: 0.5290211
	speed: 0.0043s/iter; left time: 435.8097s
	iters: 300, epoch: 3 | loss: 0.3951653
	speed: 0.0042s/iter; left time: 430.2222s
	iters: 400, epoch: 3 | loss: 0.6471646
	speed: 0.0044s/iter; left time: 452.2522s
	iters: 500, epoch: 3 | loss: 1.2175972
	speed: 0.0044s/iter; left time: 448.0689s
	iters: 600, epoch: 3 | loss: 0.4869532
	speed: 0.0045s/iter; left time: 463.5691s
	iters: 700, epoch: 3 | loss: 0.5230792
	speed: 0.0044s/iter; left time: 448.0805s
	iters: 800, epoch: 3 | loss: 0.6937097
	speed: 0.0042s/iter; left time: 430.0811s
	iters: 900, epoch: 3 | loss: 0.8128338
	speed: 0.0048s/iter; left time: 487.4740s
	iters: 1000, epoch: 3 | loss: 0.5351367
	speed: 0.0045s/iter; left time: 461.6757s
Epoch: 3 cost time: 4.605379581451416
Epoch: 3, Steps: 1048 | Train Loss: 0.5653235 Vali Loss: 0.2853737
EarlyStopping counter: 1 out of 6
Updating learning rate to 0.000125
	iters: 100, epoch: 4 | loss: 0.7769465
	speed: 0.0139s/iter; left time: 1411.4971s
	iters: 200, epoch: 4 | loss: 0.3879873
	speed: 0.0042s/iter; left time: 424.9589s
	iters: 300, epoch: 4 | loss: 0.2988679
	speed: 0.0046s/iter; left time: 465.0753s
	iters: 400, epoch: 4 | loss: 0.6645406
	speed: 0.0042s/iter; left time: 428.9949s
	iters: 500, epoch: 4 | loss: 0.7798875
	speed: 0.0043s/iter; left time: 432.2721s
	iters: 600, epoch: 4 | loss: 0.3260276
	speed: 0.0043s/iter; left time: 435.6214s
	iters: 700, epoch: 4 | loss: 0.3151117
	speed: 0.0042s/iter; left time: 428.1244s
	iters: 800, epoch: 4 | loss: 0.3613939
	speed: 0.0045s/iter; left time: 453.3436s
	iters: 900, epoch: 4 | loss: 0.6907017
	speed: 0.0042s/iter; left time: 420.1937s
	iters: 1000, epoch: 4 | loss: 0.5810262
	speed: 0.0043s/iter; left time: 431.8549s
Epoch: 4 cost time: 4.4993555545806885
Epoch: 4, Steps: 1048 | Train Loss: 0.5611765 Vali Loss: 0.2855394
EarlyStopping counter: 2 out of 6
Updating learning rate to 6.25e-05
	iters: 100, epoch: 5 | loss: 0.3636822
	speed: 0.0135s/iter; left time: 1356.8242s
	iters: 200, epoch: 5 | loss: 0.4693694
	speed: 0.0043s/iter; left time: 435.6027s
	iters: 300, epoch: 5 | loss: 0.6373624
	speed: 0.0043s/iter; left time: 430.2440s
	iters: 400, epoch: 5 | loss: 0.6014254
	speed: 0.0041s/iter; left time: 411.2944s
	iters: 500, epoch: 5 | loss: 0.2965663
	speed: 0.0042s/iter; left time: 419.1678s
	iters: 600, epoch: 5 | loss: 0.3475646
	speed: 0.0042s/iter; left time: 424.3465s
	iters: 700, epoch: 5 | loss: 0.3502585
	speed: 0.0043s/iter; left time: 433.8764s
	iters: 800, epoch: 5 | loss: 1.1030858
	speed: 0.0041s/iter; left time: 411.9367s
	iters: 900, epoch: 5 | loss: 0.5980643
	speed: 0.0041s/iter; left time: 413.2020s
	iters: 1000, epoch: 5 | loss: 0.4975729
	speed: 0.0046s/iter; left time: 456.2161s
Epoch: 5 cost time: 4.455283164978027
Epoch: 5, Steps: 1048 | Train Loss: 0.5586120 Vali Loss: 0.2848461
EarlyStopping counter: 3 out of 6
Updating learning rate to 3.125e-05
	iters: 100, epoch: 6 | loss: 0.3455529
	speed: 0.0137s/iter; left time: 1362.1814s
	iters: 200, epoch: 6 | loss: 0.6989371
	speed: 0.0043s/iter; left time: 424.9180s
	iters: 300, epoch: 6 | loss: 0.3570582
	speed: 0.0042s/iter; left time: 418.7931s
	iters: 400, epoch: 6 | loss: 0.4262396
	speed: 0.0043s/iter; left time: 423.9329s
	iters: 500, epoch: 6 | loss: 0.4438381
	speed: 0.0042s/iter; left time: 413.7134s
	iters: 600, epoch: 6 | loss: 0.4404779
	speed: 0.0043s/iter; left time: 422.8566s
	iters: 700, epoch: 6 | loss: 0.6978534
	speed: 0.0042s/iter; left time: 411.2176s
	iters: 800, epoch: 6 | loss: 0.2425806
	speed: 0.0046s/iter; left time: 453.7223s
	iters: 900, epoch: 6 | loss: 1.1235226
	speed: 0.0043s/iter; left time: 429.0607s
	iters: 1000, epoch: 6 | loss: 0.4935175
	speed: 0.0046s/iter; left time: 453.5924s
Epoch: 6 cost time: 4.5139994621276855
Epoch: 6, Steps: 1048 | Train Loss: 0.5573666 Vali Loss: 0.2850576
EarlyStopping counter: 4 out of 6
Updating learning rate to 1.5625e-05
	iters: 100, epoch: 7 | loss: 0.6618906
	speed: 0.0143s/iter; left time: 1405.4606s
	iters: 200, epoch: 7 | loss: 0.8094268
	speed: 0.0041s/iter; left time: 407.9349s
	iters: 300, epoch: 7 | loss: 0.6463324
	speed: 0.0044s/iter; left time: 433.5895s
	iters: 400, epoch: 7 | loss: 0.6681784
	speed: 0.0047s/iter; left time: 456.7105s
	iters: 500, epoch: 7 | loss: 0.3277858
	speed: 0.0049s/iter; left time: 477.8935s
	iters: 600, epoch: 7 | loss: 0.6874602
	speed: 0.0045s/iter; left time: 443.3139s
	iters: 700, epoch: 7 | loss: 0.5190191
	speed: 0.0046s/iter; left time: 454.4213s
	iters: 800, epoch: 7 | loss: 0.6664984
	speed: 0.0047s/iter; left time: 461.6453s
	iters: 900, epoch: 7 | loss: 0.4449053
	speed: 0.0045s/iter; left time: 438.6935s
	iters: 1000, epoch: 7 | loss: 0.2827582
	speed: 0.0045s/iter; left time: 435.8583s
Epoch: 7 cost time: 4.728332042694092
Epoch: 7, Steps: 1048 | Train Loss: 0.5569665 Vali Loss: 0.2849712
EarlyStopping counter: 5 out of 6
Updating learning rate to 7.8125e-06
	iters: 100, epoch: 8 | loss: 0.2645075
	speed: 0.0142s/iter; left time: 1379.4023s
	iters: 200, epoch: 8 | loss: 0.6185846
	speed: 0.0047s/iter; left time: 454.8122s
	iters: 300, epoch: 8 | loss: 0.3045971
	speed: 0.0042s/iter; left time: 404.3458s
	iters: 400, epoch: 8 | loss: 0.9931195
	speed: 0.0041s/iter; left time: 393.5916s
	iters: 500, epoch: 8 | loss: 0.4734419
	speed: 0.0042s/iter; left time: 411.2042s
	iters: 600, epoch: 8 | loss: 0.4372532
	speed: 0.0040s/iter; left time: 386.8019s
	iters: 700, epoch: 8 | loss: 0.2898434
	speed: 0.0044s/iter; left time: 426.3947s
	iters: 800, epoch: 8 | loss: 0.5321473
	speed: 0.0050s/iter; left time: 480.7161s
	iters: 900, epoch: 8 | loss: 0.7287447
	speed: 0.0052s/iter; left time: 499.5127s
	iters: 1000, epoch: 8 | loss: 0.3371781
	speed: 0.0045s/iter; left time: 436.5824s
Epoch: 8 cost time: 4.672704458236694
Epoch: 8, Steps: 1048 | Train Loss: 0.5572886 Vali Loss: 0.2849708
EarlyStopping counter: 6 out of 6
Early stopping
VALIDATION_RESULT {"best_epoch": 2, "best_mae": 0.3658402525005837, "best_mse": 0.2837197409110713, "epochs_ran": 8, "metric_version": "element_weighted_v1"}
>>>>>>>test skipped (validation-only run)<<<<<<<<<<<<<<<<<<<<<<<<
Using GPU
Args in experiment:
[1mBasic Config[0m
  Task Name:          long_term_forecast  Is Training:        0                   
  Model ID:           ETTm2_96_720_table2_ettm2_p720_no_mamba_s2023Model:              GraphMambaRecent    

[1mData Loader[0m
  Data:               ETTm2               Root Path:          /home/cwh/Time-Series-Library/dataset/ETT-small
  Data Path:          ETTm2.csv           Features:           M                   
  Target:             OT                  Freq:               h                   
  Checkpoints:        /home/cwh/Time-Series-Library/logs/timerole_p0/recent_backbone/seed2023/checkpoints

[1mForecasting Task[0m
  Seq Len:            336                 Label Len:          48                  
  Pred Len:           720                 Seasonal Patterns:  Monthly             
  Inverse:            0                   

[1mModel Parameters[0m
  Top k:              5                   Num Kernels:        6                   
  Enc In:             7                   Dec In:             7                   
  C Out:              7                   d model:            64                  
  n heads:            8                   e layers:           1                   
  d layers:           1                   d FF:               128                 
  Moving Avg:         25                  Factor:             1                   
  Distil:             1                   Dropout:            0.1                 
  Embed:              timeF               Activation:         gelu                

[1mRun Parameters[0m
  Num Workers:        0                   Itr:                1                   
  Train Epochs:       100                 Batch Size:         32                  
  Patience:           6                   Learning Rate:      0.0005              
  Des:                table2_ettm2_p720_no_mamba_s2023Loss:               MSE                 
  Lradj:              type1               Use Amp:            0                   

[1mGPU[0m
  Use GPU:            1                   GPU:                0                   
  Use Multi GPU:      0                   Devices:            0,1,2,3             

[1mDe-stationary Projector Params[0m
  P Hidden Dims:      128, 128            P Hidden Layers:    2                   

Use GPU: cuda:0
🚀 Lazy Loading: GraphMambaRecent ...
[GraphMamba] Building 7x7 static graph from 2000 training samples
>>>>>>>evaluating validation checkpoint : long_term_forecast_ETTm2_96_720_table2_ettm2_p720_no_mamba_s2023_GraphMambaRecent_ETTm2_ftM_sl336_ll48_pl720_dm64_nh8_el1_dl1_df128_expand2_dc2_fc1_ebtimeF_dtTrue_table2_ettm2_p720_no_mamba_s2023_0<<<<<<<<<<<<<<<<<<<<<<<<<<<<<<<<<
val 10801
EVALUATION_RESULT {"batches": 338, "elapsed_seconds": 0.8986890481319278, "elements": 54437040, "mae": 0.36584025379221347, "metric_version": "element_weighted_v1", "milliseconds_per_batch": 2.6588433376684257, "mse": 0.28371974392487403, "parameter_count": 6715302, "peak_cuda_memory_bytes": 93422080, "split": "val", "timerole_intervention": "intact"}
=== w/o Graph | ETTm1-96 ===
Using GPU
Args in experiment:
[1mBasic Config[0m
  Task Name:          long_term_forecast  Is Training:        1                   
  Model ID:           ETTm1_96_96_table2_ettm1_p96_no_graph_s2023Model:              GraphMambaRecent    

[1mData Loader[0m
  Data:               ETTm1               Root Path:          /home/cwh/Time-Series-Library/dataset/ETT-small
  Data Path:          ETTm1.csv           Features:           M                   
  Target:             OT                  Freq:               h                   
  Checkpoints:        /home/cwh/Time-Series-Library/logs/timerole_p0/recent_backbone/seed2023/checkpoints

[1mForecasting Task[0m
  Seq Len:            336                 Label Len:          48                  
  Pred Len:           96                  Seasonal Patterns:  Monthly             
  Inverse:            0                   

[1mModel Parameters[0m
  Top k:              5                   Num Kernels:        6                   
  Enc In:             7                   Dec In:             7                   
  C Out:              7                   d model:            64                  
  n heads:            8                   e layers:           1                   
  d layers:           1                   d FF:               128                 
  Moving Avg:         25                  Factor:             1                   
  Distil:             1                   Dropout:            0.1                 
  Embed:              timeF               Activation:         gelu                

[1mRun Parameters[0m
  Num Workers:        0                   Itr:                1                   
  Train Epochs:       100                 Batch Size:         32                  
  Patience:           6                   Learning Rate:      0.0005              
  Des:                table2_ettm1_p96_no_graph_s2023Loss:               MSE                 
  Lradj:              type1               Use Amp:            0                   

[1mGPU[0m
  Use GPU:            1                   GPU:                0                   
  Use Multi GPU:      0                   Devices:            0,1,2,3             

[1mDe-stationary Projector Params[0m
  P Hidden Dims:      128, 128            P Hidden Layers:    2                   

Use GPU: cuda:0
🚀 Lazy Loading: GraphMambaRecent ...
>>>>>>>start training : long_term_forecast_ETTm1_96_96_table2_ettm1_p96_no_graph_s2023_GraphMambaRecent_ETTm1_ftM_sl336_ll48_pl96_dm64_nh8_el1_dl1_df128_expand2_dc2_fc1_ebtimeF_dtTrue_table2_ettm1_p96_no_graph_s2023_0>>>>>>>>>>>>>>>>>>>>>>>>>>
train 34129
val 11425
	iters: 100, epoch: 1 | loss: 0.4457552
	speed: 0.0118s/iter; left time: 1254.9701s
	iters: 200, epoch: 1 | loss: 0.3797074
	speed: 0.0096s/iter; left time: 1027.3476s
	iters: 300, epoch: 1 | loss: 0.3912984
	speed: 0.0097s/iter; left time: 1027.3150s
	iters: 400, epoch: 1 | loss: 0.2966571
	speed: 0.0098s/iter; left time: 1038.2232s
	iters: 500, epoch: 1 | loss: 0.3249367
	speed: 0.0098s/iter; left time: 1035.6956s
	iters: 600, epoch: 1 | loss: 0.2757927
	speed: 0.0098s/iter; left time: 1037.3849s
	iters: 700, epoch: 1 | loss: 0.2717894
	speed: 0.0097s/iter; left time: 1030.0147s
	iters: 800, epoch: 1 | loss: 0.3091735
	speed: 0.0096s/iter; left time: 1013.9624s
	iters: 900, epoch: 1 | loss: 0.2792580
	speed: 0.0099s/iter; left time: 1043.4759s
	iters: 1000, epoch: 1 | loss: 0.3717292
	speed: 0.0098s/iter; left time: 1037.4550s
Epoch: 1 cost time: 10.618059396743774
Epoch: 1, Steps: 1067 | Train Loss: 0.3559341 Vali Loss: 0.4137144
Validation loss decreased (inf --> 0.413714).  Saving model ...
Updating learning rate to 0.0005
	iters: 100, epoch: 2 | loss: 0.2961178
	speed: 0.0318s/iter; left time: 3352.8540s
	iters: 200, epoch: 2 | loss: 0.3030968
	speed: 0.0098s/iter; left time: 1029.1450s
	iters: 300, epoch: 2 | loss: 0.3019679
	speed: 0.0098s/iter; left time: 1034.5852s
	iters: 400, epoch: 2 | loss: 0.3033617
	speed: 0.0097s/iter; left time: 1018.5900s
	iters: 500, epoch: 2 | loss: 0.2486621
	speed: 0.0099s/iter; left time: 1040.5907s
	iters: 600, epoch: 2 | loss: 0.2959617
	speed: 0.0096s/iter; left time: 1013.1969s
	iters: 700, epoch: 2 | loss: 0.2704930
	speed: 0.0097s/iter; left time: 1020.0234s
	iters: 800, epoch: 2 | loss: 0.2758738
	speed: 0.0097s/iter; left time: 1017.6971s
	iters: 900, epoch: 2 | loss: 0.3742093
	speed: 0.0096s/iter; left time: 1006.1721s
	iters: 1000, epoch: 2 | loss: 0.2772233
	speed: 0.0099s/iter; left time: 1031.9757s
Epoch: 2 cost time: 10.396751403808594
Epoch: 2, Steps: 1067 | Train Loss: 0.2804750 Vali Loss: 0.4037096
Validation loss decreased (0.413714 --> 0.403710).  Saving model ...
Updating learning rate to 0.00025
	iters: 100, epoch: 3 | loss: 0.2940693
	speed: 0.0314s/iter; left time: 3275.8960s
	iters: 200, epoch: 3 | loss: 0.2508195
	speed: 0.0097s/iter; left time: 1012.2151s
	iters: 300, epoch: 3 | loss: 0.2043274
	speed: 0.0096s/iter; left time: 1002.0379s
	iters: 400, epoch: 3 | loss: 0.2687506
	speed: 0.0098s/iter; left time: 1017.2762s
	iters: 500, epoch: 3 | loss: 0.2084720
	speed: 0.0096s/iter; left time: 1001.0423s
	iters: 600, epoch: 3 | loss: 0.2677947
	speed: 0.0097s/iter; left time: 1010.2808s
	iters: 700, epoch: 3 | loss: 0.2571783
	speed: 0.0097s/iter; left time: 1006.8482s
	iters: 800, epoch: 3 | loss: 0.2893724
	speed: 0.0098s/iter; left time: 1012.3862s
	iters: 900, epoch: 3 | loss: 0.2132279
	speed: 0.0096s/iter; left time: 997.0965s
	iters: 1000, epoch: 3 | loss: 0.3441750
	speed: 0.0096s/iter; left time: 997.5804s
Epoch: 3 cost time: 10.339734315872192
Epoch: 3, Steps: 1067 | Train Loss: 0.2662511 Vali Loss: 0.4060915
EarlyStopping counter: 1 out of 6
Updating learning rate to 0.000125
	iters: 100, epoch: 4 | loss: 0.2628576
	speed: 0.0311s/iter; left time: 3211.5704s
	iters: 200, epoch: 4 | loss: 0.2347660
	speed: 0.0098s/iter; left time: 1013.1900s
	iters: 300, epoch: 4 | loss: 0.2270019
	speed: 0.0101s/iter; left time: 1039.1078s
	iters: 400, epoch: 4 | loss: 0.3734059
	speed: 0.0098s/iter; left time: 1013.6102s
	iters: 500, epoch: 4 | loss: 0.2897031
	speed: 0.0098s/iter; left time: 1006.8100s
	iters: 600, epoch: 4 | loss: 0.2395587
	speed: 0.0098s/iter; left time: 1010.6734s
	iters: 700, epoch: 4 | loss: 0.2338468
	speed: 0.0099s/iter; left time: 1012.7287s
	iters: 800, epoch: 4 | loss: 0.2533889
	speed: 0.0100s/iter; left time: 1026.2204s
	iters: 900, epoch: 4 | loss: 0.3527694
	speed: 0.0098s/iter; left time: 1005.6300s
	iters: 1000, epoch: 4 | loss: 0.2574746
	speed: 0.0100s/iter; left time: 1023.4164s
Epoch: 4 cost time: 10.523087739944458
Epoch: 4, Steps: 1067 | Train Loss: 0.2599886 Vali Loss: 0.4078798
EarlyStopping counter: 2 out of 6
Updating learning rate to 6.25e-05
	iters: 100, epoch: 5 | loss: 0.2851309
	speed: 0.0317s/iter; left time: 3246.2511s
	iters: 200, epoch: 5 | loss: 0.2741621
	speed: 0.0099s/iter; left time: 1009.5506s
	iters: 300, epoch: 5 | loss: 0.2434881
	speed: 0.0098s/iter; left time: 1002.0934s
	iters: 400, epoch: 5 | loss: 0.2563006
	speed: 0.0101s/iter; left time: 1030.0202s
	iters: 500, epoch: 5 | loss: 0.2207364
	speed: 0.0098s/iter; left time: 1003.3775s
	iters: 600, epoch: 5 | loss: 0.2628789
	speed: 0.0097s/iter; left time: 984.6982s
	iters: 700, epoch: 5 | loss: 0.2853400
	speed: 0.0096s/iter; left time: 973.9574s
	iters: 800, epoch: 5 | loss: 0.2688186
	speed: 0.0097s/iter; left time: 990.4945s
	iters: 900, epoch: 5 | loss: 0.2102314
	speed: 0.0096s/iter; left time: 973.2460s
	iters: 1000, epoch: 5 | loss: 0.2749214
	speed: 0.0097s/iter; left time: 983.7669s
Epoch: 5 cost time: 10.419886589050293
Epoch: 5, Steps: 1067 | Train Loss: 0.2563172 Vali Loss: 0.4094761
EarlyStopping counter: 3 out of 6
Updating learning rate to 3.125e-05
	iters: 100, epoch: 6 | loss: 0.2886210
	speed: 0.0310s/iter; left time: 3140.9309s
	iters: 200, epoch: 6 | loss: 0.2496513
	speed: 0.0096s/iter; left time: 970.6288s
	iters: 300, epoch: 6 | loss: 0.2808339
	speed: 0.0095s/iter; left time: 958.6001s
	iters: 400, epoch: 6 | loss: 0.3089430
	speed: 0.0098s/iter; left time: 993.8152s
	iters: 500, epoch: 6 | loss: 0.2257669
	speed: 0.0097s/iter; left time: 974.8392s
	iters: 600, epoch: 6 | loss: 0.2890477
	speed: 0.0097s/iter; left time: 978.5793s
	iters: 700, epoch: 6 | loss: 0.2871978
	speed: 0.0097s/iter; left time: 976.7233s
	iters: 800, epoch: 6 | loss: 0.2305378
	speed: 0.0096s/iter; left time: 969.5639s
	iters: 900, epoch: 6 | loss: 0.2424568
	speed: 0.0096s/iter; left time: 967.8479s
	iters: 1000, epoch: 6 | loss: 0.2984550
	speed: 0.0097s/iter; left time: 971.4808s
Epoch: 6 cost time: 10.338841915130615
Epoch: 6, Steps: 1067 | Train Loss: 0.2541538 Vali Loss: 0.4088392
EarlyStopping counter: 4 out of 6
Updating learning rate to 1.5625e-05
	iters: 100, epoch: 7 | loss: 0.2335496
	speed: 0.0313s/iter; left time: 3140.7740s
	iters: 200, epoch: 7 | loss: 0.2672622
	speed: 0.0100s/iter; left time: 997.5350s
	iters: 300, epoch: 7 | loss: 0.2114068
	speed: 0.0098s/iter; left time: 976.4300s
	iters: 400, epoch: 7 | loss: 0.3502329
	speed: 0.0098s/iter; left time: 982.9080s
	iters: 500, epoch: 7 | loss: 0.2564889
	speed: 0.0099s/iter; left time: 991.8583s
	iters: 600, epoch: 7 | loss: 0.2374638
	speed: 0.0098s/iter; left time: 976.6649s
	iters: 700, epoch: 7 | loss: 0.2106958
	speed: 0.0097s/iter; left time: 968.9055s
	iters: 800, epoch: 7 | loss: 0.3303864
	speed: 0.0096s/iter; left time: 951.8249s
	iters: 900, epoch: 7 | loss: 0.2414102
	speed: 0.0094s/iter; left time: 930.3520s
	iters: 1000, epoch: 7 | loss: 0.2588859
	speed: 0.0099s/iter; left time: 979.0117s
Epoch: 7 cost time: 10.431917905807495
Epoch: 7, Steps: 1067 | Train Loss: 0.2529890 Vali Loss: 0.4105728
EarlyStopping counter: 5 out of 6
Updating learning rate to 7.8125e-06
	iters: 100, epoch: 8 | loss: 0.2028671
	speed: 0.0311s/iter; left time: 3085.3643s
	iters: 200, epoch: 8 | loss: 0.2515564
	speed: 0.0099s/iter; left time: 978.4578s
	iters: 300, epoch: 8 | loss: 0.2270118
	speed: 0.0097s/iter; left time: 959.7232s
	iters: 400, epoch: 8 | loss: 0.2738564
	speed: 0.0096s/iter; left time: 951.3950s
	iters: 500, epoch: 8 | loss: 0.2782609
	speed: 0.0098s/iter; left time: 970.1011s
	iters: 600, epoch: 8 | loss: 0.2832576
	speed: 0.0099s/iter; left time: 975.5606s
	iters: 700, epoch: 8 | loss: 0.2568695
	speed: 0.0097s/iter; left time: 960.5147s
	iters: 800, epoch: 8 | loss: 0.2433532
	speed: 0.0096s/iter; left time: 945.3657s
	iters: 900, epoch: 8 | loss: 0.2552908
	speed: 0.0097s/iter; left time: 954.0982s
	iters: 1000, epoch: 8 | loss: 0.2545321
	speed: 0.0097s/iter; left time: 955.3733s
Epoch: 8 cost time: 10.389421701431274
Epoch: 8, Steps: 1067 | Train Loss: 0.2523714 Vali Loss: 0.4075461
EarlyStopping counter: 6 out of 6
Early stopping
VALIDATION_RESULT {"best_epoch": 2, "best_mae": 0.41946394134216214, "best_mse": 0.4037096244086198, "epochs_ran": 8, "metric_version": "element_weighted_v1"}
>>>>>>>test skipped (validation-only run)<<<<<<<<<<<<<<<<<<<<<<<<
Using GPU
Args in experiment:
[1mBasic Config[0m
  Task Name:          long_term_forecast  Is Training:        0                   
  Model ID:           ETTm1_96_96_table2_ettm1_p96_no_graph_s2023Model:              GraphMambaRecent    

[1mData Loader[0m
  Data:               ETTm1               Root Path:          /home/cwh/Time-Series-Library/dataset/ETT-small
  Data Path:          ETTm1.csv           Features:           M                   
  Target:             OT                  Freq:               h                   
  Checkpoints:        /home/cwh/Time-Series-Library/logs/timerole_p0/recent_backbone/seed2023/checkpoints

[1mForecasting Task[0m
  Seq Len:            336                 Label Len:          48                  
  Pred Len:           96                  Seasonal Patterns:  Monthly             
  Inverse:            0                   

[1mModel Parameters[0m
  Top k:              5                   Num Kernels:        6                   
  Enc In:             7                   Dec In:             7                   
  C Out:              7                   d model:            64                  
  n heads:            8                   e layers:           1                   
  d layers:           1                   d FF:               128                 
  Moving Avg:         25                  Factor:             1                   
  Distil:             1                   Dropout:            0.1                 
  Embed:              timeF               Activation:         gelu                

[1mRun Parameters[0m
  Num Workers:        0                   Itr:                1                   
  Train Epochs:       100                 Batch Size:         32                  
  Patience:           6                   Learning Rate:      0.0005              
  Des:                table2_ettm1_p96_no_graph_s2023Loss:               MSE                 
  Lradj:              type1               Use Amp:            0                   

[1mGPU[0m
  Use GPU:            1                   GPU:                0                   
  Use Multi GPU:      0                   Devices:            0,1,2,3             

[1mDe-stationary Projector Params[0m
  P Hidden Dims:      128, 128            P Hidden Layers:    2                   

Use GPU: cuda:0
🚀 Lazy Loading: GraphMambaRecent ...
>>>>>>>evaluating validation checkpoint : long_term_forecast_ETTm1_96_96_table2_ettm1_p96_no_graph_s2023_GraphMambaRecent_ETTm1_ftM_sl336_ll48_pl96_dm64_nh8_el1_dl1_df128_expand2_dc2_fc1_ebtimeF_dtTrue_table2_ettm1_p96_no_graph_s2023_0<<<<<<<<<<<<<<<<<<<<<<<<<<<<<<<<<
val 11425
EVALUATION_RESULT {"batches": 358, "elapsed_seconds": 1.6511273679789156, "elements": 7677600, "mae": 0.41946394096057316, "metric_version": "element_weighted_v1", "milliseconds_per_batch": 4.6120876200528365, "mse": 0.40370962539439126, "parameter_count": 988992, "peak_cuda_memory_bytes": 139025920, "split": "val", "timerole_intervention": "intact"}
=== w/o Graph | ETTm1-720 ===
Using GPU
Args in experiment:
[1mBasic Config[0m
  Task Name:          long_term_forecast  Is Training:        1                   
  Model ID:           ETTm1_96_720_table2_ettm1_p720_no_graph_s2023Model:              GraphMambaRecent    

[1mData Loader[0m
  Data:               ETTm1               Root Path:          /home/cwh/Time-Series-Library/dataset/ETT-small
  Data Path:          ETTm1.csv           Features:           M                   
  Target:             OT                  Freq:               h                   
  Checkpoints:        /home/cwh/Time-Series-Library/logs/timerole_p0/recent_backbone/seed2023/checkpoints

[1mForecasting Task[0m
  Seq Len:            336                 Label Len:          48                  
  Pred Len:           720                 Seasonal Patterns:  Monthly             
  Inverse:            0                   

[1mModel Parameters[0m
  Top k:              5                   Num Kernels:        6                   
  Enc In:             7                   Dec In:             7                   
  C Out:              7                   d model:            64                  
  n heads:            8                   e layers:           1                   
  d layers:           1                   d FF:               128                 
  Moving Avg:         25                  Factor:             1                   
  Distil:             1                   Dropout:            0.1                 
  Embed:              timeF               Activation:         gelu                

[1mRun Parameters[0m
  Num Workers:        0                   Itr:                1                   
  Train Epochs:       100                 Batch Size:         32                  
  Patience:           6                   Learning Rate:      0.0005              
  Des:                table2_ettm1_p720_no_graph_s2023Loss:               MSE                 
  Lradj:              type1               Use Amp:            0                   

[1mGPU[0m
  Use GPU:            1                   GPU:                0                   
  Use Multi GPU:      0                   Devices:            0,1,2,3             

[1mDe-stationary Projector Params[0m
  P Hidden Dims:      128, 128            P Hidden Layers:    2                   

Use GPU: cuda:0
🚀 Lazy Loading: GraphMambaRecent ...
>>>>>>>start training : long_term_forecast_ETTm1_96_720_table2_ettm1_p720_no_graph_s2023_GraphMambaRecent_ETTm1_ftM_sl336_ll48_pl720_dm64_nh8_el1_dl1_df128_expand2_dc2_fc1_ebtimeF_dtTrue_table2_ettm1_p720_no_graph_s2023_0>>>>>>>>>>>>>>>>>>>>>>>>>>
train 33505
val 10801
	iters: 100, epoch: 1 | loss: 0.5173748
	speed: 0.0121s/iter; left time: 1271.3382s
	iters: 200, epoch: 1 | loss: 0.4462939
	speed: 0.0103s/iter; left time: 1073.1649s
	iters: 300, epoch: 1 | loss: 0.4891608
	speed: 0.0103s/iter; left time: 1074.2086s
	iters: 400, epoch: 1 | loss: 0.5561181
	speed: 0.0104s/iter; left time: 1082.0267s
	iters: 500, epoch: 1 | loss: 0.4399536
	speed: 0.0103s/iter; left time: 1075.0403s
	iters: 600, epoch: 1 | loss: 0.4799002
	speed: 0.0102s/iter; left time: 1067.1228s
	iters: 700, epoch: 1 | loss: 0.4821721
	speed: 0.0103s/iter; left time: 1075.6013s
	iters: 800, epoch: 1 | loss: 0.4060702
	speed: 0.0101s/iter; left time: 1053.5780s
	iters: 900, epoch: 1 | loss: 0.5094907
	speed: 0.0103s/iter; left time: 1075.3579s
	iters: 1000, epoch: 1 | loss: 0.4670980
	speed: 0.0102s/iter; left time: 1053.8599s
Epoch: 1 cost time: 10.965222835540771
Epoch: 1, Steps: 1048 | Train Loss: 0.5131408 Vali Loss: 1.0105604
Validation loss decreased (inf --> 1.010560).  Saving model ...
Updating learning rate to 0.0005
	iters: 100, epoch: 2 | loss: 0.5750605
	speed: 0.0311s/iter; left time: 3226.6113s
	iters: 200, epoch: 2 | loss: 0.4799798
	speed: 0.0103s/iter; left time: 1065.1123s
	iters: 300, epoch: 2 | loss: 0.5569783
	speed: 0.0103s/iter; left time: 1067.2720s
	iters: 400, epoch: 2 | loss: 0.4328245
	speed: 0.0103s/iter; left time: 1063.3218s
	iters: 500, epoch: 2 | loss: 0.4333369
	speed: 0.0103s/iter; left time: 1066.0040s
	iters: 600, epoch: 2 | loss: 0.4392554
	speed: 0.0101s/iter; left time: 1044.1935s
	iters: 700, epoch: 2 | loss: 0.4777223
	speed: 0.0101s/iter; left time: 1037.3611s
	iters: 800, epoch: 2 | loss: 0.3973012
	speed: 0.0101s/iter; left time: 1037.6029s
	iters: 900, epoch: 2 | loss: 0.4651484
	speed: 0.0102s/iter; left time: 1050.0655s
	iters: 1000, epoch: 2 | loss: 0.3546371
	speed: 0.0102s/iter; left time: 1047.2033s
Epoch: 2 cost time: 10.700862884521484
Epoch: 2, Steps: 1048 | Train Loss: 0.4603916 Vali Loss: 0.9756927
Validation loss decreased (1.010560 --> 0.975693).  Saving model ...
Updating learning rate to 0.00025
	iters: 100, epoch: 3 | loss: 0.4676234
	speed: 0.0302s/iter; left time: 3096.0368s
	iters: 200, epoch: 3 | loss: 0.4609152
	speed: 0.0102s/iter; left time: 1046.7121s
	iters: 300, epoch: 3 | loss: 0.4038377
	speed: 0.0103s/iter; left time: 1052.2272s
	iters: 400, epoch: 3 | loss: 0.4295243
	speed: 0.0103s/iter; left time: 1056.1472s
	iters: 500, epoch: 3 | loss: 0.3624642
	speed: 0.0103s/iter; left time: 1047.9522s
	iters: 600, epoch: 3 | loss: 0.3500087
	speed: 0.0103s/iter; left time: 1050.0794s
	iters: 700, epoch: 3 | loss: 0.4316244
	speed: 0.0103s/iter; left time: 1046.9485s
	iters: 800, epoch: 3 | loss: 0.4071684
	speed: 0.0103s/iter; left time: 1051.8567s
	iters: 900, epoch: 3 | loss: 0.3438860
	speed: 0.0104s/iter; left time: 1059.6477s
	iters: 1000, epoch: 3 | loss: 0.3812053
	speed: 0.0103s/iter; left time: 1044.3735s
Epoch: 3 cost time: 10.78150200843811
Epoch: 3, Steps: 1048 | Train Loss: 0.4436500 Vali Loss: 0.9718447
Validation loss decreased (0.975693 --> 0.971845).  Saving model ...
Updating learning rate to 0.000125
	iters: 100, epoch: 4 | loss: 0.3991752
	speed: 0.0307s/iter; left time: 3117.0822s
	iters: 200, epoch: 4 | loss: 0.4776290
	speed: 0.0104s/iter; left time: 1057.7821s
	iters: 300, epoch: 4 | loss: 0.4485671
	speed: 0.0103s/iter; left time: 1038.9238s
	iters: 400, epoch: 4 | loss: 0.4020239
	speed: 0.0102s/iter; left time: 1032.8231s
	iters: 500, epoch: 4 | loss: 0.4953822
	speed: 0.0102s/iter; left time: 1031.9647s
	iters: 600, epoch: 4 | loss: 0.4916295
	speed: 0.0103s/iter; left time: 1042.0889s
	iters: 700, epoch: 4 | loss: 0.4169071
	speed: 0.0100s/iter; left time: 1008.8821s
	iters: 800, epoch: 4 | loss: 0.3442077
	speed: 0.0102s/iter; left time: 1029.7354s
	iters: 900, epoch: 4 | loss: 0.3907935
	speed: 0.0103s/iter; left time: 1038.4723s
	iters: 1000, epoch: 4 | loss: 0.4568279
	speed: 0.0103s/iter; left time: 1032.4473s
Epoch: 4 cost time: 10.74736499786377
Epoch: 4, Steps: 1048 | Train Loss: 0.4370109 Vali Loss: 0.9668842
Validation loss decreased (0.971845 --> 0.966884).  Saving model ...
Updating learning rate to 6.25e-05
	iters: 100, epoch: 5 | loss: 0.4680638
	speed: 0.0305s/iter; left time: 3063.2832s
	iters: 200, epoch: 5 | loss: 0.4362421
	speed: 0.0103s/iter; left time: 1037.5041s
	iters: 300, epoch: 5 | loss: 0.4129142
	speed: 0.0104s/iter; left time: 1044.3794s
	iters: 400, epoch: 5 | loss: 0.5258804
	speed: 0.0101s/iter; left time: 1014.4912s
	iters: 500, epoch: 5 | loss: 0.4460755
	speed: 0.0100s/iter; left time: 1001.8721s
	iters: 600, epoch: 5 | loss: 0.4109481
	speed: 0.0103s/iter; left time: 1032.7217s
	iters: 700, epoch: 5 | loss: 0.3669375
	speed: 0.0101s/iter; left time: 1012.0584s
	iters: 800, epoch: 5 | loss: 0.4010881
	speed: 0.0102s/iter; left time: 1019.0112s
	iters: 900, epoch: 5 | loss: 0.4259669
	speed: 0.0102s/iter; left time: 1016.1662s
	iters: 1000, epoch: 5 | loss: 0.4110275
	speed: 0.0104s/iter; left time: 1035.5384s
Epoch: 5 cost time: 10.738627195358276
Epoch: 5, Steps: 1048 | Train Loss: 0.4326454 Vali Loss: 0.9661665
Validation loss decreased (0.966884 --> 0.966166).  Saving model ...
Updating learning rate to 3.125e-05
	iters: 100, epoch: 6 | loss: 0.5030966
	speed: 0.0300s/iter; left time: 2985.6161s
	iters: 200, epoch: 6 | loss: 0.4833693
	speed: 0.0102s/iter; left time: 1016.6331s
	iters: 300, epoch: 6 | loss: 0.3364181
	speed: 0.0102s/iter; left time: 1008.6492s
	iters: 400, epoch: 6 | loss: 0.4849253
	speed: 0.0102s/iter; left time: 1011.9625s
	iters: 500, epoch: 6 | loss: 0.3869758
	speed: 0.0103s/iter; left time: 1021.0200s
	iters: 600, epoch: 6 | loss: 0.4234390
	speed: 0.0103s/iter; left time: 1016.6989s
	iters: 700, epoch: 6 | loss: 0.3533320
	speed: 0.0104s/iter; left time: 1024.9257s
	iters: 800, epoch: 6 | loss: 0.4223705
	speed: 0.0102s/iter; left time: 1008.5035s
	iters: 900, epoch: 6 | loss: 0.3760362
	speed: 0.0101s/iter; left time: 1001.2945s
	iters: 1000, epoch: 6 | loss: 0.4226604
	speed: 0.0102s/iter; left time: 1000.8541s
Epoch: 6 cost time: 10.71934199333191
Epoch: 6, Steps: 1048 | Train Loss: 0.4295791 Vali Loss: 0.9680680
EarlyStopping counter: 1 out of 6
Updating learning rate to 1.5625e-05
	iters: 100, epoch: 7 | loss: 0.3768022
	speed: 0.0305s/iter; left time: 3005.1981s
	iters: 200, epoch: 7 | loss: 0.4366789
	speed: 0.0102s/iter; left time: 1000.8654s
	iters: 300, epoch: 7 | loss: 0.5405190
	speed: 0.0103s/iter; left time: 1015.0962s
	iters: 400, epoch: 7 | loss: 0.4109356
	speed: 0.0102s/iter; left time: 1004.7718s
	iters: 500, epoch: 7 | loss: 0.3971159
	speed: 0.0101s/iter; left time: 994.7760s
	iters: 600, epoch: 7 | loss: 0.4090453
	speed: 0.0104s/iter; left time: 1018.1332s
	iters: 700, epoch: 7 | loss: 0.4198206
	speed: 0.0104s/iter; left time: 1012.8254s
	iters: 800, epoch: 7 | loss: 0.5093054
	speed: 0.0103s/iter; left time: 1009.2290s
	iters: 900, epoch: 7 | loss: 0.4821414
	speed: 0.0103s/iter; left time: 1006.9629s
	iters: 1000, epoch: 7 | loss: 0.3686900
	speed: 0.0104s/iter; left time: 1013.7102s
Epoch: 7 cost time: 10.803147554397583
Epoch: 7, Steps: 1048 | Train Loss: 0.4281742 Vali Loss: 0.9682182
EarlyStopping counter: 2 out of 6
Updating learning rate to 7.8125e-06
	iters: 100, epoch: 8 | loss: 0.4293001
	speed: 0.0305s/iter; left time: 2965.3943s
	iters: 200, epoch: 8 | loss: 0.4978204
	speed: 0.0102s/iter; left time: 992.8573s
	iters: 300, epoch: 8 | loss: 0.4294428
	speed: 0.0103s/iter; left time: 1000.2843s
	iters: 400, epoch: 8 | loss: 0.5065095
	speed: 0.0102s/iter; left time: 992.9398s
	iters: 500, epoch: 8 | loss: 0.3746476
	speed: 0.0102s/iter; left time: 992.4575s
	iters: 600, epoch: 8 | loss: 0.4351480
	speed: 0.0104s/iter; left time: 1005.9946s
	iters: 700, epoch: 8 | loss: 0.3820182
	speed: 0.0104s/iter; left time: 1002.8903s
	iters: 800, epoch: 8 | loss: 0.4625275
	speed: 0.0103s/iter; left time: 991.7327s
	iters: 900, epoch: 8 | loss: 0.4276675
	speed: 0.0106s/iter; left time: 1020.9385s
	iters: 1000, epoch: 8 | loss: 0.4198314
	speed: 0.0103s/iter; left time: 993.1214s
Epoch: 8 cost time: 10.79263973236084
Epoch: 8, Steps: 1048 | Train Loss: 0.4275658 Vali Loss: 0.9678906
EarlyStopping counter: 3 out of 6
Updating learning rate to 3.90625e-06
	iters: 100, epoch: 9 | loss: 0.4329168
	speed: 0.0300s/iter; left time: 2891.5471s
	iters: 200, epoch: 9 | loss: 0.5070343
	speed: 0.0103s/iter; left time: 989.0613s
	iters: 300, epoch: 9 | loss: 0.4185318
	speed: 0.0102s/iter; left time: 980.8684s
	iters: 400, epoch: 9 | loss: 0.4078523
	speed: 0.0102s/iter; left time: 976.6760s
	iters: 500, epoch: 9 | loss: 0.4193944
	speed: 0.0102s/iter; left time: 976.2566s
	iters: 600, epoch: 9 | loss: 0.4299715
	speed: 0.0101s/iter; left time: 964.2782s
	iters: 700, epoch: 9 | loss: 0.4559260
	speed: 0.0103s/iter; left time: 983.6318s
	iters: 800, epoch: 9 | loss: 0.3816524
	speed: 0.0105s/iter; left time: 1001.1352s
	iters: 900, epoch: 9 | loss: 0.4026194
	speed: 0.0102s/iter; left time: 976.3787s
	iters: 1000, epoch: 9 | loss: 0.3602928
	speed: 0.0102s/iter; left time: 976.7900s
Epoch: 9 cost time: 10.724488973617554
Epoch: 9, Steps: 1048 | Train Loss: 0.4274601 Vali Loss: 0.9681604
EarlyStopping counter: 4 out of 6
Updating learning rate to 1.953125e-06
	iters: 100, epoch: 10 | loss: 0.4115007
	speed: 0.0303s/iter; left time: 2889.9406s
	iters: 200, epoch: 10 | loss: 0.4276477
	speed: 0.0103s/iter; left time: 975.7188s
	iters: 300, epoch: 10 | loss: 0.3904150
	speed: 0.0103s/iter; left time: 981.2275s
	iters: 400, epoch: 10 | loss: 0.3941877
	speed: 0.0104s/iter; left time: 991.9280s
	iters: 500, epoch: 10 | loss: 0.4535409
	speed: 0.0102s/iter; left time: 967.8565s
	iters: 600, epoch: 10 | loss: 0.4533364
	speed: 0.0104s/iter; left time: 980.9878s
	iters: 700, epoch: 10 | loss: 0.4109726
	speed: 0.0103s/iter; left time: 975.1035s
	iters: 800, epoch: 10 | loss: 0.4234997
	speed: 0.0105s/iter; left time: 990.2999s
	iters: 900, epoch: 10 | loss: 0.4427132
	speed: 0.0102s/iter; left time: 966.3460s
	iters: 1000, epoch: 10 | loss: 0.4033946
	speed: 0.0102s/iter; left time: 959.6510s
Epoch: 10 cost time: 10.785802602767944
Epoch: 10, Steps: 1048 | Train Loss: 0.4268644 Vali Loss: 0.9685490
EarlyStopping counter: 5 out of 6
Updating learning rate to 9.765625e-07
	iters: 100, epoch: 11 | loss: 0.4133116
	speed: 0.0303s/iter; left time: 2854.9295s
	iters: 200, epoch: 11 | loss: 0.4844558
	speed: 0.0105s/iter; left time: 984.7013s
	iters: 300, epoch: 11 | loss: 0.4024955
	speed: 0.0103s/iter; left time: 964.4049s
	iters: 400, epoch: 11 | loss: 0.3825851
	speed: 0.0103s/iter; left time: 970.0550s
	iters: 500, epoch: 11 | loss: 0.3990647
	speed: 0.0105s/iter; left time: 981.0386s
	iters: 600, epoch: 11 | loss: 0.4028035
	speed: 0.0102s/iter; left time: 960.2384s
	iters: 700, epoch: 11 | loss: 0.3968078
	speed: 0.0102s/iter; left time: 959.0109s
	iters: 800, epoch: 11 | loss: 0.4547019
	speed: 0.0104s/iter; left time: 971.0839s
	iters: 900, epoch: 11 | loss: 0.4148429
	speed: 0.0104s/iter; left time: 967.4848s
	iters: 1000, epoch: 11 | loss: 0.3685156
	speed: 0.0103s/iter; left time: 958.7163s
Epoch: 11 cost time: 10.799154043197632
Epoch: 11, Steps: 1048 | Train Loss: 0.4287118 Vali Loss: 0.9683081
EarlyStopping counter: 6 out of 6
Early stopping
VALIDATION_RESULT {"best_epoch": 5, "best_mae": 0.6580872045313724, "best_mse": 0.9661664737201453, "epochs_ran": 11, "metric_version": "element_weighted_v1"}
>>>>>>>test skipped (validation-only run)<<<<<<<<<<<<<<<<<<<<<<<<
Using GPU
Args in experiment:
[1mBasic Config[0m
  Task Name:          long_term_forecast  Is Training:        0                   
  Model ID:           ETTm1_96_720_table2_ettm1_p720_no_graph_s2023Model:              GraphMambaRecent    

[1mData Loader[0m
  Data:               ETTm1               Root Path:          /home/cwh/Time-Series-Library/dataset/ETT-small
  Data Path:          ETTm1.csv           Features:           M                   
  Target:             OT                  Freq:               h                   
  Checkpoints:        /home/cwh/Time-Series-Library/logs/timerole_p0/recent_backbone/seed2023/checkpoints

[1mForecasting Task[0m
  Seq Len:            336                 Label Len:          48                  
  Pred Len:           720                 Seasonal Patterns:  Monthly             
  Inverse:            0                   

[1mModel Parameters[0m
  Top k:              5                   Num Kernels:        6                   
  Enc In:             7                   Dec In:             7                   
  C Out:              7                   d model:            64                  
  n heads:            8                   e layers:           1                   
  d layers:           1                   d FF:               128                 
  Moving Avg:         25                  Factor:             1                   
  Distil:             1                   Dropout:            0.1                 
  Embed:              timeF               Activation:         gelu                

[1mRun Parameters[0m
  Num Workers:        0                   Itr:                1                   
  Train Epochs:       100                 Batch Size:         32                  
  Patience:           6                   Learning Rate:      0.0005              
  Des:                table2_ettm1_p720_no_graph_s2023Loss:               MSE                 
  Lradj:              type1               Use Amp:            0                   

[1mGPU[0m
  Use GPU:            1                   GPU:                0                   
  Use Multi GPU:      0                   Devices:            0,1,2,3             

[1mDe-stationary Projector Params[0m
  P Hidden Dims:      128, 128            P Hidden Layers:    2                   

Use GPU: cuda:0
🚀 Lazy Loading: GraphMambaRecent ...
>>>>>>>evaluating validation checkpoint : long_term_forecast_ETTm1_96_720_table2_ettm1_p720_no_graph_s2023_GraphMambaRecent_ETTm1_ftM_sl336_ll48_pl720_dm64_nh8_el1_dl1_df128_expand2_dc2_fc1_ebtimeF_dtTrue_table2_ettm1_p720_no_graph_s2023_0<<<<<<<<<<<<<<<<<<<<<<<<<<<<<<<<<
val 10801
EVALUATION_RESULT {"batches": 338, "elapsed_seconds": 1.572929847985506, "elements": 54437040, "mae": 0.6580872056794878, "metric_version": "element_weighted_v1", "milliseconds_per_batch": 4.653638603507415, "mse": 0.9661664813264094, "parameter_count": 6800928, "peak_cuda_memory_bytes": 165820928, "split": "val", "timerole_intervention": "intact"}
=== w/o Graph | ETTm2-96 ===
Using GPU
Args in experiment:
[1mBasic Config[0m
  Task Name:          long_term_forecast  Is Training:        1                   
  Model ID:           ETTm2_96_96_table2_ettm2_p96_no_graph_s2023Model:              GraphMambaRecent    

[1mData Loader[0m
  Data:               ETTm2               Root Path:          /home/cwh/Time-Series-Library/dataset/ETT-small
  Data Path:          ETTm2.csv           Features:           M                   
  Target:             OT                  Freq:               h                   
  Checkpoints:        /home/cwh/Time-Series-Library/logs/timerole_p0/recent_backbone/seed2023/checkpoints

[1mForecasting Task[0m
  Seq Len:            336                 Label Len:          48                  
  Pred Len:           96                  Seasonal Patterns:  Monthly             
  Inverse:            0                   

[1mModel Parameters[0m
  Top k:              5                   Num Kernels:        6                   
  Enc In:             7                   Dec In:             7                   
  C Out:              7                   d model:            64                  
  n heads:            8                   e layers:           1                   
  d layers:           1                   d FF:               128                 
  Moving Avg:         25                  Factor:             1                   
  Distil:             1                   Dropout:            0.1                 
  Embed:              timeF               Activation:         gelu                

[1mRun Parameters[0m
  Num Workers:        0                   Itr:                1                   
  Train Epochs:       100                 Batch Size:         32                  
  Patience:           6                   Learning Rate:      0.0005              
  Des:                table2_ettm2_p96_no_graph_s2023Loss:               MSE                 
  Lradj:              type1               Use Amp:            0                   

[1mGPU[0m
  Use GPU:            1                   GPU:                0                   
  Use Multi GPU:      0                   Devices:            0,1,2,3             

[1mDe-stationary Projector Params[0m
  P Hidden Dims:      128, 128            P Hidden Layers:    2                   

Use GPU: cuda:0
🚀 Lazy Loading: GraphMambaRecent ...
>>>>>>>start training : long_term_forecast_ETTm2_96_96_table2_ettm2_p96_no_graph_s2023_GraphMambaRecent_ETTm2_ftM_sl336_ll48_pl96_dm64_nh8_el1_dl1_df128_expand2_dc2_fc1_ebtimeF_dtTrue_table2_ettm2_p96_no_graph_s2023_0>>>>>>>>>>>>>>>>>>>>>>>>>>
train 34129
val 11425
	iters: 100, epoch: 1 | loss: 0.1955820
	speed: 0.0118s/iter; left time: 1257.7534s
	iters: 200, epoch: 1 | loss: 0.2091077
	speed: 0.0101s/iter; left time: 1072.8015s
	iters: 300, epoch: 1 | loss: 0.4396633
	speed: 0.0100s/iter; left time: 1061.2698s
	iters: 400, epoch: 1 | loss: 0.2623206
	speed: 0.0100s/iter; left time: 1059.3004s
	iters: 500, epoch: 1 | loss: 0.1316561
	speed: 0.0098s/iter; left time: 1040.2290s
	iters: 600, epoch: 1 | loss: 0.2729761
	speed: 0.0100s/iter; left time: 1056.2930s
	iters: 700, epoch: 1 | loss: 0.3011908
	speed: 0.0098s/iter; left time: 1033.6208s
	iters: 800, epoch: 1 | loss: 0.2283526
	speed: 0.0099s/iter; left time: 1045.0676s
	iters: 900, epoch: 1 | loss: 0.2765363
	speed: 0.0099s/iter; left time: 1042.1407s
	iters: 1000, epoch: 1 | loss: 0.3470902
	speed: 0.0097s/iter; left time: 1028.4443s
Epoch: 1 cost time: 10.73003625869751
Epoch: 1, Steps: 1067 | Train Loss: 0.2697072 Vali Loss: 0.1296348
Validation loss decreased (inf --> 0.129635).  Saving model ...
Updating learning rate to 0.0005
	iters: 100, epoch: 2 | loss: 0.1619516
	speed: 0.0311s/iter; left time: 3283.3626s
	iters: 200, epoch: 2 | loss: 0.2834808
	speed: 0.0099s/iter; left time: 1045.2963s
	iters: 300, epoch: 2 | loss: 0.1773232
	speed: 0.0097s/iter; left time: 1017.3382s
	iters: 400, epoch: 2 | loss: 0.1922463
	speed: 0.0102s/iter; left time: 1068.2808s
	iters: 500, epoch: 2 | loss: 0.1609991
	speed: 0.0098s/iter; left time: 1028.2876s
	iters: 600, epoch: 2 | loss: 0.1602368
	speed: 0.0097s/iter; left time: 1019.3958s
	iters: 700, epoch: 2 | loss: 0.1561031
	speed: 0.0096s/iter; left time: 1011.4136s
	iters: 800, epoch: 2 | loss: 0.3079608
	speed: 0.0096s/iter; left time: 1011.0044s
	iters: 900, epoch: 2 | loss: 0.1794218
	speed: 0.0097s/iter; left time: 1015.2544s
	iters: 1000, epoch: 2 | loss: 0.2212332
	speed: 0.0098s/iter; left time: 1027.7183s
Epoch: 2 cost time: 10.439602613449097
Epoch: 2, Steps: 1067 | Train Loss: 0.2279870 Vali Loss: 0.1350823
EarlyStopping counter: 1 out of 6
Updating learning rate to 0.00025
	iters: 100, epoch: 3 | loss: 0.1535793
	speed: 0.0324s/iter; left time: 3380.6334s
	iters: 200, epoch: 3 | loss: 0.1320815
	speed: 0.0096s/iter; left time: 1006.7578s
	iters: 300, epoch: 3 | loss: 0.2659271
	speed: 0.0097s/iter; left time: 1016.4873s
	iters: 400, epoch: 3 | loss: 0.1469250
	speed: 0.0101s/iter; left time: 1056.2560s
	iters: 500, epoch: 3 | loss: 0.2017792
	speed: 0.0100s/iter; left time: 1039.9758s
	iters: 600, epoch: 3 | loss: 0.1398784
	speed: 0.0099s/iter; left time: 1029.8990s
	iters: 700, epoch: 3 | loss: 0.9963285
	speed: 0.0098s/iter; left time: 1018.5932s
	iters: 800, epoch: 3 | loss: 0.1185733
	speed: 0.0097s/iter; left time: 1008.5691s
	iters: 900, epoch: 3 | loss: 0.1317524
	speed: 0.0101s/iter; left time: 1046.4630s
	iters: 1000, epoch: 3 | loss: 0.1878991
	speed: 0.0098s/iter; left time: 1011.5661s
Epoch: 3 cost time: 10.506727933883667
Epoch: 3, Steps: 1067 | Train Loss: 0.2120333 Vali Loss: 0.1355836
EarlyStopping counter: 2 out of 6
Updating learning rate to 0.000125
	iters: 100, epoch: 4 | loss: 0.2434838
	speed: 0.0316s/iter; left time: 3263.4503s
	iters: 200, epoch: 4 | loss: 0.3343022
	speed: 0.0097s/iter; left time: 1002.7654s
	iters: 300, epoch: 4 | loss: 0.1306229
	speed: 0.0098s/iter; left time: 1013.7651s
	iters: 400, epoch: 4 | loss: 0.3612284
	speed: 0.0098s/iter; left time: 1013.0212s
	iters: 500, epoch: 4 | loss: 0.1421999
	speed: 0.0098s/iter; left time: 1007.2014s
	iters: 600, epoch: 4 | loss: 0.1467841
	speed: 0.0099s/iter; left time: 1018.6835s
	iters: 700, epoch: 4 | loss: 0.1931422
	speed: 0.0098s/iter; left time: 1009.5714s
	iters: 800, epoch: 4 | loss: 0.3181271
	speed: 0.0098s/iter; left time: 1001.3261s
	iters: 900, epoch: 4 | loss: 0.1254029
	speed: 0.0099s/iter; left time: 1015.0367s
	iters: 1000, epoch: 4 | loss: 0.1694349
	speed: 0.0099s/iter; left time: 1014.7725s
Epoch: 4 cost time: 10.501723527908325
Epoch: 4, Steps: 1067 | Train Loss: 0.2063500 Vali Loss: 0.1359140
EarlyStopping counter: 3 out of 6
Updating learning rate to 6.25e-05
	iters: 100, epoch: 5 | loss: 0.1712608
	speed: 0.0319s/iter; left time: 3263.0816s
	iters: 200, epoch: 5 | loss: 0.1754611
	speed: 0.0096s/iter; left time: 979.3036s
	iters: 300, epoch: 5 | loss: 0.3491368
	speed: 0.0096s/iter; left time: 982.6801s
	iters: 400, epoch: 5 | loss: 0.1773629
	speed: 0.0097s/iter; left time: 990.4390s
	iters: 500, epoch: 5 | loss: 0.4423751
	speed: 0.0096s/iter; left time: 976.9550s
	iters: 600, epoch: 5 | loss: 0.2607565
	speed: 0.0097s/iter; left time: 991.0529s
	iters: 700, epoch: 5 | loss: 0.1267986
	speed: 0.0100s/iter; left time: 1014.4953s
	iters: 800, epoch: 5 | loss: 0.1848146
	speed: 0.0096s/iter; left time: 974.8661s
	iters: 900, epoch: 5 | loss: 0.0989661
	speed: 0.0097s/iter; left time: 988.4632s
	iters: 1000, epoch: 5 | loss: 0.1426930
	speed: 0.0100s/iter; left time: 1010.6546s
Epoch: 5 cost time: 10.402991533279419
Epoch: 5, Steps: 1067 | Train Loss: 0.2027056 Vali Loss: 0.1355974
EarlyStopping counter: 4 out of 6
Updating learning rate to 3.125e-05
	iters: 100, epoch: 6 | loss: 0.4109335
	speed: 0.0317s/iter; left time: 3212.1833s
	iters: 200, epoch: 6 | loss: 0.1384697
	speed: 0.0098s/iter; left time: 988.1513s
	iters: 300, epoch: 6 | loss: 0.2353356
	speed: 0.0098s/iter; left time: 989.4991s
	iters: 400, epoch: 6 | loss: 0.2055233
	speed: 0.0097s/iter; left time: 977.9490s
	iters: 500, epoch: 6 | loss: 0.3556471
	speed: 0.0097s/iter; left time: 974.8096s
	iters: 600, epoch: 6 | loss: 0.1281614
	speed: 0.0098s/iter; left time: 988.0755s
	iters: 700, epoch: 6 | loss: 0.1133980
	speed: 0.0096s/iter; left time: 970.7594s
	iters: 800, epoch: 6 | loss: 0.2009300
	speed: 0.0098s/iter; left time: 990.5585s
	iters: 900, epoch: 6 | loss: 0.1362960
	speed: 0.0097s/iter; left time: 970.0370s
	iters: 1000, epoch: 6 | loss: 0.1416618
	speed: 0.0097s/iter; left time: 971.3069s
Epoch: 6 cost time: 10.395161867141724
Epoch: 6, Steps: 1067 | Train Loss: 0.2009310 Vali Loss: 0.1353587
EarlyStopping counter: 5 out of 6
Updating learning rate to 1.5625e-05
	iters: 100, epoch: 7 | loss: 0.2532917
	speed: 0.0308s/iter; left time: 3082.2703s
	iters: 200, epoch: 7 | loss: 0.2275677
	speed: 0.0098s/iter; left time: 980.3712s
	iters: 300, epoch: 7 | loss: 0.1510304
	speed: 0.0099s/iter; left time: 989.5226s
	iters: 400, epoch: 7 | loss: 0.1676008
	speed: 0.0097s/iter; left time: 969.1111s
	iters: 500, epoch: 7 | loss: 0.1374560
	speed: 0.0098s/iter; left time: 978.0642s
	iters: 600, epoch: 7 | loss: 0.1262449
	speed: 0.0097s/iter; left time: 969.5289s
	iters: 700, epoch: 7 | loss: 0.1098645
	speed: 0.0099s/iter; left time: 986.9030s
	iters: 800, epoch: 7 | loss: 0.2072570
	speed: 0.0098s/iter; left time: 975.2043s
	iters: 900, epoch: 7 | loss: 0.2614733
	speed: 0.0097s/iter; left time: 966.3331s
	iters: 1000, epoch: 7 | loss: 0.2462918
	speed: 0.0096s/iter; left time: 957.5111s
Epoch: 7 cost time: 10.413280487060547
Epoch: 7, Steps: 1067 | Train Loss: 0.1998486 Vali Loss: 0.1351993
EarlyStopping counter: 6 out of 6
Early stopping
VALIDATION_RESULT {"best_epoch": 1, "best_mae": 0.2487987913294883, "best_mse": 0.12963479251231552, "epochs_ran": 7, "metric_version": "element_weighted_v1"}
>>>>>>>test skipped (validation-only run)<<<<<<<<<<<<<<<<<<<<<<<<
Using GPU
Args in experiment:
[1mBasic Config[0m
  Task Name:          long_term_forecast  Is Training:        0                   
  Model ID:           ETTm2_96_96_table2_ettm2_p96_no_graph_s2023Model:              GraphMambaRecent    

[1mData Loader[0m
  Data:               ETTm2               Root Path:          /home/cwh/Time-Series-Library/dataset/ETT-small
  Data Path:          ETTm2.csv           Features:           M                   
  Target:             OT                  Freq:               h                   
  Checkpoints:        /home/cwh/Time-Series-Library/logs/timerole_p0/recent_backbone/seed2023/checkpoints

[1mForecasting Task[0m
  Seq Len:            336                 Label Len:          48                  
  Pred Len:           96                  Seasonal Patterns:  Monthly             
  Inverse:            0                   

[1mModel Parameters[0m
  Top k:              5                   Num Kernels:        6                   
  Enc In:             7                   Dec In:             7                   
  C Out:              7                   d model:            64                  
  n heads:            8                   e layers:           1                   
  d layers:           1                   d FF:               128                 
  Moving Avg:         25                  Factor:             1                   
  Distil:             1                   Dropout:            0.1                 
  Embed:              timeF               Activation:         gelu                

[1mRun Parameters[0m
  Num Workers:        0                   Itr:                1                   
  Train Epochs:       100                 Batch Size:         32                  
  Patience:           6                   Learning Rate:      0.0005              
  Des:                table2_ettm2_p96_no_graph_s2023Loss:               MSE                 
  Lradj:              type1               Use Amp:            0                   

[1mGPU[0m
  Use GPU:            1                   GPU:                0                   
  Use Multi GPU:      0                   Devices:            0,1,2,3             

[1mDe-stationary Projector Params[0m
  P Hidden Dims:      128, 128            P Hidden Layers:    2                   

Use GPU: cuda:0
🚀 Lazy Loading: GraphMambaRecent ...
>>>>>>>evaluating validation checkpoint : long_term_forecast_ETTm2_96_96_table2_ettm2_p96_no_graph_s2023_GraphMambaRecent_ETTm2_ftM_sl336_ll48_pl96_dm64_nh8_el1_dl1_df128_expand2_dc2_fc1_ebtimeF_dtTrue_table2_ettm2_p96_no_graph_s2023_0<<<<<<<<<<<<<<<<<<<<<<<<<<<<<<<<<
val 11425
EVALUATION_RESULT {"batches": 358, "elapsed_seconds": 1.6334912730380893, "elements": 7677600, "mae": 0.24879879148053394, "metric_version": "element_weighted_v1", "milliseconds_per_batch": 4.562824785022595, "mse": 0.12963479196527197, "parameter_count": 988992, "peak_cuda_memory_bytes": 139025920, "split": "val", "timerole_intervention": "intact"}
=== w/o Graph | ETTm2-720 ===
Using GPU
Args in experiment:
[1mBasic Config[0m
  Task Name:          long_term_forecast  Is Training:        1                   
  Model ID:           ETTm2_96_720_table2_ettm2_p720_no_graph_s2023Model:              GraphMambaRecent    

[1mData Loader[0m
  Data:               ETTm2               Root Path:          /home/cwh/Time-Series-Library/dataset/ETT-small
  Data Path:          ETTm2.csv           Features:           M                   
  Target:             OT                  Freq:               h                   
  Checkpoints:        /home/cwh/Time-Series-Library/logs/timerole_p0/recent_backbone/seed2023/checkpoints

[1mForecasting Task[0m
  Seq Len:            336                 Label Len:          48                  
  Pred Len:           720                 Seasonal Patterns:  Monthly             
  Inverse:            0                   

[1mModel Parameters[0m
  Top k:              5                   Num Kernels:        6                   
  Enc In:             7                   Dec In:             7                   
  C Out:              7                   d model:            64                  
  n heads:            8                   e layers:           1                   
  d layers:           1                   d FF:               128                 
  Moving Avg:         25                  Factor:             1                   
  Distil:             1                   Dropout:            0.1                 
  Embed:              timeF               Activation:         gelu                

[1mRun Parameters[0m
  Num Workers:        0                   Itr:                1                   
  Train Epochs:       100                 Batch Size:         32                  
  Patience:           6                   Learning Rate:      0.0005              
  Des:                table2_ettm2_p720_no_graph_s2023Loss:               MSE                 
  Lradj:              type1               Use Amp:            0                   

[1mGPU[0m
  Use GPU:            1                   GPU:                0                   
  Use Multi GPU:      0                   Devices:            0,1,2,3             

[1mDe-stationary Projector Params[0m
  P Hidden Dims:      128, 128            P Hidden Layers:    2                   

Use GPU: cuda:0
🚀 Lazy Loading: GraphMambaRecent ...
>>>>>>>start training : long_term_forecast_ETTm2_96_720_table2_ettm2_p720_no_graph_s2023_GraphMambaRecent_ETTm2_ftM_sl336_ll48_pl720_dm64_nh8_el1_dl1_df128_expand2_dc2_fc1_ebtimeF_dtTrue_table2_ettm2_p720_no_graph_s2023_0>>>>>>>>>>>>>>>>>>>>>>>>>>
train 33505
val 10801
	iters: 100, epoch: 1 | loss: 0.6774788
	speed: 0.0122s/iter; left time: 1274.6031s
	iters: 200, epoch: 1 | loss: 0.9586147
	speed: 0.0103s/iter; left time: 1072.9863s
	iters: 300, epoch: 1 | loss: 1.0329686
	speed: 0.0102s/iter; left time: 1065.0591s
	iters: 400, epoch: 1 | loss: 0.4629643
	speed: 0.0102s/iter; left time: 1066.2211s
	iters: 500, epoch: 1 | loss: 0.3445225
	speed: 0.0102s/iter; left time: 1066.4360s
	iters: 600, epoch: 1 | loss: 0.6825587
	speed: 0.0104s/iter; left time: 1088.0660s
	iters: 700, epoch: 1 | loss: 0.4205128
	speed: 0.0103s/iter; left time: 1070.3227s
	iters: 800, epoch: 1 | loss: 0.6042168
	speed: 0.0102s/iter; left time: 1062.7321s
	iters: 900, epoch: 1 | loss: 0.3972084
	speed: 0.0102s/iter; left time: 1057.3028s
	iters: 1000, epoch: 1 | loss: 0.4566080
	speed: 0.0104s/iter; left time: 1081.7753s
Epoch: 1 cost time: 10.960026264190674
Epoch: 1, Steps: 1048 | Train Loss: 0.6230428 Vali Loss: 0.2963768
Validation loss decreased (inf --> 0.296377).  Saving model ...
Updating learning rate to 0.0005
	iters: 100, epoch: 2 | loss: 0.4195884
	speed: 0.0303s/iter; left time: 3141.0620s
	iters: 200, epoch: 2 | loss: 0.4535908
	speed: 0.0104s/iter; left time: 1072.8135s
	iters: 300, epoch: 2 | loss: 0.7534646
	speed: 0.0103s/iter; left time: 1063.1536s
	iters: 400, epoch: 2 | loss: 0.7590504
	speed: 0.0106s/iter; left time: 1095.8739s
	iters: 500, epoch: 2 | loss: 0.6915168
	speed: 0.0102s/iter; left time: 1057.3788s
	iters: 600, epoch: 2 | loss: 0.7404844
	speed: 0.0101s/iter; left time: 1040.6139s
	iters: 700, epoch: 2 | loss: 0.6225712
	speed: 0.0103s/iter; left time: 1057.8855s
	iters: 800, epoch: 2 | loss: 0.4614905
	speed: 0.0103s/iter; left time: 1060.4716s
	iters: 900, epoch: 2 | loss: 0.4043147
	speed: 0.0105s/iter; left time: 1077.2919s
	iters: 1000, epoch: 2 | loss: 0.3843371
	speed: 0.0106s/iter; left time: 1094.1497s
Epoch: 2 cost time: 10.856734275817871
Epoch: 2, Steps: 1048 | Train Loss: 0.5738574 Vali Loss: 0.3010156
EarlyStopping counter: 1 out of 6
Updating learning rate to 0.00025
	iters: 100, epoch: 3 | loss: 0.6987810
	speed: 0.0309s/iter; left time: 3172.2472s
	iters: 200, epoch: 3 | loss: 0.6842462
	speed: 0.0105s/iter; left time: 1073.4641s
	iters: 300, epoch: 3 | loss: 0.2640199
	speed: 0.0105s/iter; left time: 1077.7531s
	iters: 400, epoch: 3 | loss: 0.3854361
	speed: 0.0104s/iter; left time: 1064.5591s
	iters: 500, epoch: 3 | loss: 0.2616470
	speed: 0.0104s/iter; left time: 1058.0163s
	iters: 600, epoch: 3 | loss: 0.5042700
	speed: 0.0106s/iter; left time: 1082.9259s
	iters: 700, epoch: 3 | loss: 0.3498798
	speed: 0.0102s/iter; left time: 1044.2337s
	iters: 800, epoch: 3 | loss: 0.4001701
	speed: 0.0102s/iter; left time: 1040.9281s
	iters: 900, epoch: 3 | loss: 0.7221696
	speed: 0.0103s/iter; left time: 1052.7134s
	iters: 1000, epoch: 3 | loss: 0.6649259
	speed: 0.0104s/iter; left time: 1062.7802s
Epoch: 3 cost time: 10.893397331237793
Epoch: 3, Steps: 1048 | Train Loss: 0.5472562 Vali Loss: 0.3034663
EarlyStopping counter: 2 out of 6
Updating learning rate to 0.000125
	iters: 100, epoch: 4 | loss: 0.5877103
	speed: 0.0310s/iter; left time: 3150.4693s
	iters: 200, epoch: 4 | loss: 0.5890274
	speed: 0.0104s/iter; left time: 1054.6470s
	iters: 300, epoch: 4 | loss: 0.4509650
	speed: 0.0106s/iter; left time: 1069.5675s
	iters: 400, epoch: 4 | loss: 1.1878854
	speed: 0.0103s/iter; left time: 1038.7097s
	iters: 500, epoch: 4 | loss: 0.2695220
	speed: 0.0104s/iter; left time: 1052.8325s
	iters: 600, epoch: 4 | loss: 0.5437798
	speed: 0.0103s/iter; left time: 1043.7350s
	iters: 700, epoch: 4 | loss: 0.7501906
	speed: 0.0103s/iter; left time: 1042.8774s
	iters: 800, epoch: 4 | loss: 0.8989172
	speed: 0.0107s/iter; left time: 1075.4230s
	iters: 900, epoch: 4 | loss: 0.5949067
	speed: 0.0106s/iter; left time: 1063.4537s
	iters: 1000, epoch: 4 | loss: 0.5776925
	speed: 0.0103s/iter; left time: 1039.9980s
Epoch: 4 cost time: 10.936677932739258
Epoch: 4, Steps: 1048 | Train Loss: 0.5316086 Vali Loss: 0.3101326
EarlyStopping counter: 3 out of 6
Updating learning rate to 6.25e-05
	iters: 100, epoch: 5 | loss: 0.4801692
	speed: 0.0309s/iter; left time: 3101.5733s
	iters: 200, epoch: 5 | loss: 0.3796108
	speed: 0.0102s/iter; left time: 1021.4053s
	iters: 300, epoch: 5 | loss: 0.5082673
	speed: 0.0107s/iter; left time: 1069.1488s
	iters: 400, epoch: 5 | loss: 0.4660634
	speed: 0.0104s/iter; left time: 1044.1673s
	iters: 500, epoch: 5 | loss: 0.3559975
	speed: 0.0106s/iter; left time: 1059.6813s
	iters: 600, epoch: 5 | loss: 0.4379180
	speed: 0.0104s/iter; left time: 1039.2810s
	iters: 700, epoch: 5 | loss: 0.5119548
	speed: 0.0106s/iter; left time: 1063.2255s
	iters: 800, epoch: 5 | loss: 0.4055428
	speed: 0.0103s/iter; left time: 1032.6503s
	iters: 900, epoch: 5 | loss: 0.5279061
	speed: 0.0105s/iter; left time: 1044.7053s
	iters: 1000, epoch: 5 | loss: 0.3961790
	speed: 0.0103s/iter; left time: 1029.2787s
Epoch: 5 cost time: 10.965134382247925
Epoch: 5, Steps: 1048 | Train Loss: 0.5229065 Vali Loss: 0.3103914
EarlyStopping counter: 4 out of 6
Updating learning rate to 3.125e-05
	iters: 100, epoch: 6 | loss: 0.2808486
	speed: 0.0312s/iter; left time: 3105.8539s
	iters: 200, epoch: 6 | loss: 0.2873408
	speed: 0.0104s/iter; left time: 1034.3960s
	iters: 300, epoch: 6 | loss: 0.4086466
	speed: 0.0105s/iter; left time: 1041.6287s
	iters: 400, epoch: 6 | loss: 0.2900952
	speed: 0.0104s/iter; left time: 1029.4691s
	iters: 500, epoch: 6 | loss: 0.6401101
	speed: 0.0106s/iter; left time: 1050.6358s
	iters: 600, epoch: 6 | loss: 0.6211480
	speed: 0.0103s/iter; left time: 1019.7838s
	iters: 700, epoch: 6 | loss: 0.3845037
	speed: 0.0106s/iter; left time: 1050.0912s
	iters: 800, epoch: 6 | loss: 0.3619889
	speed: 0.0104s/iter; left time: 1031.3151s
	iters: 900, epoch: 6 | loss: 0.8282250
	speed: 0.0104s/iter; left time: 1024.3382s
	iters: 1000, epoch: 6 | loss: 0.4389119
	speed: 0.0106s/iter; left time: 1044.8546s
Epoch: 6 cost time: 10.976886510848999
Epoch: 6, Steps: 1048 | Train Loss: 0.5180972 Vali Loss: 0.3106563
EarlyStopping counter: 5 out of 6
Updating learning rate to 1.5625e-05
	iters: 100, epoch: 7 | loss: 0.7089174
	speed: 0.0318s/iter; left time: 3125.8424s
	iters: 200, epoch: 7 | loss: 0.4659702
	speed: 0.0106s/iter; left time: 1045.4722s
	iters: 300, epoch: 7 | loss: 0.2866372
	speed: 0.0104s/iter; left time: 1024.9364s
	iters: 400, epoch: 7 | loss: 0.2771259
	speed: 0.0105s/iter; left time: 1025.4238s
	iters: 500, epoch: 7 | loss: 0.3679175
	speed: 0.0104s/iter; left time: 1021.7832s
	iters: 600, epoch: 7 | loss: 0.5186474
	speed: 0.0106s/iter; left time: 1040.5614s
	iters: 700, epoch: 7 | loss: 0.7760011
	speed: 0.0104s/iter; left time: 1017.8937s
	iters: 800, epoch: 7 | loss: 0.6223843
	speed: 0.0105s/iter; left time: 1023.4443s
	iters: 900, epoch: 7 | loss: 0.2780431
	speed: 0.0104s/iter; left time: 1019.3892s
	iters: 1000, epoch: 7 | loss: 0.4572072
	speed: 0.0106s/iter; left time: 1031.4391s
Epoch: 7 cost time: 11.004608392715454
Epoch: 7, Steps: 1048 | Train Loss: 0.5156627 Vali Loss: 0.3096748
EarlyStopping counter: 6 out of 6
Early stopping
VALIDATION_RESULT {"best_epoch": 1, "best_mae": 0.3746773137916527, "best_mse": 0.29637682540434557, "epochs_ran": 7, "metric_version": "element_weighted_v1"}
>>>>>>>test skipped (validation-only run)<<<<<<<<<<<<<<<<<<<<<<<<
Using GPU
Args in experiment:
[1mBasic Config[0m
  Task Name:          long_term_forecast  Is Training:        0                   
  Model ID:           ETTm2_96_720_table2_ettm2_p720_no_graph_s2023Model:              GraphMambaRecent    

[1mData Loader[0m
  Data:               ETTm2               Root Path:          /home/cwh/Time-Series-Library/dataset/ETT-small
  Data Path:          ETTm2.csv           Features:           M                   
  Target:             OT                  Freq:               h                   
  Checkpoints:        /home/cwh/Time-Series-Library/logs/timerole_p0/recent_backbone/seed2023/checkpoints

[1mForecasting Task[0m
  Seq Len:            336                 Label Len:          48                  
  Pred Len:           720                 Seasonal Patterns:  Monthly             
  Inverse:            0                   

[1mModel Parameters[0m
  Top k:              5                   Num Kernels:        6                   
  Enc In:             7                   Dec In:             7                   
  C Out:              7                   d model:            64                  
  n heads:            8                   e layers:           1                   
  d layers:           1                   d FF:               128                 
  Moving Avg:         25                  Factor:             1                   
  Distil:             1                   Dropout:            0.1                 
  Embed:              timeF               Activation:         gelu                

[1mRun Parameters[0m
  Num Workers:        0                   Itr:                1                   
  Train Epochs:       100                 Batch Size:         32                  
  Patience:           6                   Learning Rate:      0.0005              
  Des:                table2_ettm2_p720_no_graph_s2023Loss:               MSE                 
  Lradj:              type1               Use Amp:            0                   

[1mGPU[0m
  Use GPU:            1                   GPU:                0                   
  Use Multi GPU:      0                   Devices:            0,1,2,3             

[1mDe-stationary Projector Params[0m
  P Hidden Dims:      128, 128            P Hidden Layers:    2                   

Use GPU: cuda:0
🚀 Lazy Loading: GraphMambaRecent ...
>>>>>>>evaluating validation checkpoint : long_term_forecast_ETTm2_96_720_table2_ettm2_p720_no_graph_s2023_GraphMambaRecent_ETTm2_ftM_sl336_ll48_pl720_dm64_nh8_el1_dl1_df128_expand2_dc2_fc1_ebtimeF_dtTrue_table2_ettm2_p720_no_graph_s2023_0<<<<<<<<<<<<<<<<<<<<<<<<<<<<<<<<<
val 10801
EVALUATION_RESULT {"batches": 338, "elapsed_seconds": 1.5841379261109978, "elements": 54437040, "mae": 0.3746773147962536, "metric_version": "element_weighted_v1", "milliseconds_per_batch": 4.686798597961532, "mse": 0.29637682450738045, "parameter_count": 6800928, "peak_cuda_memory_bytes": 165820928, "split": "val", "timerole_intervention": "intact"}
{
  "completed": 20,
  "failures": []
}
