=== w/o Decomp | ETTm1-96 ===
Using GPU
Args in experiment:
[1mBasic Config[0m
  Task Name:          long_term_forecast  Is Training:        1                   
  Model ID:           ETTm1_96_96_table2_ettm1_p96_no_decomp_s2021Model:              GraphMambaRecent    

[1mData Loader[0m
  Data:               ETTm1               Root Path:          /home/cwh/Time-Series-Library/dataset/ETT-small
  Data Path:          ETTm1.csv           Features:           M                   
  Target:             OT                  Freq:               h                   
  Checkpoints:        /home/cwh/Time-Series-Library/logs/graphmamba_backbone_ablation/checkpoints

[1mForecasting Task[0m
  Seq Len:            336                 Label Len:          48                  
  Pred Len:           96                  Seasonal Patterns:  Monthly             
  Inverse:            0                   

[1mModel Parameters[0m
  Top k:              5                   Num Kernels:        6                   
  Enc In:             7                   Dec In:             7                   
  C Out:              7                   d model:            64                  
  n heads:            8                   e layers:           1                   
  d layers:           1                   d FF:               128                 
  Moving Avg:         25                  Factor:             1                   
  Distil:             1                   Dropout:            0.1                 
  Embed:              timeF               Activation:         gelu                

[1mRun Parameters[0m
  Num Workers:        0                   Itr:                1                   
  Train Epochs:       100                 Batch Size:         32                  
  Patience:           6                   Learning Rate:      0.0005              
  Des:                table2_ettm1_p96_no_decomp_s2021Loss:               MSE                 
  Lradj:              type1               Use Amp:            0                   

[1mGPU[0m
  Use GPU:            1                   GPU:                0                   
  Use Multi GPU:      0                   Devices:            0,1,2,3             

[1mDe-stationary Projector Params[0m
  P Hidden Dims:      128, 128            P Hidden Layers:    2                   

Use GPU: cuda:0
🚀 Lazy Loading: GraphMambaRecent ...
[GraphMamba] Building 7x7 static graph from 2000 training samples
>>>>>>>start training : long_term_forecast_ETTm1_96_96_table2_ettm1_p96_no_decomp_s2021_GraphMambaRecent_ETTm1_ftM_sl336_ll48_pl96_dm64_nh8_el1_dl1_df128_expand2_dc2_fc1_ebtimeF_dtTrue_table2_ettm1_p96_no_decomp_s2021_0>>>>>>>>>>>>>>>>>>>>>>>>>>
train 34129
val 11425
	iters: 100, epoch: 1 | loss: 0.3954850
	speed: 0.0148s/iter; left time: 1577.0198s
	iters: 200, epoch: 1 | loss: 0.2965378
	speed: 0.0110s/iter; left time: 1175.5342s
	iters: 300, epoch: 1 | loss: 0.3135052
	speed: 0.0114s/iter; left time: 1210.2310s
	iters: 400, epoch: 1 | loss: 0.3430531
	speed: 0.0109s/iter; left time: 1157.8706s
	iters: 500, epoch: 1 | loss: 0.2614724
	speed: 0.0110s/iter; left time: 1172.3065s
	iters: 600, epoch: 1 | loss: 0.3179702
	speed: 0.0110s/iter; left time: 1171.6645s
	iters: 700, epoch: 1 | loss: 0.3147252
	speed: 0.0110s/iter; left time: 1161.3590s
	iters: 800, epoch: 1 | loss: 0.2947209
	speed: 0.0110s/iter; left time: 1164.4549s
	iters: 900, epoch: 1 | loss: 0.2647189
	speed: 0.0113s/iter; left time: 1196.7420s
	iters: 1000, epoch: 1 | loss: 0.2883627
	speed: 0.0117s/iter; left time: 1234.2268s
Epoch: 1 cost time: 12.26439094543457
Epoch: 1, Steps: 1067 | Train Loss: 0.3262188 Vali Loss: 0.3935515
Validation loss decreased (inf --> 0.393552).  Saving model ...
Updating learning rate to 0.0005
	iters: 100, epoch: 2 | loss: 0.2342327
	speed: 0.0347s/iter; left time: 3659.5353s
	iters: 200, epoch: 2 | loss: 0.3407601
	speed: 0.0113s/iter; left time: 1189.2043s
	iters: 300, epoch: 2 | loss: 0.2940459
	speed: 0.0115s/iter; left time: 1213.4198s
	iters: 400, epoch: 2 | loss: 0.2651095
	speed: 0.0113s/iter; left time: 1189.1737s
	iters: 500, epoch: 2 | loss: 0.2815700
	speed: 0.0115s/iter; left time: 1209.8773s
	iters: 600, epoch: 2 | loss: 0.2618134
	speed: 0.0113s/iter; left time: 1186.8002s
	iters: 700, epoch: 2 | loss: 0.2191743
	speed: 0.0111s/iter; left time: 1165.3735s
	iters: 800, epoch: 2 | loss: 0.2877837
	speed: 0.0110s/iter; left time: 1157.0085s
	iters: 900, epoch: 2 | loss: 0.2502351
	speed: 0.0108s/iter; left time: 1128.6001s
	iters: 1000, epoch: 2 | loss: 0.2824220
	speed: 0.0110s/iter; left time: 1154.6962s
Epoch: 2 cost time: 11.966857671737671
Epoch: 2, Steps: 1067 | Train Loss: 0.2756956 Vali Loss: 0.4017276
EarlyStopping counter: 1 out of 6
Updating learning rate to 0.00025
	iters: 100, epoch: 3 | loss: 0.2963073
	speed: 0.0339s/iter; left time: 3540.1295s
	iters: 200, epoch: 3 | loss: 0.2762874
	speed: 0.0109s/iter; left time: 1134.3565s
	iters: 300, epoch: 3 | loss: 0.1941240
	speed: 0.0111s/iter; left time: 1157.6177s
	iters: 400, epoch: 3 | loss: 0.2945800
	speed: 0.0111s/iter; left time: 1151.5381s
	iters: 500, epoch: 3 | loss: 0.2824183
	speed: 0.0111s/iter; left time: 1155.3929s
	iters: 600, epoch: 3 | loss: 0.2943068
	speed: 0.0108s/iter; left time: 1124.1196s
	iters: 700, epoch: 3 | loss: 0.3221880
	speed: 0.0109s/iter; left time: 1132.2943s
	iters: 800, epoch: 3 | loss: 0.2700336
	speed: 0.0108s/iter; left time: 1124.5907s
	iters: 900, epoch: 3 | loss: 0.2606718
	speed: 0.0108s/iter; left time: 1119.9753s
	iters: 1000, epoch: 3 | loss: 0.2465989
	speed: 0.0111s/iter; left time: 1151.0927s
Epoch: 3 cost time: 11.678579807281494
Epoch: 3, Steps: 1067 | Train Loss: 0.2596237 Vali Loss: 0.4114357
EarlyStopping counter: 2 out of 6
Updating learning rate to 0.000125
	iters: 100, epoch: 4 | loss: 0.1794278
	speed: 0.0333s/iter; left time: 3441.3730s
	iters: 200, epoch: 4 | loss: 0.1952594
	speed: 0.0110s/iter; left time: 1134.3414s
	iters: 300, epoch: 4 | loss: 0.2406376
	speed: 0.0108s/iter; left time: 1118.4367s
	iters: 400, epoch: 4 | loss: 0.2329699
	speed: 0.0110s/iter; left time: 1132.1160s
	iters: 500, epoch: 4 | loss: 0.2919137
	speed: 0.0109s/iter; left time: 1120.5254s
	iters: 600, epoch: 4 | loss: 0.2234086
	speed: 0.0109s/iter; left time: 1122.0525s
	iters: 700, epoch: 4 | loss: 0.2700110
	speed: 0.0110s/iter; left time: 1134.9168s
	iters: 800, epoch: 4 | loss: 0.2633342
	speed: 0.0111s/iter; left time: 1138.0904s
	iters: 900, epoch: 4 | loss: 0.2902791
	speed: 0.0109s/iter; left time: 1114.7768s
	iters: 1000, epoch: 4 | loss: 0.2749349
	speed: 0.0109s/iter; left time: 1121.6072s
Epoch: 4 cost time: 11.672831296920776
Epoch: 4, Steps: 1067 | Train Loss: 0.2530970 Vali Loss: 0.4037929
EarlyStopping counter: 3 out of 6
Updating learning rate to 6.25e-05
	iters: 100, epoch: 5 | loss: 0.2302315
	speed: 0.0334s/iter; left time: 3417.2038s
	iters: 200, epoch: 5 | loss: 0.2735961
	speed: 0.0107s/iter; left time: 1094.3808s
	iters: 300, epoch: 5 | loss: 0.2407613
	speed: 0.0107s/iter; left time: 1096.5674s
	iters: 400, epoch: 5 | loss: 0.2605115
	speed: 0.0109s/iter; left time: 1114.0294s
	iters: 500, epoch: 5 | loss: 0.2258598
	speed: 0.0112s/iter; left time: 1137.2563s
	iters: 600, epoch: 5 | loss: 0.2147680
	speed: 0.0112s/iter; left time: 1138.1385s
	iters: 700, epoch: 5 | loss: 0.2225220
	speed: 0.0113s/iter; left time: 1145.0333s
	iters: 800, epoch: 5 | loss: 0.3014105
	speed: 0.0112s/iter; left time: 1137.2795s
	iters: 900, epoch: 5 | loss: 0.2478265
	speed: 0.0112s/iter; left time: 1136.2220s
	iters: 1000, epoch: 5 | loss: 0.2928414
	speed: 0.0110s/iter; left time: 1118.9285s
Epoch: 5 cost time: 11.77041506767273
Epoch: 5, Steps: 1067 | Train Loss: 0.2490432 Vali Loss: 0.4055511
EarlyStopping counter: 4 out of 6
Updating learning rate to 3.125e-05
	iters: 100, epoch: 6 | loss: 0.3267588
	speed: 0.0341s/iter; left time: 3448.6003s
	iters: 200, epoch: 6 | loss: 0.2356439
	speed: 0.0110s/iter; left time: 1116.1115s
	iters: 300, epoch: 6 | loss: 0.2703592
	speed: 0.0114s/iter; left time: 1148.0393s
	iters: 400, epoch: 6 | loss: 0.2113571
	speed: 0.0112s/iter; left time: 1129.3430s
	iters: 500, epoch: 6 | loss: 0.2063096
	speed: 0.0111s/iter; left time: 1119.5168s
	iters: 600, epoch: 6 | loss: 0.2894248
	speed: 0.0111s/iter; left time: 1121.9959s
	iters: 700, epoch: 6 | loss: 0.1966031
	speed: 0.0110s/iter; left time: 1111.0054s
	iters: 800, epoch: 6 | loss: 0.2572203
	speed: 0.0109s/iter; left time: 1098.1572s
	iters: 900, epoch: 6 | loss: 0.2321571
	speed: 0.0109s/iter; left time: 1096.2556s
	iters: 1000, epoch: 6 | loss: 0.2533849
	speed: 0.0113s/iter; left time: 1138.9653s
Epoch: 6 cost time: 11.84479308128357
Epoch: 6, Steps: 1067 | Train Loss: 0.2469977 Vali Loss: 0.4070528
EarlyStopping counter: 5 out of 6
Updating learning rate to 1.5625e-05
	iters: 100, epoch: 7 | loss: 0.2736632
	speed: 0.0356s/iter; left time: 3566.4185s
	iters: 200, epoch: 7 | loss: 0.2596240
	speed: 0.0113s/iter; left time: 1127.2655s
	iters: 300, epoch: 7 | loss: 0.2233950
	speed: 0.0114s/iter; left time: 1136.0341s
	iters: 400, epoch: 7 | loss: 0.2257285
	speed: 0.0112s/iter; left time: 1120.9889s
	iters: 500, epoch: 7 | loss: 0.2507513
	speed: 0.0113s/iter; left time: 1123.4200s
	iters: 600, epoch: 7 | loss: 0.2240361
	speed: 0.0112s/iter; left time: 1115.6860s
	iters: 700, epoch: 7 | loss: 0.2319486
	speed: 0.0112s/iter; left time: 1114.5018s
	iters: 800, epoch: 7 | loss: 0.3077295
	speed: 0.0110s/iter; left time: 1098.6021s
	iters: 900, epoch: 7 | loss: 0.2121124
	speed: 0.0110s/iter; left time: 1096.9283s
	iters: 1000, epoch: 7 | loss: 0.2279688
	speed: 0.0111s/iter; left time: 1102.8497s
Epoch: 7 cost time: 11.914336919784546
Epoch: 7, Steps: 1067 | Train Loss: 0.2460376 Vali Loss: 0.4062576
EarlyStopping counter: 6 out of 6
Early stopping
VALIDATION_RESULT {"best_epoch": 1, "best_mae": 0.41004499014683216, "best_mse": 0.39355150487803786, "epochs_ran": 7, "metric_version": "element_weighted_v1"}
>>>>>>>test skipped (validation-only run)<<<<<<<<<<<<<<<<<<<<<<<<
Using GPU
Args in experiment:
[1mBasic Config[0m
  Task Name:          long_term_forecast  Is Training:        0                   
  Model ID:           ETTm1_96_96_table2_ettm1_p96_no_decomp_s2021Model:              GraphMambaRecent    

[1mData Loader[0m
  Data:               ETTm1               Root Path:          /home/cwh/Time-Series-Library/dataset/ETT-small
  Data Path:          ETTm1.csv           Features:           M                   
  Target:             OT                  Freq:               h                   
  Checkpoints:        /home/cwh/Time-Series-Library/logs/graphmamba_backbone_ablation/checkpoints

[1mForecasting Task[0m
  Seq Len:            336                 Label Len:          48                  
  Pred Len:           96                  Seasonal Patterns:  Monthly             
  Inverse:            0                   

[1mModel Parameters[0m
  Top k:              5                   Num Kernels:        6                   
  Enc In:             7                   Dec In:             7                   
  C Out:              7                   d model:            64                  
  n heads:            8                   e layers:           1                   
  d layers:           1                   d FF:               128                 
  Moving Avg:         25                  Factor:             1                   
  Distil:             1                   Dropout:            0.1                 
  Embed:              timeF               Activation:         gelu                

[1mRun Parameters[0m
  Num Workers:        0                   Itr:                1                   
  Train Epochs:       100                 Batch Size:         32                  
  Patience:           6                   Learning Rate:      0.0005              
  Des:                table2_ettm1_p96_no_decomp_s2021Loss:               MSE                 
  Lradj:              type1               Use Amp:            0                   

[1mGPU[0m
  Use GPU:            1                   GPU:                0                   
  Use Multi GPU:      0                   Devices:            0,1,2,3             

[1mDe-stationary Projector Params[0m
  P Hidden Dims:      128, 128            P Hidden Layers:    2                   

Use GPU: cuda:0
🚀 Lazy Loading: GraphMambaRecent ...
[GraphMamba] Building 7x7 static graph from 2000 training samples
>>>>>>>evaluating validation checkpoint : long_term_forecast_ETTm1_96_96_table2_ettm1_p96_no_decomp_s2021_GraphMambaRecent_ETTm1_ftM_sl336_ll48_pl96_dm64_nh8_el1_dl1_df128_expand2_dc2_fc1_ebtimeF_dtTrue_table2_ettm1_p96_no_decomp_s2021_0<<<<<<<<<<<<<<<<<<<<<<<<<<<<<<<<<
val 11425
EVALUATION_RESULT {"batches": 358, "cmrhm_intervention": "intact", "elapsed_seconds": 1.7854899300727993, "elements": 7677600, "mae": 0.41004499042904896, "metric_version": "element_weighted_v1", "milliseconds_per_batch": 4.9874020393094955, "mse": 0.3935515064073749, "parameter_count": 988070, "peak_cuda_memory_bytes": 138765312, "split": "val"}
=== w/o Decomp | ETTm1-720 ===
Using GPU
Args in experiment:
[1mBasic Config[0m
  Task Name:          long_term_forecast  Is Training:        1                   
  Model ID:           ETTm1_96_720_table2_ettm1_p720_no_decomp_s2021Model:              GraphMambaRecent    

[1mData Loader[0m
  Data:               ETTm1               Root Path:          /home/cwh/Time-Series-Library/dataset/ETT-small
  Data Path:          ETTm1.csv           Features:           M                   
  Target:             OT                  Freq:               h                   
  Checkpoints:        /home/cwh/Time-Series-Library/logs/graphmamba_backbone_ablation/checkpoints

[1mForecasting Task[0m
  Seq Len:            336                 Label Len:          48                  
  Pred Len:           720                 Seasonal Patterns:  Monthly             
  Inverse:            0                   

[1mModel Parameters[0m
  Top k:              5                   Num Kernels:        6                   
  Enc In:             7                   Dec In:             7                   
  C Out:              7                   d model:            64                  
  n heads:            8                   e layers:           1                   
  d layers:           1                   d FF:               128                 
  Moving Avg:         25                  Factor:             1                   
  Distil:             1                   Dropout:            0.1                 
  Embed:              timeF               Activation:         gelu                

[1mRun Parameters[0m
  Num Workers:        0                   Itr:                1                   
  Train Epochs:       100                 Batch Size:         32                  
  Patience:           6                   Learning Rate:      0.0005              
  Des:                table2_ettm1_p720_no_decomp_s2021Loss:               MSE                 
  Lradj:              type1               Use Amp:            0                   

[1mGPU[0m
  Use GPU:            1                   GPU:                0                   
  Use Multi GPU:      0                   Devices:            0,1,2,3             

[1mDe-stationary Projector Params[0m
  P Hidden Dims:      128, 128            P Hidden Layers:    2                   

Use GPU: cuda:0
🚀 Lazy Loading: GraphMambaRecent ...
[GraphMamba] Building 7x7 static graph from 2000 training samples
>>>>>>>start training : long_term_forecast_ETTm1_96_720_table2_ettm1_p720_no_decomp_s2021_GraphMambaRecent_ETTm1_ftM_sl336_ll48_pl720_dm64_nh8_el1_dl1_df128_expand2_dc2_fc1_ebtimeF_dtTrue_table2_ettm1_p720_no_decomp_s2021_0>>>>>>>>>>>>>>>>>>>>>>>>>>
train 33505
val 10801
	iters: 100, epoch: 1 | loss: 0.6711386
	speed: 0.0144s/iter; left time: 1507.7569s
	iters: 200, epoch: 1 | loss: 0.4791692
	speed: 0.0116s/iter; left time: 1212.6003s
	iters: 300, epoch: 1 | loss: 0.4327658
	speed: 0.0118s/iter; left time: 1229.8819s
	iters: 400, epoch: 1 | loss: 0.5321223
	speed: 0.0117s/iter; left time: 1219.5341s
	iters: 500, epoch: 1 | loss: 0.6378513
	speed: 0.0119s/iter; left time: 1245.2286s
	iters: 600, epoch: 1 | loss: 0.3976776
	speed: 0.0115s/iter; left time: 1199.3287s
	iters: 700, epoch: 1 | loss: 0.5055851
	speed: 0.0121s/iter; left time: 1259.0781s
	iters: 800, epoch: 1 | loss: 0.4466634
	speed: 0.0120s/iter; left time: 1248.9052s
	iters: 900, epoch: 1 | loss: 0.5183380
	speed: 0.0120s/iter; left time: 1246.3825s
	iters: 1000, epoch: 1 | loss: 0.4487748
	speed: 0.0119s/iter; left time: 1230.3076s
Epoch: 1 cost time: 12.654070615768433
Epoch: 1, Steps: 1048 | Train Loss: 0.4855141 Vali Loss: 0.9718739
Validation loss decreased (inf --> 0.971874).  Saving model ...
Updating learning rate to 0.0005
	iters: 100, epoch: 2 | loss: 0.4491641
	speed: 0.0344s/iter; left time: 3562.1345s
	iters: 200, epoch: 2 | loss: 0.4036263
	speed: 0.0119s/iter; left time: 1232.7955s
	iters: 300, epoch: 2 | loss: 0.5358510
	speed: 0.0117s/iter; left time: 1205.3394s
	iters: 400, epoch: 2 | loss: 0.4672205
	speed: 0.0117s/iter; left time: 1205.7060s
	iters: 500, epoch: 2 | loss: 0.3532509
	speed: 0.0115s/iter; left time: 1183.9169s
	iters: 600, epoch: 2 | loss: 0.3689396
	speed: 0.0114s/iter; left time: 1171.9729s
	iters: 700, epoch: 2 | loss: 0.4705948
	speed: 0.0119s/iter; left time: 1221.2136s
	iters: 800, epoch: 2 | loss: 0.4723111
	speed: 0.0119s/iter; left time: 1220.3209s
	iters: 900, epoch: 2 | loss: 0.3452406
	speed: 0.0118s/iter; left time: 1210.1613s
	iters: 1000, epoch: 2 | loss: 0.5262356
	speed: 0.0115s/iter; left time: 1179.1368s
Epoch: 2 cost time: 12.223485469818115
Epoch: 2, Steps: 1048 | Train Loss: 0.4461531 Vali Loss: 0.9550249
Validation loss decreased (0.971874 --> 0.955025).  Saving model ...
Updating learning rate to 0.00025
	iters: 100, epoch: 3 | loss: 0.4781145
	speed: 0.0337s/iter; left time: 3454.5688s
	iters: 200, epoch: 3 | loss: 0.4410906
	speed: 0.0116s/iter; left time: 1186.9400s
	iters: 300, epoch: 3 | loss: 0.5300616
	speed: 0.0116s/iter; left time: 1189.9028s
	iters: 400, epoch: 3 | loss: 0.4814536
	speed: 0.0115s/iter; left time: 1174.2826s
	iters: 500, epoch: 3 | loss: 0.3868989
	speed: 0.0118s/iter; left time: 1204.0684s
	iters: 600, epoch: 3 | loss: 0.4244771
	speed: 0.0116s/iter; left time: 1186.7797s
	iters: 700, epoch: 3 | loss: 0.4043629
	speed: 0.0121s/iter; left time: 1231.0778s
	iters: 800, epoch: 3 | loss: 0.4431106
	speed: 0.0117s/iter; left time: 1197.1417s
	iters: 900, epoch: 3 | loss: 0.3496927
	speed: 0.0119s/iter; left time: 1212.6898s
	iters: 1000, epoch: 3 | loss: 0.3715264
	speed: 0.0119s/iter; left time: 1205.4467s
Epoch: 3 cost time: 12.321213245391846
Epoch: 3, Steps: 1048 | Train Loss: 0.4303501 Vali Loss: 0.9477074
Validation loss decreased (0.955025 --> 0.947707).  Saving model ...
Updating learning rate to 0.000125
	iters: 100, epoch: 4 | loss: 0.4247083
	speed: 0.0344s/iter; left time: 3493.1981s
	iters: 200, epoch: 4 | loss: 0.3691166
	speed: 0.0119s/iter; left time: 1202.2995s
	iters: 300, epoch: 4 | loss: 0.3548055
	speed: 0.0118s/iter; left time: 1196.1980s
	iters: 400, epoch: 4 | loss: 0.4567874
	speed: 0.0117s/iter; left time: 1188.8289s
	iters: 500, epoch: 4 | loss: 0.3896075
	speed: 0.0116s/iter; left time: 1172.8753s
	iters: 600, epoch: 4 | loss: 0.4004056
	speed: 0.0119s/iter; left time: 1206.0469s
	iters: 700, epoch: 4 | loss: 0.3434089
	speed: 0.0115s/iter; left time: 1161.1365s
	iters: 800, epoch: 4 | loss: 0.4078789
	speed: 0.0116s/iter; left time: 1166.0593s
	iters: 900, epoch: 4 | loss: 0.3442111
	speed: 0.0118s/iter; left time: 1188.4971s
	iters: 1000, epoch: 4 | loss: 0.3315570
	speed: 0.0116s/iter; left time: 1170.7720s
Epoch: 4 cost time: 12.267588376998901
Epoch: 4, Steps: 1048 | Train Loss: 0.4210942 Vali Loss: 0.9520501
EarlyStopping counter: 1 out of 6
Updating learning rate to 6.25e-05
	iters: 100, epoch: 5 | loss: 0.4178524
	speed: 0.0340s/iter; left time: 3419.6813s
	iters: 200, epoch: 5 | loss: 0.4948466
	speed: 0.0116s/iter; left time: 1169.6480s
	iters: 300, epoch: 5 | loss: 0.3769695
	speed: 0.0119s/iter; left time: 1188.8190s
	iters: 400, epoch: 5 | loss: 0.4473330
	speed: 0.0118s/iter; left time: 1181.6501s
	iters: 500, epoch: 5 | loss: 0.3629689
	speed: 0.0119s/iter; left time: 1190.3253s
	iters: 600, epoch: 5 | loss: 0.4179974
	speed: 0.0118s/iter; left time: 1178.5965s
	iters: 700, epoch: 5 | loss: 0.3956106
	speed: 0.0117s/iter; left time: 1167.0622s
	iters: 800, epoch: 5 | loss: 0.3721013
	speed: 0.0118s/iter; left time: 1176.5729s
	iters: 900, epoch: 5 | loss: 0.4410544
	speed: 0.0117s/iter; left time: 1170.7903s
	iters: 1000, epoch: 5 | loss: 0.3551019
	speed: 0.0116s/iter; left time: 1152.1705s
Epoch: 5 cost time: 12.315974473953247
Epoch: 5, Steps: 1048 | Train Loss: 0.4162525 Vali Loss: 0.9505391
EarlyStopping counter: 2 out of 6
Updating learning rate to 3.125e-05
	iters: 100, epoch: 6 | loss: 0.4071206
	speed: 0.0334s/iter; left time: 3326.5059s
	iters: 200, epoch: 6 | loss: 0.3923095
	speed: 0.0118s/iter; left time: 1170.7270s
	iters: 300, epoch: 6 | loss: 0.3855922
	speed: 0.0117s/iter; left time: 1159.3954s
	iters: 400, epoch: 6 | loss: 0.4053874
	speed: 0.0117s/iter; left time: 1155.4230s
	iters: 500, epoch: 6 | loss: 0.4879015
	speed: 0.0116s/iter; left time: 1144.4301s
	iters: 600, epoch: 6 | loss: 0.4099569
	speed: 0.0112s/iter; left time: 1112.7504s
	iters: 700, epoch: 6 | loss: 0.4006236
	speed: 0.0116s/iter; left time: 1148.0671s
	iters: 800, epoch: 6 | loss: 0.4339130
	speed: 0.0117s/iter; left time: 1157.8758s
	iters: 900, epoch: 6 | loss: 0.4049115
	speed: 0.0121s/iter; left time: 1192.3186s
	iters: 1000, epoch: 6 | loss: 0.3871778
	speed: 0.0116s/iter; left time: 1139.4915s
Epoch: 6 cost time: 12.220571041107178
Epoch: 6, Steps: 1048 | Train Loss: 0.4138140 Vali Loss: 0.9526745
EarlyStopping counter: 3 out of 6
Updating learning rate to 1.5625e-05
	iters: 100, epoch: 7 | loss: 0.4329890
	speed: 0.0334s/iter; left time: 3285.0499s
	iters: 200, epoch: 7 | loss: 0.4589940
	speed: 0.0118s/iter; left time: 1155.8837s
	iters: 300, epoch: 7 | loss: 0.3651507
	speed: 0.0118s/iter; left time: 1156.9351s
	iters: 400, epoch: 7 | loss: 0.3720087
	speed: 0.0117s/iter; left time: 1152.3185s
	iters: 500, epoch: 7 | loss: 0.5621715
	speed: 0.0117s/iter; left time: 1149.0261s
	iters: 600, epoch: 7 | loss: 0.3793719
	speed: 0.0117s/iter; left time: 1145.2110s
	iters: 700, epoch: 7 | loss: 0.4419371
	speed: 0.0114s/iter; left time: 1118.3884s
	iters: 800, epoch: 7 | loss: 0.3725606
	speed: 0.0116s/iter; left time: 1130.1767s
	iters: 900, epoch: 7 | loss: 0.3397686
	speed: 0.0120s/iter; left time: 1167.7962s
	iters: 1000, epoch: 7 | loss: 0.3801527
	speed: 0.0119s/iter; left time: 1159.4797s
Epoch: 7 cost time: 12.273515701293945
Epoch: 7, Steps: 1048 | Train Loss: 0.4121072 Vali Loss: 0.9516937
EarlyStopping counter: 4 out of 6
Updating learning rate to 7.8125e-06
	iters: 100, epoch: 8 | loss: 0.3867959
	speed: 0.0336s/iter; left time: 3272.7376s
	iters: 200, epoch: 8 | loss: 0.4479880
	speed: 0.0121s/iter; left time: 1181.2869s
	iters: 300, epoch: 8 | loss: 0.4481366
	speed: 0.0122s/iter; left time: 1186.7942s
	iters: 400, epoch: 8 | loss: 0.3843329
	speed: 0.0118s/iter; left time: 1147.8113s
	iters: 500, epoch: 8 | loss: 0.4725885
	speed: 0.0118s/iter; left time: 1142.7375s
	iters: 600, epoch: 8 | loss: 0.4148590
	speed: 0.0118s/iter; left time: 1147.3458s
	iters: 700, epoch: 8 | loss: 0.5234405
	speed: 0.0118s/iter; left time: 1137.7927s
	iters: 800, epoch: 8 | loss: 0.4214843
	speed: 0.0117s/iter; left time: 1132.6648s
	iters: 900, epoch: 8 | loss: 0.3239098
	speed: 0.0118s/iter; left time: 1137.7958s
	iters: 1000, epoch: 8 | loss: 0.3674400
	speed: 0.0116s/iter; left time: 1122.1406s
Epoch: 8 cost time: 12.408686637878418
Epoch: 8, Steps: 1048 | Train Loss: 0.4118339 Vali Loss: 0.9510515
EarlyStopping counter: 5 out of 6
Updating learning rate to 3.90625e-06
	iters: 100, epoch: 9 | loss: 0.5176042
	speed: 0.0342s/iter; left time: 3291.8588s
	iters: 200, epoch: 9 | loss: 0.4566214
	speed: 0.0124s/iter; left time: 1194.7668s
	iters: 300, epoch: 9 | loss: 0.4315494
	speed: 0.0120s/iter; left time: 1149.1513s
	iters: 400, epoch: 9 | loss: 0.5012452
	speed: 0.0122s/iter; left time: 1168.5518s
	iters: 500, epoch: 9 | loss: 0.3434842
	speed: 0.0119s/iter; left time: 1140.8743s
	iters: 600, epoch: 9 | loss: 0.3264422
	speed: 0.0119s/iter; left time: 1137.3483s
	iters: 700, epoch: 9 | loss: 0.3928311
	speed: 0.0118s/iter; left time: 1134.1193s
	iters: 800, epoch: 9 | loss: 0.4428279
	speed: 0.0120s/iter; left time: 1152.1403s
	iters: 900, epoch: 9 | loss: 0.3514842
	speed: 0.0115s/iter; left time: 1096.8230s
	iters: 1000, epoch: 9 | loss: 0.4114624
	speed: 0.0115s/iter; left time: 1098.5325s
Epoch: 9 cost time: 12.501264095306396
Epoch: 9, Steps: 1048 | Train Loss: 0.4113016 Vali Loss: 0.9513437
EarlyStopping counter: 6 out of 6
Early stopping
VALIDATION_RESULT {"best_epoch": 3, "best_mae": 0.652047855565117, "best_mse": 0.9477074015516366, "epochs_ran": 9, "metric_version": "element_weighted_v1"}
>>>>>>>test skipped (validation-only run)<<<<<<<<<<<<<<<<<<<<<<<<
Using GPU
Args in experiment:
[1mBasic Config[0m
  Task Name:          long_term_forecast  Is Training:        0                   
  Model ID:           ETTm1_96_720_table2_ettm1_p720_no_decomp_s2021Model:              GraphMambaRecent    

[1mData Loader[0m
  Data:               ETTm1               Root Path:          /home/cwh/Time-Series-Library/dataset/ETT-small
  Data Path:          ETTm1.csv           Features:           M                   
  Target:             OT                  Freq:               h                   
  Checkpoints:        /home/cwh/Time-Series-Library/logs/graphmamba_backbone_ablation/checkpoints

[1mForecasting Task[0m
  Seq Len:            336                 Label Len:          48                  
  Pred Len:           720                 Seasonal Patterns:  Monthly             
  Inverse:            0                   

[1mModel Parameters[0m
  Top k:              5                   Num Kernels:        6                   
  Enc In:             7                   Dec In:             7                   
  C Out:              7                   d model:            64                  
  n heads:            8                   e layers:           1                   
  d layers:           1                   d FF:               128                 
  Moving Avg:         25                  Factor:             1                   
  Distil:             1                   Dropout:            0.1                 
  Embed:              timeF               Activation:         gelu                

[1mRun Parameters[0m
  Num Workers:        0                   Itr:                1                   
  Train Epochs:       100                 Batch Size:         32                  
  Patience:           6                   Learning Rate:      0.0005              
  Des:                table2_ettm1_p720_no_decomp_s2021Loss:               MSE                 
  Lradj:              type1               Use Amp:            0                   

[1mGPU[0m
  Use GPU:            1                   GPU:                0                   
  Use Multi GPU:      0                   Devices:            0,1,2,3             

[1mDe-stationary Projector Params[0m
  P Hidden Dims:      128, 128            P Hidden Layers:    2                   

Use GPU: cuda:0
🚀 Lazy Loading: GraphMambaRecent ...
[GraphMamba] Building 7x7 static graph from 2000 training samples
>>>>>>>evaluating validation checkpoint : long_term_forecast_ETTm1_96_720_table2_ettm1_p720_no_decomp_s2021_GraphMambaRecent_ETTm1_ftM_sl336_ll48_pl720_dm64_nh8_el1_dl1_df128_expand2_dc2_fc1_ebtimeF_dtTrue_table2_ettm1_p720_no_decomp_s2021_0<<<<<<<<<<<<<<<<<<<<<<<<<<<<<<<<<
val 10801
EVALUATION_RESULT {"batches": 338, "cmrhm_intervention": "intact", "elapsed_seconds": 1.7147830759640783, "elements": 54437040, "mae": 0.6520478557086314, "metric_version": "element_weighted_v1", "milliseconds_per_batch": 5.073322709952895, "mse": 0.9477074043501676, "parameter_count": 6739478, "peak_cuda_memory_bytes": 164759040, "split": "val"}
=== w/o Decomp | ETTm2-96 ===
Using GPU
Args in experiment:
[1mBasic Config[0m
  Task Name:          long_term_forecast  Is Training:        1                   
  Model ID:           ETTm2_96_96_table2_ettm2_p96_no_decomp_s2021Model:              GraphMambaRecent    

[1mData Loader[0m
  Data:               ETTm2               Root Path:          /home/cwh/Time-Series-Library/dataset/ETT-small
  Data Path:          ETTm2.csv           Features:           M                   
  Target:             OT                  Freq:               h                   
  Checkpoints:        /home/cwh/Time-Series-Library/logs/graphmamba_backbone_ablation/checkpoints

[1mForecasting Task[0m
  Seq Len:            336                 Label Len:          48                  
  Pred Len:           96                  Seasonal Patterns:  Monthly             
  Inverse:            0                   

[1mModel Parameters[0m
  Top k:              5                   Num Kernels:        6                   
  Enc In:             7                   Dec In:             7                   
  C Out:              7                   d model:            64                  
  n heads:            8                   e layers:           1                   
  d layers:           1                   d FF:               128                 
  Moving Avg:         25                  Factor:             1                   
  Distil:             1                   Dropout:            0.1                 
  Embed:              timeF               Activation:         gelu                

[1mRun Parameters[0m
  Num Workers:        0                   Itr:                1                   
  Train Epochs:       100                 Batch Size:         32                  
  Patience:           6                   Learning Rate:      0.0005              
  Des:                table2_ettm2_p96_no_decomp_s2021Loss:               MSE                 
  Lradj:              type1               Use Amp:            0                   

[1mGPU[0m
  Use GPU:            1                   GPU:                0                   
  Use Multi GPU:      0                   Devices:            0,1,2,3             

[1mDe-stationary Projector Params[0m
  P Hidden Dims:      128, 128            P Hidden Layers:    2                   

Use GPU: cuda:0
🚀 Lazy Loading: GraphMambaRecent ...
[GraphMamba] Building 7x7 static graph from 2000 training samples
>>>>>>>start training : long_term_forecast_ETTm2_96_96_table2_ettm2_p96_no_decomp_s2021_GraphMambaRecent_ETTm2_ftM_sl336_ll48_pl96_dm64_nh8_el1_dl1_df128_expand2_dc2_fc1_ebtimeF_dtTrue_table2_ettm2_p96_no_decomp_s2021_0>>>>>>>>>>>>>>>>>>>>>>>>>>
train 34129
val 11425
	iters: 100, epoch: 1 | loss: 0.2200798
	speed: 0.0137s/iter; left time: 1457.4127s
	iters: 200, epoch: 1 | loss: 0.2972239
	speed: 0.0111s/iter; left time: 1178.3515s
	iters: 300, epoch: 1 | loss: 0.2404856
	speed: 0.0113s/iter; left time: 1207.5653s
	iters: 400, epoch: 1 | loss: 0.3832048
	speed: 0.0114s/iter; left time: 1214.2068s
	iters: 500, epoch: 1 | loss: 0.2158291
	speed: 0.0114s/iter; left time: 1209.8443s
	iters: 600, epoch: 1 | loss: 0.1943790
	speed: 0.0113s/iter; left time: 1193.9454s
	iters: 700, epoch: 1 | loss: 0.5782694
	speed: 0.0113s/iter; left time: 1199.5760s
	iters: 800, epoch: 1 | loss: 0.2431557
	speed: 0.0114s/iter; left time: 1211.1379s
	iters: 900, epoch: 1 | loss: 0.1700621
	speed: 0.0114s/iter; left time: 1210.8266s
	iters: 1000, epoch: 1 | loss: 0.0994634
	speed: 0.0115s/iter; left time: 1214.7665s
Epoch: 1 cost time: 12.347140550613403
Epoch: 1, Steps: 1067 | Train Loss: 0.2455700 Vali Loss: 0.1303155
Validation loss decreased (inf --> 0.130315).  Saving model ...
Updating learning rate to 0.0005
	iters: 100, epoch: 2 | loss: 0.3372542
	speed: 0.0344s/iter; left time: 3628.0505s
	iters: 200, epoch: 2 | loss: 0.1718885
	speed: 0.0113s/iter; left time: 1194.0616s
	iters: 300, epoch: 2 | loss: 0.2479590
	speed: 0.0113s/iter; left time: 1190.1510s
	iters: 400, epoch: 2 | loss: 0.6169189
	speed: 0.0112s/iter; left time: 1182.9926s
	iters: 500, epoch: 2 | loss: 0.2395365
	speed: 0.0112s/iter; left time: 1176.2664s
	iters: 600, epoch: 2 | loss: 0.1833868
	speed: 0.0112s/iter; left time: 1178.5153s
	iters: 700, epoch: 2 | loss: 0.1636951
	speed: 0.0111s/iter; left time: 1169.6548s
	iters: 800, epoch: 2 | loss: 0.2815396
	speed: 0.0113s/iter; left time: 1180.4378s
	iters: 900, epoch: 2 | loss: 0.2166800
	speed: 0.0109s/iter; left time: 1145.5037s
	iters: 1000, epoch: 2 | loss: 0.2615693
	speed: 0.0111s/iter; left time: 1165.7598s
Epoch: 2 cost time: 11.931503534317017
Epoch: 2, Steps: 1067 | Train Loss: 0.2245709 Vali Loss: 0.1266042
Validation loss decreased (0.130315 --> 0.126604).  Saving model ...
Updating learning rate to 0.00025
	iters: 100, epoch: 3 | loss: 0.2224988
	speed: 0.0351s/iter; left time: 3668.1566s
	iters: 200, epoch: 3 | loss: 0.1341889
	speed: 0.0116s/iter; left time: 1206.2234s
	iters: 300, epoch: 3 | loss: 0.1247529
	speed: 0.0112s/iter; left time: 1165.8257s
	iters: 400, epoch: 3 | loss: 0.1648544
	speed: 0.0110s/iter; left time: 1141.4800s
	iters: 500, epoch: 3 | loss: 0.2524843
	speed: 0.0113s/iter; left time: 1171.9559s
	iters: 600, epoch: 3 | loss: 0.1251024
	speed: 0.0112s/iter; left time: 1162.2829s
	iters: 700, epoch: 3 | loss: 0.3248897
	speed: 0.0112s/iter; left time: 1161.0627s
	iters: 800, epoch: 3 | loss: 0.3102335
	speed: 0.0109s/iter; left time: 1135.1257s
	iters: 900, epoch: 3 | loss: 0.2002064
	speed: 0.0111s/iter; left time: 1148.4737s
	iters: 1000, epoch: 3 | loss: 0.1574365
	speed: 0.0111s/iter; left time: 1153.5735s
Epoch: 3 cost time: 11.95766830444336
Epoch: 3, Steps: 1067 | Train Loss: 0.2122810 Vali Loss: 0.1296733
EarlyStopping counter: 1 out of 6
Updating learning rate to 0.000125
	iters: 100, epoch: 4 | loss: 0.1586903
	speed: 0.0344s/iter; left time: 3555.4222s
	iters: 200, epoch: 4 | loss: 0.4075738
	speed: 0.0112s/iter; left time: 1155.2706s
	iters: 300, epoch: 4 | loss: 0.2457425
	speed: 0.0110s/iter; left time: 1130.3397s
	iters: 400, epoch: 4 | loss: 0.1248484
	speed: 0.0112s/iter; left time: 1151.8105s
	iters: 500, epoch: 4 | loss: 0.1488951
	speed: 0.0113s/iter; left time: 1166.2178s
	iters: 600, epoch: 4 | loss: 0.3858756
	speed: 0.0116s/iter; left time: 1193.6457s
	iters: 700, epoch: 4 | loss: 0.3529100
	speed: 0.0113s/iter; left time: 1164.3261s
	iters: 800, epoch: 4 | loss: 0.1423655
	speed: 0.0108s/iter; left time: 1113.0830s
	iters: 900, epoch: 4 | loss: 0.1828535
	speed: 0.0111s/iter; left time: 1139.2735s
	iters: 1000, epoch: 4 | loss: 0.1606832
	speed: 0.0114s/iter; left time: 1168.9894s
Epoch: 4 cost time: 11.942698001861572
Epoch: 4, Steps: 1067 | Train Loss: 0.2064329 Vali Loss: 0.1284487
EarlyStopping counter: 2 out of 6
Updating learning rate to 6.25e-05
	iters: 100, epoch: 5 | loss: 0.1987199
	speed: 0.0353s/iter; left time: 3615.4815s
	iters: 200, epoch: 5 | loss: 0.1304039
	speed: 0.0115s/iter; left time: 1171.3885s
	iters: 300, epoch: 5 | loss: 0.1864505
	speed: 0.0110s/iter; left time: 1118.6807s
	iters: 400, epoch: 5 | loss: 0.1731623
	speed: 0.0113s/iter; left time: 1157.7118s
	iters: 500, epoch: 5 | loss: 0.1927931
	speed: 0.0113s/iter; left time: 1148.0780s
	iters: 600, epoch: 5 | loss: 0.1073956
	speed: 0.0110s/iter; left time: 1122.9681s
	iters: 700, epoch: 5 | loss: 0.1293532
	speed: 0.0112s/iter; left time: 1134.4076s
	iters: 800, epoch: 5 | loss: 0.1985108
	speed: 0.0113s/iter; left time: 1145.8007s
	iters: 900, epoch: 5 | loss: 0.2544491
	speed: 0.0114s/iter; left time: 1155.0045s
	iters: 1000, epoch: 5 | loss: 0.1220559
	speed: 0.0112s/iter; left time: 1139.2751s
Epoch: 5 cost time: 12.037959814071655
Epoch: 5, Steps: 1067 | Train Loss: 0.2029228 Vali Loss: 0.1310821
EarlyStopping counter: 3 out of 6
Updating learning rate to 3.125e-05
	iters: 100, epoch: 6 | loss: 0.2320659
	speed: 0.0354s/iter; left time: 3581.7694s
	iters: 200, epoch: 6 | loss: 0.1558045
	speed: 0.0116s/iter; left time: 1172.0319s
	iters: 300, epoch: 6 | loss: 0.0907685
	speed: 0.0112s/iter; left time: 1135.1424s
	iters: 400, epoch: 6 | loss: 0.0924053
	speed: 0.0112s/iter; left time: 1126.8000s
	iters: 500, epoch: 6 | loss: 0.1209053
	speed: 0.0113s/iter; left time: 1140.0752s
	iters: 600, epoch: 6 | loss: 0.5588242
	speed: 0.0116s/iter; left time: 1164.2406s
	iters: 700, epoch: 6 | loss: 0.1411549
	speed: 0.0113s/iter; left time: 1137.4011s
	iters: 800, epoch: 6 | loss: 0.2346982
	speed: 0.0114s/iter; left time: 1143.4998s
	iters: 900, epoch: 6 | loss: 0.1978782
	speed: 0.0111s/iter; left time: 1112.8337s
	iters: 1000, epoch: 6 | loss: 0.1016839
	speed: 0.0112s/iter; left time: 1122.0491s
Epoch: 6 cost time: 12.059329271316528
Epoch: 6, Steps: 1067 | Train Loss: 0.2007789 Vali Loss: 0.1329252
EarlyStopping counter: 4 out of 6
Updating learning rate to 1.5625e-05
	iters: 100, epoch: 7 | loss: 0.1733441
	speed: 0.0345s/iter; left time: 3452.3149s
	iters: 200, epoch: 7 | loss: 0.0947653
	speed: 0.0112s/iter; left time: 1124.1933s
	iters: 300, epoch: 7 | loss: 0.1992457
	speed: 0.0112s/iter; left time: 1123.1630s
	iters: 400, epoch: 7 | loss: 0.3718710
	speed: 0.0114s/iter; left time: 1140.7784s
	iters: 500, epoch: 7 | loss: 0.3072604
	speed: 0.0113s/iter; left time: 1123.1406s
	iters: 600, epoch: 7 | loss: 0.1975857
	speed: 0.0111s/iter; left time: 1103.0895s
	iters: 700, epoch: 7 | loss: 0.1837314
	speed: 0.0111s/iter; left time: 1109.9388s
	iters: 800, epoch: 7 | loss: 0.1364872
	speed: 0.0110s/iter; left time: 1098.2714s
	iters: 900, epoch: 7 | loss: 0.1637489
	speed: 0.0112s/iter; left time: 1114.8901s
	iters: 1000, epoch: 7 | loss: 0.2152240
	speed: 0.0112s/iter; left time: 1112.0251s
Epoch: 7 cost time: 11.967418193817139
Epoch: 7, Steps: 1067 | Train Loss: 0.1997506 Vali Loss: 0.1333187
EarlyStopping counter: 5 out of 6
Updating learning rate to 7.8125e-06
	iters: 100, epoch: 8 | loss: 0.2329603
	speed: 0.0348s/iter; left time: 3448.8574s
	iters: 200, epoch: 8 | loss: 0.2630457
	speed: 0.0115s/iter; left time: 1143.5568s
	iters: 300, epoch: 8 | loss: 0.2382205
	speed: 0.0112s/iter; left time: 1111.6075s
	iters: 400, epoch: 8 | loss: 0.1226617
	speed: 0.0112s/iter; left time: 1106.6450s
	iters: 500, epoch: 8 | loss: 0.1855212
	speed: 0.0113s/iter; left time: 1111.3816s
	iters: 600, epoch: 8 | loss: 0.2102487
	speed: 0.0112s/iter; left time: 1106.2941s
	iters: 700, epoch: 8 | loss: 0.1756666
	speed: 0.0111s/iter; left time: 1090.6702s
	iters: 800, epoch: 8 | loss: 0.4277631
	speed: 0.0112s/iter; left time: 1106.9923s
	iters: 900, epoch: 8 | loss: 0.1321093
	speed: 0.0110s/iter; left time: 1078.2825s
	iters: 1000, epoch: 8 | loss: 0.1250281
	speed: 0.0111s/iter; left time: 1088.0066s
Epoch: 8 cost time: 11.961719512939453
Epoch: 8, Steps: 1067 | Train Loss: 0.1994210 Vali Loss: 0.1332326
EarlyStopping counter: 6 out of 6
Early stopping
VALIDATION_RESULT {"best_epoch": 2, "best_mae": 0.24447712284432757, "best_mse": 0.12660421838906452, "epochs_ran": 8, "metric_version": "element_weighted_v1"}
>>>>>>>test skipped (validation-only run)<<<<<<<<<<<<<<<<<<<<<<<<
Using GPU
Args in experiment:
[1mBasic Config[0m
  Task Name:          long_term_forecast  Is Training:        0                   
  Model ID:           ETTm2_96_96_table2_ettm2_p96_no_decomp_s2021Model:              GraphMambaRecent    

[1mData Loader[0m
  Data:               ETTm2               Root Path:          /home/cwh/Time-Series-Library/dataset/ETT-small
  Data Path:          ETTm2.csv           Features:           M                   
  Target:             OT                  Freq:               h                   
  Checkpoints:        /home/cwh/Time-Series-Library/logs/graphmamba_backbone_ablation/checkpoints

[1mForecasting Task[0m
  Seq Len:            336                 Label Len:          48                  
  Pred Len:           96                  Seasonal Patterns:  Monthly             
  Inverse:            0                   

[1mModel Parameters[0m
  Top k:              5                   Num Kernels:        6                   
  Enc In:             7                   Dec In:             7                   
  C Out:              7                   d model:            64                  
  n heads:            8                   e layers:           1                   
  d layers:           1                   d FF:               128                 
  Moving Avg:         25                  Factor:             1                   
  Distil:             1                   Dropout:            0.1                 
  Embed:              timeF               Activation:         gelu                

[1mRun Parameters[0m
  Num Workers:        0                   Itr:                1                   
  Train Epochs:       100                 Batch Size:         32                  
  Patience:           6                   Learning Rate:      0.0005              
  Des:                table2_ettm2_p96_no_decomp_s2021Loss:               MSE                 
  Lradj:              type1               Use Amp:            0                   

[1mGPU[0m
  Use GPU:            1                   GPU:                0                   
  Use Multi GPU:      0                   Devices:            0,1,2,3             

[1mDe-stationary Projector Params[0m
  P Hidden Dims:      128, 128            P Hidden Layers:    2                   

Use GPU: cuda:0
🚀 Lazy Loading: GraphMambaRecent ...
[GraphMamba] Building 7x7 static graph from 2000 training samples
>>>>>>>evaluating validation checkpoint : long_term_forecast_ETTm2_96_96_table2_ettm2_p96_no_decomp_s2021_GraphMambaRecent_ETTm2_ftM_sl336_ll48_pl96_dm64_nh8_el1_dl1_df128_expand2_dc2_fc1_ebtimeF_dtTrue_table2_ettm2_p96_no_decomp_s2021_0<<<<<<<<<<<<<<<<<<<<<<<<<<<<<<<<<
val 11425
EVALUATION_RESULT {"batches": 358, "cmrhm_intervention": "intact", "elapsed_seconds": 1.8303588379640132, "elements": 7677600, "mae": 0.2444771226495582, "metric_version": "element_weighted_v1", "milliseconds_per_batch": 5.11273418425702, "mse": 0.12660421819032028, "parameter_count": 988070, "peak_cuda_memory_bytes": 138765312, "split": "val"}
=== w/o Decomp | ETTm2-720 ===
Using GPU
Args in experiment:
[1mBasic Config[0m
  Task Name:          long_term_forecast  Is Training:        1                   
  Model ID:           ETTm2_96_720_table2_ettm2_p720_no_decomp_s2021Model:              GraphMambaRecent    

[1mData Loader[0m
  Data:               ETTm2               Root Path:          /home/cwh/Time-Series-Library/dataset/ETT-small
  Data Path:          ETTm2.csv           Features:           M                   
  Target:             OT                  Freq:               h                   
  Checkpoints:        /home/cwh/Time-Series-Library/logs/graphmamba_backbone_ablation/checkpoints

[1mForecasting Task[0m
  Seq Len:            336                 Label Len:          48                  
  Pred Len:           720                 Seasonal Patterns:  Monthly             
  Inverse:            0                   

[1mModel Parameters[0m
  Top k:              5                   Num Kernels:        6                   
  Enc In:             7                   Dec In:             7                   
  C Out:              7                   d model:            64                  
  n heads:            8                   e layers:           1                   
  d layers:           1                   d FF:               128                 
  Moving Avg:         25                  Factor:             1                   
  Distil:             1                   Dropout:            0.1                 
  Embed:              timeF               Activation:         gelu                

[1mRun Parameters[0m
  Num Workers:        0                   Itr:                1                   
  Train Epochs:       100                 Batch Size:         32                  
  Patience:           6                   Learning Rate:      0.0005              
  Des:                table2_ettm2_p720_no_decomp_s2021Loss:               MSE                 
  Lradj:              type1               Use Amp:            0                   

[1mGPU[0m
  Use GPU:            1                   GPU:                0                   
  Use Multi GPU:      0                   Devices:            0,1,2,3             

[1mDe-stationary Projector Params[0m
  P Hidden Dims:      128, 128            P Hidden Layers:    2                   

Use GPU: cuda:0
🚀 Lazy Loading: GraphMambaRecent ...
[GraphMamba] Building 7x7 static graph from 2000 training samples
>>>>>>>start training : long_term_forecast_ETTm2_96_720_table2_ettm2_p720_no_decomp_s2021_GraphMambaRecent_ETTm2_ftM_sl336_ll48_pl720_dm64_nh8_el1_dl1_df128_expand2_dc2_fc1_ebtimeF_dtTrue_table2_ettm2_p720_no_decomp_s2021_0>>>>>>>>>>>>>>>>>>>>>>>>>>
train 33505
val 10801
	iters: 100, epoch: 1 | loss: 0.4807048
	speed: 0.0139s/iter; left time: 1454.3762s
	iters: 200, epoch: 1 | loss: 0.4814771
	speed: 0.0117s/iter; left time: 1224.0256s
	iters: 300, epoch: 1 | loss: 0.7407921
	speed: 0.0115s/iter; left time: 1203.8340s
	iters: 400, epoch: 1 | loss: 0.3615525
	speed: 0.0117s/iter; left time: 1218.5987s
	iters: 500, epoch: 1 | loss: 0.6409322
	speed: 0.0115s/iter; left time: 1204.5231s
	iters: 600, epoch: 1 | loss: 0.4064379
	speed: 0.0116s/iter; left time: 1207.4093s
	iters: 700, epoch: 1 | loss: 0.9053856
	speed: 0.0117s/iter; left time: 1223.1103s
	iters: 800, epoch: 1 | loss: 0.6084809
	speed: 0.0116s/iter; left time: 1207.1127s
	iters: 900, epoch: 1 | loss: 0.6283736
	speed: 0.0119s/iter; left time: 1236.5983s
	iters: 1000, epoch: 1 | loss: 0.5362089
	speed: 0.0116s/iter; left time: 1207.8403s
Epoch: 1 cost time: 12.45778203010559
Epoch: 1, Steps: 1048 | Train Loss: 0.5945044 Vali Loss: 0.3007543
Validation loss decreased (inf --> 0.300754).  Saving model ...
Updating learning rate to 0.0005
	iters: 100, epoch: 2 | loss: 0.5358700
	speed: 0.0343s/iter; left time: 3557.2834s
	iters: 200, epoch: 2 | loss: 0.3889847
	speed: 0.0119s/iter; left time: 1234.2211s
	iters: 300, epoch: 2 | loss: 0.8695883
	speed: 0.0118s/iter; left time: 1218.7900s
	iters: 400, epoch: 2 | loss: 1.5852920
	speed: 0.0117s/iter; left time: 1206.1212s
	iters: 500, epoch: 2 | loss: 0.2329909
	speed: 0.0118s/iter; left time: 1216.0180s
	iters: 600, epoch: 2 | loss: 0.3214815
	speed: 0.0116s/iter; left time: 1200.1129s
	iters: 700, epoch: 2 | loss: 0.4158551
	speed: 0.0118s/iter; left time: 1213.0658s
	iters: 800, epoch: 2 | loss: 0.4442036
	speed: 0.0119s/iter; left time: 1222.0276s
	iters: 900, epoch: 2 | loss: 0.5538516
	speed: 0.0117s/iter; left time: 1206.3074s
	iters: 1000, epoch: 2 | loss: 0.5549988
	speed: 0.0119s/iter; left time: 1223.6657s
Epoch: 2 cost time: 12.331796646118164
Epoch: 2, Steps: 1048 | Train Loss: 0.5677124 Vali Loss: 0.2956804
Validation loss decreased (0.300754 --> 0.295680).  Saving model ...
Updating learning rate to 0.00025
	iters: 100, epoch: 3 | loss: 1.0316361
	speed: 0.0333s/iter; left time: 3420.4058s
	iters: 200, epoch: 3 | loss: 0.4140950
	speed: 0.0120s/iter; left time: 1228.3542s
	iters: 300, epoch: 3 | loss: 0.4784314
	speed: 0.0116s/iter; left time: 1184.5757s
	iters: 400, epoch: 3 | loss: 0.4708267
	speed: 0.0116s/iter; left time: 1191.1451s
	iters: 500, epoch: 3 | loss: 0.4817071
	speed: 0.0116s/iter; left time: 1184.3487s
	iters: 600, epoch: 3 | loss: 0.3895272
	speed: 0.0118s/iter; left time: 1203.4790s
	iters: 700, epoch: 3 | loss: 0.8987642
	speed: 0.0117s/iter; left time: 1197.8554s
	iters: 800, epoch: 3 | loss: 0.3628771
	speed: 0.0117s/iter; left time: 1192.1693s
	iters: 900, epoch: 3 | loss: 0.8565432
	speed: 0.0122s/iter; left time: 1240.5365s
	iters: 1000, epoch: 3 | loss: 0.5738052
	speed: 0.0118s/iter; left time: 1196.7442s
Epoch: 3 cost time: 12.310766696929932
Epoch: 3, Steps: 1048 | Train Loss: 0.5458190 Vali Loss: 0.3094185
EarlyStopping counter: 1 out of 6
Updating learning rate to 0.000125
	iters: 100, epoch: 4 | loss: 0.2948989
	speed: 0.0330s/iter; left time: 3351.9228s
	iters: 200, epoch: 4 | loss: 0.7618650
	speed: 0.0118s/iter; left time: 1199.6411s
	iters: 300, epoch: 4 | loss: 0.8935798
	speed: 0.0117s/iter; left time: 1187.2682s
	iters: 400, epoch: 4 | loss: 0.3821565
	speed: 0.0118s/iter; left time: 1194.4363s
	iters: 500, epoch: 4 | loss: 0.7682669
	speed: 0.0115s/iter; left time: 1163.6705s
	iters: 600, epoch: 4 | loss: 0.7780464
	speed: 0.0121s/iter; left time: 1221.4277s
	iters: 700, epoch: 4 | loss: 0.3625358
	speed: 0.0115s/iter; left time: 1161.8322s
	iters: 800, epoch: 4 | loss: 0.4455764
	speed: 0.0118s/iter; left time: 1190.8276s
	iters: 900, epoch: 4 | loss: 0.3625296
	speed: 0.0116s/iter; left time: 1164.7129s
	iters: 1000, epoch: 4 | loss: 0.8333036
	speed: 0.0119s/iter; left time: 1196.4209s
Epoch: 4 cost time: 12.305809736251831
Epoch: 4, Steps: 1048 | Train Loss: 0.5352830 Vali Loss: 0.3106111
EarlyStopping counter: 2 out of 6
Updating learning rate to 6.25e-05
	iters: 100, epoch: 5 | loss: 0.8520578
	speed: 0.0336s/iter; left time: 3372.3243s
	iters: 200, epoch: 5 | loss: 0.3153248
	speed: 0.0119s/iter; left time: 1194.7017s
	iters: 300, epoch: 5 | loss: 0.3831018
	speed: 0.0118s/iter; left time: 1182.1145s
	iters: 400, epoch: 5 | loss: 0.4206459
	speed: 0.0120s/iter; left time: 1204.8506s
	iters: 500, epoch: 5 | loss: 0.2994060
	speed: 0.0119s/iter; left time: 1193.3823s
	iters: 600, epoch: 5 | loss: 1.4801252
	speed: 0.0119s/iter; left time: 1189.4793s
	iters: 700, epoch: 5 | loss: 0.3081559
	speed: 0.0119s/iter; left time: 1192.4087s
	iters: 800, epoch: 5 | loss: 0.6209360
	speed: 0.0118s/iter; left time: 1179.7687s
	iters: 900, epoch: 5 | loss: 0.3931537
	speed: 0.0114s/iter; left time: 1137.9443s
	iters: 1000, epoch: 5 | loss: 0.3930653
	speed: 0.0116s/iter; left time: 1155.0980s
Epoch: 5 cost time: 12.344937801361084
Epoch: 5, Steps: 1048 | Train Loss: 0.5278941 Vali Loss: 0.3140478
EarlyStopping counter: 3 out of 6
Updating learning rate to 3.125e-05
	iters: 100, epoch: 6 | loss: 0.4255676
	speed: 0.0334s/iter; left time: 3318.6820s
	iters: 200, epoch: 6 | loss: 0.5236893
	speed: 0.0119s/iter; left time: 1186.8467s
	iters: 300, epoch: 6 | loss: 0.2844525
	speed: 0.0119s/iter; left time: 1179.3894s
	iters: 400, epoch: 6 | loss: 0.3952045
	speed: 0.0116s/iter; left time: 1149.8365s
	iters: 500, epoch: 6 | loss: 0.4820044
	speed: 0.0112s/iter; left time: 1113.4771s
	iters: 600, epoch: 6 | loss: 0.4884776
	speed: 0.0116s/iter; left time: 1152.8720s
	iters: 700, epoch: 6 | loss: 0.5246058
	speed: 0.0114s/iter; left time: 1127.7530s
	iters: 800, epoch: 6 | loss: 0.4142104
	speed: 0.0116s/iter; left time: 1144.0133s
	iters: 900, epoch: 6 | loss: 0.7191958
	speed: 0.0115s/iter; left time: 1132.9070s
	iters: 1000, epoch: 6 | loss: 0.4205117
	speed: 0.0120s/iter; left time: 1179.7216s
Epoch: 6 cost time: 12.227098226547241
Epoch: 6, Steps: 1048 | Train Loss: 0.5239683 Vali Loss: 0.3116767
EarlyStopping counter: 4 out of 6
Updating learning rate to 1.5625e-05
	iters: 100, epoch: 7 | loss: 0.7754660
	speed: 0.0327s/iter; left time: 3218.8932s
	iters: 200, epoch: 7 | loss: 0.5318384
	speed: 0.0115s/iter; left time: 1127.3867s
	iters: 300, epoch: 7 | loss: 0.3404688
	speed: 0.0118s/iter; left time: 1161.1747s
	iters: 400, epoch: 7 | loss: 0.8555646
	speed: 0.0119s/iter; left time: 1166.3345s
	iters: 500, epoch: 7 | loss: 0.5342039
	speed: 0.0120s/iter; left time: 1172.4461s
	iters: 600, epoch: 7 | loss: 0.3271908
	speed: 0.0118s/iter; left time: 1156.7550s
	iters: 700, epoch: 7 | loss: 0.3897936
	speed: 0.0118s/iter; left time: 1154.9071s
	iters: 800, epoch: 7 | loss: 0.5808790
	speed: 0.0118s/iter; left time: 1153.5460s
	iters: 900, epoch: 7 | loss: 0.6363565
	speed: 0.0116s/iter; left time: 1132.4803s
	iters: 1000, epoch: 7 | loss: 0.5079174
	speed: 0.0116s/iter; left time: 1129.6334s
Epoch: 7 cost time: 12.301947355270386
Epoch: 7, Steps: 1048 | Train Loss: 0.5217298 Vali Loss: 0.3170521
EarlyStopping counter: 5 out of 6
Updating learning rate to 7.8125e-06
	iters: 100, epoch: 8 | loss: 0.4415202
	speed: 0.0340s/iter; left time: 3314.5384s
	iters: 200, epoch: 8 | loss: 0.3911645
	speed: 0.0113s/iter; left time: 1099.5123s
	iters: 300, epoch: 8 | loss: 0.5820732
	speed: 0.0120s/iter; left time: 1169.0729s
	iters: 400, epoch: 8 | loss: 0.3056125
	speed: 0.0119s/iter; left time: 1151.4446s
	iters: 500, epoch: 8 | loss: 0.3451876
	speed: 0.0119s/iter; left time: 1151.7026s
	iters: 600, epoch: 8 | loss: 0.6027476
	speed: 0.0117s/iter; left time: 1133.8945s
	iters: 700, epoch: 8 | loss: 0.4572186
	speed: 0.0116s/iter; left time: 1120.3844s
	iters: 800, epoch: 8 | loss: 0.3772023
	speed: 0.0116s/iter; left time: 1125.0958s
	iters: 900, epoch: 8 | loss: 0.4982341
	speed: 0.0116s/iter; left time: 1122.0031s
	iters: 1000, epoch: 8 | loss: 0.3611778
	speed: 0.0115s/iter; left time: 1113.2607s
Epoch: 8 cost time: 12.238243103027344
Epoch: 8, Steps: 1048 | Train Loss: 0.5205257 Vali Loss: 0.3169840
EarlyStopping counter: 6 out of 6
Early stopping
VALIDATION_RESULT {"best_epoch": 2, "best_mae": 0.37561276536733995, "best_mse": 0.2956804237461754, "epochs_ran": 8, "metric_version": "element_weighted_v1"}
>>>>>>>test skipped (validation-only run)<<<<<<<<<<<<<<<<<<<<<<<<
Using GPU
Args in experiment:
[1mBasic Config[0m
  Task Name:          long_term_forecast  Is Training:        0                   
  Model ID:           ETTm2_96_720_table2_ettm2_p720_no_decomp_s2021Model:              GraphMambaRecent    

[1mData Loader[0m
  Data:               ETTm2               Root Path:          /home/cwh/Time-Series-Library/dataset/ETT-small
  Data Path:          ETTm2.csv           Features:           M                   
  Target:             OT                  Freq:               h                   
  Checkpoints:        /home/cwh/Time-Series-Library/logs/graphmamba_backbone_ablation/checkpoints

[1mForecasting Task[0m
  Seq Len:            336                 Label Len:          48                  
  Pred Len:           720                 Seasonal Patterns:  Monthly             
  Inverse:            0                   

[1mModel Parameters[0m
  Top k:              5                   Num Kernels:        6                   
  Enc In:             7                   Dec In:             7                   
  C Out:              7                   d model:            64                  
  n heads:            8                   e layers:           1                   
  d layers:           1                   d FF:               128                 
  Moving Avg:         25                  Factor:             1                   
  Distil:             1                   Dropout:            0.1                 
  Embed:              timeF               Activation:         gelu                

[1mRun Parameters[0m
  Num Workers:        0                   Itr:                1                   
  Train Epochs:       100                 Batch Size:         32                  
  Patience:           6                   Learning Rate:      0.0005              
  Des:                table2_ettm2_p720_no_decomp_s2021Loss:               MSE                 
  Lradj:              type1               Use Amp:            0                   

[1mGPU[0m
  Use GPU:            1                   GPU:                0                   
  Use Multi GPU:      0                   Devices:            0,1,2,3             

[1mDe-stationary Projector Params[0m
  P Hidden Dims:      128, 128            P Hidden Layers:    2                   

Use GPU: cuda:0
🚀 Lazy Loading: GraphMambaRecent ...
[GraphMamba] Building 7x7 static graph from 2000 training samples
>>>>>>>evaluating validation checkpoint : long_term_forecast_ETTm2_96_720_table2_ettm2_p720_no_decomp_s2021_GraphMambaRecent_ETTm2_ftM_sl336_ll48_pl720_dm64_nh8_el1_dl1_df128_expand2_dc2_fc1_ebtimeF_dtTrue_table2_ettm2_p720_no_decomp_s2021_0<<<<<<<<<<<<<<<<<<<<<<<<<<<<<<<<<
val 10801
EVALUATION_RESULT {"batches": 338, "cmrhm_intervention": "intact", "elapsed_seconds": 1.7834823979064822, "elements": 54437040, "mae": 0.3756127656543688, "metric_version": "element_weighted_v1", "milliseconds_per_batch": 5.2765751417351545, "mse": 0.29568042259806004, "parameter_count": 6739478, "peak_cuda_memory_bytes": 164759040, "split": "val"}
=== w/o Patch | ETTm1-96 ===
Using GPU
Args in experiment:
[1mBasic Config[0m
  Task Name:          long_term_forecast  Is Training:        1                   
  Model ID:           ETTm1_96_96_table2_ettm1_p96_no_patch_s2021Model:              GraphMambaRecent    

[1mData Loader[0m
  Data:               ETTm1               Root Path:          /home/cwh/Time-Series-Library/dataset/ETT-small
  Data Path:          ETTm1.csv           Features:           M                   
  Target:             OT                  Freq:               h                   
  Checkpoints:        /home/cwh/Time-Series-Library/logs/graphmamba_backbone_ablation/checkpoints

[1mForecasting Task[0m
  Seq Len:            336                 Label Len:          48                  
  Pred Len:           96                  Seasonal Patterns:  Monthly             
  Inverse:            0                   

[1mModel Parameters[0m
  Top k:              5                   Num Kernels:        6                   
  Enc In:             7                   Dec In:             7                   
  C Out:              7                   d model:            64                  
  n heads:            8                   e layers:           1                   
  d layers:           1                   d FF:               128                 
  Moving Avg:         25                  Factor:             1                   
  Distil:             1                   Dropout:            0.1                 
  Embed:              timeF               Activation:         gelu                

[1mRun Parameters[0m
  Num Workers:        0                   Itr:                1                   
  Train Epochs:       100                 Batch Size:         32                  
  Patience:           6                   Learning Rate:      0.0005              
  Des:                table2_ettm1_p96_no_patch_s2021Loss:               MSE                 
  Lradj:              type1               Use Amp:            0                   

[1mGPU[0m
  Use GPU:            1                   GPU:                0                   
  Use Multi GPU:      0                   Devices:            0,1,2,3             

[1mDe-stationary Projector Params[0m
  P Hidden Dims:      128, 128            P Hidden Layers:    2                   

Use GPU: cuda:0
🚀 Lazy Loading: GraphMambaRecent ...
[GraphMamba] Building 7x7 static graph from 2000 training samples
>>>>>>>start training : long_term_forecast_ETTm1_96_96_table2_ettm1_p96_no_patch_s2021_GraphMambaRecent_ETTm1_ftM_sl336_ll48_pl96_dm64_nh8_el1_dl1_df128_expand2_dc2_fc1_ebtimeF_dtTrue_table2_ettm1_p96_no_patch_s2021_0>>>>>>>>>>>>>>>>>>>>>>>>>>
train 34129
val 11425
	iters: 100, epoch: 1 | loss: 0.3458460
	speed: 0.0099s/iter; left time: 1050.6750s
	iters: 200, epoch: 1 | loss: 0.3904765
	speed: 0.0073s/iter; left time: 779.1251s
	iters: 300, epoch: 1 | loss: 0.3449985
	speed: 0.0076s/iter; left time: 808.1555s
	iters: 400, epoch: 1 | loss: 0.2611165
	speed: 0.0075s/iter; left time: 792.1355s
	iters: 500, epoch: 1 | loss: 0.2902551
	speed: 0.0073s/iter; left time: 777.9161s
	iters: 600, epoch: 1 | loss: 0.3111804
	speed: 0.0073s/iter; left time: 774.9233s
	iters: 700, epoch: 1 | loss: 0.3865298
	speed: 0.0075s/iter; left time: 795.6929s
	iters: 800, epoch: 1 | loss: 0.2552766
	speed: 0.0072s/iter; left time: 761.6818s
	iters: 900, epoch: 1 | loss: 0.2389588
	speed: 0.0073s/iter; left time: 768.9760s
	iters: 1000, epoch: 1 | loss: 0.3144391
	speed: 0.0073s/iter; left time: 766.8848s
Epoch: 1 cost time: 8.092808246612549
Epoch: 1, Steps: 1067 | Train Loss: 0.3067282 Vali Loss: 0.3981161
Validation loss decreased (inf --> 0.398116).  Saving model ...
Updating learning rate to 0.0005
	iters: 100, epoch: 2 | loss: 0.3208694
	speed: 0.0234s/iter; left time: 2471.8385s
	iters: 200, epoch: 2 | loss: 0.3265690
	speed: 0.0073s/iter; left time: 774.3752s
	iters: 300, epoch: 2 | loss: 0.2420258
	speed: 0.0077s/iter; left time: 806.2897s
	iters: 400, epoch: 2 | loss: 0.2650179
	speed: 0.0074s/iter; left time: 779.7593s
	iters: 500, epoch: 2 | loss: 0.3055936
	speed: 0.0074s/iter; left time: 782.9599s
	iters: 600, epoch: 2 | loss: 0.2834917
	speed: 0.0080s/iter; left time: 839.2502s
	iters: 700, epoch: 2 | loss: 0.2518622
	speed: 0.0072s/iter; left time: 758.5355s
	iters: 800, epoch: 2 | loss: 0.3067244
	speed: 0.0076s/iter; left time: 792.6431s
	iters: 900, epoch: 2 | loss: 0.2763984
	speed: 0.0075s/iter; left time: 784.0627s
	iters: 1000, epoch: 2 | loss: 0.3095615
	speed: 0.0077s/iter; left time: 808.4227s
Epoch: 2 cost time: 8.008910655975342
Epoch: 2, Steps: 1067 | Train Loss: 0.2656275 Vali Loss: 0.3984040
EarlyStopping counter: 1 out of 6
Updating learning rate to 0.00025
	iters: 100, epoch: 3 | loss: 0.2122468
	speed: 0.0237s/iter; left time: 2478.5732s
	iters: 200, epoch: 3 | loss: 0.2620506
	speed: 0.0072s/iter; left time: 751.0246s
	iters: 300, epoch: 3 | loss: 0.3935877
	speed: 0.0073s/iter; left time: 766.1674s
	iters: 400, epoch: 3 | loss: 0.2919945
	speed: 0.0074s/iter; left time: 775.2630s
	iters: 500, epoch: 3 | loss: 0.2462227
	speed: 0.0076s/iter; left time: 795.7454s
	iters: 600, epoch: 3 | loss: 0.2768409
	speed: 0.0078s/iter; left time: 807.2814s
	iters: 700, epoch: 3 | loss: 0.2549772
	speed: 0.0075s/iter; left time: 780.4767s
	iters: 800, epoch: 3 | loss: 0.3300148
	speed: 0.0075s/iter; left time: 775.8498s
	iters: 900, epoch: 3 | loss: 0.2806626
	speed: 0.0072s/iter; left time: 744.7210s
	iters: 1000, epoch: 3 | loss: 0.2862493
	speed: 0.0073s/iter; left time: 754.0669s
Epoch: 3 cost time: 7.913164138793945
Epoch: 3, Steps: 1067 | Train Loss: 0.2506362 Vali Loss: 0.4161783
EarlyStopping counter: 2 out of 6
Updating learning rate to 0.000125
	iters: 100, epoch: 4 | loss: 0.2468687
	speed: 0.0232s/iter; left time: 2400.6542s
	iters: 200, epoch: 4 | loss: 0.2299796
	speed: 0.0074s/iter; left time: 760.9240s
	iters: 300, epoch: 4 | loss: 0.2812365
	speed: 0.0074s/iter; left time: 759.6761s
	iters: 400, epoch: 4 | loss: 0.2567993
	speed: 0.0072s/iter; left time: 737.8352s
	iters: 500, epoch: 4 | loss: 0.2445534
	speed: 0.0073s/iter; left time: 750.1638s
	iters: 600, epoch: 4 | loss: 0.2490849
	speed: 0.0072s/iter; left time: 737.8546s
	iters: 700, epoch: 4 | loss: 0.2730553
	speed: 0.0072s/iter; left time: 740.6090s
	iters: 800, epoch: 4 | loss: 0.1991004
	speed: 0.0072s/iter; left time: 736.5412s
	iters: 900, epoch: 4 | loss: 0.2782057
	speed: 0.0071s/iter; left time: 729.6704s
	iters: 1000, epoch: 4 | loss: 0.2318598
	speed: 0.0076s/iter; left time: 781.6312s
Epoch: 4 cost time: 7.762618541717529
Epoch: 4, Steps: 1067 | Train Loss: 0.2408676 Vali Loss: 0.4271196
EarlyStopping counter: 3 out of 6
Updating learning rate to 6.25e-05
	iters: 100, epoch: 5 | loss: 0.2861078
	speed: 0.0232s/iter; left time: 2374.6301s
	iters: 200, epoch: 5 | loss: 0.2641730
	speed: 0.0073s/iter; left time: 749.1737s
	iters: 300, epoch: 5 | loss: 0.2816706
	speed: 0.0073s/iter; left time: 749.5135s
	iters: 400, epoch: 5 | loss: 0.2232237
	speed: 0.0074s/iter; left time: 759.2413s
	iters: 500, epoch: 5 | loss: 0.2296613
	speed: 0.0073s/iter; left time: 747.8659s
	iters: 600, epoch: 5 | loss: 0.2450757
	speed: 0.0072s/iter; left time: 737.8703s
	iters: 700, epoch: 5 | loss: 0.2540917
	speed: 0.0072s/iter; left time: 735.3991s
	iters: 800, epoch: 5 | loss: 0.1756133
	speed: 0.0077s/iter; left time: 778.8306s
	iters: 900, epoch: 5 | loss: 0.2490329
	speed: 0.0071s/iter; left time: 725.9325s
	iters: 1000, epoch: 5 | loss: 0.1982887
	speed: 0.0075s/iter; left time: 763.5692s
Epoch: 5 cost time: 7.858438730239868
Epoch: 5, Steps: 1067 | Train Loss: 0.2346817 Vali Loss: 0.4298548
EarlyStopping counter: 4 out of 6
Updating learning rate to 3.125e-05
	iters: 100, epoch: 6 | loss: 0.2343229
	speed: 0.0236s/iter; left time: 2388.8144s
	iters: 200, epoch: 6 | loss: 0.3018571
	speed: 0.0074s/iter; left time: 752.1217s
	iters: 300, epoch: 6 | loss: 0.2352370
	speed: 0.0073s/iter; left time: 738.1534s
	iters: 400, epoch: 6 | loss: 0.2553965
	speed: 0.0074s/iter; left time: 742.5148s
	iters: 500, epoch: 6 | loss: 0.2432638
	speed: 0.0072s/iter; left time: 730.4764s
	iters: 600, epoch: 6 | loss: 0.2390935
	speed: 0.0074s/iter; left time: 744.9347s
	iters: 700, epoch: 6 | loss: 0.2382491
	speed: 0.0074s/iter; left time: 746.1908s
	iters: 800, epoch: 6 | loss: 0.2360183
	speed: 0.0074s/iter; left time: 743.2840s
	iters: 900, epoch: 6 | loss: 0.2593597
	speed: 0.0072s/iter; left time: 726.1474s
	iters: 1000, epoch: 6 | loss: 0.2094064
	speed: 0.0072s/iter; left time: 724.9865s
Epoch: 6 cost time: 7.832370758056641
Epoch: 6, Steps: 1067 | Train Loss: 0.2314819 Vali Loss: 0.4310451
EarlyStopping counter: 5 out of 6
Updating learning rate to 1.5625e-05
	iters: 100, epoch: 7 | loss: 0.2699682
	speed: 0.0236s/iter; left time: 2366.7873s
	iters: 200, epoch: 7 | loss: 0.2265335
	speed: 0.0075s/iter; left time: 753.2930s
	iters: 300, epoch: 7 | loss: 0.2286246
	speed: 0.0077s/iter; left time: 767.8339s
	iters: 400, epoch: 7 | loss: 0.1744682
	speed: 0.0075s/iter; left time: 747.4702s
	iters: 500, epoch: 7 | loss: 0.2372093
	speed: 0.0074s/iter; left time: 743.1976s
	iters: 600, epoch: 7 | loss: 0.1971629
	speed: 0.0074s/iter; left time: 739.6661s
	iters: 700, epoch: 7 | loss: 0.2489533
	speed: 0.0073s/iter; left time: 723.4403s
	iters: 800, epoch: 7 | loss: 0.2253325
	speed: 0.0072s/iter; left time: 720.8178s
	iters: 900, epoch: 7 | loss: 0.2767663
	speed: 0.0073s/iter; left time: 722.0833s
	iters: 1000, epoch: 7 | loss: 0.2757969
	speed: 0.0072s/iter; left time: 717.5530s
Epoch: 7 cost time: 7.876238822937012
Epoch: 7, Steps: 1067 | Train Loss: 0.2296044 Vali Loss: 0.4280174
EarlyStopping counter: 6 out of 6
Early stopping
VALIDATION_RESULT {"best_epoch": 1, "best_mae": 0.41713632920688426, "best_mse": 0.3981161441804966, "epochs_ran": 7, "metric_version": "element_weighted_v1"}
>>>>>>>test skipped (validation-only run)<<<<<<<<<<<<<<<<<<<<<<<<
Using GPU
Args in experiment:
[1mBasic Config[0m
  Task Name:          long_term_forecast  Is Training:        0                   
  Model ID:           ETTm1_96_96_table2_ettm1_p96_no_patch_s2021Model:              GraphMambaRecent    

[1mData Loader[0m
  Data:               ETTm1               Root Path:          /home/cwh/Time-Series-Library/dataset/ETT-small
  Data Path:          ETTm1.csv           Features:           M                   
  Target:             OT                  Freq:               h                   
  Checkpoints:        /home/cwh/Time-Series-Library/logs/graphmamba_backbone_ablation/checkpoints

[1mForecasting Task[0m
  Seq Len:            336                 Label Len:          48                  
  Pred Len:           96                  Seasonal Patterns:  Monthly             
  Inverse:            0                   

[1mModel Parameters[0m
  Top k:              5                   Num Kernels:        6                   
  Enc In:             7                   Dec In:             7                   
  C Out:              7                   d model:            64                  
  n heads:            8                   e layers:           1                   
  d layers:           1                   d FF:               128                 
  Moving Avg:         25                  Factor:             1                   
  Distil:             1                   Dropout:            0.1                 
  Embed:              timeF               Activation:         gelu                

[1mRun Parameters[0m
  Num Workers:        0                   Itr:                1                   
  Train Epochs:       100                 Batch Size:         32                  
  Patience:           6                   Learning Rate:      0.0005              
  Des:                table2_ettm1_p96_no_patch_s2021Loss:               MSE                 
  Lradj:              type1               Use Amp:            0                   

[1mGPU[0m
  Use GPU:            1                   GPU:                0                   
  Use Multi GPU:      0                   Devices:            0,1,2,3             

[1mDe-stationary Projector Params[0m
  P Hidden Dims:      128, 128            P Hidden Layers:    2                   

Use GPU: cuda:0
🚀 Lazy Loading: GraphMambaRecent ...
[GraphMamba] Building 7x7 static graph from 2000 training samples
>>>>>>>evaluating validation checkpoint : long_term_forecast_ETTm1_96_96_table2_ettm1_p96_no_patch_s2021_GraphMambaRecent_ETTm1_ftM_sl336_ll48_pl96_dm64_nh8_el1_dl1_df128_expand2_dc2_fc1_ebtimeF_dtTrue_table2_ettm1_p96_no_patch_s2021_0<<<<<<<<<<<<<<<<<<<<<<<<<<<<<<<<<
val 11425
EVALUATION_RESULT {"batches": 358, "cmrhm_intervention": "intact", "elapsed_seconds": 1.290800652001053, "elements": 7677600, "mae": 0.4171363271637933, "metric_version": "element_weighted_v1", "milliseconds_per_batch": 3.605588413410763, "mse": 0.3981161431390767, "parameter_count": 702214, "peak_cuda_memory_bytes": 120710144, "split": "val"}
=== w/o Patch | ETTm1-720 ===
Using GPU
Args in experiment:
[1mBasic Config[0m
  Task Name:          long_term_forecast  Is Training:        1                   
  Model ID:           ETTm1_96_720_table2_ettm1_p720_no_patch_s2021Model:              GraphMambaRecent    

[1mData Loader[0m
  Data:               ETTm1               Root Path:          /home/cwh/Time-Series-Library/dataset/ETT-small
  Data Path:          ETTm1.csv           Features:           M                   
  Target:             OT                  Freq:               h                   
  Checkpoints:        /home/cwh/Time-Series-Library/logs/graphmamba_backbone_ablation/checkpoints

[1mForecasting Task[0m
  Seq Len:            336                 Label Len:          48                  
  Pred Len:           720                 Seasonal Patterns:  Monthly             
  Inverse:            0                   

[1mModel Parameters[0m
  Top k:              5                   Num Kernels:        6                   
  Enc In:             7                   Dec In:             7                   
  C Out:              7                   d model:            64                  
  n heads:            8                   e layers:           1                   
  d layers:           1                   d FF:               128                 
  Moving Avg:         25                  Factor:             1                   
  Distil:             1                   Dropout:            0.1                 
  Embed:              timeF               Activation:         gelu                

[1mRun Parameters[0m
  Num Workers:        0                   Itr:                1                   
  Train Epochs:       100                 Batch Size:         32                  
  Patience:           6                   Learning Rate:      0.0005              
  Des:                table2_ettm1_p720_no_patch_s2021Loss:               MSE                 
  Lradj:              type1               Use Amp:            0                   

[1mGPU[0m
  Use GPU:            1                   GPU:                0                   
  Use Multi GPU:      0                   Devices:            0,1,2,3             

[1mDe-stationary Projector Params[0m
  P Hidden Dims:      128, 128            P Hidden Layers:    2                   

Use GPU: cuda:0
🚀 Lazy Loading: GraphMambaRecent ...
[GraphMamba] Building 7x7 static graph from 2000 training samples
>>>>>>>start training : long_term_forecast_ETTm1_96_720_table2_ettm1_p720_no_patch_s2021_GraphMambaRecent_ETTm1_ftM_sl336_ll48_pl720_dm64_nh8_el1_dl1_df128_expand2_dc2_fc1_ebtimeF_dtTrue_table2_ettm1_p720_no_patch_s2021_0>>>>>>>>>>>>>>>>>>>>>>>>>>
train 33505
val 10801
	iters: 100, epoch: 1 | loss: 0.4551218
	speed: 0.0102s/iter; left time: 1067.8364s
	iters: 200, epoch: 1 | loss: 0.4822332
	speed: 0.0079s/iter; left time: 822.0826s
	iters: 300, epoch: 1 | loss: 0.4739290
	speed: 0.0077s/iter; left time: 806.2156s
	iters: 400, epoch: 1 | loss: 0.4469660
	speed: 0.0078s/iter; left time: 814.7574s
	iters: 500, epoch: 1 | loss: 0.4239207
	speed: 0.0079s/iter; left time: 819.6236s
	iters: 600, epoch: 1 | loss: 0.4826888
	speed: 0.0080s/iter; left time: 828.4954s
	iters: 700, epoch: 1 | loss: 0.4400829
	speed: 0.0077s/iter; left time: 806.1673s
	iters: 800, epoch: 1 | loss: 0.4396627
	speed: 0.0077s/iter; left time: 805.5898s
	iters: 900, epoch: 1 | loss: 0.5237563
	speed: 0.0078s/iter; left time: 806.6877s
	iters: 1000, epoch: 1 | loss: 0.4990399
	speed: 0.0075s/iter; left time: 782.7441s
Epoch: 1 cost time: 8.401668071746826
Epoch: 1, Steps: 1048 | Train Loss: 0.4795147 Vali Loss: 0.9771790
Validation loss decreased (inf --> 0.977179).  Saving model ...
Updating learning rate to 0.0005
	iters: 100, epoch: 2 | loss: 0.4414665
	speed: 0.0238s/iter; left time: 2466.4129s
	iters: 200, epoch: 2 | loss: 0.5075805
	speed: 0.0076s/iter; left time: 787.3808s
	iters: 300, epoch: 2 | loss: 0.4912505
	speed: 0.0075s/iter; left time: 776.3242s
	iters: 400, epoch: 2 | loss: 0.5001404
	speed: 0.0080s/iter; left time: 829.1319s
	iters: 500, epoch: 2 | loss: 0.4234371
	speed: 0.0080s/iter; left time: 829.9445s
	iters: 600, epoch: 2 | loss: 0.4835442
	speed: 0.0077s/iter; left time: 794.7805s
	iters: 700, epoch: 2 | loss: 0.3684072
	speed: 0.0081s/iter; left time: 831.1322s
	iters: 800, epoch: 2 | loss: 0.4954788
	speed: 0.0080s/iter; left time: 820.6325s
	iters: 900, epoch: 2 | loss: 0.4155198
	speed: 0.0079s/iter; left time: 808.6762s
	iters: 1000, epoch: 2 | loss: 0.4570886
	speed: 0.0085s/iter; left time: 876.6432s
Epoch: 2 cost time: 8.317146301269531
Epoch: 2, Steps: 1048 | Train Loss: 0.4400282 Vali Loss: 0.9874307
EarlyStopping counter: 1 out of 6
Updating learning rate to 0.00025
	iters: 100, epoch: 3 | loss: 0.5891305
	speed: 0.0250s/iter; left time: 2561.2518s
	iters: 200, epoch: 3 | loss: 0.3987373
	speed: 0.0084s/iter; left time: 861.0803s
	iters: 300, epoch: 3 | loss: 0.4037914
	speed: 0.0084s/iter; left time: 857.0001s
	iters: 400, epoch: 3 | loss: 0.3516151
	speed: 0.0089s/iter; left time: 905.4573s
	iters: 500, epoch: 3 | loss: 0.5463667
	speed: 0.0091s/iter; left time: 934.3275s
	iters: 600, epoch: 3 | loss: 0.3671353
	speed: 0.0093s/iter; left time: 949.6866s
	iters: 700, epoch: 3 | loss: 0.3841874
	speed: 0.0087s/iter; left time: 892.5231s
	iters: 800, epoch: 3 | loss: 0.4040527
	speed: 0.0077s/iter; left time: 781.2328s
	iters: 900, epoch: 3 | loss: 0.4019007
	speed: 0.0078s/iter; left time: 798.3958s
	iters: 1000, epoch: 3 | loss: 0.4161988
	speed: 0.0076s/iter; left time: 774.5375s
Epoch: 3 cost time: 8.797749757766724
Epoch: 3, Steps: 1048 | Train Loss: 0.4225805 Vali Loss: 0.9864116
EarlyStopping counter: 2 out of 6
Updating learning rate to 0.000125
	iters: 100, epoch: 4 | loss: 0.3978133
	speed: 0.0233s/iter; left time: 2363.6984s
	iters: 200, epoch: 4 | loss: 0.4001309
	speed: 0.0077s/iter; left time: 783.2450s
	iters: 300, epoch: 4 | loss: 0.4062286
	speed: 0.0077s/iter; left time: 775.5837s
	iters: 400, epoch: 4 | loss: 0.3888175
	speed: 0.0077s/iter; left time: 775.1985s
	iters: 500, epoch: 4 | loss: 0.4436332
	speed: 0.0074s/iter; left time: 752.9739s
	iters: 600, epoch: 4 | loss: 0.3618609
	speed: 0.0077s/iter; left time: 773.3030s
	iters: 700, epoch: 4 | loss: 0.4537571
	speed: 0.0080s/iter; left time: 806.4763s
	iters: 800, epoch: 4 | loss: 0.3750046
	speed: 0.0078s/iter; left time: 782.9343s
	iters: 900, epoch: 4 | loss: 0.4439077
	speed: 0.0075s/iter; left time: 758.0855s
	iters: 1000, epoch: 4 | loss: 0.4067256
	speed: 0.0077s/iter; left time: 774.6504s
Epoch: 4 cost time: 8.035019159317017
Epoch: 4, Steps: 1048 | Train Loss: 0.4107572 Vali Loss: 1.0053699
EarlyStopping counter: 3 out of 6
Updating learning rate to 6.25e-05
	iters: 100, epoch: 5 | loss: 0.4447849
	speed: 0.0233s/iter; left time: 2338.1020s
	iters: 200, epoch: 5 | loss: 0.3925127
	speed: 0.0077s/iter; left time: 768.4921s
	iters: 300, epoch: 5 | loss: 0.3355715
	speed: 0.0076s/iter; left time: 757.7989s
	iters: 400, epoch: 5 | loss: 0.3510214
	speed: 0.0076s/iter; left time: 757.2102s
	iters: 500, epoch: 5 | loss: 0.3649814
	speed: 0.0076s/iter; left time: 761.2470s
	iters: 600, epoch: 5 | loss: 0.4809202
	speed: 0.0076s/iter; left time: 761.5708s
	iters: 700, epoch: 5 | loss: 0.4554352
	speed: 0.0077s/iter; left time: 767.4756s
	iters: 800, epoch: 5 | loss: 0.4769924
	speed: 0.0076s/iter; left time: 761.7447s
	iters: 900, epoch: 5 | loss: 0.3706669
	speed: 0.0075s/iter; left time: 750.9369s
	iters: 1000, epoch: 5 | loss: 0.3912964
	speed: 0.0077s/iter; left time: 767.9005s
Epoch: 5 cost time: 7.982725381851196
Epoch: 5, Steps: 1048 | Train Loss: 0.4043246 Vali Loss: 1.0036885
EarlyStopping counter: 4 out of 6
Updating learning rate to 3.125e-05
	iters: 100, epoch: 6 | loss: 0.3902618
	speed: 0.0232s/iter; left time: 2307.2556s
	iters: 200, epoch: 6 | loss: 0.3669627
	speed: 0.0076s/iter; left time: 750.8385s
	iters: 300, epoch: 6 | loss: 0.4514025
	speed: 0.0077s/iter; left time: 762.5991s
	iters: 400, epoch: 6 | loss: 0.4363300
	speed: 0.0079s/iter; left time: 783.8683s
	iters: 500, epoch: 6 | loss: 0.3914392
	speed: 0.0077s/iter; left time: 763.4539s
	iters: 600, epoch: 6 | loss: 0.3944196
	speed: 0.0079s/iter; left time: 784.4188s
	iters: 700, epoch: 6 | loss: 0.3867217
	speed: 0.0077s/iter; left time: 758.8802s
	iters: 800, epoch: 6 | loss: 0.4025638
	speed: 0.0077s/iter; left time: 763.5012s
	iters: 900, epoch: 6 | loss: 0.3500554
	speed: 0.0078s/iter; left time: 770.6124s
	iters: 1000, epoch: 6 | loss: 0.3916346
	speed: 0.0078s/iter; left time: 767.4213s
Epoch: 6 cost time: 8.124574422836304
Epoch: 6, Steps: 1048 | Train Loss: 0.4006270 Vali Loss: 0.9991534
EarlyStopping counter: 5 out of 6
Updating learning rate to 1.5625e-05
	iters: 100, epoch: 7 | loss: 0.3998931
	speed: 0.0239s/iter; left time: 2351.0114s
	iters: 200, epoch: 7 | loss: 0.4063099
	speed: 0.0076s/iter; left time: 748.4349s
	iters: 300, epoch: 7 | loss: 0.3721639
	speed: 0.0077s/iter; left time: 756.3878s
	iters: 400, epoch: 7 | loss: 0.4480133
	speed: 0.0078s/iter; left time: 767.2844s
	iters: 500, epoch: 7 | loss: 0.4427587
	speed: 0.0076s/iter; left time: 748.0867s
	iters: 600, epoch: 7 | loss: 0.3137134
	speed: 0.0076s/iter; left time: 740.8090s
	iters: 700, epoch: 7 | loss: 0.3477446
	speed: 0.0076s/iter; left time: 740.7163s
	iters: 800, epoch: 7 | loss: 0.3958507
	speed: 0.0076s/iter; left time: 739.6135s
	iters: 900, epoch: 7 | loss: 0.4018475
	speed: 0.0075s/iter; left time: 729.0083s
	iters: 1000, epoch: 7 | loss: 0.4823600
	speed: 0.0079s/iter; left time: 771.2398s
Epoch: 7 cost time: 8.039182186126709
Epoch: 7, Steps: 1048 | Train Loss: 0.3988285 Vali Loss: 1.0038235
EarlyStopping counter: 6 out of 6
Early stopping
VALIDATION_RESULT {"best_epoch": 1, "best_mae": 0.6576367561211539, "best_mse": 0.9771790283153253, "epochs_ran": 7, "metric_version": "element_weighted_v1"}
>>>>>>>test skipped (validation-only run)<<<<<<<<<<<<<<<<<<<<<<<<
Using GPU
Args in experiment:
[1mBasic Config[0m
  Task Name:          long_term_forecast  Is Training:        0                   
  Model ID:           ETTm1_96_720_table2_ettm1_p720_no_patch_s2021Model:              GraphMambaRecent    

[1mData Loader[0m
  Data:               ETTm1               Root Path:          /home/cwh/Time-Series-Library/dataset/ETT-small
  Data Path:          ETTm1.csv           Features:           M                   
  Target:             OT                  Freq:               h                   
  Checkpoints:        /home/cwh/Time-Series-Library/logs/graphmamba_backbone_ablation/checkpoints

[1mForecasting Task[0m
  Seq Len:            336                 Label Len:          48                  
  Pred Len:           720                 Seasonal Patterns:  Monthly             
  Inverse:            0                   

[1mModel Parameters[0m
  Top k:              5                   Num Kernels:        6                   
  Enc In:             7                   Dec In:             7                   
  C Out:              7                   d model:            64                  
  n heads:            8                   e layers:           1                   
  d layers:           1                   d FF:               128                 
  Moving Avg:         25                  Factor:             1                   
  Distil:             1                   Dropout:            0.1                 
  Embed:              timeF               Activation:         gelu                

[1mRun Parameters[0m
  Num Workers:        0                   Itr:                1                   
  Train Epochs:       100                 Batch Size:         32                  
  Patience:           6                   Learning Rate:      0.0005              
  Des:                table2_ettm1_p720_no_patch_s2021Loss:               MSE                 
  Lradj:              type1               Use Amp:            0                   

[1mGPU[0m
  Use GPU:            1                   GPU:                0                   
  Use Multi GPU:      0                   Devices:            0,1,2,3             

[1mDe-stationary Projector Params[0m
  P Hidden Dims:      128, 128            P Hidden Layers:    2                   

Use GPU: cuda:0
🚀 Lazy Loading: GraphMambaRecent ...
[GraphMamba] Building 7x7 static graph from 2000 training samples
>>>>>>>evaluating validation checkpoint : long_term_forecast_ETTm1_96_720_table2_ettm1_p720_no_patch_s2021_GraphMambaRecent_ETTm1_ftM_sl336_ll48_pl720_dm64_nh8_el1_dl1_df128_expand2_dc2_fc1_ebtimeF_dtTrue_table2_ettm1_p720_no_patch_s2021_0<<<<<<<<<<<<<<<<<<<<<<<<<<<<<<<<<
val 10801
EVALUATION_RESULT {"batches": 338, "cmrhm_intervention": "intact", "elapsed_seconds": 1.2757113960105926, "elements": 54437040, "mae": 0.657636754398981, "metric_version": "element_weighted_v1", "milliseconds_per_batch": 3.7742940710372563, "mse": 0.977179028889383, "parameter_count": 4597222, "peak_cuda_memory_bytes": 139964416, "split": "val"}
=== w/o Patch | ETTm2-96 ===
Using GPU
Args in experiment:
[1mBasic Config[0m
  Task Name:          long_term_forecast  Is Training:        1                   
  Model ID:           ETTm2_96_96_table2_ettm2_p96_no_patch_s2021Model:              GraphMambaRecent    

[1mData Loader[0m
  Data:               ETTm2               Root Path:          /home/cwh/Time-Series-Library/dataset/ETT-small
  Data Path:          ETTm2.csv           Features:           M                   
  Target:             OT                  Freq:               h                   
  Checkpoints:        /home/cwh/Time-Series-Library/logs/graphmamba_backbone_ablation/checkpoints

[1mForecasting Task[0m
  Seq Len:            336                 Label Len:          48                  
  Pred Len:           96                  Seasonal Patterns:  Monthly             
  Inverse:            0                   

[1mModel Parameters[0m
  Top k:              5                   Num Kernels:        6                   
  Enc In:             7                   Dec In:             7                   
  C Out:              7                   d model:            64                  
  n heads:            8                   e layers:           1                   
  d layers:           1                   d FF:               128                 
  Moving Avg:         25                  Factor:             1                   
  Distil:             1                   Dropout:            0.1                 
  Embed:              timeF               Activation:         gelu                

[1mRun Parameters[0m
  Num Workers:        0                   Itr:                1                   
  Train Epochs:       100                 Batch Size:         32                  
  Patience:           6                   Learning Rate:      0.0005              
  Des:                table2_ettm2_p96_no_patch_s2021Loss:               MSE                 
  Lradj:              type1               Use Amp:            0                   

[1mGPU[0m
  Use GPU:            1                   GPU:                0                   
  Use Multi GPU:      0                   Devices:            0,1,2,3             

[1mDe-stationary Projector Params[0m
  P Hidden Dims:      128, 128            P Hidden Layers:    2                   

Use GPU: cuda:0
🚀 Lazy Loading: GraphMambaRecent ...
[GraphMamba] Building 7x7 static graph from 2000 training samples
>>>>>>>start training : long_term_forecast_ETTm2_96_96_table2_ettm2_p96_no_patch_s2021_GraphMambaRecent_ETTm2_ftM_sl336_ll48_pl96_dm64_nh8_el1_dl1_df128_expand2_dc2_fc1_ebtimeF_dtTrue_table2_ettm2_p96_no_patch_s2021_0>>>>>>>>>>>>>>>>>>>>>>>>>>
train 34129
val 11425
	iters: 100, epoch: 1 | loss: 0.1628662
	speed: 0.0097s/iter; left time: 1034.7945s
	iters: 200, epoch: 1 | loss: 0.1727158
	speed: 0.0076s/iter; left time: 810.4024s
	iters: 300, epoch: 1 | loss: 0.4483773
	speed: 0.0074s/iter; left time: 784.6198s
	iters: 400, epoch: 1 | loss: 0.1537446
	speed: 0.0074s/iter; left time: 788.4938s
	iters: 500, epoch: 1 | loss: 0.1819136
	speed: 0.0075s/iter; left time: 792.0732s
	iters: 600, epoch: 1 | loss: 0.1515098
	speed: 0.0075s/iter; left time: 800.8919s
	iters: 700, epoch: 1 | loss: 0.1794440
	speed: 0.0075s/iter; left time: 795.4624s
	iters: 800, epoch: 1 | loss: 0.3130269
	speed: 0.0073s/iter; left time: 774.5243s
	iters: 900, epoch: 1 | loss: 0.2099372
	speed: 0.0074s/iter; left time: 781.6863s
	iters: 1000, epoch: 1 | loss: 0.3051991
	speed: 0.0073s/iter; left time: 774.6677s
Epoch: 1 cost time: 8.162807941436768
Epoch: 1, Steps: 1067 | Train Loss: 0.2412071 Vali Loss: 0.1498643
Validation loss decreased (inf --> 0.149864).  Saving model ...
Updating learning rate to 0.0005
	iters: 100, epoch: 2 | loss: 0.1904051
	speed: 0.0235s/iter; left time: 2479.9699s
	iters: 200, epoch: 2 | loss: 0.2379033
	speed: 0.0075s/iter; left time: 790.5692s
	iters: 300, epoch: 2 | loss: 0.2670336
	speed: 0.0072s/iter; left time: 757.3496s
	iters: 400, epoch: 2 | loss: 0.1240876
	speed: 0.0077s/iter; left time: 805.6782s
	iters: 500, epoch: 2 | loss: 0.1453597
	speed: 0.0073s/iter; left time: 769.6838s
	iters: 600, epoch: 2 | loss: 0.2531622
	speed: 0.0075s/iter; left time: 786.0707s
	iters: 700, epoch: 2 | loss: 0.1253335
	speed: 0.0076s/iter; left time: 795.9713s
	iters: 800, epoch: 2 | loss: 0.1143595
	speed: 0.0074s/iter; left time: 777.0921s
	iters: 900, epoch: 2 | loss: 0.1498509
	speed: 0.0072s/iter; left time: 753.5949s
	iters: 1000, epoch: 2 | loss: 0.2175871
	speed: 0.0074s/iter; left time: 770.9537s
Epoch: 2 cost time: 7.8914570808410645
Epoch: 2, Steps: 1067 | Train Loss: 0.2183490 Vali Loss: 0.1300655
Validation loss decreased (0.149864 --> 0.130066).  Saving model ...
Updating learning rate to 0.00025
	iters: 100, epoch: 3 | loss: 0.1936369
	speed: 0.0233s/iter; left time: 2438.0950s
	iters: 200, epoch: 3 | loss: 0.1737209
	speed: 0.0072s/iter; left time: 751.8888s
	iters: 300, epoch: 3 | loss: 0.1424681
	speed: 0.0075s/iter; left time: 781.3132s
	iters: 400, epoch: 3 | loss: 0.2556394
	speed: 0.0073s/iter; left time: 763.7076s
	iters: 500, epoch: 3 | loss: 0.1557874
	speed: 0.0073s/iter; left time: 756.3053s
	iters: 600, epoch: 3 | loss: 0.2995355
	speed: 0.0077s/iter; left time: 796.5345s
	iters: 700, epoch: 3 | loss: 0.1383177
	speed: 0.0074s/iter; left time: 772.0238s
	iters: 800, epoch: 3 | loss: 0.2471481
	speed: 0.0072s/iter; left time: 752.1325s
	iters: 900, epoch: 3 | loss: 0.1250148
	speed: 0.0072s/iter; left time: 750.1882s
	iters: 1000, epoch: 3 | loss: 0.3681783
	speed: 0.0074s/iter; left time: 765.2617s
Epoch: 3 cost time: 7.840426921844482
Epoch: 3, Steps: 1067 | Train Loss: 0.2051708 Vali Loss: 0.1332776
EarlyStopping counter: 1 out of 6
Updating learning rate to 0.000125
	iters: 100, epoch: 4 | loss: 0.2653712
	speed: 0.0240s/iter; left time: 2478.3408s
	iters: 200, epoch: 4 | loss: 0.1582730
	speed: 0.0073s/iter; left time: 758.7480s
	iters: 300, epoch: 4 | loss: 0.1195793
	speed: 0.0073s/iter; left time: 756.2184s
	iters: 400, epoch: 4 | loss: 0.1750752
	speed: 0.0074s/iter; left time: 760.3423s
	iters: 500, epoch: 4 | loss: 0.3749255
	speed: 0.0075s/iter; left time: 777.1870s
	iters: 600, epoch: 4 | loss: 0.1347045
	speed: 0.0072s/iter; left time: 742.2377s
	iters: 700, epoch: 4 | loss: 0.2623927
	speed: 0.0075s/iter; left time: 767.2964s
	iters: 800, epoch: 4 | loss: 0.1201630
	speed: 0.0074s/iter; left time: 755.5506s
	iters: 900, epoch: 4 | loss: 0.1263978
	speed: 0.0075s/iter; left time: 770.0176s
	iters: 1000, epoch: 4 | loss: 0.1910172
	speed: 0.0074s/iter; left time: 760.0003s
Epoch: 4 cost time: 7.899921894073486
Epoch: 4, Steps: 1067 | Train Loss: 0.1981097 Vali Loss: 0.1316205
EarlyStopping counter: 2 out of 6
Updating learning rate to 6.25e-05
	iters: 100, epoch: 5 | loss: 0.2182736
	speed: 0.0243s/iter; left time: 2488.4520s
	iters: 200, epoch: 5 | loss: 0.1729309
	speed: 0.0075s/iter; left time: 767.9253s
	iters: 300, epoch: 5 | loss: 0.1898519
	speed: 0.0074s/iter; left time: 753.0609s
	iters: 400, epoch: 5 | loss: 0.1095997
	speed: 0.0075s/iter; left time: 768.4873s
	iters: 500, epoch: 5 | loss: 0.1782809
	speed: 0.0075s/iter; left time: 761.8767s
	iters: 600, epoch: 5 | loss: 0.1466474
	speed: 0.0074s/iter; left time: 751.7491s
	iters: 700, epoch: 5 | loss: 0.1609131
	speed: 0.0075s/iter; left time: 764.0584s
	iters: 800, epoch: 5 | loss: 0.1234097
	speed: 0.0074s/iter; left time: 753.9660s
	iters: 900, epoch: 5 | loss: 0.1404259
	speed: 0.0073s/iter; left time: 739.4715s
	iters: 1000, epoch: 5 | loss: 0.0982732
	speed: 0.0078s/iter; left time: 795.3108s
Epoch: 5 cost time: 8.000120401382446
Epoch: 5, Steps: 1067 | Train Loss: 0.1941478 Vali Loss: 0.1316256
EarlyStopping counter: 3 out of 6
Updating learning rate to 3.125e-05
	iters: 100, epoch: 6 | loss: 0.1592564
	speed: 0.0242s/iter; left time: 2453.0758s
	iters: 200, epoch: 6 | loss: 0.1731293
	speed: 0.0075s/iter; left time: 759.4479s
	iters: 300, epoch: 6 | loss: 0.1854414
	speed: 0.0076s/iter; left time: 766.5537s
	iters: 400, epoch: 6 | loss: 0.1229791
	speed: 0.0076s/iter; left time: 763.4720s
	iters: 500, epoch: 6 | loss: 0.1248807
	speed: 0.0073s/iter; left time: 734.2164s
	iters: 600, epoch: 6 | loss: 0.1275730
	speed: 0.0076s/iter; left time: 764.7573s
	iters: 700, epoch: 6 | loss: 0.1947561
	speed: 0.0074s/iter; left time: 749.1650s
	iters: 800, epoch: 6 | loss: 0.2960527
	speed: 0.0073s/iter; left time: 734.2145s
	iters: 900, epoch: 6 | loss: 0.1114661
	speed: 0.0075s/iter; left time: 755.7966s
	iters: 1000, epoch: 6 | loss: 0.1664885
	speed: 0.0074s/iter; left time: 744.2672s
Epoch: 6 cost time: 7.982447624206543
Epoch: 6, Steps: 1067 | Train Loss: 0.1920243 Vali Loss: 0.1330170
EarlyStopping counter: 4 out of 6
Updating learning rate to 1.5625e-05
	iters: 100, epoch: 7 | loss: 0.1148557
	speed: 0.0236s/iter; left time: 2359.8062s
	iters: 200, epoch: 7 | loss: 0.4441358
	speed: 0.0075s/iter; left time: 748.7514s
	iters: 300, epoch: 7 | loss: 0.2276703
	speed: 0.0073s/iter; left time: 726.0062s
	iters: 400, epoch: 7 | loss: 0.1642480
	speed: 0.0071s/iter; left time: 711.3548s
	iters: 500, epoch: 7 | loss: 0.2540516
	speed: 0.0073s/iter; left time: 725.2627s
	iters: 600, epoch: 7 | loss: 0.2148209
	speed: 0.0074s/iter; left time: 733.6609s
	iters: 700, epoch: 7 | loss: 0.1704105
	speed: 0.0073s/iter; left time: 725.0920s
	iters: 800, epoch: 7 | loss: 0.1037951
	speed: 0.0074s/iter; left time: 738.9687s
	iters: 900, epoch: 7 | loss: 0.1327267
	speed: 0.0076s/iter; left time: 757.2842s
	iters: 1000, epoch: 7 | loss: 0.0896659
	speed: 0.0075s/iter; left time: 745.6826s
Epoch: 7 cost time: 7.845917224884033
Epoch: 7, Steps: 1067 | Train Loss: 0.1906276 Vali Loss: 0.1334026
EarlyStopping counter: 5 out of 6
Updating learning rate to 7.8125e-06
	iters: 100, epoch: 8 | loss: 0.1868178
	speed: 0.0239s/iter; left time: 2371.6297s
	iters: 200, epoch: 8 | loss: 0.2035641
	speed: 0.0077s/iter; left time: 759.6205s
	iters: 300, epoch: 8 | loss: 0.0824164
	speed: 0.0075s/iter; left time: 743.8444s
	iters: 400, epoch: 8 | loss: 0.1902803
	speed: 0.0074s/iter; left time: 731.2692s
	iters: 500, epoch: 8 | loss: 0.1385080
	speed: 0.0074s/iter; left time: 730.3463s
	iters: 600, epoch: 8 | loss: 0.1446927
	speed: 0.0074s/iter; left time: 730.3516s
	iters: 700, epoch: 8 | loss: 0.1463704
	speed: 0.0076s/iter; left time: 744.1794s
	iters: 800, epoch: 8 | loss: 0.2214266
	speed: 0.0079s/iter; left time: 773.1968s
	iters: 900, epoch: 8 | loss: 0.1622360
	speed: 0.0075s/iter; left time: 739.7200s
	iters: 1000, epoch: 8 | loss: 0.1737387
	speed: 0.0074s/iter; left time: 724.9080s
Epoch: 8 cost time: 8.041368007659912
Epoch: 8, Steps: 1067 | Train Loss: 0.1900933 Vali Loss: 0.1337608
EarlyStopping counter: 6 out of 6
Early stopping
VALIDATION_RESULT {"best_epoch": 2, "best_mae": 0.24555342590285922, "best_mse": 0.13006551220850038, "epochs_ran": 8, "metric_version": "element_weighted_v1"}
>>>>>>>test skipped (validation-only run)<<<<<<<<<<<<<<<<<<<<<<<<
Using GPU
Args in experiment:
[1mBasic Config[0m
  Task Name:          long_term_forecast  Is Training:        0                   
  Model ID:           ETTm2_96_96_table2_ettm2_p96_no_patch_s2021Model:              GraphMambaRecent    

[1mData Loader[0m
  Data:               ETTm2               Root Path:          /home/cwh/Time-Series-Library/dataset/ETT-small
  Data Path:          ETTm2.csv           Features:           M                   
  Target:             OT                  Freq:               h                   
  Checkpoints:        /home/cwh/Time-Series-Library/logs/graphmamba_backbone_ablation/checkpoints

[1mForecasting Task[0m
  Seq Len:            336                 Label Len:          48                  
  Pred Len:           96                  Seasonal Patterns:  Monthly             
  Inverse:            0                   

[1mModel Parameters[0m
  Top k:              5                   Num Kernels:        6                   
  Enc In:             7                   Dec In:             7                   
  C Out:              7                   d model:            64                  
  n heads:            8                   e layers:           1                   
  d layers:           1                   d FF:               128                 
  Moving Avg:         25                  Factor:             1                   
  Distil:             1                   Dropout:            0.1                 
  Embed:              timeF               Activation:         gelu                

[1mRun Parameters[0m
  Num Workers:        0                   Itr:                1                   
  Train Epochs:       100                 Batch Size:         32                  
  Patience:           6                   Learning Rate:      0.0005              
  Des:                table2_ettm2_p96_no_patch_s2021Loss:               MSE                 
  Lradj:              type1               Use Amp:            0                   

[1mGPU[0m
  Use GPU:            1                   GPU:                0                   
  Use Multi GPU:      0                   Devices:            0,1,2,3             

[1mDe-stationary Projector Params[0m
  P Hidden Dims:      128, 128            P Hidden Layers:    2                   

Use GPU: cuda:0
🚀 Lazy Loading: GraphMambaRecent ...
[GraphMamba] Building 7x7 static graph from 2000 training samples
>>>>>>>evaluating validation checkpoint : long_term_forecast_ETTm2_96_96_table2_ettm2_p96_no_patch_s2021_GraphMambaRecent_ETTm2_ftM_sl336_ll48_pl96_dm64_nh8_el1_dl1_df128_expand2_dc2_fc1_ebtimeF_dtTrue_table2_ettm2_p96_no_patch_s2021_0<<<<<<<<<<<<<<<<<<<<<<<<<<<<<<<<<
val 11425
EVALUATION_RESULT {"batches": 358, "cmrhm_intervention": "intact", "elapsed_seconds": 1.2909159210976213, "elements": 7677600, "mae": 0.2455534259485704, "metric_version": "element_weighted_v1", "milliseconds_per_batch": 3.605910394127434, "mse": 0.13006551234016844, "parameter_count": 702214, "peak_cuda_memory_bytes": 120710144, "split": "val"}
=== w/o Patch | ETTm2-720 ===
Using GPU
Args in experiment:
[1mBasic Config[0m
  Task Name:          long_term_forecast  Is Training:        1                   
  Model ID:           ETTm2_96_720_table2_ettm2_p720_no_patch_s2021Model:              GraphMambaRecent    

[1mData Loader[0m
  Data:               ETTm2               Root Path:          /home/cwh/Time-Series-Library/dataset/ETT-small
  Data Path:          ETTm2.csv           Features:           M                   
  Target:             OT                  Freq:               h                   
  Checkpoints:        /home/cwh/Time-Series-Library/logs/graphmamba_backbone_ablation/checkpoints

[1mForecasting Task[0m
  Seq Len:            336                 Label Len:          48                  
  Pred Len:           720                 Seasonal Patterns:  Monthly             
  Inverse:            0                   

[1mModel Parameters[0m
  Top k:              5                   Num Kernels:        6                   
  Enc In:             7                   Dec In:             7                   
  C Out:              7                   d model:            64                  
  n heads:            8                   e layers:           1                   
  d layers:           1                   d FF:               128                 
  Moving Avg:         25                  Factor:             1                   
  Distil:             1                   Dropout:            0.1                 
  Embed:              timeF               Activation:         gelu                

[1mRun Parameters[0m
  Num Workers:        0                   Itr:                1                   
  Train Epochs:       100                 Batch Size:         32                  
  Patience:           6                   Learning Rate:      0.0005              
  Des:                table2_ettm2_p720_no_patch_s2021Loss:               MSE                 
  Lradj:              type1               Use Amp:            0                   

[1mGPU[0m
  Use GPU:            1                   GPU:                0                   
  Use Multi GPU:      0                   Devices:            0,1,2,3             

[1mDe-stationary Projector Params[0m
  P Hidden Dims:      128, 128            P Hidden Layers:    2                   

Use GPU: cuda:0
🚀 Lazy Loading: GraphMambaRecent ...
[GraphMamba] Building 7x7 static graph from 2000 training samples
>>>>>>>start training : long_term_forecast_ETTm2_96_720_table2_ettm2_p720_no_patch_s2021_GraphMambaRecent_ETTm2_ftM_sl336_ll48_pl720_dm64_nh8_el1_dl1_df128_expand2_dc2_fc1_ebtimeF_dtTrue_table2_ettm2_p720_no_patch_s2021_0>>>>>>>>>>>>>>>>>>>>>>>>>>
train 33505
val 10801
	iters: 100, epoch: 1 | loss: 0.9253927
	speed: 0.0102s/iter; left time: 1066.8373s
	iters: 200, epoch: 1 | loss: 1.4047700
	speed: 0.0076s/iter; left time: 799.1556s
	iters: 300, epoch: 1 | loss: 0.4441389
	speed: 0.0078s/iter; left time: 814.4916s
	iters: 400, epoch: 1 | loss: 0.5247396
	speed: 0.0080s/iter; left time: 830.2658s
	iters: 500, epoch: 1 | loss: 0.3309969
	speed: 0.0081s/iter; left time: 841.6891s
	iters: 600, epoch: 1 | loss: 0.3449899
	speed: 0.0078s/iter; left time: 817.5983s
	iters: 700, epoch: 1 | loss: 0.6755386
	speed: 0.0077s/iter; left time: 799.6517s
	iters: 800, epoch: 1 | loss: 0.3507146
	speed: 0.0079s/iter; left time: 820.8660s
	iters: 900, epoch: 1 | loss: 0.8929721
	speed: 0.0078s/iter; left time: 806.0099s
	iters: 1000, epoch: 1 | loss: 0.5042633
	speed: 0.0081s/iter; left time: 835.8639s
Epoch: 1 cost time: 8.486454248428345
Epoch: 1, Steps: 1048 | Train Loss: 0.5877384 Vali Loss: 0.2937429
Validation loss decreased (inf --> 0.293743).  Saving model ...
Updating learning rate to 0.0005
	iters: 100, epoch: 2 | loss: 0.4395166
	speed: 0.0236s/iter; left time: 2447.4607s
	iters: 200, epoch: 2 | loss: 0.9688904
	speed: 0.0076s/iter; left time: 788.9041s
	iters: 300, epoch: 2 | loss: 0.3924122
	speed: 0.0079s/iter; left time: 819.4418s
	iters: 400, epoch: 2 | loss: 0.3535861
	speed: 0.0078s/iter; left time: 804.9307s
	iters: 500, epoch: 2 | loss: 0.5485870
	speed: 0.0076s/iter; left time: 784.2533s
	iters: 600, epoch: 2 | loss: 0.3954459
	speed: 0.0074s/iter; left time: 759.9609s
	iters: 700, epoch: 2 | loss: 0.7100995
	speed: 0.0077s/iter; left time: 796.1336s
	iters: 800, epoch: 2 | loss: 0.6402877
	speed: 0.0073s/iter; left time: 753.8814s
	iters: 900, epoch: 2 | loss: 0.2416759
	speed: 0.0076s/iter; left time: 779.9388s
	iters: 1000, epoch: 2 | loss: 0.8612119
	speed: 0.0077s/iter; left time: 790.3134s
Epoch: 2 cost time: 7.98412561416626
Epoch: 2, Steps: 1048 | Train Loss: 0.5550935 Vali Loss: 0.2959721
EarlyStopping counter: 1 out of 6
Updating learning rate to 0.00025
	iters: 100, epoch: 3 | loss: 0.4054335
	speed: 0.0228s/iter; left time: 2338.6001s
	iters: 200, epoch: 3 | loss: 0.7089465
	speed: 0.0076s/iter; left time: 783.0521s
	iters: 300, epoch: 3 | loss: 0.9983979
	speed: 0.0077s/iter; left time: 785.8982s
	iters: 400, epoch: 3 | loss: 0.3116350
	speed: 0.0075s/iter; left time: 766.8575s
	iters: 500, epoch: 3 | loss: 0.4230588
	speed: 0.0076s/iter; left time: 773.7164s
	iters: 600, epoch: 3 | loss: 0.5870704
	speed: 0.0077s/iter; left time: 782.8264s
	iters: 700, epoch: 3 | loss: 0.2844130
	speed: 0.0076s/iter; left time: 779.5059s
	iters: 800, epoch: 3 | loss: 1.0562066
	speed: 0.0076s/iter; left time: 771.4519s
	iters: 900, epoch: 3 | loss: 0.4025714
	speed: 0.0076s/iter; left time: 778.0630s
	iters: 1000, epoch: 3 | loss: 0.7617024
	speed: 0.0074s/iter; left time: 751.3323s
Epoch: 3 cost time: 7.950821399688721
Epoch: 3, Steps: 1048 | Train Loss: 0.5292616 Vali Loss: 0.3066161
EarlyStopping counter: 2 out of 6
Updating learning rate to 0.000125
	iters: 100, epoch: 4 | loss: 0.3429889
	speed: 0.0231s/iter; left time: 2348.7916s
	iters: 200, epoch: 4 | loss: 0.5224476
	speed: 0.0077s/iter; left time: 783.0986s
	iters: 300, epoch: 4 | loss: 0.5421285
	speed: 0.0074s/iter; left time: 752.0463s
	iters: 400, epoch: 4 | loss: 0.3768242
	speed: 0.0075s/iter; left time: 759.0224s
	iters: 500, epoch: 4 | loss: 0.4046544
	speed: 0.0075s/iter; left time: 762.9999s
	iters: 600, epoch: 4 | loss: 0.6063499
	speed: 0.0075s/iter; left time: 759.2707s
	iters: 700, epoch: 4 | loss: 0.6380894
	speed: 0.0077s/iter; left time: 778.5055s
	iters: 800, epoch: 4 | loss: 0.7504386
	speed: 0.0079s/iter; left time: 799.0715s
	iters: 900, epoch: 4 | loss: 0.3900125
	speed: 0.0078s/iter; left time: 785.2576s
	iters: 1000, epoch: 4 | loss: 0.6266820
	speed: 0.0075s/iter; left time: 751.4780s
Epoch: 4 cost time: 7.999179124832153
Epoch: 4, Steps: 1048 | Train Loss: 0.5119439 Vali Loss: 0.2958967
EarlyStopping counter: 3 out of 6
Updating learning rate to 6.25e-05
	iters: 100, epoch: 5 | loss: 0.4907037
	speed: 0.0236s/iter; left time: 2376.9478s
	iters: 200, epoch: 5 | loss: 0.3934889
	speed: 0.0076s/iter; left time: 762.1075s
	iters: 300, epoch: 5 | loss: 0.7701423
	speed: 0.0078s/iter; left time: 778.0195s
	iters: 400, epoch: 5 | loss: 0.6665592
	speed: 0.0078s/iter; left time: 779.4109s
	iters: 500, epoch: 5 | loss: 0.7862700
	speed: 0.0079s/iter; left time: 795.5246s
	iters: 600, epoch: 5 | loss: 0.3297906
	speed: 0.0077s/iter; left time: 771.2894s
	iters: 700, epoch: 5 | loss: 0.4207800
	speed: 0.0080s/iter; left time: 800.1452s
	iters: 800, epoch: 5 | loss: 1.0404006
	speed: 0.0075s/iter; left time: 745.7819s
	iters: 900, epoch: 5 | loss: 0.3409767
	speed: 0.0078s/iter; left time: 776.5190s
	iters: 1000, epoch: 5 | loss: 0.4693238
	speed: 0.0078s/iter; left time: 780.7735s
Epoch: 5 cost time: 8.120960474014282
Epoch: 5, Steps: 1048 | Train Loss: 0.4988759 Vali Loss: 0.2994521
EarlyStopping counter: 4 out of 6
Updating learning rate to 3.125e-05
	iters: 100, epoch: 6 | loss: 0.4843909
	speed: 0.0233s/iter; left time: 2315.9150s
	iters: 200, epoch: 6 | loss: 0.4732976
	speed: 0.0074s/iter; left time: 738.4922s
	iters: 300, epoch: 6 | loss: 0.3156434
	speed: 0.0077s/iter; left time: 764.9728s
	iters: 400, epoch: 6 | loss: 0.3210257
	speed: 0.0078s/iter; left time: 774.2991s
	iters: 500, epoch: 6 | loss: 0.3840252
	speed: 0.0077s/iter; left time: 767.0259s
	iters: 600, epoch: 6 | loss: 0.4325425
	speed: 0.0081s/iter; left time: 798.5744s
	iters: 700, epoch: 6 | loss: 0.2609739
	speed: 0.0078s/iter; left time: 772.3872s
	iters: 800, epoch: 6 | loss: 0.6593140
	speed: 0.0078s/iter; left time: 766.9536s
	iters: 900, epoch: 6 | loss: 0.5941656
	speed: 0.0081s/iter; left time: 796.3857s
	iters: 1000, epoch: 6 | loss: 0.5000595
	speed: 0.0076s/iter; left time: 749.3846s
Epoch: 6 cost time: 8.159595251083374
Epoch: 6, Steps: 1048 | Train Loss: 0.4927753 Vali Loss: 0.2992668
EarlyStopping counter: 5 out of 6
Updating learning rate to 1.5625e-05
	iters: 100, epoch: 7 | loss: 0.9926093
	speed: 0.0236s/iter; left time: 2319.2686s
	iters: 200, epoch: 7 | loss: 0.2614713
	speed: 0.0078s/iter; left time: 766.1980s
	iters: 300, epoch: 7 | loss: 0.3989488
	speed: 0.0078s/iter; left time: 766.3056s
	iters: 400, epoch: 7 | loss: 0.3100476
	speed: 0.0075s/iter; left time: 736.9436s
	iters: 500, epoch: 7 | loss: 0.3568571
	speed: 0.0077s/iter; left time: 752.9094s
	iters: 600, epoch: 7 | loss: 0.4234059
	speed: 0.0074s/iter; left time: 725.3158s
	iters: 700, epoch: 7 | loss: 0.4487381
	speed: 0.0077s/iter; left time: 757.2666s
	iters: 800, epoch: 7 | loss: 0.7688659
	speed: 0.0075s/iter; left time: 737.1422s
	iters: 900, epoch: 7 | loss: 0.3144601
	speed: 0.0075s/iter; left time: 727.4481s
	iters: 1000, epoch: 7 | loss: 0.2881404
	speed: 0.0078s/iter; left time: 756.8134s
Epoch: 7 cost time: 8.03737497329712
Epoch: 7, Steps: 1048 | Train Loss: 0.4890931 Vali Loss: 0.3034988
EarlyStopping counter: 6 out of 6
Early stopping
VALIDATION_RESULT {"best_epoch": 1, "best_mae": 0.37250338102742175, "best_mse": 0.2937429367945061, "epochs_ran": 7, "metric_version": "element_weighted_v1"}
>>>>>>>test skipped (validation-only run)<<<<<<<<<<<<<<<<<<<<<<<<
Using GPU
Args in experiment:
[1mBasic Config[0m
  Task Name:          long_term_forecast  Is Training:        0                   
  Model ID:           ETTm2_96_720_table2_ettm2_p720_no_patch_s2021Model:              GraphMambaRecent    

[1mData Loader[0m
  Data:               ETTm2               Root Path:          /home/cwh/Time-Series-Library/dataset/ETT-small
  Data Path:          ETTm2.csv           Features:           M                   
  Target:             OT                  Freq:               h                   
  Checkpoints:        /home/cwh/Time-Series-Library/logs/graphmamba_backbone_ablation/checkpoints

[1mForecasting Task[0m
  Seq Len:            336                 Label Len:          48                  
  Pred Len:           720                 Seasonal Patterns:  Monthly             
  Inverse:            0                   

[1mModel Parameters[0m
  Top k:              5                   Num Kernels:        6                   
  Enc In:             7                   Dec In:             7                   
  C Out:              7                   d model:            64                  
  n heads:            8                   e layers:           1                   
  d layers:           1                   d FF:               128                 
  Moving Avg:         25                  Factor:             1                   
  Distil:             1                   Dropout:            0.1                 
  Embed:              timeF               Activation:         gelu                

[1mRun Parameters[0m
  Num Workers:        0                   Itr:                1                   
  Train Epochs:       100                 Batch Size:         32                  
  Patience:           6                   Learning Rate:      0.0005              
  Des:                table2_ettm2_p720_no_patch_s2021Loss:               MSE                 
  Lradj:              type1               Use Amp:            0                   

[1mGPU[0m
  Use GPU:            1                   GPU:                0                   
  Use Multi GPU:      0                   Devices:            0,1,2,3             

[1mDe-stationary Projector Params[0m
  P Hidden Dims:      128, 128            P Hidden Layers:    2                   

Use GPU: cuda:0
🚀 Lazy Loading: GraphMambaRecent ...
[GraphMamba] Building 7x7 static graph from 2000 training samples
>>>>>>>evaluating validation checkpoint : long_term_forecast_ETTm2_96_720_table2_ettm2_p720_no_patch_s2021_GraphMambaRecent_ETTm2_ftM_sl336_ll48_pl720_dm64_nh8_el1_dl1_df128_expand2_dc2_fc1_ebtimeF_dtTrue_table2_ettm2_p720_no_patch_s2021_0<<<<<<<<<<<<<<<<<<<<<<<<<<<<<<<<<
val 10801
EVALUATION_RESULT {"batches": 338, "cmrhm_intervention": "intact", "elapsed_seconds": 1.3044963080901653, "elements": 54437040, "mae": 0.3725033812426934, "metric_version": "element_weighted_v1", "milliseconds_per_batch": 3.85945653281114, "mse": 0.29374293647159866, "parameter_count": 4597222, "peak_cuda_memory_bytes": 139964416, "split": "val"}
=== Uni-Mamba | ETTm1-96 ===
Using GPU
Args in experiment:
[1mBasic Config[0m
  Task Name:          long_term_forecast  Is Training:        1                   
  Model ID:           ETTm1_96_96_table2_ettm1_p96_uni_mamba_s2021Model:              GraphMambaRecent    

[1mData Loader[0m
  Data:               ETTm1               Root Path:          /home/cwh/Time-Series-Library/dataset/ETT-small
  Data Path:          ETTm1.csv           Features:           M                   
  Target:             OT                  Freq:               h                   
  Checkpoints:        /home/cwh/Time-Series-Library/logs/graphmamba_backbone_ablation/checkpoints

[1mForecasting Task[0m
  Seq Len:            336                 Label Len:          48                  
  Pred Len:           96                  Seasonal Patterns:  Monthly             
  Inverse:            0                   

[1mModel Parameters[0m
  Top k:              5                   Num Kernels:        6                   
  Enc In:             7                   Dec In:             7                   
  C Out:              7                   d model:            64                  
  n heads:            8                   e layers:           1                   
  d layers:           1                   d FF:               128                 
  Moving Avg:         25                  Factor:             1                   
  Distil:             1                   Dropout:            0.1                 
  Embed:              timeF               Activation:         gelu                

[1mRun Parameters[0m
  Num Workers:        0                   Itr:                1                   
  Train Epochs:       100                 Batch Size:         32                  
  Patience:           6                   Learning Rate:      0.0005              
  Des:                table2_ettm1_p96_uni_mamba_s2021Loss:               MSE                 
  Lradj:              type1               Use Amp:            0                   

[1mGPU[0m
  Use GPU:            1                   GPU:                0                   
  Use Multi GPU:      0                   Devices:            0,1,2,3             

[1mDe-stationary Projector Params[0m
  P Hidden Dims:      128, 128            P Hidden Layers:    2                   

Use GPU: cuda:0
🚀 Lazy Loading: GraphMambaRecent ...
[GraphMamba] Building 7x7 static graph from 2000 training samples
>>>>>>>start training : long_term_forecast_ETTm1_96_96_table2_ettm1_p96_uni_mamba_s2021_GraphMambaRecent_ETTm1_ftM_sl336_ll48_pl96_dm64_nh8_el1_dl1_df128_expand2_dc2_fc1_ebtimeF_dtTrue_table2_ettm1_p96_uni_mamba_s2021_0>>>>>>>>>>>>>>>>>>>>>>>>>>
train 34129
val 11425
	iters: 100, epoch: 1 | loss: 0.2731808
	speed: 0.0105s/iter; left time: 1119.0121s
	iters: 200, epoch: 1 | loss: 0.4183296
	speed: 0.0086s/iter; left time: 913.6395s
	iters: 300, epoch: 1 | loss: 0.4112861
	speed: 0.0081s/iter; left time: 866.8476s
	iters: 400, epoch: 1 | loss: 0.3111067
	speed: 0.0083s/iter; left time: 879.9476s
	iters: 500, epoch: 1 | loss: 0.2451202
	speed: 0.0086s/iter; left time: 917.5881s
	iters: 600, epoch: 1 | loss: 0.2851500
	speed: 0.0085s/iter; left time: 901.7797s
	iters: 700, epoch: 1 | loss: 0.4586124
	speed: 0.0084s/iter; left time: 887.2401s
	iters: 800, epoch: 1 | loss: 0.2759817
	speed: 0.0082s/iter; left time: 864.8058s
	iters: 900, epoch: 1 | loss: 0.3553094
	speed: 0.0082s/iter; left time: 867.8986s
	iters: 1000, epoch: 1 | loss: 0.2731057
	speed: 0.0084s/iter; left time: 887.1119s
Epoch: 1 cost time: 9.154324531555176
Epoch: 1, Steps: 1067 | Train Loss: 0.3446782 Vali Loss: 0.4172776
Validation loss decreased (inf --> 0.417278).  Saving model ...
Updating learning rate to 0.0005
	iters: 100, epoch: 2 | loss: 0.2502334
	speed: 0.0273s/iter; left time: 2879.1972s
	iters: 200, epoch: 2 | loss: 0.2741019
	speed: 0.0081s/iter; left time: 858.8553s
	iters: 300, epoch: 2 | loss: 0.2798707
	speed: 0.0082s/iter; left time: 858.5975s
	iters: 400, epoch: 2 | loss: 0.2881145
	speed: 0.0083s/iter; left time: 877.6876s
	iters: 500, epoch: 2 | loss: 0.2873596
	speed: 0.0084s/iter; left time: 881.7945s
	iters: 600, epoch: 2 | loss: 0.2599061
	speed: 0.0087s/iter; left time: 915.8787s
	iters: 700, epoch: 2 | loss: 0.3926620
	speed: 0.0086s/iter; left time: 900.4003s
	iters: 800, epoch: 2 | loss: 0.2541795
	speed: 0.0085s/iter; left time: 894.1600s
	iters: 900, epoch: 2 | loss: 0.3025974
	speed: 0.0083s/iter; left time: 869.0666s
	iters: 1000, epoch: 2 | loss: 0.2897661
	speed: 0.0090s/iter; left time: 937.2938s
Epoch: 2 cost time: 9.003925561904907
Epoch: 2, Steps: 1067 | Train Loss: 0.2849664 Vali Loss: 0.4195630
EarlyStopping counter: 1 out of 6
Updating learning rate to 0.00025
	iters: 100, epoch: 3 | loss: 0.2714512
	speed: 0.0270s/iter; left time: 2823.5879s
	iters: 200, epoch: 3 | loss: 0.2695735
	speed: 0.0086s/iter; left time: 893.0015s
	iters: 300, epoch: 3 | loss: 0.2687958
	speed: 0.0087s/iter; left time: 911.6874s
	iters: 400, epoch: 3 | loss: 0.3272011
	speed: 0.0085s/iter; left time: 882.0413s
	iters: 500, epoch: 3 | loss: 0.3380867
	speed: 0.0081s/iter; left time: 842.7851s
	iters: 600, epoch: 3 | loss: 0.2728354
	speed: 0.0083s/iter; left time: 867.1575s
	iters: 700, epoch: 3 | loss: 0.3309311
	speed: 0.0088s/iter; left time: 911.3438s
	iters: 800, epoch: 3 | loss: 0.2736977
	speed: 0.0083s/iter; left time: 859.3853s
	iters: 900, epoch: 3 | loss: 0.2445976
	speed: 0.0082s/iter; left time: 848.9003s
	iters: 1000, epoch: 3 | loss: 0.2493803
	speed: 0.0082s/iter; left time: 848.9970s
Epoch: 3 cost time: 8.980164766311646
Epoch: 3, Steps: 1067 | Train Loss: 0.2698859 Vali Loss: 0.4064454
Validation loss decreased (0.417278 --> 0.406445).  Saving model ...
Updating learning rate to 0.000125
	iters: 100, epoch: 4 | loss: 0.2307672
	speed: 0.0268s/iter; left time: 2773.0067s
	iters: 200, epoch: 4 | loss: 0.2610209
	speed: 0.0082s/iter; left time: 851.1596s
	iters: 300, epoch: 4 | loss: 0.2284551
	speed: 0.0082s/iter; left time: 845.5675s
	iters: 400, epoch: 4 | loss: 0.2256746
	speed: 0.0084s/iter; left time: 863.4899s
	iters: 500, epoch: 4 | loss: 0.2322963
	speed: 0.0082s/iter; left time: 848.9733s
	iters: 600, epoch: 4 | loss: 0.2189063
	speed: 0.0084s/iter; left time: 865.0984s
	iters: 700, epoch: 4 | loss: 0.2289394
	speed: 0.0084s/iter; left time: 862.3349s
	iters: 800, epoch: 4 | loss: 0.2789984
	speed: 0.0085s/iter; left time: 871.6245s
	iters: 900, epoch: 4 | loss: 0.2695159
	speed: 0.0083s/iter; left time: 854.5053s
	iters: 1000, epoch: 4 | loss: 0.1605775
	speed: 0.0080s/iter; left time: 825.1163s
Epoch: 4 cost time: 8.868726968765259
Epoch: 4, Steps: 1067 | Train Loss: 0.2640509 Vali Loss: 0.4131664
EarlyStopping counter: 1 out of 6
Updating learning rate to 6.25e-05
	iters: 100, epoch: 5 | loss: 0.2290159
	speed: 0.0266s/iter; left time: 2726.8677s
	iters: 200, epoch: 5 | loss: 0.2473519
	speed: 0.0083s/iter; left time: 853.5006s
	iters: 300, epoch: 5 | loss: 0.3105356
	speed: 0.0081s/iter; left time: 824.7730s
	iters: 400, epoch: 5 | loss: 0.2557655
	speed: 0.0084s/iter; left time: 852.1395s
	iters: 500, epoch: 5 | loss: 0.2355820
	speed: 0.0084s/iter; left time: 860.7273s
	iters: 600, epoch: 5 | loss: 0.2329317
	speed: 0.0085s/iter; left time: 861.3967s
	iters: 700, epoch: 5 | loss: 0.2341635
	speed: 0.0083s/iter; left time: 839.5886s
	iters: 800, epoch: 5 | loss: 0.2624948
	speed: 0.0082s/iter; left time: 829.5026s
	iters: 900, epoch: 5 | loss: 0.2898452
	speed: 0.0083s/iter; left time: 843.8197s
	iters: 1000, epoch: 5 | loss: 0.3067658
	speed: 0.0084s/iter; left time: 854.1478s
Epoch: 5 cost time: 8.854936599731445
Epoch: 5, Steps: 1067 | Train Loss: 0.2606635 Vali Loss: 0.4127165
EarlyStopping counter: 2 out of 6
Updating learning rate to 3.125e-05
	iters: 100, epoch: 6 | loss: 0.2940697
	speed: 0.0266s/iter; left time: 2694.7057s
	iters: 200, epoch: 6 | loss: 0.2135083
	speed: 0.0086s/iter; left time: 868.0330s
	iters: 300, epoch: 6 | loss: 0.2656844
	speed: 0.0083s/iter; left time: 836.4832s
	iters: 400, epoch: 6 | loss: 0.2261873
	speed: 0.0083s/iter; left time: 834.4221s
	iters: 500, epoch: 6 | loss: 0.2795445
	speed: 0.0085s/iter; left time: 856.1092s
	iters: 600, epoch: 6 | loss: 0.2218046
	speed: 0.0086s/iter; left time: 864.4505s
	iters: 700, epoch: 6 | loss: 0.3135764
	speed: 0.0085s/iter; left time: 853.6518s
	iters: 800, epoch: 6 | loss: 0.2390610
	speed: 0.0084s/iter; left time: 845.1425s
	iters: 900, epoch: 6 | loss: 0.2550884
	speed: 0.0083s/iter; left time: 834.7125s
	iters: 1000, epoch: 6 | loss: 0.3220628
	speed: 0.0081s/iter; left time: 814.8530s
Epoch: 6 cost time: 8.948365688323975
Epoch: 6, Steps: 1067 | Train Loss: 0.2589654 Vali Loss: 0.4093569
EarlyStopping counter: 3 out of 6
Updating learning rate to 1.5625e-05
	iters: 100, epoch: 7 | loss: 0.2669822
	speed: 0.0272s/iter; left time: 2728.2965s
	iters: 200, epoch: 7 | loss: 0.3187376
	speed: 0.0084s/iter; left time: 840.7277s
	iters: 300, epoch: 7 | loss: 0.2827903
	speed: 0.0081s/iter; left time: 806.3660s
	iters: 400, epoch: 7 | loss: 0.2777260
	speed: 0.0083s/iter; left time: 827.3796s
	iters: 500, epoch: 7 | loss: 0.3324770
	speed: 0.0084s/iter; left time: 834.2185s
	iters: 600, epoch: 7 | loss: 0.2618968
	speed: 0.0082s/iter; left time: 813.2812s
	iters: 700, epoch: 7 | loss: 0.2724850
	speed: 0.0083s/iter; left time: 822.2275s
	iters: 800, epoch: 7 | loss: 0.2472707
	speed: 0.0083s/iter; left time: 830.7496s
	iters: 900, epoch: 7 | loss: 0.3008732
	speed: 0.0084s/iter; left time: 833.2763s
	iters: 1000, epoch: 7 | loss: 0.2120695
	speed: 0.0084s/iter; left time: 835.0415s
Epoch: 7 cost time: 8.855675458908081
Epoch: 7, Steps: 1067 | Train Loss: 0.2578449 Vali Loss: 0.4117376
EarlyStopping counter: 4 out of 6
Updating learning rate to 7.8125e-06
	iters: 100, epoch: 8 | loss: 0.2462990
	speed: 0.0272s/iter; left time: 2692.7608s
	iters: 200, epoch: 8 | loss: 0.2851948
	speed: 0.0090s/iter; left time: 886.6313s
	iters: 300, epoch: 8 | loss: 0.2393652
	speed: 0.0084s/iter; left time: 831.2441s
	iters: 400, epoch: 8 | loss: 0.3058629
	speed: 0.0083s/iter; left time: 818.9730s
	iters: 500, epoch: 8 | loss: 0.2721322
	speed: 0.0084s/iter; left time: 832.8015s
	iters: 600, epoch: 8 | loss: 0.1981853
	speed: 0.0085s/iter; left time: 836.4373s
	iters: 700, epoch: 8 | loss: 0.2910108
	speed: 0.0079s/iter; left time: 780.0181s
	iters: 800, epoch: 8 | loss: 0.2522353
	speed: 0.0083s/iter; left time: 817.7191s
	iters: 900, epoch: 8 | loss: 0.2621640
	speed: 0.0085s/iter; left time: 835.5795s
	iters: 1000, epoch: 8 | loss: 0.2666977
	speed: 0.0082s/iter; left time: 804.4477s
Epoch: 8 cost time: 8.921168565750122
Epoch: 8, Steps: 1067 | Train Loss: 0.2572606 Vali Loss: 0.4090369
EarlyStopping counter: 5 out of 6
Updating learning rate to 3.90625e-06
	iters: 100, epoch: 9 | loss: 0.3100969
	speed: 0.0263s/iter; left time: 2577.6892s
	iters: 200, epoch: 9 | loss: 0.2166395
	speed: 0.0080s/iter; left time: 783.6256s
	iters: 300, epoch: 9 | loss: 0.2141508
	speed: 0.0084s/iter; left time: 819.6155s
	iters: 400, epoch: 9 | loss: 0.2680455
	speed: 0.0080s/iter; left time: 785.7296s
	iters: 500, epoch: 9 | loss: 0.2598683
	speed: 0.0082s/iter; left time: 803.2907s
	iters: 600, epoch: 9 | loss: 0.2225350
	speed: 0.0082s/iter; left time: 800.7626s
	iters: 700, epoch: 9 | loss: 0.2357638
	speed: 0.0084s/iter; left time: 818.1001s
	iters: 800, epoch: 9 | loss: 0.2207772
	speed: 0.0083s/iter; left time: 808.3764s
	iters: 900, epoch: 9 | loss: 0.3121690
	speed: 0.0083s/iter; left time: 803.3467s
	iters: 1000, epoch: 9 | loss: 0.2442187
	speed: 0.0084s/iter; left time: 817.1876s
Epoch: 9 cost time: 8.818776845932007
Epoch: 9, Steps: 1067 | Train Loss: 0.2570727 Vali Loss: 0.4104440
EarlyStopping counter: 6 out of 6
Early stopping
VALIDATION_RESULT {"best_epoch": 3, "best_mae": 0.41973419491544395, "best_mse": 0.40644543306621594, "epochs_ran": 9, "metric_version": "element_weighted_v1"}
>>>>>>>test skipped (validation-only run)<<<<<<<<<<<<<<<<<<<<<<<<
Using GPU
Args in experiment:
[1mBasic Config[0m
  Task Name:          long_term_forecast  Is Training:        0                   
  Model ID:           ETTm1_96_96_table2_ettm1_p96_uni_mamba_s2021Model:              GraphMambaRecent    

[1mData Loader[0m
  Data:               ETTm1               Root Path:          /home/cwh/Time-Series-Library/dataset/ETT-small
  Data Path:          ETTm1.csv           Features:           M                   
  Target:             OT                  Freq:               h                   
  Checkpoints:        /home/cwh/Time-Series-Library/logs/graphmamba_backbone_ablation/checkpoints

[1mForecasting Task[0m
  Seq Len:            336                 Label Len:          48                  
  Pred Len:           96                  Seasonal Patterns:  Monthly             
  Inverse:            0                   

[1mModel Parameters[0m
  Top k:              5                   Num Kernels:        6                   
  Enc In:             7                   Dec In:             7                   
  C Out:              7                   d model:            64                  
  n heads:            8                   e layers:           1                   
  d layers:           1                   d FF:               128                 
  Moving Avg:         25                  Factor:             1                   
  Distil:             1                   Dropout:            0.1                 
  Embed:              timeF               Activation:         gelu                

[1mRun Parameters[0m
  Num Workers:        0                   Itr:                1                   
  Train Epochs:       100                 Batch Size:         32                  
  Patience:           6                   Learning Rate:      0.0005              
  Des:                table2_ettm1_p96_uni_mamba_s2021Loss:               MSE                 
  Lradj:              type1               Use Amp:            0                   

[1mGPU[0m
  Use GPU:            1                   GPU:                0                   
  Use Multi GPU:      0                   Devices:            0,1,2,3             

[1mDe-stationary Projector Params[0m
  P Hidden Dims:      128, 128            P Hidden Layers:    2                   

Use GPU: cuda:0
🚀 Lazy Loading: GraphMambaRecent ...
[GraphMamba] Building 7x7 static graph from 2000 training samples
>>>>>>>evaluating validation checkpoint : long_term_forecast_ETTm1_96_96_table2_ettm1_p96_uni_mamba_s2021_GraphMambaRecent_ETTm1_ftM_sl336_ll48_pl96_dm64_nh8_el1_dl1_df128_expand2_dc2_fc1_ebtimeF_dtTrue_table2_ettm1_p96_uni_mamba_s2021_0<<<<<<<<<<<<<<<<<<<<<<<<<<<<<<<<<
val 11425
EVALUATION_RESULT {"batches": 358, "cmrhm_intervention": "intact", "elapsed_seconds": 1.426063665887341, "elements": 7677600, "mae": 0.41973419473856155, "metric_version": "element_weighted_v1", "milliseconds_per_batch": 3.9834180611378236, "mse": 0.4064454334756291, "parameter_count": 958854, "peak_cuda_memory_bytes": 127896576, "split": "val"}
=== Uni-Mamba | ETTm1-720 ===
Using GPU
Args in experiment:
[1mBasic Config[0m
  Task Name:          long_term_forecast  Is Training:        1                   
  Model ID:           ETTm1_96_720_table2_ettm1_p720_uni_mamba_s2021Model:              GraphMambaRecent    

[1mData Loader[0m
  Data:               ETTm1               Root Path:          /home/cwh/Time-Series-Library/dataset/ETT-small
  Data Path:          ETTm1.csv           Features:           M                   
  Target:             OT                  Freq:               h                   
  Checkpoints:        /home/cwh/Time-Series-Library/logs/graphmamba_backbone_ablation/checkpoints

[1mForecasting Task[0m
  Seq Len:            336                 Label Len:          48                  
  Pred Len:           720                 Seasonal Patterns:  Monthly             
  Inverse:            0                   

[1mModel Parameters[0m
  Top k:              5                   Num Kernels:        6                   
  Enc In:             7                   Dec In:             7                   
  C Out:              7                   d model:            64                  
  n heads:            8                   e layers:           1                   
  d layers:           1                   d FF:               128                 
  Moving Avg:         25                  Factor:             1                   
  Distil:             1                   Dropout:            0.1                 
  Embed:              timeF               Activation:         gelu                

[1mRun Parameters[0m
  Num Workers:        0                   Itr:                1                   
  Train Epochs:       100                 Batch Size:         32                  
  Patience:           6                   Learning Rate:      0.0005              
  Des:                table2_ettm1_p720_uni_mamba_s2021Loss:               MSE                 
  Lradj:              type1               Use Amp:            0                   

[1mGPU[0m
  Use GPU:            1                   GPU:                0                   
  Use Multi GPU:      0                   Devices:            0,1,2,3             

[1mDe-stationary Projector Params[0m
  P Hidden Dims:      128, 128            P Hidden Layers:    2                   

Use GPU: cuda:0
🚀 Lazy Loading: GraphMambaRecent ...
[GraphMamba] Building 7x7 static graph from 2000 training samples
>>>>>>>start training : long_term_forecast_ETTm1_96_720_table2_ettm1_p720_uni_mamba_s2021_GraphMambaRecent_ETTm1_ftM_sl336_ll48_pl720_dm64_nh8_el1_dl1_df128_expand2_dc2_fc1_ebtimeF_dtTrue_table2_ettm1_p720_uni_mamba_s2021_0>>>>>>>>>>>>>>>>>>>>>>>>>>
train 33505
val 10801
	iters: 100, epoch: 1 | loss: 0.5888884
	speed: 0.0110s/iter; left time: 1147.7823s
	iters: 200, epoch: 1 | loss: 0.4736165
	speed: 0.0092s/iter; left time: 959.9376s
	iters: 300, epoch: 1 | loss: 0.5173029
	speed: 0.0090s/iter; left time: 944.1883s
	iters: 400, epoch: 1 | loss: 0.4935577
	speed: 0.0090s/iter; left time: 935.6668s
	iters: 500, epoch: 1 | loss: 0.5217865
	speed: 0.0088s/iter; left time: 917.6612s
	iters: 600, epoch: 1 | loss: 0.5036426
	speed: 0.0087s/iter; left time: 908.1920s
	iters: 700, epoch: 1 | loss: 0.4611834
	speed: 0.0089s/iter; left time: 924.0287s
	iters: 800, epoch: 1 | loss: 0.5275488
	speed: 0.0091s/iter; left time: 942.7900s
	iters: 900, epoch: 1 | loss: 0.5764211
	speed: 0.0089s/iter; left time: 923.1574s
	iters: 1000, epoch: 1 | loss: 0.5114248
	speed: 0.0086s/iter; left time: 894.8557s
Epoch: 1 cost time: 9.53361439704895
Epoch: 1, Steps: 1048 | Train Loss: 0.5050205 Vali Loss: 0.9933064
Validation loss decreased (inf --> 0.993306).  Saving model ...
Updating learning rate to 0.0005
	iters: 100, epoch: 2 | loss: 0.3600732
	speed: 0.0267s/iter; left time: 2764.7394s
	iters: 200, epoch: 2 | loss: 0.4814014
	speed: 0.0087s/iter; left time: 905.8517s
	iters: 300, epoch: 2 | loss: 0.4232631
	speed: 0.0091s/iter; left time: 940.8669s
	iters: 400, epoch: 2 | loss: 0.3729398
	speed: 0.0092s/iter; left time: 947.3402s
	iters: 500, epoch: 2 | loss: 0.4539500
	speed: 0.0087s/iter; left time: 897.1250s
	iters: 600, epoch: 2 | loss: 0.3931405
	speed: 0.0088s/iter; left time: 907.7846s
	iters: 700, epoch: 2 | loss: 0.4607403
	speed: 0.0091s/iter; left time: 939.0065s
	iters: 800, epoch: 2 | loss: 0.3725508
	speed: 0.0090s/iter; left time: 928.8321s
	iters: 900, epoch: 2 | loss: 0.5794876
	speed: 0.0089s/iter; left time: 912.4617s
	iters: 1000, epoch: 2 | loss: 0.4497990
	speed: 0.0086s/iter; left time: 880.5117s
Epoch: 2 cost time: 9.323917627334595
Epoch: 2, Steps: 1048 | Train Loss: 0.4544655 Vali Loss: 0.9831908
Validation loss decreased (0.993306 --> 0.983191).  Saving model ...
Updating learning rate to 0.00025
	iters: 100, epoch: 3 | loss: 0.4315533
	speed: 0.0265s/iter; left time: 2719.0490s
	iters: 200, epoch: 3 | loss: 0.4023300
	speed: 0.0090s/iter; left time: 918.6385s
	iters: 300, epoch: 3 | loss: 0.4977936
	speed: 0.0087s/iter; left time: 895.3701s
	iters: 400, epoch: 3 | loss: 0.4855667
	speed: 0.0088s/iter; left time: 903.8143s
	iters: 500, epoch: 3 | loss: 0.5148289
	speed: 0.0092s/iter; left time: 941.0227s
	iters: 600, epoch: 3 | loss: 0.5002030
	speed: 0.0090s/iter; left time: 916.4832s
	iters: 700, epoch: 3 | loss: 0.3842940
	speed: 0.0089s/iter; left time: 909.4008s
	iters: 800, epoch: 3 | loss: 0.4921200
	speed: 0.0089s/iter; left time: 910.0319s
	iters: 900, epoch: 3 | loss: 0.5598627
	speed: 0.0087s/iter; left time: 887.7364s
	iters: 1000, epoch: 3 | loss: 0.3917154
	speed: 0.0088s/iter; left time: 898.8417s
Epoch: 3 cost time: 9.302357196807861
Epoch: 3, Steps: 1048 | Train Loss: 0.4376027 Vali Loss: 0.9835914
EarlyStopping counter: 1 out of 6
Updating learning rate to 0.000125
	iters: 100, epoch: 4 | loss: 0.4394431
	speed: 0.0269s/iter; left time: 2729.6337s
	iters: 200, epoch: 4 | loss: 0.4291099
	speed: 0.0088s/iter; left time: 895.4126s
	iters: 300, epoch: 4 | loss: 0.4439345
	speed: 0.0088s/iter; left time: 888.0583s
	iters: 400, epoch: 4 | loss: 0.3927766
	speed: 0.0092s/iter; left time: 928.8242s
	iters: 500, epoch: 4 | loss: 0.4271047
	speed: 0.0089s/iter; left time: 903.2337s
	iters: 600, epoch: 4 | loss: 0.4540260
	speed: 0.0088s/iter; left time: 886.2726s
	iters: 700, epoch: 4 | loss: 0.4234813
	speed: 0.0086s/iter; left time: 863.7757s
	iters: 800, epoch: 4 | loss: 0.4571501
	speed: 0.0089s/iter; left time: 898.4060s
	iters: 900, epoch: 4 | loss: 0.4965923
	speed: 0.0087s/iter; left time: 876.2372s
	iters: 1000, epoch: 4 | loss: 0.3790654
	speed: 0.0088s/iter; left time: 884.6015s
Epoch: 4 cost time: 9.226370811462402
Epoch: 4, Steps: 1048 | Train Loss: 0.4303654 Vali Loss: 0.9797528
Validation loss decreased (0.983191 --> 0.979753).  Saving model ...
Updating learning rate to 6.25e-05
	iters: 100, epoch: 5 | loss: 0.4083500
	speed: 0.0272s/iter; left time: 2729.0105s
	iters: 200, epoch: 5 | loss: 0.3980269
	speed: 0.0090s/iter; left time: 899.8261s
	iters: 300, epoch: 5 | loss: 0.3618147
	speed: 0.0090s/iter; left time: 904.9081s
	iters: 400, epoch: 5 | loss: 0.3807477
	speed: 0.0090s/iter; left time: 899.3488s
	iters: 500, epoch: 5 | loss: 0.4420302
	speed: 0.0086s/iter; left time: 865.5402s
	iters: 600, epoch: 5 | loss: 0.4357145
	speed: 0.0089s/iter; left time: 885.1171s
	iters: 700, epoch: 5 | loss: 0.3878668
	speed: 0.0090s/iter; left time: 897.1700s
	iters: 800, epoch: 5 | loss: 0.4386458
	speed: 0.0089s/iter; left time: 884.1456s
	iters: 900, epoch: 5 | loss: 0.3787064
	speed: 0.0090s/iter; left time: 902.0952s
	iters: 1000, epoch: 5 | loss: 0.4384156
	speed: 0.0089s/iter; left time: 888.9333s
Epoch: 5 cost time: 9.340846300125122
Epoch: 5, Steps: 1048 | Train Loss: 0.4266603 Vali Loss: 0.9811180
EarlyStopping counter: 1 out of 6
Updating learning rate to 3.125e-05
	iters: 100, epoch: 6 | loss: 0.4447813
	speed: 0.0262s/iter; left time: 2607.4923s
	iters: 200, epoch: 6 | loss: 0.4507333
	speed: 0.0087s/iter; left time: 859.9611s
	iters: 300, epoch: 6 | loss: 0.4109108
	speed: 0.0089s/iter; left time: 879.7555s
	iters: 400, epoch: 6 | loss: 0.3360205
	speed: 0.0089s/iter; left time: 881.2873s
	iters: 500, epoch: 6 | loss: 0.4114947
	speed: 0.0086s/iter; left time: 847.4938s
	iters: 600, epoch: 6 | loss: 0.4355222
	speed: 0.0085s/iter; left time: 842.1181s
	iters: 700, epoch: 6 | loss: 0.3756650
	speed: 0.0088s/iter; left time: 870.7569s
	iters: 800, epoch: 6 | loss: 0.4107531
	speed: 0.0087s/iter; left time: 857.8627s
	iters: 900, epoch: 6 | loss: 0.3859710
	speed: 0.0091s/iter; left time: 895.3992s
	iters: 1000, epoch: 6 | loss: 0.3954061
	speed: 0.0085s/iter; left time: 842.1514s
Epoch: 6 cost time: 9.147531509399414
Epoch: 6, Steps: 1048 | Train Loss: 0.4237598 Vali Loss: 0.9785651
Validation loss decreased (0.979753 --> 0.978565).  Saving model ...
Updating learning rate to 1.5625e-05
	iters: 100, epoch: 7 | loss: 0.3951478
	speed: 0.0258s/iter; left time: 2538.5469s
	iters: 200, epoch: 7 | loss: 0.4042199
	speed: 0.0088s/iter; left time: 861.7926s
	iters: 300, epoch: 7 | loss: 0.3482690
	speed: 0.0087s/iter; left time: 855.4950s
	iters: 400, epoch: 7 | loss: 0.4917628
	speed: 0.0086s/iter; left time: 839.2159s
	iters: 500, epoch: 7 | loss: 0.3989726
	speed: 0.0086s/iter; left time: 842.8759s
	iters: 600, epoch: 7 | loss: 0.4920779
	speed: 0.0085s/iter; left time: 833.3891s
	iters: 700, epoch: 7 | loss: 0.3998260
	speed: 0.0087s/iter; left time: 852.5231s
	iters: 800, epoch: 7 | loss: 0.4233637
	speed: 0.0084s/iter; left time: 820.9140s
	iters: 900, epoch: 7 | loss: 0.3558289
	speed: 0.0088s/iter; left time: 861.2934s
	iters: 1000, epoch: 7 | loss: 0.4050975
	speed: 0.0088s/iter; left time: 855.2489s
Epoch: 7 cost time: 9.066239356994629
Epoch: 7, Steps: 1048 | Train Loss: 0.4227088 Vali Loss: 0.9834101
EarlyStopping counter: 1 out of 6
Updating learning rate to 7.8125e-06
	iters: 100, epoch: 8 | loss: 0.4496607
	speed: 0.0262s/iter; left time: 2554.1784s
	iters: 200, epoch: 8 | loss: 0.4722400
	speed: 0.0090s/iter; left time: 871.3065s
	iters: 300, epoch: 8 | loss: 0.4403709
	speed: 0.0088s/iter; left time: 853.9478s
	iters: 400, epoch: 8 | loss: 0.4391291
	speed: 0.0086s/iter; left time: 831.9800s
	iters: 500, epoch: 8 | loss: 0.3511941
	speed: 0.0089s/iter; left time: 862.6564s
	iters: 600, epoch: 8 | loss: 0.4054226
	speed: 0.0087s/iter; left time: 843.5924s
	iters: 700, epoch: 8 | loss: 0.4587344
	speed: 0.0087s/iter; left time: 843.4191s
	iters: 800, epoch: 8 | loss: 0.4493554
	speed: 0.0087s/iter; left time: 838.7925s
	iters: 900, epoch: 8 | loss: 0.4523478
	speed: 0.0089s/iter; left time: 863.2815s
	iters: 1000, epoch: 8 | loss: 0.4400277
	speed: 0.0088s/iter; left time: 853.2210s
Epoch: 8 cost time: 9.197892665863037
Epoch: 8, Steps: 1048 | Train Loss: 0.4214721 Vali Loss: 0.9807554
EarlyStopping counter: 2 out of 6
Updating learning rate to 3.90625e-06
	iters: 100, epoch: 9 | loss: 0.3910838
	speed: 0.0266s/iter; left time: 2566.7752s
	iters: 200, epoch: 9 | loss: 0.4149498
	speed: 0.0089s/iter; left time: 857.3437s
	iters: 300, epoch: 9 | loss: 0.4081270
	speed: 0.0086s/iter; left time: 831.0456s
	iters: 400, epoch: 9 | loss: 0.3674560
	speed: 0.0087s/iter; left time: 834.8371s
	iters: 500, epoch: 9 | loss: 0.4273213
	speed: 0.0091s/iter; left time: 875.8332s
	iters: 600, epoch: 9 | loss: 0.3958244
	speed: 0.0091s/iter; left time: 874.3652s
	iters: 700, epoch: 9 | loss: 0.4299020
	speed: 0.0089s/iter; left time: 851.4118s
	iters: 800, epoch: 9 | loss: 0.4092039
	speed: 0.0088s/iter; left time: 838.7167s
	iters: 900, epoch: 9 | loss: 0.5154752
	speed: 0.0087s/iter; left time: 826.4956s
	iters: 1000, epoch: 9 | loss: 0.4241370
	speed: 0.0087s/iter; left time: 830.2679s
Epoch: 9 cost time: 9.291956186294556
Epoch: 9, Steps: 1048 | Train Loss: 0.4210726 Vali Loss: 0.9804151
EarlyStopping counter: 3 out of 6
Updating learning rate to 1.953125e-06
	iters: 100, epoch: 10 | loss: 0.4698083
	speed: 0.0266s/iter; left time: 2538.3044s
	iters: 200, epoch: 10 | loss: 0.4544009
	speed: 0.0088s/iter; left time: 839.1303s
	iters: 300, epoch: 10 | loss: 0.4309887
	speed: 0.0090s/iter; left time: 857.7952s
	iters: 400, epoch: 10 | loss: 0.3853442
	speed: 0.0087s/iter; left time: 823.5718s
	iters: 500, epoch: 10 | loss: 0.4176943
	speed: 0.0086s/iter; left time: 816.9554s
	iters: 600, epoch: 10 | loss: 0.3872510
	speed: 0.0085s/iter; left time: 807.0765s
	iters: 700, epoch: 10 | loss: 0.4019581
	speed: 0.0087s/iter; left time: 825.4579s
	iters: 800, epoch: 10 | loss: 0.3774360
	speed: 0.0087s/iter; left time: 825.0716s
	iters: 900, epoch: 10 | loss: 0.4017763
	speed: 0.0089s/iter; left time: 840.8659s
	iters: 1000, epoch: 10 | loss: 0.4888497
	speed: 0.0089s/iter; left time: 841.7307s
Epoch: 10 cost time: 9.164725542068481
Epoch: 10, Steps: 1048 | Train Loss: 0.4211809 Vali Loss: 0.9808574
EarlyStopping counter: 4 out of 6
Updating learning rate to 9.765625e-07
	iters: 100, epoch: 11 | loss: 0.4045609
	speed: 0.0259s/iter; left time: 2436.9886s
	iters: 200, epoch: 11 | loss: 0.4558642
	speed: 0.0088s/iter; left time: 827.2888s
	iters: 300, epoch: 11 | loss: 0.4304858
	speed: 0.0089s/iter; left time: 836.7987s
	iters: 400, epoch: 11 | loss: 0.3694855
	speed: 0.0089s/iter; left time: 836.0414s
	iters: 500, epoch: 11 | loss: 0.4980100
	speed: 0.0086s/iter; left time: 806.2451s
	iters: 600, epoch: 11 | loss: 0.4250041
	speed: 0.0087s/iter; left time: 817.2386s
	iters: 700, epoch: 11 | loss: 0.4668217
	speed: 0.0086s/iter; left time: 807.3523s
	iters: 800, epoch: 11 | loss: 0.4519429
	speed: 0.0087s/iter; left time: 812.7463s
	iters: 900, epoch: 11 | loss: 0.4882079
	speed: 0.0085s/iter; left time: 792.2014s
	iters: 1000, epoch: 11 | loss: 0.3693225
	speed: 0.0090s/iter; left time: 838.8044s
Epoch: 11 cost time: 9.167421340942383
Epoch: 11, Steps: 1048 | Train Loss: 0.4216756 Vali Loss: 0.9807009
EarlyStopping counter: 5 out of 6
Updating learning rate to 4.8828125e-07
	iters: 100, epoch: 12 | loss: 0.4326217
	speed: 0.0269s/iter; left time: 2506.9980s
	iters: 200, epoch: 12 | loss: 0.4008835
	speed: 0.0092s/iter; left time: 860.6833s
	iters: 300, epoch: 12 | loss: 0.4321054
	speed: 0.0096s/iter; left time: 895.4001s
	iters: 400, epoch: 12 | loss: 0.4828192
	speed: 0.0093s/iter; left time: 866.7957s
	iters: 500, epoch: 12 | loss: 0.4203978
	speed: 0.0086s/iter; left time: 796.6478s
	iters: 600, epoch: 12 | loss: 0.3850584
	speed: 0.0086s/iter; left time: 798.6355s
	iters: 700, epoch: 12 | loss: 0.3732443
	speed: 0.0088s/iter; left time: 811.4395s
	iters: 800, epoch: 12 | loss: 0.3260754
	speed: 0.0086s/iter; left time: 797.4259s
	iters: 900, epoch: 12 | loss: 0.3903061
	speed: 0.0087s/iter; left time: 803.2127s
	iters: 1000, epoch: 12 | loss: 0.4351301
	speed: 0.0088s/iter; left time: 815.9798s
Epoch: 12 cost time: 9.404861211776733
Epoch: 12, Steps: 1048 | Train Loss: 0.4210486 Vali Loss: 0.9806316
EarlyStopping counter: 6 out of 6
Early stopping
VALIDATION_RESULT {"best_epoch": 6, "best_mae": 0.661375355881308, "best_mse": 0.9785651188166182, "epochs_ran": 12, "metric_version": "element_weighted_v1"}
>>>>>>>test skipped (validation-only run)<<<<<<<<<<<<<<<<<<<<<<<<
Using GPU
Args in experiment:
[1mBasic Config[0m
  Task Name:          long_term_forecast  Is Training:        0                   
  Model ID:           ETTm1_96_720_table2_ettm1_p720_uni_mamba_s2021Model:              GraphMambaRecent    

[1mData Loader[0m
  Data:               ETTm1               Root Path:          /home/cwh/Time-Series-Library/dataset/ETT-small
  Data Path:          ETTm1.csv           Features:           M                   
  Target:             OT                  Freq:               h                   
  Checkpoints:        /home/cwh/Time-Series-Library/logs/graphmamba_backbone_ablation/checkpoints

[1mForecasting Task[0m
  Seq Len:            336                 Label Len:          48                  
  Pred Len:           720                 Seasonal Patterns:  Monthly             
  Inverse:            0                   

[1mModel Parameters[0m
  Top k:              5                   Num Kernels:        6                   
  Enc In:             7                   Dec In:             7                   
  C Out:              7                   d model:            64                  
  n heads:            8                   e layers:           1                   
  d layers:           1                   d FF:               128                 
  Moving Avg:         25                  Factor:             1                   
  Distil:             1                   Dropout:            0.1                 
  Embed:              timeF               Activation:         gelu                

[1mRun Parameters[0m
  Num Workers:        0                   Itr:                1                   
  Train Epochs:       100                 Batch Size:         32                  
  Patience:           6                   Learning Rate:      0.0005              
  Des:                table2_ettm1_p720_uni_mamba_s2021Loss:               MSE                 
  Lradj:              type1               Use Amp:            0                   

[1mGPU[0m
  Use GPU:            1                   GPU:                0                   
  Use Multi GPU:      0                   Devices:            0,1,2,3             

[1mDe-stationary Projector Params[0m
  P Hidden Dims:      128, 128            P Hidden Layers:    2                   

Use GPU: cuda:0
🚀 Lazy Loading: GraphMambaRecent ...
[GraphMamba] Building 7x7 static graph from 2000 training samples
>>>>>>>evaluating validation checkpoint : long_term_forecast_ETTm1_96_720_table2_ettm1_p720_uni_mamba_s2021_GraphMambaRecent_ETTm1_ftM_sl336_ll48_pl720_dm64_nh8_el1_dl1_df128_expand2_dc2_fc1_ebtimeF_dtTrue_table2_ettm1_p720_uni_mamba_s2021_0<<<<<<<<<<<<<<<<<<<<<<<<<<<<<<<<<
val 10801
EVALUATION_RESULT {"batches": 338, "cmrhm_intervention": "intact", "elapsed_seconds": 1.4989851680584252, "elements": 54437040, "mae": 0.6613753543744066, "metric_version": "element_weighted_v1", "milliseconds_per_batch": 4.4348673611196014, "mse": 0.978565116663902, "parameter_count": 6770790, "peak_cuda_memory_bytes": 154691584, "split": "val"}
=== Uni-Mamba | ETTm2-96 ===
Using GPU
Args in experiment:
[1mBasic Config[0m
  Task Name:          long_term_forecast  Is Training:        1                   
  Model ID:           ETTm2_96_96_table2_ettm2_p96_uni_mamba_s2021Model:              GraphMambaRecent    

[1mData Loader[0m
  Data:               ETTm2               Root Path:          /home/cwh/Time-Series-Library/dataset/ETT-small
  Data Path:          ETTm2.csv           Features:           M                   
  Target:             OT                  Freq:               h                   
  Checkpoints:        /home/cwh/Time-Series-Library/logs/graphmamba_backbone_ablation/checkpoints

[1mForecasting Task[0m
  Seq Len:            336                 Label Len:          48                  
  Pred Len:           96                  Seasonal Patterns:  Monthly             
  Inverse:            0                   

[1mModel Parameters[0m
  Top k:              5                   Num Kernels:        6                   
  Enc In:             7                   Dec In:             7                   
  C Out:              7                   d model:            64                  
  n heads:            8                   e layers:           1                   
  d layers:           1                   d FF:               128                 
  Moving Avg:         25                  Factor:             1                   
  Distil:             1                   Dropout:            0.1                 
  Embed:              timeF               Activation:         gelu                

[1mRun Parameters[0m
  Num Workers:        0                   Itr:                1                   
  Train Epochs:       100                 Batch Size:         32                  
  Patience:           6                   Learning Rate:      0.0005              
  Des:                table2_ettm2_p96_uni_mamba_s2021Loss:               MSE                 
  Lradj:              type1               Use Amp:            0                   

[1mGPU[0m
  Use GPU:            1                   GPU:                0                   
  Use Multi GPU:      0                   Devices:            0,1,2,3             

[1mDe-stationary Projector Params[0m
  P Hidden Dims:      128, 128            P Hidden Layers:    2                   

Use GPU: cuda:0
🚀 Lazy Loading: GraphMambaRecent ...
[GraphMamba] Building 7x7 static graph from 2000 training samples
>>>>>>>start training : long_term_forecast_ETTm2_96_96_table2_ettm2_p96_uni_mamba_s2021_GraphMambaRecent_ETTm2_ftM_sl336_ll48_pl96_dm64_nh8_el1_dl1_df128_expand2_dc2_fc1_ebtimeF_dtTrue_table2_ettm2_p96_uni_mamba_s2021_0>>>>>>>>>>>>>>>>>>>>>>>>>>
train 34129
val 11425
	iters: 100, epoch: 1 | loss: 0.2402593
	speed: 0.0109s/iter; left time: 1160.5514s
	iters: 200, epoch: 1 | loss: 0.6985555
	speed: 0.0086s/iter; left time: 915.9768s
	iters: 300, epoch: 1 | loss: 0.2121580
	speed: 0.0083s/iter; left time: 886.5410s
	iters: 400, epoch: 1 | loss: 0.2568090
	speed: 0.0083s/iter; left time: 887.2477s
	iters: 500, epoch: 1 | loss: 0.2450243
	speed: 0.0083s/iter; left time: 881.8159s
	iters: 600, epoch: 1 | loss: 0.2071968
	speed: 0.0084s/iter; left time: 891.9321s
	iters: 700, epoch: 1 | loss: 0.2630318
	speed: 0.0082s/iter; left time: 866.3920s
	iters: 800, epoch: 1 | loss: 0.4802728
	speed: 0.0082s/iter; left time: 870.4040s
	iters: 900, epoch: 1 | loss: 0.1881040
	speed: 0.0085s/iter; left time: 897.8625s
	iters: 1000, epoch: 1 | loss: 0.1406700
	speed: 0.0084s/iter; left time: 885.7195s
Epoch: 1 cost time: 9.199581384658813
Epoch: 1, Steps: 1067 | Train Loss: 0.2524846 Vali Loss: 0.1270380
Validation loss decreased (inf --> 0.127038).  Saving model ...
Updating learning rate to 0.0005
	iters: 100, epoch: 2 | loss: 0.1768596
	speed: 0.0273s/iter; left time: 2875.9911s
	iters: 200, epoch: 2 | loss: 0.1242212
	speed: 0.0083s/iter; left time: 873.0899s
	iters: 300, epoch: 2 | loss: 0.1545594
	speed: 0.0085s/iter; left time: 896.1069s
	iters: 400, epoch: 2 | loss: 0.1342123
	speed: 0.0090s/iter; left time: 949.9716s
	iters: 500, epoch: 2 | loss: 0.2778667
	speed: 0.0087s/iter; left time: 914.2957s
	iters: 600, epoch: 2 | loss: 0.4622507
	speed: 0.0088s/iter; left time: 925.4931s
	iters: 700, epoch: 2 | loss: 0.2357951
	speed: 0.0088s/iter; left time: 924.5434s
	iters: 800, epoch: 2 | loss: 0.1984491
	speed: 0.0087s/iter; left time: 915.4587s
	iters: 900, epoch: 2 | loss: 0.1574099
	speed: 0.0088s/iter; left time: 922.8005s
	iters: 1000, epoch: 2 | loss: 0.2222274
	speed: 0.0085s/iter; left time: 892.7869s
Epoch: 2 cost time: 9.215776681900024
Epoch: 2, Steps: 1067 | Train Loss: 0.2290888 Vali Loss: 0.1303735
EarlyStopping counter: 1 out of 6
Updating learning rate to 0.00025
	iters: 100, epoch: 3 | loss: 0.2421737
	speed: 0.0274s/iter; left time: 2860.7637s
	iters: 200, epoch: 3 | loss: 0.2286079
	speed: 0.0088s/iter; left time: 920.6908s
	iters: 300, epoch: 3 | loss: 0.1274949
	speed: 0.0083s/iter; left time: 864.3936s
	iters: 400, epoch: 3 | loss: 0.2050107
	speed: 0.0085s/iter; left time: 886.8174s
	iters: 500, epoch: 3 | loss: 0.2186362
	speed: 0.0085s/iter; left time: 883.7958s
	iters: 600, epoch: 3 | loss: 0.2527953
	speed: 0.0090s/iter; left time: 936.7127s
	iters: 700, epoch: 3 | loss: 0.1951625
	speed: 0.0086s/iter; left time: 889.4115s
	iters: 800, epoch: 3 | loss: 0.1631996
	speed: 0.0086s/iter; left time: 889.3508s
	iters: 900, epoch: 3 | loss: 0.1680854
	speed: 0.0087s/iter; left time: 906.2780s
	iters: 1000, epoch: 3 | loss: 0.2005282
	speed: 0.0089s/iter; left time: 919.9979s
Epoch: 3 cost time: 9.253368377685547
Epoch: 3, Steps: 1067 | Train Loss: 0.2205380 Vali Loss: 0.1305226
EarlyStopping counter: 2 out of 6
Updating learning rate to 0.000125
	iters: 100, epoch: 4 | loss: 0.2024503
	speed: 0.0276s/iter; left time: 2854.1235s
	iters: 200, epoch: 4 | loss: 0.1235106
	speed: 0.0086s/iter; left time: 890.8607s
	iters: 300, epoch: 4 | loss: 0.5563051
	speed: 0.0088s/iter; left time: 906.0571s
	iters: 400, epoch: 4 | loss: 0.1957235
	speed: 0.0087s/iter; left time: 894.6556s
	iters: 500, epoch: 4 | loss: 0.2196733
	speed: 0.0084s/iter; left time: 870.0526s
	iters: 600, epoch: 4 | loss: 0.1642404
	speed: 0.0088s/iter; left time: 902.5842s
	iters: 700, epoch: 4 | loss: 0.2157652
	speed: 0.0086s/iter; left time: 887.0063s
	iters: 800, epoch: 4 | loss: 0.1705410
	speed: 0.0086s/iter; left time: 883.4562s
	iters: 900, epoch: 4 | loss: 0.1061544
	speed: 0.0085s/iter; left time: 870.2604s
	iters: 1000, epoch: 4 | loss: 0.1503976
	speed: 0.0084s/iter; left time: 864.5107s
Epoch: 4 cost time: 9.198114395141602
Epoch: 4, Steps: 1067 | Train Loss: 0.2149452 Vali Loss: 0.1317571
EarlyStopping counter: 3 out of 6
Updating learning rate to 6.25e-05
	iters: 100, epoch: 5 | loss: 0.1800609
	speed: 0.0272s/iter; left time: 2786.5903s
	iters: 200, epoch: 5 | loss: 0.2141318
	speed: 0.0082s/iter; left time: 837.7009s
	iters: 300, epoch: 5 | loss: 0.1711217
	speed: 0.0086s/iter; left time: 874.2935s
	iters: 400, epoch: 5 | loss: 0.1555028
	speed: 0.0087s/iter; left time: 888.8126s
	iters: 500, epoch: 5 | loss: 0.1416353
	speed: 0.0083s/iter; left time: 850.8463s
	iters: 600, epoch: 5 | loss: 0.1906478
	speed: 0.0088s/iter; left time: 899.7699s
	iters: 700, epoch: 5 | loss: 0.1131855
	speed: 0.0083s/iter; left time: 846.0645s
	iters: 800, epoch: 5 | loss: 0.4376682
	speed: 0.0084s/iter; left time: 855.6151s
	iters: 900, epoch: 5 | loss: 0.2649252
	speed: 0.0085s/iter; left time: 864.1064s
	iters: 1000, epoch: 5 | loss: 0.1632072
	speed: 0.0085s/iter; left time: 867.1905s
Epoch: 5 cost time: 9.077491998672485
Epoch: 5, Steps: 1067 | Train Loss: 0.2122088 Vali Loss: 0.1327050
EarlyStopping counter: 4 out of 6
Updating learning rate to 3.125e-05
	iters: 100, epoch: 6 | loss: 0.0948430
	speed: 0.0278s/iter; left time: 2812.8763s
	iters: 200, epoch: 6 | loss: 0.1574774
	speed: 0.0085s/iter; left time: 857.2261s
	iters: 300, epoch: 6 | loss: 0.2891468
	speed: 0.0084s/iter; left time: 845.5086s
	iters: 400, epoch: 6 | loss: 0.2725019
	speed: 0.0084s/iter; left time: 852.9391s
	iters: 500, epoch: 6 | loss: 0.2088469
	speed: 0.0086s/iter; left time: 864.7286s
	iters: 600, epoch: 6 | loss: 0.4390374
	speed: 0.0085s/iter; left time: 852.7446s
	iters: 700, epoch: 6 | loss: 0.1698662
	speed: 0.0086s/iter; left time: 863.3382s
	iters: 800, epoch: 6 | loss: 0.4564505
	speed: 0.0084s/iter; left time: 846.8374s
	iters: 900, epoch: 6 | loss: 0.1750801
	speed: 0.0085s/iter; left time: 853.2857s
	iters: 1000, epoch: 6 | loss: 0.1337349
	speed: 0.0083s/iter; left time: 833.3510s
Epoch: 6 cost time: 9.0170419216156
Epoch: 6, Steps: 1067 | Train Loss: 0.2103187 Vali Loss: 0.1346199
EarlyStopping counter: 5 out of 6
Updating learning rate to 1.5625e-05
	iters: 100, epoch: 7 | loss: 0.2615319
	speed: 0.0273s/iter; left time: 2739.3685s
	iters: 200, epoch: 7 | loss: 0.5131279
	speed: 0.0085s/iter; left time: 850.2109s
	iters: 300, epoch: 7 | loss: 0.1700895
	speed: 0.0087s/iter; left time: 874.8294s
	iters: 400, epoch: 7 | loss: 0.1995202
	speed: 0.0085s/iter; left time: 847.5092s
	iters: 500, epoch: 7 | loss: 0.2735921
	speed: 0.0083s/iter; left time: 832.1948s
	iters: 600, epoch: 7 | loss: 0.2032852
	speed: 0.0085s/iter; left time: 847.6955s
	iters: 700, epoch: 7 | loss: 0.1282992
	speed: 0.0088s/iter; left time: 873.8428s
	iters: 800, epoch: 7 | loss: 0.2227653
	speed: 0.0087s/iter; left time: 865.1874s
	iters: 900, epoch: 7 | loss: 0.2274673
	speed: 0.0084s/iter; left time: 832.1982s
	iters: 1000, epoch: 7 | loss: 0.1652690
	speed: 0.0084s/iter; left time: 834.4898s
Epoch: 7 cost time: 9.086726427078247
Epoch: 7, Steps: 1067 | Train Loss: 0.2094781 Vali Loss: 0.1337405
EarlyStopping counter: 6 out of 6
Early stopping
VALIDATION_RESULT {"best_epoch": 1, "best_mae": 0.24641894778845594, "best_mse": 0.12703797090670907, "epochs_ran": 7, "metric_version": "element_weighted_v1"}
>>>>>>>test skipped (validation-only run)<<<<<<<<<<<<<<<<<<<<<<<<
Using GPU
Args in experiment:
[1mBasic Config[0m
  Task Name:          long_term_forecast  Is Training:        0                   
  Model ID:           ETTm2_96_96_table2_ettm2_p96_uni_mamba_s2021Model:              GraphMambaRecent    

[1mData Loader[0m
  Data:               ETTm2               Root Path:          /home/cwh/Time-Series-Library/dataset/ETT-small
  Data Path:          ETTm2.csv           Features:           M                   
  Target:             OT                  Freq:               h                   
  Checkpoints:        /home/cwh/Time-Series-Library/logs/graphmamba_backbone_ablation/checkpoints

[1mForecasting Task[0m
  Seq Len:            336                 Label Len:          48                  
  Pred Len:           96                  Seasonal Patterns:  Monthly             
  Inverse:            0                   

[1mModel Parameters[0m
  Top k:              5                   Num Kernels:        6                   
  Enc In:             7                   Dec In:             7                   
  C Out:              7                   d model:            64                  
  n heads:            8                   e layers:           1                   
  d layers:           1                   d FF:               128                 
  Moving Avg:         25                  Factor:             1                   
  Distil:             1                   Dropout:            0.1                 
  Embed:              timeF               Activation:         gelu                

[1mRun Parameters[0m
  Num Workers:        0                   Itr:                1                   
  Train Epochs:       100                 Batch Size:         32                  
  Patience:           6                   Learning Rate:      0.0005              
  Des:                table2_ettm2_p96_uni_mamba_s2021Loss:               MSE                 
  Lradj:              type1               Use Amp:            0                   

[1mGPU[0m
  Use GPU:            1                   GPU:                0                   
  Use Multi GPU:      0                   Devices:            0,1,2,3             

[1mDe-stationary Projector Params[0m
  P Hidden Dims:      128, 128            P Hidden Layers:    2                   

Use GPU: cuda:0
🚀 Lazy Loading: GraphMambaRecent ...
[GraphMamba] Building 7x7 static graph from 2000 training samples
>>>>>>>evaluating validation checkpoint : long_term_forecast_ETTm2_96_96_table2_ettm2_p96_uni_mamba_s2021_GraphMambaRecent_ETTm2_ftM_sl336_ll48_pl96_dm64_nh8_el1_dl1_df128_expand2_dc2_fc1_ebtimeF_dtTrue_table2_ettm2_p96_uni_mamba_s2021_0<<<<<<<<<<<<<<<<<<<<<<<<<<<<<<<<<
val 11425
EVALUATION_RESULT {"batches": 358, "cmrhm_intervention": "intact", "elapsed_seconds": 1.455289697041735, "elements": 7677600, "mae": 0.2464189479315518, "metric_version": "element_weighted_v1", "milliseconds_per_batch": 4.065055019669651, "mse": 0.1270379710348991, "parameter_count": 958854, "peak_cuda_memory_bytes": 127896576, "split": "val"}
=== Uni-Mamba | ETTm2-720 ===
Using GPU
Args in experiment:
[1mBasic Config[0m
  Task Name:          long_term_forecast  Is Training:        1                   
  Model ID:           ETTm2_96_720_table2_ettm2_p720_uni_mamba_s2021Model:              GraphMambaRecent    

[1mData Loader[0m
  Data:               ETTm2               Root Path:          /home/cwh/Time-Series-Library/dataset/ETT-small
  Data Path:          ETTm2.csv           Features:           M                   
  Target:             OT                  Freq:               h                   
  Checkpoints:        /home/cwh/Time-Series-Library/logs/graphmamba_backbone_ablation/checkpoints

[1mForecasting Task[0m
  Seq Len:            336                 Label Len:          48                  
  Pred Len:           720                 Seasonal Patterns:  Monthly             
  Inverse:            0                   

[1mModel Parameters[0m
  Top k:              5                   Num Kernels:        6                   
  Enc In:             7                   Dec In:             7                   
  C Out:              7                   d model:            64                  
  n heads:            8                   e layers:           1                   
  d layers:           1                   d FF:               128                 
  Moving Avg:         25                  Factor:             1                   
  Distil:             1                   Dropout:            0.1                 
  Embed:              timeF               Activation:         gelu                

[1mRun Parameters[0m
  Num Workers:        0                   Itr:                1                   
  Train Epochs:       100                 Batch Size:         32                  
  Patience:           6                   Learning Rate:      0.0005              
  Des:                table2_ettm2_p720_uni_mamba_s2021Loss:               MSE                 
  Lradj:              type1               Use Amp:            0                   

[1mGPU[0m
  Use GPU:            1                   GPU:                0                   
  Use Multi GPU:      0                   Devices:            0,1,2,3             

[1mDe-stationary Projector Params[0m
  P Hidden Dims:      128, 128            P Hidden Layers:    2                   

Use GPU: cuda:0
🚀 Lazy Loading: GraphMambaRecent ...
[GraphMamba] Building 7x7 static graph from 2000 training samples
>>>>>>>start training : long_term_forecast_ETTm2_96_720_table2_ettm2_p720_uni_mamba_s2021_GraphMambaRecent_ETTm2_ftM_sl336_ll48_pl720_dm64_nh8_el1_dl1_df128_expand2_dc2_fc1_ebtimeF_dtTrue_table2_ettm2_p720_uni_mamba_s2021_0>>>>>>>>>>>>>>>>>>>>>>>>>>
train 33505
val 10801
	iters: 100, epoch: 1 | loss: 0.3372452
	speed: 0.0109s/iter; left time: 1137.6629s
	iters: 200, epoch: 1 | loss: 0.6306935
	speed: 0.0090s/iter; left time: 943.5576s
	iters: 300, epoch: 1 | loss: 0.7022802
	speed: 0.0088s/iter; left time: 924.2037s
	iters: 400, epoch: 1 | loss: 0.2972133
	speed: 0.0089s/iter; left time: 928.7167s
	iters: 500, epoch: 1 | loss: 0.3143296
	speed: 0.0087s/iter; left time: 909.9675s
	iters: 600, epoch: 1 | loss: 0.4312416
	speed: 0.0087s/iter; left time: 902.7925s
	iters: 700, epoch: 1 | loss: 0.3010248
	speed: 0.0086s/iter; left time: 899.7829s
	iters: 800, epoch: 1 | loss: 0.8119918
	speed: 0.0087s/iter; left time: 899.8405s
	iters: 900, epoch: 1 | loss: 0.5228279
	speed: 0.0084s/iter; left time: 876.8691s
	iters: 1000, epoch: 1 | loss: 0.3129293
	speed: 0.0084s/iter; left time: 869.0731s
Epoch: 1 cost time: 9.313946962356567
Epoch: 1, Steps: 1048 | Train Loss: 0.6083818 Vali Loss: 0.3231274
Validation loss decreased (inf --> 0.323127).  Saving model ...
Updating learning rate to 0.0005
	iters: 100, epoch: 2 | loss: 0.3783856
	speed: 0.0256s/iter; left time: 2655.3949s
	iters: 200, epoch: 2 | loss: 0.4289935
	speed: 0.0086s/iter; left time: 892.8495s
	iters: 300, epoch: 2 | loss: 0.7435473
	speed: 0.0085s/iter; left time: 883.8370s
	iters: 400, epoch: 2 | loss: 0.3361556
	speed: 0.0086s/iter; left time: 892.6356s
	iters: 500, epoch: 2 | loss: 0.3280730
	speed: 0.0086s/iter; left time: 890.1888s
	iters: 600, epoch: 2 | loss: 0.5066549
	speed: 0.0089s/iter; left time: 913.6455s
	iters: 700, epoch: 2 | loss: 0.3245531
	speed: 0.0088s/iter; left time: 911.1888s
	iters: 800, epoch: 2 | loss: 0.3670915
	speed: 0.0089s/iter; left time: 911.6448s
	iters: 900, epoch: 2 | loss: 0.5985465
	speed: 0.0091s/iter; left time: 930.9621s
	iters: 1000, epoch: 2 | loss: 0.4189189
	speed: 0.0089s/iter; left time: 916.5040s
Epoch: 2 cost time: 9.222118139266968
Epoch: 2, Steps: 1048 | Train Loss: 0.5759823 Vali Loss: 0.3093543
Validation loss decreased (0.323127 --> 0.309354).  Saving model ...
Updating learning rate to 0.00025
	iters: 100, epoch: 3 | loss: 0.6133112
	speed: 0.0270s/iter; left time: 2769.1532s
	iters: 200, epoch: 3 | loss: 0.4935438
	speed: 0.0086s/iter; left time: 884.4971s
	iters: 300, epoch: 3 | loss: 0.3930809
	speed: 0.0087s/iter; left time: 889.6513s
	iters: 400, epoch: 3 | loss: 0.4932244
	speed: 0.0089s/iter; left time: 909.7277s
	iters: 500, epoch: 3 | loss: 0.5633651
	speed: 0.0086s/iter; left time: 874.8263s
	iters: 600, epoch: 3 | loss: 0.4502524
	speed: 0.0086s/iter; left time: 874.9190s
	iters: 700, epoch: 3 | loss: 0.5640264
	speed: 0.0084s/iter; left time: 857.9137s
	iters: 800, epoch: 3 | loss: 0.3282870
	speed: 0.0090s/iter; left time: 912.7582s
	iters: 900, epoch: 3 | loss: 0.7901200
	speed: 0.0088s/iter; left time: 894.5775s
	iters: 1000, epoch: 3 | loss: 0.5370705
	speed: 0.0092s/iter; left time: 931.8364s
Epoch: 3 cost time: 9.188679456710815
Epoch: 3, Steps: 1048 | Train Loss: 0.5491920 Vali Loss: 0.3159794
EarlyStopping counter: 1 out of 6
Updating learning rate to 0.000125
	iters: 100, epoch: 4 | loss: 0.9205558
	speed: 0.0266s/iter; left time: 2704.7814s
	iters: 200, epoch: 4 | loss: 0.4900833
	speed: 0.0089s/iter; left time: 898.4486s
	iters: 300, epoch: 4 | loss: 0.6139100
	speed: 0.0089s/iter; left time: 897.6791s
	iters: 400, epoch: 4 | loss: 0.3128501
	speed: 0.0087s/iter; left time: 883.0981s
	iters: 500, epoch: 4 | loss: 0.6262599
	speed: 0.0088s/iter; left time: 890.8201s
	iters: 600, epoch: 4 | loss: 0.7685261
	speed: 0.0088s/iter; left time: 892.7329s
	iters: 700, epoch: 4 | loss: 0.3788792
	speed: 0.0088s/iter; left time: 885.7523s
	iters: 800, epoch: 4 | loss: 0.5834693
	speed: 0.0090s/iter; left time: 906.3829s
	iters: 900, epoch: 4 | loss: 0.3988857
	speed: 0.0088s/iter; left time: 881.7311s
	iters: 1000, epoch: 4 | loss: 0.5730692
	speed: 0.0085s/iter; left time: 857.5393s
Epoch: 4 cost time: 9.224896669387817
Epoch: 4, Steps: 1048 | Train Loss: 0.5438823 Vali Loss: 0.3092955
Validation loss decreased (0.309354 --> 0.309296).  Saving model ...
Updating learning rate to 6.25e-05
	iters: 100, epoch: 5 | loss: 0.8462307
	speed: 0.0264s/iter; left time: 2652.0198s
	iters: 200, epoch: 5 | loss: 0.6150460
	speed: 0.0085s/iter; left time: 849.5434s
	iters: 300, epoch: 5 | loss: 0.6079184
	speed: 0.0089s/iter; left time: 890.1712s
	iters: 400, epoch: 5 | loss: 0.7752351
	speed: 0.0089s/iter; left time: 892.3249s
	iters: 500, epoch: 5 | loss: 0.4155387
	speed: 0.0092s/iter; left time: 919.3455s
	iters: 600, epoch: 5 | loss: 0.3522605
	speed: 0.0091s/iter; left time: 909.2951s
	iters: 700, epoch: 5 | loss: 0.3611202
	speed: 0.0089s/iter; left time: 891.1046s
	iters: 800, epoch: 5 | loss: 0.4841106
	speed: 0.0088s/iter; left time: 880.9443s
	iters: 900, epoch: 5 | loss: 0.4429281
	speed: 0.0084s/iter; left time: 835.3009s
	iters: 1000, epoch: 5 | loss: 0.4855476
	speed: 0.0086s/iter; left time: 855.3610s
Epoch: 5 cost time: 9.185472249984741
Epoch: 5, Steps: 1048 | Train Loss: 0.5286345 Vali Loss: 0.3119521
EarlyStopping counter: 1 out of 6
Updating learning rate to 3.125e-05
	iters: 100, epoch: 6 | loss: 0.3389415
	speed: 0.0257s/iter; left time: 2560.0347s
	iters: 200, epoch: 6 | loss: 0.8556890
	speed: 0.0088s/iter; left time: 871.9776s
	iters: 300, epoch: 6 | loss: 0.4456735
	speed: 0.0085s/iter; left time: 846.3493s
	iters: 400, epoch: 6 | loss: 0.3059004
	speed: 0.0086s/iter; left time: 855.2021s
	iters: 500, epoch: 6 | loss: 0.5657857
	speed: 0.0085s/iter; left time: 846.8438s
	iters: 600, epoch: 6 | loss: 0.9907355
	speed: 0.0086s/iter; left time: 854.9835s
	iters: 700, epoch: 6 | loss: 0.3967792
	speed: 0.0087s/iter; left time: 856.8105s
	iters: 800, epoch: 6 | loss: 0.3956612
	speed: 0.0086s/iter; left time: 850.9139s
	iters: 900, epoch: 6 | loss: 0.7086716
	speed: 0.0087s/iter; left time: 857.6329s
	iters: 1000, epoch: 6 | loss: 0.6821219
	speed: 0.0086s/iter; left time: 846.5504s
Epoch: 6 cost time: 9.052844047546387
Epoch: 6, Steps: 1048 | Train Loss: 0.5238600 Vali Loss: 0.3201110
EarlyStopping counter: 2 out of 6
Updating learning rate to 1.5625e-05
	iters: 100, epoch: 7 | loss: 0.6260481
	speed: 0.0257s/iter; left time: 2525.0591s
	iters: 200, epoch: 7 | loss: 0.5385110
	speed: 0.0085s/iter; left time: 834.9232s
	iters: 300, epoch: 7 | loss: 0.3281127
	speed: 0.0086s/iter; left time: 847.8556s
	iters: 400, epoch: 7 | loss: 0.5012120
	speed: 0.0086s/iter; left time: 839.2758s
	iters: 500, epoch: 7 | loss: 0.3561697
	speed: 0.0086s/iter; left time: 841.7283s
	iters: 600, epoch: 7 | loss: 0.5021074
	speed: 0.0085s/iter; left time: 833.6517s
	iters: 700, epoch: 7 | loss: 0.3262258
	speed: 0.0084s/iter; left time: 818.2969s
	iters: 800, epoch: 7 | loss: 0.6160328
	speed: 0.0085s/iter; left time: 833.3800s
	iters: 900, epoch: 7 | loss: 0.7904499
	speed: 0.0087s/iter; left time: 852.5068s
	iters: 1000, epoch: 7 | loss: 0.6058167
	speed: 0.0087s/iter; left time: 846.9069s
Epoch: 7 cost time: 8.978997707366943
Epoch: 7, Steps: 1048 | Train Loss: 0.5225562 Vali Loss: 0.3151328
EarlyStopping counter: 3 out of 6
Updating learning rate to 7.8125e-06
	iters: 100, epoch: 8 | loss: 0.7487118
	speed: 0.0258s/iter; left time: 2507.9891s
	iters: 200, epoch: 8 | loss: 0.3633130
	speed: 0.0087s/iter; left time: 848.9434s
	iters: 300, epoch: 8 | loss: 0.5657763
	speed: 0.0085s/iter; left time: 828.7277s
	iters: 400, epoch: 8 | loss: 0.3113875
	speed: 0.0087s/iter; left time: 848.2753s
	iters: 500, epoch: 8 | loss: 0.3843839
	speed: 0.0087s/iter; left time: 841.9635s
	iters: 600, epoch: 8 | loss: 0.6602616
	speed: 0.0087s/iter; left time: 846.0519s
	iters: 700, epoch: 8 | loss: 0.7095373
	speed: 0.0086s/iter; left time: 834.4066s
	iters: 800, epoch: 8 | loss: 0.3786040
	speed: 0.0089s/iter; left time: 861.3612s
	iters: 900, epoch: 8 | loss: 0.3323391
	speed: 0.0091s/iter; left time: 879.2826s
	iters: 1000, epoch: 8 | loss: 0.4732642
	speed: 0.0090s/iter; left time: 865.2617s
Epoch: 8 cost time: 9.154229164123535
Epoch: 8, Steps: 1048 | Train Loss: 0.5214697 Vali Loss: 0.3154849
EarlyStopping counter: 4 out of 6
Updating learning rate to 3.90625e-06
	iters: 100, epoch: 9 | loss: 0.5318078
	speed: 0.0263s/iter; left time: 2535.1406s
	iters: 200, epoch: 9 | loss: 0.2977735
	speed: 0.0090s/iter; left time: 865.2461s
	iters: 300, epoch: 9 | loss: 0.2496062
	speed: 0.0089s/iter; left time: 852.1220s
	iters: 400, epoch: 9 | loss: 0.9104817
	speed: 0.0084s/iter; left time: 804.5445s
	iters: 500, epoch: 9 | loss: 0.4977865
	speed: 0.0087s/iter; left time: 833.0981s
	iters: 600, epoch: 9 | loss: 0.3097524
	speed: 0.0085s/iter; left time: 814.3574s
	iters: 700, epoch: 9 | loss: 1.0432504
	speed: 0.0086s/iter; left time: 823.7971s
	iters: 800, epoch: 9 | loss: 0.3055643
	speed: 0.0084s/iter; left time: 803.0981s
	iters: 900, epoch: 9 | loss: 0.4718433
	speed: 0.0083s/iter; left time: 790.3589s
	iters: 1000, epoch: 9 | loss: 0.3480254
	speed: 0.0088s/iter; left time: 836.8722s
Epoch: 9 cost time: 9.023206949234009
Epoch: 9, Steps: 1048 | Train Loss: 0.5201938 Vali Loss: 0.3154667
EarlyStopping counter: 5 out of 6
Updating learning rate to 1.953125e-06
	iters: 100, epoch: 10 | loss: 0.7066095
	speed: 0.0255s/iter; left time: 2432.5598s
	iters: 200, epoch: 10 | loss: 0.9179701
	speed: 0.0082s/iter; left time: 777.9783s
	iters: 300, epoch: 10 | loss: 0.7908812
	speed: 0.0086s/iter; left time: 812.9016s
	iters: 400, epoch: 10 | loss: 0.6000737
	speed: 0.0085s/iter; left time: 806.0040s
	iters: 500, epoch: 10 | loss: 0.3910806
	speed: 0.0083s/iter; left time: 787.1693s
	iters: 600, epoch: 10 | loss: 0.3439450
	speed: 0.0084s/iter; left time: 793.1312s
	iters: 700, epoch: 10 | loss: 0.3549819
	speed: 0.0085s/iter; left time: 809.2931s
	iters: 800, epoch: 10 | loss: 0.3403724
	speed: 0.0086s/iter; left time: 817.0453s
	iters: 900, epoch: 10 | loss: 0.3020981
	speed: 0.0086s/iter; left time: 808.0708s
	iters: 1000, epoch: 10 | loss: 0.4691415
	speed: 0.0085s/iter; left time: 802.4381s
Epoch: 10 cost time: 8.85080361366272
Epoch: 10, Steps: 1048 | Train Loss: 0.5211545 Vali Loss: 0.3163293
EarlyStopping counter: 6 out of 6
Early stopping
VALIDATION_RESULT {"best_epoch": 4, "best_mae": 0.3846900494474902, "best_mse": 0.30929550851313736, "epochs_ran": 10, "metric_version": "element_weighted_v1"}
>>>>>>>test skipped (validation-only run)<<<<<<<<<<<<<<<<<<<<<<<<
Using GPU
Args in experiment:
[1mBasic Config[0m
  Task Name:          long_term_forecast  Is Training:        0                   
  Model ID:           ETTm2_96_720_table2_ettm2_p720_uni_mamba_s2021Model:              GraphMambaRecent    

[1mData Loader[0m
  Data:               ETTm2               Root Path:          /home/cwh/Time-Series-Library/dataset/ETT-small
  Data Path:          ETTm2.csv           Features:           M                   
  Target:             OT                  Freq:               h                   
  Checkpoints:        /home/cwh/Time-Series-Library/logs/graphmamba_backbone_ablation/checkpoints

[1mForecasting Task[0m
  Seq Len:            336                 Label Len:          48                  
  Pred Len:           720                 Seasonal Patterns:  Monthly             
  Inverse:            0                   

[1mModel Parameters[0m
  Top k:              5                   Num Kernels:        6                   
  Enc In:             7                   Dec In:             7                   
  C Out:              7                   d model:            64                  
  n heads:            8                   e layers:           1                   
  d layers:           1                   d FF:               128                 
  Moving Avg:         25                  Factor:             1                   
  Distil:             1                   Dropout:            0.1                 
  Embed:              timeF               Activation:         gelu                

[1mRun Parameters[0m
  Num Workers:        0                   Itr:                1                   
  Train Epochs:       100                 Batch Size:         32                  
  Patience:           6                   Learning Rate:      0.0005              
  Des:                table2_ettm2_p720_uni_mamba_s2021Loss:               MSE                 
  Lradj:              type1               Use Amp:            0                   

[1mGPU[0m
  Use GPU:            1                   GPU:                0                   
  Use Multi GPU:      0                   Devices:            0,1,2,3             

[1mDe-stationary Projector Params[0m
  P Hidden Dims:      128, 128            P Hidden Layers:    2                   

Use GPU: cuda:0
🚀 Lazy Loading: GraphMambaRecent ...
[GraphMamba] Building 7x7 static graph from 2000 training samples
>>>>>>>evaluating validation checkpoint : long_term_forecast_ETTm2_96_720_table2_ettm2_p720_uni_mamba_s2021_GraphMambaRecent_ETTm2_ftM_sl336_ll48_pl720_dm64_nh8_el1_dl1_df128_expand2_dc2_fc1_ebtimeF_dtTrue_table2_ettm2_p720_uni_mamba_s2021_0<<<<<<<<<<<<<<<<<<<<<<<<<<<<<<<<<
val 10801
EVALUATION_RESULT {"batches": 338, "cmrhm_intervention": "intact", "elapsed_seconds": 1.3926485269330442, "elements": 54437040, "mae": 0.38469005030857667, "metric_version": "element_weighted_v1", "milliseconds_per_batch": 4.120261914003089, "mse": 0.3092955074726579, "parameter_count": 6770790, "peak_cuda_memory_bytes": 154691584, "split": "val"}
=== w/o Mamba | ETTm1-96 ===
Using GPU
Args in experiment:
[1mBasic Config[0m
  Task Name:          long_term_forecast  Is Training:        1                   
  Model ID:           ETTm1_96_96_table2_ettm1_p96_no_mamba_s2021Model:              GraphMambaRecent    

[1mData Loader[0m
  Data:               ETTm1               Root Path:          /home/cwh/Time-Series-Library/dataset/ETT-small
  Data Path:          ETTm1.csv           Features:           M                   
  Target:             OT                  Freq:               h                   
  Checkpoints:        /home/cwh/Time-Series-Library/logs/graphmamba_backbone_ablation/checkpoints

[1mForecasting Task[0m
  Seq Len:            336                 Label Len:          48                  
  Pred Len:           96                  Seasonal Patterns:  Monthly             
  Inverse:            0                   

[1mModel Parameters[0m
  Top k:              5                   Num Kernels:        6                   
  Enc In:             7                   Dec In:             7                   
  C Out:              7                   d model:            64                  
  n heads:            8                   e layers:           1                   
  d layers:           1                   d FF:               128                 
  Moving Avg:         25                  Factor:             1                   
  Distil:             1                   Dropout:            0.1                 
  Embed:              timeF               Activation:         gelu                

[1mRun Parameters[0m
  Num Workers:        0                   Itr:                1                   
  Train Epochs:       100                 Batch Size:         32                  
  Patience:           6                   Learning Rate:      0.0005              
  Des:                table2_ettm1_p96_no_mamba_s2021Loss:               MSE                 
  Lradj:              type1               Use Amp:            0                   

[1mGPU[0m
  Use GPU:            1                   GPU:                0                   
  Use Multi GPU:      0                   Devices:            0,1,2,3             

[1mDe-stationary Projector Params[0m
  P Hidden Dims:      128, 128            P Hidden Layers:    2                   

Use GPU: cuda:0
🚀 Lazy Loading: GraphMambaRecent ...
[GraphMamba] Building 7x7 static graph from 2000 training samples
>>>>>>>start training : long_term_forecast_ETTm1_96_96_table2_ettm1_p96_no_mamba_s2021_GraphMambaRecent_ETTm1_ftM_sl336_ll48_pl96_dm64_nh8_el1_dl1_df128_expand2_dc2_fc1_ebtimeF_dtTrue_table2_ettm1_p96_no_mamba_s2021_0>>>>>>>>>>>>>>>>>>>>>>>>>>
train 34129
val 11425
	iters: 100, epoch: 1 | loss: 0.3043278
	speed: 0.0112s/iter; left time: 1196.1748s
	iters: 200, epoch: 1 | loss: 0.3015986
	speed: 0.0044s/iter; left time: 473.7791s
	iters: 300, epoch: 1 | loss: 0.3267741
	speed: 0.0044s/iter; left time: 471.3169s
	iters: 400, epoch: 1 | loss: 0.3544764
	speed: 0.0045s/iter; left time: 476.2971s
	iters: 500, epoch: 1 | loss: 0.3151634
	speed: 0.0045s/iter; left time: 481.5074s
	iters: 600, epoch: 1 | loss: 0.3228184
	speed: 0.0040s/iter; left time: 425.5538s
	iters: 700, epoch: 1 | loss: 0.2705828
	speed: 0.0041s/iter; left time: 433.9805s
	iters: 800, epoch: 1 | loss: 0.3010743
	speed: 0.0045s/iter; left time: 474.0009s
	iters: 900, epoch: 1 | loss: 0.3307810
	speed: 0.0040s/iter; left time: 423.5845s
	iters: 1000, epoch: 1 | loss: 0.2726509
	speed: 0.0039s/iter; left time: 416.0109s
Epoch: 1 cost time: 4.688430547714233
Epoch: 1, Steps: 1067 | Train Loss: 0.3264094 Vali Loss: 0.4003679
Validation loss decreased (inf --> 0.400368).  Saving model ...
Updating learning rate to 0.0005
	iters: 100, epoch: 2 | loss: 0.3505470
	speed: 0.0148s/iter; left time: 1561.3854s
	iters: 200, epoch: 2 | loss: 0.3160417
	speed: 0.0046s/iter; left time: 481.3751s
	iters: 300, epoch: 2 | loss: 0.2946595
	speed: 0.0044s/iter; left time: 461.4450s
	iters: 400, epoch: 2 | loss: 0.2598405
	speed: 0.0044s/iter; left time: 464.4174s
	iters: 500, epoch: 2 | loss: 0.3084381
	speed: 0.0043s/iter; left time: 452.2287s
	iters: 600, epoch: 2 | loss: 0.2583225
	speed: 0.0044s/iter; left time: 457.3203s
	iters: 700, epoch: 2 | loss: 0.3615286
	speed: 0.0043s/iter; left time: 449.3597s
	iters: 800, epoch: 2 | loss: 0.2808739
	speed: 0.0042s/iter; left time: 441.4201s
	iters: 900, epoch: 2 | loss: 0.3195764
	speed: 0.0043s/iter; left time: 446.9036s
	iters: 1000, epoch: 2 | loss: 0.2539251
	speed: 0.0042s/iter; left time: 442.8205s
Epoch: 2 cost time: 4.661182641983032
Epoch: 2, Steps: 1067 | Train Loss: 0.2991100 Vali Loss: 0.3909114
Validation loss decreased (0.400368 --> 0.390911).  Saving model ...
Updating learning rate to 0.00025
	iters: 100, epoch: 3 | loss: 0.3379788
	speed: 0.0142s/iter; left time: 1483.8868s
	iters: 200, epoch: 3 | loss: 0.2872982
	speed: 0.0044s/iter; left time: 455.2102s
	iters: 300, epoch: 3 | loss: 0.2828904
	speed: 0.0043s/iter; left time: 452.5944s
	iters: 400, epoch: 3 | loss: 0.3104352
	speed: 0.0042s/iter; left time: 441.0644s
	iters: 500, epoch: 3 | loss: 0.2837976
	speed: 0.0044s/iter; left time: 454.4967s
	iters: 600, epoch: 3 | loss: 0.2350957
	speed: 0.0042s/iter; left time: 440.5264s
	iters: 700, epoch: 3 | loss: 0.3596420
	speed: 0.0040s/iter; left time: 419.2785s
	iters: 800, epoch: 3 | loss: 0.3089636
	speed: 0.0045s/iter; left time: 464.9825s
	iters: 900, epoch: 3 | loss: 0.3049113
	speed: 0.0041s/iter; left time: 421.7567s
	iters: 1000, epoch: 3 | loss: 0.2118164
	speed: 0.0043s/iter; left time: 442.8628s
Epoch: 3 cost time: 4.537475109100342
Epoch: 3, Steps: 1067 | Train Loss: 0.2884413 Vali Loss: 0.3865048
Validation loss decreased (0.390911 --> 0.386505).  Saving model ...
Updating learning rate to 0.000125
	iters: 100, epoch: 4 | loss: 0.2774042
	speed: 0.0147s/iter; left time: 1520.8971s
	iters: 200, epoch: 4 | loss: 0.2585388
	speed: 0.0042s/iter; left time: 434.0187s
	iters: 300, epoch: 4 | loss: 0.2357071
	speed: 0.0042s/iter; left time: 431.5194s
	iters: 400, epoch: 4 | loss: 0.2539309
	speed: 0.0042s/iter; left time: 430.6886s
	iters: 500, epoch: 4 | loss: 0.2388665
	speed: 0.0044s/iter; left time: 450.2566s
	iters: 600, epoch: 4 | loss: 0.2672162
	speed: 0.0039s/iter; left time: 403.6246s
	iters: 700, epoch: 4 | loss: 0.3984891
	speed: 0.0041s/iter; left time: 420.2659s
	iters: 800, epoch: 4 | loss: 0.2779307
	speed: 0.0041s/iter; left time: 416.8512s
	iters: 900, epoch: 4 | loss: 0.2481018
	speed: 0.0042s/iter; left time: 427.9822s
	iters: 1000, epoch: 4 | loss: 0.2820428
	speed: 0.0045s/iter; left time: 456.2154s
Epoch: 4 cost time: 4.5335705280303955
Epoch: 4, Steps: 1067 | Train Loss: 0.2847662 Vali Loss: 0.3858456
Validation loss decreased (0.386505 --> 0.385846).  Saving model ...
Updating learning rate to 6.25e-05
	iters: 100, epoch: 5 | loss: 0.2662383
	speed: 0.0145s/iter; left time: 1484.4019s
	iters: 200, epoch: 5 | loss: 0.2832101
	speed: 0.0042s/iter; left time: 434.0459s
	iters: 300, epoch: 5 | loss: 0.2206991
	speed: 0.0047s/iter; left time: 478.7385s
	iters: 400, epoch: 5 | loss: 0.2885932
	speed: 0.0043s/iter; left time: 442.1457s
	iters: 500, epoch: 5 | loss: 0.2973565
	speed: 0.0041s/iter; left time: 422.2221s
	iters: 600, epoch: 5 | loss: 0.2760160
	speed: 0.0043s/iter; left time: 442.3685s
	iters: 700, epoch: 5 | loss: 0.2995772
	speed: 0.0042s/iter; left time: 425.5250s
	iters: 800, epoch: 5 | loss: 0.2394028
	speed: 0.0044s/iter; left time: 446.9476s
	iters: 900, epoch: 5 | loss: 0.3225723
	speed: 0.0042s/iter; left time: 425.4365s
	iters: 1000, epoch: 5 | loss: 0.2936004
	speed: 0.0039s/iter; left time: 398.3182s
Epoch: 5 cost time: 4.533444881439209
Epoch: 5, Steps: 1067 | Train Loss: 0.2829468 Vali Loss: 0.3852493
Validation loss decreased (0.385846 --> 0.385249).  Saving model ...
Updating learning rate to 3.125e-05
	iters: 100, epoch: 6 | loss: 0.2248059
	speed: 0.0144s/iter; left time: 1459.2988s
	iters: 200, epoch: 6 | loss: 0.3315777
	speed: 0.0041s/iter; left time: 416.9631s
	iters: 300, epoch: 6 | loss: 0.2918696
	speed: 0.0040s/iter; left time: 405.4291s
	iters: 400, epoch: 6 | loss: 0.2698039
	speed: 0.0041s/iter; left time: 416.6238s
	iters: 500, epoch: 6 | loss: 0.2561240
	speed: 0.0043s/iter; left time: 428.7795s
	iters: 600, epoch: 6 | loss: 0.3049618
	speed: 0.0044s/iter; left time: 442.7470s
	iters: 700, epoch: 6 | loss: 0.3130768
	speed: 0.0042s/iter; left time: 422.7874s
	iters: 800, epoch: 6 | loss: 0.2267803
	speed: 0.0044s/iter; left time: 438.6204s
	iters: 900, epoch: 6 | loss: 0.3303504
	speed: 0.0041s/iter; left time: 409.9820s
	iters: 1000, epoch: 6 | loss: 0.2729908
	speed: 0.0041s/iter; left time: 406.4933s
Epoch: 6 cost time: 4.471404790878296
Epoch: 6, Steps: 1067 | Train Loss: 0.2821840 Vali Loss: 0.3850298
Validation loss decreased (0.385249 --> 0.385030).  Saving model ...
Updating learning rate to 1.5625e-05
	iters: 100, epoch: 7 | loss: 0.2771040
	speed: 0.0145s/iter; left time: 1448.3406s
	iters: 200, epoch: 7 | loss: 0.2378057
	speed: 0.0041s/iter; left time: 414.1658s
	iters: 300, epoch: 7 | loss: 0.2193761
	speed: 0.0042s/iter; left time: 418.2919s
	iters: 400, epoch: 7 | loss: 0.2472852
	speed: 0.0045s/iter; left time: 452.7176s
	iters: 500, epoch: 7 | loss: 0.2849153
	speed: 0.0042s/iter; left time: 417.3152s
	iters: 600, epoch: 7 | loss: 0.2579530
	speed: 0.0041s/iter; left time: 408.3909s
	iters: 700, epoch: 7 | loss: 0.2616287
	speed: 0.0041s/iter; left time: 412.7410s
	iters: 800, epoch: 7 | loss: 0.2719544
	speed: 0.0042s/iter; left time: 418.4135s
	iters: 900, epoch: 7 | loss: 0.2676386
	speed: 0.0044s/iter; left time: 440.6599s
	iters: 1000, epoch: 7 | loss: 0.2829369
	speed: 0.0042s/iter; left time: 414.4012s
Epoch: 7 cost time: 4.528415203094482
Epoch: 7, Steps: 1067 | Train Loss: 0.2813113 Vali Loss: 0.3846330
Validation loss decreased (0.385030 --> 0.384633).  Saving model ...
Updating learning rate to 7.8125e-06
	iters: 100, epoch: 8 | loss: 0.2180985
	speed: 0.0145s/iter; left time: 1439.9640s
	iters: 200, epoch: 8 | loss: 0.2727168
	speed: 0.0044s/iter; left time: 434.0626s
	iters: 300, epoch: 8 | loss: 0.2875193
	speed: 0.0043s/iter; left time: 421.9762s
	iters: 400, epoch: 8 | loss: 0.2393024
	speed: 0.0042s/iter; left time: 413.0094s
	iters: 500, epoch: 8 | loss: 0.3072838
	speed: 0.0042s/iter; left time: 412.4359s
	iters: 600, epoch: 8 | loss: 0.2433561
	speed: 0.0043s/iter; left time: 421.9403s
	iters: 700, epoch: 8 | loss: 0.2077571
	speed: 0.0039s/iter; left time: 387.6979s
	iters: 800, epoch: 8 | loss: 0.2686074
	speed: 0.0040s/iter; left time: 393.3688s
	iters: 900, epoch: 8 | loss: 0.2261809
	speed: 0.0043s/iter; left time: 420.2305s
	iters: 1000, epoch: 8 | loss: 0.2711822
	speed: 0.0043s/iter; left time: 424.0825s
Epoch: 8 cost time: 4.476823568344116
Epoch: 8, Steps: 1067 | Train Loss: 0.2811681 Vali Loss: 0.3847318
EarlyStopping counter: 1 out of 6
Updating learning rate to 3.90625e-06
	iters: 100, epoch: 9 | loss: 0.2580698
	speed: 0.0142s/iter; left time: 1395.7178s
	iters: 200, epoch: 9 | loss: 0.2929066
	speed: 0.0041s/iter; left time: 405.5588s
	iters: 300, epoch: 9 | loss: 0.2832803
	speed: 0.0045s/iter; left time: 437.9097s
	iters: 400, epoch: 9 | loss: 0.2932440
	speed: 0.0040s/iter; left time: 395.3203s
	iters: 500, epoch: 9 | loss: 0.2197622
	speed: 0.0043s/iter; left time: 417.5898s
	iters: 600, epoch: 9 | loss: 0.3452483
	speed: 0.0042s/iter; left time: 407.1229s
	iters: 700, epoch: 9 | loss: 0.3281917
	speed: 0.0045s/iter; left time: 434.9224s
	iters: 800, epoch: 9 | loss: 0.3565134
	speed: 0.0044s/iter; left time: 425.1541s
	iters: 900, epoch: 9 | loss: 0.2663061
	speed: 0.0045s/iter; left time: 438.5019s
	iters: 1000, epoch: 9 | loss: 0.4224236
	speed: 0.0043s/iter; left time: 416.8081s
Epoch: 9 cost time: 4.562127351760864
Epoch: 9, Steps: 1067 | Train Loss: 0.2809968 Vali Loss: 0.3848608
EarlyStopping counter: 2 out of 6
Updating learning rate to 1.953125e-06
	iters: 100, epoch: 10 | loss: 0.2792997
	speed: 0.0140s/iter; left time: 1361.7528s
	iters: 200, epoch: 10 | loss: 0.2699650
	speed: 0.0043s/iter; left time: 412.9018s
	iters: 300, epoch: 10 | loss: 0.2710251
	speed: 0.0041s/iter; left time: 398.0094s
	iters: 400, epoch: 10 | loss: 0.3943306
	speed: 0.0044s/iter; left time: 423.2048s
	iters: 500, epoch: 10 | loss: 0.3135346
	speed: 0.0041s/iter; left time: 394.6931s
	iters: 600, epoch: 10 | loss: 0.2550899
	speed: 0.0040s/iter; left time: 383.6507s
	iters: 700, epoch: 10 | loss: 0.2688397
	speed: 0.0043s/iter; left time: 418.2821s
	iters: 800, epoch: 10 | loss: 0.2675156
	speed: 0.0040s/iter; left time: 388.1979s
	iters: 900, epoch: 10 | loss: 0.3367042
	speed: 0.0040s/iter; left time: 380.3493s
	iters: 1000, epoch: 10 | loss: 0.2028250
	speed: 0.0039s/iter; left time: 378.1925s
Epoch: 10 cost time: 4.435466766357422
Epoch: 10, Steps: 1067 | Train Loss: 0.2809502 Vali Loss: 0.3847607
EarlyStopping counter: 3 out of 6
Updating learning rate to 9.765625e-07
	iters: 100, epoch: 11 | loss: 0.2776661
	speed: 0.0142s/iter; left time: 1361.4630s
	iters: 200, epoch: 11 | loss: 0.2263206
	speed: 0.0040s/iter; left time: 387.7253s
	iters: 300, epoch: 11 | loss: 0.3188781
	speed: 0.0042s/iter; left time: 398.2947s
	iters: 400, epoch: 11 | loss: 0.2464828
	speed: 0.0042s/iter; left time: 404.4862s
	iters: 500, epoch: 11 | loss: 0.2264766
	speed: 0.0044s/iter; left time: 420.4553s
	iters: 600, epoch: 11 | loss: 0.2277796
	speed: 0.0043s/iter; left time: 414.0613s
	iters: 700, epoch: 11 | loss: 0.2589449
	speed: 0.0041s/iter; left time: 391.2036s
	iters: 800, epoch: 11 | loss: 0.2996127
	speed: 0.0042s/iter; left time: 396.4154s
	iters: 900, epoch: 11 | loss: 0.2846465
	speed: 0.0042s/iter; left time: 396.2770s
	iters: 1000, epoch: 11 | loss: 0.3188000
	speed: 0.0041s/iter; left time: 385.3006s
Epoch: 11 cost time: 4.462930202484131
Epoch: 11, Steps: 1067 | Train Loss: 0.2810433 Vali Loss: 0.3848117
EarlyStopping counter: 4 out of 6
Updating learning rate to 4.8828125e-07
	iters: 100, epoch: 12 | loss: 0.3207732
	speed: 0.0137s/iter; left time: 1299.4847s
	iters: 200, epoch: 12 | loss: 0.3300037
	speed: 0.0042s/iter; left time: 400.5511s
	iters: 300, epoch: 12 | loss: 0.3383181
	speed: 0.0044s/iter; left time: 418.9447s
	iters: 400, epoch: 12 | loss: 0.3025013
	speed: 0.0041s/iter; left time: 386.3426s
	iters: 500, epoch: 12 | loss: 0.2751216
	speed: 0.0042s/iter; left time: 393.6848s
	iters: 600, epoch: 12 | loss: 0.3812549
	speed: 0.0043s/iter; left time: 401.7921s
	iters: 700, epoch: 12 | loss: 0.3211911
	speed: 0.0041s/iter; left time: 389.0106s
	iters: 800, epoch: 12 | loss: 0.2738518
	speed: 0.0044s/iter; left time: 413.5974s
	iters: 900, epoch: 12 | loss: 0.2683383
	speed: 0.0041s/iter; left time: 389.1005s
	iters: 1000, epoch: 12 | loss: 0.3469287
	speed: 0.0041s/iter; left time: 389.6656s
Epoch: 12 cost time: 4.473742485046387
Epoch: 12, Steps: 1067 | Train Loss: 0.2808633 Vali Loss: 0.3848066
EarlyStopping counter: 5 out of 6
Updating learning rate to 2.44140625e-07
	iters: 100, epoch: 13 | loss: 0.2751274
	speed: 0.0142s/iter; left time: 1332.0309s
	iters: 200, epoch: 13 | loss: 0.3392277
	speed: 0.0043s/iter; left time: 398.3813s
	iters: 300, epoch: 13 | loss: 0.3952490
	speed: 0.0040s/iter; left time: 374.8036s
	iters: 400, epoch: 13 | loss: 0.2807875
	speed: 0.0042s/iter; left time: 389.0792s
	iters: 500, epoch: 13 | loss: 0.2475692
	speed: 0.0041s/iter; left time: 383.5070s
	iters: 600, epoch: 13 | loss: 0.2972486
	speed: 0.0042s/iter; left time: 396.2066s
	iters: 700, epoch: 13 | loss: 0.2695485
	speed: 0.0042s/iter; left time: 387.0044s
	iters: 800, epoch: 13 | loss: 0.2687379
	speed: 0.0041s/iter; left time: 382.7803s
	iters: 900, epoch: 13 | loss: 0.2651771
	speed: 0.0041s/iter; left time: 378.2850s
	iters: 1000, epoch: 13 | loss: 0.3439633
	speed: 0.0042s/iter; left time: 393.9105s
Epoch: 13 cost time: 4.5253541469573975
Epoch: 13, Steps: 1067 | Train Loss: 0.2811213 Vali Loss: 0.3848064
EarlyStopping counter: 6 out of 6
Early stopping
VALIDATION_RESULT {"best_epoch": 7, "best_mae": 0.4081246896727676, "best_mse": 0.38463303457365267, "epochs_ran": 13, "metric_version": "element_weighted_v1"}
>>>>>>>test skipped (validation-only run)<<<<<<<<<<<<<<<<<<<<<<<<
Using GPU
Args in experiment:
[1mBasic Config[0m
  Task Name:          long_term_forecast  Is Training:        0                   
  Model ID:           ETTm1_96_96_table2_ettm1_p96_no_mamba_s2021Model:              GraphMambaRecent    

[1mData Loader[0m
  Data:               ETTm1               Root Path:          /home/cwh/Time-Series-Library/dataset/ETT-small
  Data Path:          ETTm1.csv           Features:           M                   
  Target:             OT                  Freq:               h                   
  Checkpoints:        /home/cwh/Time-Series-Library/logs/graphmamba_backbone_ablation/checkpoints

[1mForecasting Task[0m
  Seq Len:            336                 Label Len:          48                  
  Pred Len:           96                  Seasonal Patterns:  Monthly             
  Inverse:            0                   

[1mModel Parameters[0m
  Top k:              5                   Num Kernels:        6                   
  Enc In:             7                   Dec In:             7                   
  C Out:              7                   d model:            64                  
  n heads:            8                   e layers:           1                   
  d layers:           1                   d FF:               128                 
  Moving Avg:         25                  Factor:             1                   
  Distil:             1                   Dropout:            0.1                 
  Embed:              timeF               Activation:         gelu                

[1mRun Parameters[0m
  Num Workers:        0                   Itr:                1                   
  Train Epochs:       100                 Batch Size:         32                  
  Patience:           6                   Learning Rate:      0.0005              
  Des:                table2_ettm1_p96_no_mamba_s2021Loss:               MSE                 
  Lradj:              type1               Use Amp:            0                   

[1mGPU[0m
  Use GPU:            1                   GPU:                0                   
  Use Multi GPU:      0                   Devices:            0,1,2,3             

[1mDe-stationary Projector Params[0m
  P Hidden Dims:      128, 128            P Hidden Layers:    2                   

Use GPU: cuda:0
🚀 Lazy Loading: GraphMambaRecent ...
[GraphMamba] Building 7x7 static graph from 2000 training samples
>>>>>>>evaluating validation checkpoint : long_term_forecast_ETTm1_96_96_table2_ettm1_p96_no_mamba_s2021_GraphMambaRecent_ETTm1_ftM_sl336_ll48_pl96_dm64_nh8_el1_dl1_df128_expand2_dc2_fc1_ebtimeF_dtTrue_table2_ettm1_p96_no_mamba_s2021_0<<<<<<<<<<<<<<<<<<<<<<<<<<<<<<<<<
val 11425
EVALUATION_RESULT {"batches": 358, "cmrhm_intervention": "intact", "elapsed_seconds": 0.7910023760050535, "elements": 7677600, "mae": 0.4081246877807223, "metric_version": "element_weighted_v1", "milliseconds_per_batch": 2.209503843589535, "mse": 0.3846330352652827, "parameter_count": 903366, "peak_cuda_memory_bytes": 65779200, "split": "val"}
=== w/o Mamba | ETTm1-720 ===
Using GPU
Args in experiment:
[1mBasic Config[0m
  Task Name:          long_term_forecast  Is Training:        1                   
  Model ID:           ETTm1_96_720_table2_ettm1_p720_no_mamba_s2021Model:              GraphMambaRecent    

[1mData Loader[0m
  Data:               ETTm1               Root Path:          /home/cwh/Time-Series-Library/dataset/ETT-small
  Data Path:          ETTm1.csv           Features:           M                   
  Target:             OT                  Freq:               h                   
  Checkpoints:        /home/cwh/Time-Series-Library/logs/graphmamba_backbone_ablation/checkpoints

[1mForecasting Task[0m
  Seq Len:            336                 Label Len:          48                  
  Pred Len:           720                 Seasonal Patterns:  Monthly             
  Inverse:            0                   

[1mModel Parameters[0m
  Top k:              5                   Num Kernels:        6                   
  Enc In:             7                   Dec In:             7                   
  C Out:              7                   d model:            64                  
  n heads:            8                   e layers:           1                   
  d layers:           1                   d FF:               128                 
  Moving Avg:         25                  Factor:             1                   
  Distil:             1                   Dropout:            0.1                 
  Embed:              timeF               Activation:         gelu                

[1mRun Parameters[0m
  Num Workers:        0                   Itr:                1                   
  Train Epochs:       100                 Batch Size:         32                  
  Patience:           6                   Learning Rate:      0.0005              
  Des:                table2_ettm1_p720_no_mamba_s2021Loss:               MSE                 
  Lradj:              type1               Use Amp:            0                   

[1mGPU[0m
  Use GPU:            1                   GPU:                0                   
  Use Multi GPU:      0                   Devices:            0,1,2,3             

[1mDe-stationary Projector Params[0m
  P Hidden Dims:      128, 128            P Hidden Layers:    2                   

Use GPU: cuda:0
🚀 Lazy Loading: GraphMambaRecent ...
[GraphMamba] Building 7x7 static graph from 2000 training samples
>>>>>>>start training : long_term_forecast_ETTm1_96_720_table2_ettm1_p720_no_mamba_s2021_GraphMambaRecent_ETTm1_ftM_sl336_ll48_pl720_dm64_nh8_el1_dl1_df128_expand2_dc2_fc1_ebtimeF_dtTrue_table2_ettm1_p720_no_mamba_s2021_0>>>>>>>>>>>>>>>>>>>>>>>>>>
train 33505
val 10801
	iters: 100, epoch: 1 | loss: 0.4362634
	speed: 0.0120s/iter; left time: 1258.0518s
	iters: 200, epoch: 1 | loss: 0.4686052
	speed: 0.0046s/iter; left time: 482.2570s
	iters: 300, epoch: 1 | loss: 0.3601990
	speed: 0.0046s/iter; left time: 478.2587s
	iters: 400, epoch: 1 | loss: 0.4777027
	speed: 0.0047s/iter; left time: 485.8098s
	iters: 500, epoch: 1 | loss: 0.4160812
	speed: 0.0044s/iter; left time: 457.4633s
	iters: 600, epoch: 1 | loss: 0.5287330
	speed: 0.0045s/iter; left time: 472.5744s
	iters: 700, epoch: 1 | loss: 0.4751718
	speed: 0.0046s/iter; left time: 477.2422s
	iters: 800, epoch: 1 | loss: 0.5021571
	speed: 0.0046s/iter; left time: 481.2968s
	iters: 900, epoch: 1 | loss: 0.5043356
	speed: 0.0044s/iter; left time: 457.3257s
	iters: 1000, epoch: 1 | loss: 0.5049900
	speed: 0.0050s/iter; left time: 515.8650s
Epoch: 1 cost time: 4.975578784942627
Epoch: 1, Steps: 1048 | Train Loss: 0.4810751 Vali Loss: 0.9850197
Validation loss decreased (inf --> 0.985020).  Saving model ...
Updating learning rate to 0.0005
	iters: 100, epoch: 2 | loss: 0.4505099
	speed: 0.0148s/iter; left time: 1529.6055s
	iters: 200, epoch: 2 | loss: 0.4518419
	speed: 0.0048s/iter; left time: 492.7815s
	iters: 300, epoch: 2 | loss: 0.5105360
	speed: 0.0045s/iter; left time: 468.2330s
	iters: 400, epoch: 2 | loss: 0.4257274
	speed: 0.0043s/iter; left time: 449.4675s
	iters: 500, epoch: 2 | loss: 0.5260323
	speed: 0.0044s/iter; left time: 452.1521s
	iters: 600, epoch: 2 | loss: 0.6390514
	speed: 0.0043s/iter; left time: 444.4416s
	iters: 700, epoch: 2 | loss: 0.4825875
	speed: 0.0046s/iter; left time: 470.4316s
	iters: 800, epoch: 2 | loss: 0.4256367
	speed: 0.0043s/iter; left time: 442.0063s
	iters: 900, epoch: 2 | loss: 0.4583339
	speed: 0.0043s/iter; left time: 437.1348s
	iters: 1000, epoch: 2 | loss: 0.5058600
	speed: 0.0044s/iter; left time: 455.3245s
Epoch: 2 cost time: 4.63396143913269
Epoch: 2, Steps: 1048 | Train Loss: 0.4613275 Vali Loss: 0.9791125
Validation loss decreased (0.985020 --> 0.979112).  Saving model ...
Updating learning rate to 0.00025
	iters: 100, epoch: 3 | loss: 0.4775144
	speed: 0.0148s/iter; left time: 1519.1866s
	iters: 200, epoch: 3 | loss: 0.5169478
	speed: 0.0043s/iter; left time: 442.9276s
	iters: 300, epoch: 3 | loss: 0.5100941
	speed: 0.0044s/iter; left time: 446.1092s
	iters: 400, epoch: 3 | loss: 0.4516528
	speed: 0.0045s/iter; left time: 456.7665s
	iters: 500, epoch: 3 | loss: 0.4305911
	speed: 0.0043s/iter; left time: 434.4197s
	iters: 600, epoch: 3 | loss: 0.4439624
	speed: 0.0044s/iter; left time: 446.0983s
	iters: 700, epoch: 3 | loss: 0.4396226
	speed: 0.0044s/iter; left time: 446.7967s
	iters: 800, epoch: 3 | loss: 0.4345775
	speed: 0.0042s/iter; left time: 432.0298s
	iters: 900, epoch: 3 | loss: 0.3860219
	speed: 0.0048s/iter; left time: 485.2390s
	iters: 1000, epoch: 3 | loss: 0.4115632
	speed: 0.0046s/iter; left time: 463.7487s
Epoch: 3 cost time: 4.6362080574035645
Epoch: 3, Steps: 1048 | Train Loss: 0.4551700 Vali Loss: 0.9701798
Validation loss decreased (0.979112 --> 0.970180).  Saving model ...
Updating learning rate to 0.000125
	iters: 100, epoch: 4 | loss: 0.3856284
	speed: 0.0149s/iter; left time: 1512.5008s
	iters: 200, epoch: 4 | loss: 0.5047032
	speed: 0.0047s/iter; left time: 480.6495s
	iters: 300, epoch: 4 | loss: 0.5251725
	speed: 0.0046s/iter; left time: 464.9825s
	iters: 400, epoch: 4 | loss: 0.4713261
	speed: 0.0045s/iter; left time: 454.6750s
	iters: 500, epoch: 4 | loss: 0.5686484
	speed: 0.0046s/iter; left time: 460.7196s
	iters: 600, epoch: 4 | loss: 0.4935803
	speed: 0.0046s/iter; left time: 461.1961s
	iters: 700, epoch: 4 | loss: 0.4564121
	speed: 0.0045s/iter; left time: 457.4672s
	iters: 800, epoch: 4 | loss: 0.4605413
	speed: 0.0047s/iter; left time: 471.2434s
	iters: 900, epoch: 4 | loss: 0.4902680
	speed: 0.0045s/iter; left time: 450.6274s
	iters: 1000, epoch: 4 | loss: 0.3420705
	speed: 0.0043s/iter; left time: 436.3472s
Epoch: 4 cost time: 4.763309717178345
Epoch: 4, Steps: 1048 | Train Loss: 0.4525965 Vali Loss: 0.9683302
Validation loss decreased (0.970180 --> 0.968330).  Saving model ...
Updating learning rate to 6.25e-05
	iters: 100, epoch: 5 | loss: 0.3793823
	speed: 0.0149s/iter; left time: 1496.3665s
	iters: 200, epoch: 5 | loss: 0.4874308
	speed: 0.0045s/iter; left time: 448.2054s
	iters: 300, epoch: 5 | loss: 0.4085452
	speed: 0.0045s/iter; left time: 451.6127s
	iters: 400, epoch: 5 | loss: 0.5028499
	speed: 0.0046s/iter; left time: 458.5689s
	iters: 500, epoch: 5 | loss: 0.4426238
	speed: 0.0045s/iter; left time: 453.9760s
	iters: 600, epoch: 5 | loss: 0.3790227
	speed: 0.0043s/iter; left time: 431.2217s
	iters: 700, epoch: 5 | loss: 0.4194341
	speed: 0.0045s/iter; left time: 453.6200s
	iters: 800, epoch: 5 | loss: 0.5391293
	speed: 0.0047s/iter; left time: 466.0048s
	iters: 900, epoch: 5 | loss: 0.3648424
	speed: 0.0043s/iter; left time: 429.2989s
	iters: 1000, epoch: 5 | loss: 0.4808500
	speed: 0.0047s/iter; left time: 468.5482s
Epoch: 5 cost time: 4.735671758651733
Epoch: 5, Steps: 1048 | Train Loss: 0.4500451 Vali Loss: 0.9670818
Validation loss decreased (0.968330 --> 0.967082).  Saving model ...
Updating learning rate to 3.125e-05
	iters: 100, epoch: 6 | loss: 0.4411727
	speed: 0.0147s/iter; left time: 1461.1543s
	iters: 200, epoch: 6 | loss: 0.4634637
	speed: 0.0045s/iter; left time: 451.9847s
	iters: 300, epoch: 6 | loss: 0.4149490
	speed: 0.0045s/iter; left time: 445.5376s
	iters: 400, epoch: 6 | loss: 0.3998422
	speed: 0.0048s/iter; left time: 477.7443s
	iters: 500, epoch: 6 | loss: 0.4575552
	speed: 0.0047s/iter; left time: 460.8020s
	iters: 600, epoch: 6 | loss: 0.4478958
	speed: 0.0045s/iter; left time: 441.2928s
	iters: 700, epoch: 6 | loss: 0.4052800
	speed: 0.0043s/iter; left time: 429.7118s
	iters: 800, epoch: 6 | loss: 0.4478511
	speed: 0.0048s/iter; left time: 472.7071s
	iters: 900, epoch: 6 | loss: 0.4016928
	speed: 0.0045s/iter; left time: 445.0516s
	iters: 1000, epoch: 6 | loss: 0.4282432
	speed: 0.0047s/iter; left time: 466.9305s
Epoch: 6 cost time: 4.81651759147644
Epoch: 6, Steps: 1048 | Train Loss: 0.4491273 Vali Loss: 0.9642968
Validation loss decreased (0.967082 --> 0.964297).  Saving model ...
Updating learning rate to 1.5625e-05
	iters: 100, epoch: 7 | loss: 0.3626555
	speed: 0.0152s/iter; left time: 1495.1195s
	iters: 200, epoch: 7 | loss: 0.4396687
	speed: 0.0050s/iter; left time: 488.1034s
	iters: 300, epoch: 7 | loss: 0.4118294
	speed: 0.0048s/iter; left time: 468.0412s
	iters: 400, epoch: 7 | loss: 0.5522634
	speed: 0.0046s/iter; left time: 446.4485s
	iters: 500, epoch: 7 | loss: 0.4189534
	speed: 0.0048s/iter; left time: 466.6060s
	iters: 600, epoch: 7 | loss: 0.5501689
	speed: 0.0046s/iter; left time: 451.7589s
	iters: 700, epoch: 7 | loss: 0.5362692
	speed: 0.0046s/iter; left time: 451.5730s
	iters: 800, epoch: 7 | loss: 0.4431480
	speed: 0.0046s/iter; left time: 450.8625s
	iters: 900, epoch: 7 | loss: 0.4611866
	speed: 0.0047s/iter; left time: 457.4806s
	iters: 1000, epoch: 7 | loss: 0.4135930
	speed: 0.0049s/iter; left time: 475.4351s
Epoch: 7 cost time: 4.967760801315308
Epoch: 7, Steps: 1048 | Train Loss: 0.4494247 Vali Loss: 0.9641116
Validation loss decreased (0.964297 --> 0.964112).  Saving model ...
Updating learning rate to 7.8125e-06
	iters: 100, epoch: 8 | loss: 0.5557604
	speed: 0.0148s/iter; left time: 1442.6168s
	iters: 200, epoch: 8 | loss: 0.4495753
	speed: 0.0044s/iter; left time: 428.1808s
	iters: 300, epoch: 8 | loss: 0.4565856
	speed: 0.0043s/iter; left time: 422.0779s
	iters: 400, epoch: 8 | loss: 0.4061630
	speed: 0.0044s/iter; left time: 426.4175s
	iters: 500, epoch: 8 | loss: 0.4211271
	speed: 0.0043s/iter; left time: 415.2254s
	iters: 600, epoch: 8 | loss: 0.4664536
	speed: 0.0042s/iter; left time: 410.7591s
	iters: 700, epoch: 8 | loss: 0.4696881
	speed: 0.0045s/iter; left time: 437.2174s
	iters: 800, epoch: 8 | loss: 0.4278762
	speed: 0.0043s/iter; left time: 412.8306s
	iters: 900, epoch: 8 | loss: 0.4423885
	speed: 0.0048s/iter; left time: 459.9589s
	iters: 1000, epoch: 8 | loss: 0.4947281
	speed: 0.0044s/iter; left time: 429.0992s
Epoch: 8 cost time: 4.601211309432983
Epoch: 8, Steps: 1048 | Train Loss: 0.4483564 Vali Loss: 0.9642557
EarlyStopping counter: 1 out of 6
Updating learning rate to 3.90625e-06
	iters: 100, epoch: 9 | loss: 0.4491982
	speed: 0.0145s/iter; left time: 1393.8563s
	iters: 200, epoch: 9 | loss: 0.3974079
	speed: 0.0043s/iter; left time: 417.3049s
	iters: 300, epoch: 9 | loss: 0.4163395
	speed: 0.0042s/iter; left time: 405.2809s
	iters: 400, epoch: 9 | loss: 0.3977968
	speed: 0.0045s/iter; left time: 428.2110s
	iters: 500, epoch: 9 | loss: 0.4591415
	speed: 0.0043s/iter; left time: 413.8580s
	iters: 600, epoch: 9 | loss: 0.3757761
	speed: 0.0046s/iter; left time: 437.1787s
	iters: 700, epoch: 9 | loss: 0.4272900
	speed: 0.0045s/iter; left time: 434.8233s
	iters: 800, epoch: 9 | loss: 0.4529423
	speed: 0.0043s/iter; left time: 413.5006s
	iters: 900, epoch: 9 | loss: 0.5335677
	speed: 0.0046s/iter; left time: 444.0301s
	iters: 1000, epoch: 9 | loss: 0.4700446
	speed: 0.0046s/iter; left time: 436.1422s
Epoch: 9 cost time: 4.620684385299683
Epoch: 9, Steps: 1048 | Train Loss: 0.4482793 Vali Loss: 0.9642702
EarlyStopping counter: 2 out of 6
Updating learning rate to 1.953125e-06
	iters: 100, epoch: 10 | loss: 0.4335427
	speed: 0.0144s/iter; left time: 1371.7898s
	iters: 200, epoch: 10 | loss: 0.4403509
	speed: 0.0045s/iter; left time: 428.2022s
	iters: 300, epoch: 10 | loss: 0.4105994
	speed: 0.0047s/iter; left time: 443.2059s
	iters: 400, epoch: 10 | loss: 0.4566261
	speed: 0.0043s/iter; left time: 405.3005s
	iters: 500, epoch: 10 | loss: 0.5569542
	speed: 0.0047s/iter; left time: 448.6782s
	iters: 600, epoch: 10 | loss: 0.4437791
	speed: 0.0043s/iter; left time: 410.9793s
	iters: 700, epoch: 10 | loss: 0.4505885
	speed: 0.0042s/iter; left time: 399.0086s
	iters: 800, epoch: 10 | loss: 0.4267204
	speed: 0.0043s/iter; left time: 402.4208s
	iters: 900, epoch: 10 | loss: 0.5514467
	speed: 0.0042s/iter; left time: 398.4330s
	iters: 1000, epoch: 10 | loss: 0.4559758
	speed: 0.0042s/iter; left time: 396.0950s
Epoch: 10 cost time: 4.56849479675293
Epoch: 10, Steps: 1048 | Train Loss: 0.4482015 Vali Loss: 0.9644185
EarlyStopping counter: 3 out of 6
Updating learning rate to 9.765625e-07
	iters: 100, epoch: 11 | loss: 0.4390325
	speed: 0.0146s/iter; left time: 1379.3849s
	iters: 200, epoch: 11 | loss: 0.4547190
	speed: 0.0042s/iter; left time: 399.5786s
	iters: 300, epoch: 11 | loss: 0.4188710
	speed: 0.0042s/iter; left time: 395.3823s
	iters: 400, epoch: 11 | loss: 0.4952552
	speed: 0.0044s/iter; left time: 413.7059s
	iters: 500, epoch: 11 | loss: 0.3750713
	speed: 0.0044s/iter; left time: 411.1502s
	iters: 600, epoch: 11 | loss: 0.4390401
	speed: 0.0042s/iter; left time: 392.6064s
	iters: 700, epoch: 11 | loss: 0.4167429
	speed: 0.0044s/iter; left time: 408.7935s
	iters: 800, epoch: 11 | loss: 0.3999747
	speed: 0.0043s/iter; left time: 399.5537s
	iters: 900, epoch: 11 | loss: 0.4498495
	speed: 0.0044s/iter; left time: 407.3170s
	iters: 1000, epoch: 11 | loss: 0.4010073
	speed: 0.0043s/iter; left time: 399.1920s
Epoch: 11 cost time: 4.5755226612091064
Epoch: 11, Steps: 1048 | Train Loss: 0.4480529 Vali Loss: 0.9644672
EarlyStopping counter: 4 out of 6
Updating learning rate to 4.8828125e-07
	iters: 100, epoch: 12 | loss: 0.4450162
	speed: 0.0145s/iter; left time: 1353.6060s
	iters: 200, epoch: 12 | loss: 0.4519548
	speed: 0.0043s/iter; left time: 402.1909s
	iters: 300, epoch: 12 | loss: 0.3620771
	speed: 0.0043s/iter; left time: 399.2105s
	iters: 400, epoch: 12 | loss: 0.3628713
	speed: 0.0045s/iter; left time: 416.0699s
	iters: 500, epoch: 12 | loss: 0.4090339
	speed: 0.0042s/iter; left time: 385.1623s
	iters: 600, epoch: 12 | loss: 0.4677444
	speed: 0.0045s/iter; left time: 421.2487s
	iters: 700, epoch: 12 | loss: 0.3373736
	speed: 0.0042s/iter; left time: 390.3645s
	iters: 800, epoch: 12 | loss: 0.3815990
	speed: 0.0046s/iter; left time: 427.6302s
	iters: 900, epoch: 12 | loss: 0.4604653
	speed: 0.0043s/iter; left time: 396.3578s
	iters: 1000, epoch: 12 | loss: 0.4791411
	speed: 0.0045s/iter; left time: 411.3359s
Epoch: 12 cost time: 4.611573934555054
Epoch: 12, Steps: 1048 | Train Loss: 0.4484166 Vali Loss: 0.9644397
EarlyStopping counter: 5 out of 6
Updating learning rate to 2.44140625e-07
	iters: 100, epoch: 13 | loss: 0.4118887
	speed: 0.0148s/iter; left time: 1362.4014s
	iters: 200, epoch: 13 | loss: 0.4058271
	speed: 0.0043s/iter; left time: 398.8999s
	iters: 300, epoch: 13 | loss: 0.4091910
	speed: 0.0046s/iter; left time: 423.9480s
	iters: 400, epoch: 13 | loss: 0.4861017
	speed: 0.0044s/iter; left time: 408.6098s
	iters: 500, epoch: 13 | loss: 0.5231489
	speed: 0.0047s/iter; left time: 435.2482s
	iters: 600, epoch: 13 | loss: 0.4085772
	speed: 0.0046s/iter; left time: 423.5739s
	iters: 700, epoch: 13 | loss: 0.4745667
	speed: 0.0045s/iter; left time: 414.6282s
	iters: 800, epoch: 13 | loss: 0.4023650
	speed: 0.0045s/iter; left time: 409.7847s
	iters: 900, epoch: 13 | loss: 0.4454930
	speed: 0.0046s/iter; left time: 420.2744s
	iters: 1000, epoch: 13 | loss: 0.4502081
	speed: 0.0042s/iter; left time: 386.1052s
Epoch: 13 cost time: 4.71511435508728
Epoch: 13, Steps: 1048 | Train Loss: 0.4483907 Vali Loss: 0.9644320
EarlyStopping counter: 6 out of 6
Early stopping
VALIDATION_RESULT {"best_epoch": 7, "best_mae": 0.6495624416240762, "best_mse": 0.9641116175218197, "epochs_ran": 13, "metric_version": "element_weighted_v1"}
>>>>>>>test skipped (validation-only run)<<<<<<<<<<<<<<<<<<<<<<<<
Using GPU
Args in experiment:
[1mBasic Config[0m
  Task Name:          long_term_forecast  Is Training:        0                   
  Model ID:           ETTm1_96_720_table2_ettm1_p720_no_mamba_s2021Model:              GraphMambaRecent    

[1mData Loader[0m
  Data:               ETTm1               Root Path:          /home/cwh/Time-Series-Library/dataset/ETT-small
  Data Path:          ETTm1.csv           Features:           M                   
  Target:             OT                  Freq:               h                   
  Checkpoints:        /home/cwh/Time-Series-Library/logs/graphmamba_backbone_ablation/checkpoints

[1mForecasting Task[0m
  Seq Len:            336                 Label Len:          48                  
  Pred Len:           720                 Seasonal Patterns:  Monthly             
  Inverse:            0                   

[1mModel Parameters[0m
  Top k:              5                   Num Kernels:        6                   
  Enc In:             7                   Dec In:             7                   
  C Out:              7                   d model:            64                  
  n heads:            8                   e layers:           1                   
  d layers:           1                   d FF:               128                 
  Moving Avg:         25                  Factor:             1                   
  Distil:             1                   Dropout:            0.1                 
  Embed:              timeF               Activation:         gelu                

[1mRun Parameters[0m
  Num Workers:        0                   Itr:                1                   
  Train Epochs:       100                 Batch Size:         32                  
  Patience:           6                   Learning Rate:      0.0005              
  Des:                table2_ettm1_p720_no_mamba_s2021Loss:               MSE                 
  Lradj:              type1               Use Amp:            0                   

[1mGPU[0m
  Use GPU:            1                   GPU:                0                   
  Use Multi GPU:      0                   Devices:            0,1,2,3             

[1mDe-stationary Projector Params[0m
  P Hidden Dims:      128, 128            P Hidden Layers:    2                   

Use GPU: cuda:0
🚀 Lazy Loading: GraphMambaRecent ...
[GraphMamba] Building 7x7 static graph from 2000 training samples
>>>>>>>evaluating validation checkpoint : long_term_forecast_ETTm1_96_720_table2_ettm1_p720_no_mamba_s2021_GraphMambaRecent_ETTm1_ftM_sl336_ll48_pl720_dm64_nh8_el1_dl1_df128_expand2_dc2_fc1_ebtimeF_dtTrue_table2_ettm1_p720_no_mamba_s2021_0<<<<<<<<<<<<<<<<<<<<<<<<<<<<<<<<<
val 10801
EVALUATION_RESULT {"batches": 338, "cmrhm_intervention": "intact", "elapsed_seconds": 0.802126097958535, "elements": 54437040, "mae": 0.6495624407629896, "metric_version": "element_weighted_v1", "milliseconds_per_batch": 2.3731541359719968, "mse": 0.9641116195310215, "parameter_count": 6715302, "peak_cuda_memory_bytes": 93422080, "split": "val"}
=== w/o Mamba | ETTm2-96 ===
Using GPU
Args in experiment:
[1mBasic Config[0m
  Task Name:          long_term_forecast  Is Training:        1                   
  Model ID:           ETTm2_96_96_table2_ettm2_p96_no_mamba_s2021Model:              GraphMambaRecent    

[1mData Loader[0m
  Data:               ETTm2               Root Path:          /home/cwh/Time-Series-Library/dataset/ETT-small
  Data Path:          ETTm2.csv           Features:           M                   
  Target:             OT                  Freq:               h                   
  Checkpoints:        /home/cwh/Time-Series-Library/logs/graphmamba_backbone_ablation/checkpoints

[1mForecasting Task[0m
  Seq Len:            336                 Label Len:          48                  
  Pred Len:           96                  Seasonal Patterns:  Monthly             
  Inverse:            0                   

[1mModel Parameters[0m
  Top k:              5                   Num Kernels:        6                   
  Enc In:             7                   Dec In:             7                   
  C Out:              7                   d model:            64                  
  n heads:            8                   e layers:           1                   
  d layers:           1                   d FF:               128                 
  Moving Avg:         25                  Factor:             1                   
  Distil:             1                   Dropout:            0.1                 
  Embed:              timeF               Activation:         gelu                

[1mRun Parameters[0m
  Num Workers:        0                   Itr:                1                   
  Train Epochs:       100                 Batch Size:         32                  
  Patience:           6                   Learning Rate:      0.0005              
  Des:                table2_ettm2_p96_no_mamba_s2021Loss:               MSE                 
  Lradj:              type1               Use Amp:            0                   

[1mGPU[0m
  Use GPU:            1                   GPU:                0                   
  Use Multi GPU:      0                   Devices:            0,1,2,3             

[1mDe-stationary Projector Params[0m
  P Hidden Dims:      128, 128            P Hidden Layers:    2                   

Use GPU: cuda:0
🚀 Lazy Loading: GraphMambaRecent ...
[GraphMamba] Building 7x7 static graph from 2000 training samples
>>>>>>>start training : long_term_forecast_ETTm2_96_96_table2_ettm2_p96_no_mamba_s2021_GraphMambaRecent_ETTm2_ftM_sl336_ll48_pl96_dm64_nh8_el1_dl1_df128_expand2_dc2_fc1_ebtimeF_dtTrue_table2_ettm2_p96_no_mamba_s2021_0>>>>>>>>>>>>>>>>>>>>>>>>>>
train 34129
val 11425
	iters: 100, epoch: 1 | loss: 0.2139827
	speed: 0.0109s/iter; left time: 1164.9910s
	iters: 200, epoch: 1 | loss: 0.2059813
	speed: 0.0040s/iter; left time: 425.4965s
	iters: 300, epoch: 1 | loss: 0.3326089
	speed: 0.0042s/iter; left time: 445.6210s
	iters: 400, epoch: 1 | loss: 0.3372335
	speed: 0.0040s/iter; left time: 424.2907s
	iters: 500, epoch: 1 | loss: 0.2518419
	speed: 0.0040s/iter; left time: 423.7105s
	iters: 600, epoch: 1 | loss: 0.4074477
	speed: 0.0041s/iter; left time: 438.2387s
	iters: 700, epoch: 1 | loss: 0.1559958
	speed: 0.0041s/iter; left time: 437.3581s
	iters: 800, epoch: 1 | loss: 0.1215879
	speed: 0.0041s/iter; left time: 431.2833s
	iters: 900, epoch: 1 | loss: 0.1953202
	speed: 0.0040s/iter; left time: 422.2334s
	iters: 1000, epoch: 1 | loss: 0.1619939
	speed: 0.0042s/iter; left time: 444.3883s
Epoch: 1 cost time: 4.497521638870239
Epoch: 1, Steps: 1067 | Train Loss: 0.2436657 Vali Loss: 0.1278667
Validation loss decreased (inf --> 0.127867).  Saving model ...
Updating learning rate to 0.0005
	iters: 100, epoch: 2 | loss: 0.2558896
	speed: 0.0142s/iter; left time: 1498.4367s
	iters: 200, epoch: 2 | loss: 0.2283961
	speed: 0.0040s/iter; left time: 426.9345s
	iters: 300, epoch: 2 | loss: 0.2438036
	speed: 0.0041s/iter; left time: 429.3313s
	iters: 400, epoch: 2 | loss: 0.2890641
	speed: 0.0044s/iter; left time: 467.6494s
	iters: 500, epoch: 2 | loss: 0.1349661
	speed: 0.0043s/iter; left time: 450.6240s
	iters: 600, epoch: 2 | loss: 0.2312524
	speed: 0.0045s/iter; left time: 469.4607s
	iters: 700, epoch: 2 | loss: 0.2526189
	speed: 0.0043s/iter; left time: 449.2874s
	iters: 800, epoch: 2 | loss: 0.3280680
	speed: 0.0046s/iter; left time: 480.8088s
	iters: 900, epoch: 2 | loss: 0.1835055
	speed: 0.0042s/iter; left time: 440.1640s
	iters: 1000, epoch: 2 | loss: 0.2489704
	speed: 0.0040s/iter; left time: 415.7593s
Epoch: 2 cost time: 4.541741371154785
Epoch: 2, Steps: 1067 | Train Loss: 0.2341151 Vali Loss: 0.1328596
EarlyStopping counter: 1 out of 6
Updating learning rate to 0.00025
	iters: 100, epoch: 3 | loss: 0.1626237
	speed: 0.0145s/iter; left time: 1513.2403s
	iters: 200, epoch: 3 | loss: 0.2078131
	speed: 0.0044s/iter; left time: 457.7592s
	iters: 300, epoch: 3 | loss: 0.0995075
	speed: 0.0043s/iter; left time: 449.3189s
	iters: 400, epoch: 3 | loss: 0.1399178
	speed: 0.0040s/iter; left time: 420.4667s
	iters: 500, epoch: 3 | loss: 0.3055150
	speed: 0.0041s/iter; left time: 428.5399s
	iters: 600, epoch: 3 | loss: 0.1460529
	speed: 0.0038s/iter; left time: 390.4982s
	iters: 700, epoch: 3 | loss: 0.3187582
	speed: 0.0039s/iter; left time: 409.2568s
	iters: 800, epoch: 3 | loss: 0.2988841
	speed: 0.0041s/iter; left time: 427.5465s
	iters: 900, epoch: 3 | loss: 0.1713851
	speed: 0.0043s/iter; left time: 450.8525s
	iters: 1000, epoch: 3 | loss: 0.1884106
	speed: 0.0043s/iter; left time: 447.1829s
Epoch: 3 cost time: 4.467396259307861
Epoch: 3, Steps: 1067 | Train Loss: 0.2289956 Vali Loss: 0.1276132
Validation loss decreased (0.127867 --> 0.127613).  Saving model ...
Updating learning rate to 0.000125
	iters: 100, epoch: 4 | loss: 0.1852873
	speed: 0.0142s/iter; left time: 1466.9755s
	iters: 200, epoch: 4 | loss: 0.2594836
	speed: 0.0042s/iter; left time: 434.1216s
	iters: 300, epoch: 4 | loss: 0.2155739
	speed: 0.0044s/iter; left time: 454.9183s
	iters: 400, epoch: 4 | loss: 0.3389181
	speed: 0.0041s/iter; left time: 417.7157s
	iters: 500, epoch: 4 | loss: 0.2182066
	speed: 0.0041s/iter; left time: 422.9511s
	iters: 600, epoch: 4 | loss: 0.2615198
	speed: 0.0042s/iter; left time: 430.7559s
	iters: 700, epoch: 4 | loss: 0.3856069
	speed: 0.0043s/iter; left time: 439.4690s
	iters: 800, epoch: 4 | loss: 0.1933254
	speed: 0.0042s/iter; left time: 435.4164s
	iters: 900, epoch: 4 | loss: 0.1202800
	speed: 0.0044s/iter; left time: 446.9763s
	iters: 1000, epoch: 4 | loss: 0.2067320
	speed: 0.0043s/iter; left time: 443.2801s
Epoch: 4 cost time: 4.4911510944366455
Epoch: 4, Steps: 1067 | Train Loss: 0.2259345 Vali Loss: 0.1274916
Validation loss decreased (0.127613 --> 0.127492).  Saving model ...
Updating learning rate to 6.25e-05
	iters: 100, epoch: 5 | loss: 0.2437142
	speed: 0.0141s/iter; left time: 1439.3313s
	iters: 200, epoch: 5 | loss: 0.1140729
	speed: 0.0043s/iter; left time: 443.3381s
	iters: 300, epoch: 5 | loss: 0.1875872
	speed: 0.0040s/iter; left time: 413.5193s
	iters: 400, epoch: 5 | loss: 0.1139359
	speed: 0.0045s/iter; left time: 461.0701s
	iters: 500, epoch: 5 | loss: 0.2749115
	speed: 0.0040s/iter; left time: 411.4565s
	iters: 600, epoch: 5 | loss: 0.1919583
	speed: 0.0043s/iter; left time: 440.2237s
	iters: 700, epoch: 5 | loss: 0.3300316
	speed: 0.0044s/iter; left time: 449.4303s
	iters: 800, epoch: 5 | loss: 0.1237921
	speed: 0.0042s/iter; left time: 430.1042s
	iters: 900, epoch: 5 | loss: 0.1370348
	speed: 0.0042s/iter; left time: 422.6434s
	iters: 1000, epoch: 5 | loss: 0.1975330
	speed: 0.0041s/iter; left time: 411.1838s
Epoch: 5 cost time: 4.507193565368652
Epoch: 5, Steps: 1067 | Train Loss: 0.2246910 Vali Loss: 0.1277771
EarlyStopping counter: 1 out of 6
Updating learning rate to 3.125e-05
	iters: 100, epoch: 6 | loss: 0.1829433
	speed: 0.0142s/iter; left time: 1440.9556s
	iters: 200, epoch: 6 | loss: 0.2860140
	speed: 0.0041s/iter; left time: 419.0412s
	iters: 300, epoch: 6 | loss: 0.1499433
	speed: 0.0042s/iter; left time: 428.2122s
	iters: 400, epoch: 6 | loss: 0.1557413
	speed: 0.0043s/iter; left time: 429.5595s
	iters: 500, epoch: 6 | loss: 0.2085556
	speed: 0.0044s/iter; left time: 441.7065s
	iters: 600, epoch: 6 | loss: 0.1922488
	speed: 0.0041s/iter; left time: 412.4421s
	iters: 700, epoch: 6 | loss: 0.1531874
	speed: 0.0043s/iter; left time: 433.2721s
	iters: 800, epoch: 6 | loss: 0.2692921
	speed: 0.0043s/iter; left time: 428.3233s
	iters: 900, epoch: 6 | loss: 0.2118761
	speed: 0.0040s/iter; left time: 405.3617s
	iters: 1000, epoch: 6 | loss: 0.1171032
	speed: 0.0041s/iter; left time: 412.2327s
Epoch: 6 cost time: 4.457195520401001
Epoch: 6, Steps: 1067 | Train Loss: 0.2240623 Vali Loss: 0.1275264
EarlyStopping counter: 2 out of 6
Updating learning rate to 1.5625e-05
	iters: 100, epoch: 7 | loss: 0.2126589
	speed: 0.0138s/iter; left time: 1387.5309s
	iters: 200, epoch: 7 | loss: 0.2017134
	speed: 0.0046s/iter; left time: 457.2248s
	iters: 300, epoch: 7 | loss: 0.4626195
	speed: 0.0042s/iter; left time: 416.3843s
	iters: 400, epoch: 7 | loss: 0.2862010
	speed: 0.0043s/iter; left time: 428.1346s
	iters: 500, epoch: 7 | loss: 0.5394729
	speed: 0.0044s/iter; left time: 439.2080s
	iters: 600, epoch: 7 | loss: 0.1690884
	speed: 0.0042s/iter; left time: 423.4514s
	iters: 700, epoch: 7 | loss: 0.1511511
	speed: 0.0042s/iter; left time: 417.8364s
	iters: 800, epoch: 7 | loss: 0.2575045
	speed: 0.0043s/iter; left time: 427.8901s
	iters: 900, epoch: 7 | loss: 0.1830453
	speed: 0.0042s/iter; left time: 422.3433s
	iters: 1000, epoch: 7 | loss: 0.2320866
	speed: 0.0043s/iter; left time: 431.8635s
Epoch: 7 cost time: 4.58637809753418
Epoch: 7, Steps: 1067 | Train Loss: 0.2235958 Vali Loss: 0.1273269
Validation loss decreased (0.127492 --> 0.127327).  Saving model ...
Updating learning rate to 7.8125e-06
	iters: 100, epoch: 8 | loss: 0.2389586
	speed: 0.0142s/iter; left time: 1407.0430s
	iters: 200, epoch: 8 | loss: 0.1445637
	speed: 0.0042s/iter; left time: 419.2551s
	iters: 300, epoch: 8 | loss: 0.2532459
	speed: 0.0043s/iter; left time: 425.7268s
	iters: 400, epoch: 8 | loss: 0.1597833
	speed: 0.0041s/iter; left time: 407.9258s
	iters: 500, epoch: 8 | loss: 0.2908536
	speed: 0.0040s/iter; left time: 398.5426s
	iters: 600, epoch: 8 | loss: 0.1746859
	speed: 0.0046s/iter; left time: 448.9079s
	iters: 700, epoch: 8 | loss: 0.2296119
	speed: 0.0042s/iter; left time: 416.5753s
	iters: 800, epoch: 8 | loss: 0.1051996
	speed: 0.0044s/iter; left time: 437.1108s
	iters: 900, epoch: 8 | loss: 0.3344633
	speed: 0.0042s/iter; left time: 414.1027s
	iters: 1000, epoch: 8 | loss: 0.2978006
	speed: 0.0047s/iter; left time: 465.9443s
Epoch: 8 cost time: 4.57099175453186
Epoch: 8, Steps: 1067 | Train Loss: 0.2234485 Vali Loss: 0.1274725
EarlyStopping counter: 1 out of 6
Updating learning rate to 3.90625e-06
	iters: 100, epoch: 9 | loss: 0.2167120
	speed: 0.0143s/iter; left time: 1406.9171s
	iters: 200, epoch: 9 | loss: 0.4150147
	speed: 0.0043s/iter; left time: 426.0157s
	iters: 300, epoch: 9 | loss: 0.1390962
	speed: 0.0043s/iter; left time: 421.5266s
	iters: 400, epoch: 9 | loss: 0.1806043
	speed: 0.0045s/iter; left time: 438.6545s
	iters: 500, epoch: 9 | loss: 0.1448881
	speed: 0.0042s/iter; left time: 408.0595s
	iters: 600, epoch: 9 | loss: 0.2406864
	speed: 0.0043s/iter; left time: 424.3321s
	iters: 700, epoch: 9 | loss: 0.1163495
	speed: 0.0043s/iter; left time: 418.5077s
	iters: 800, epoch: 9 | loss: 0.2139287
	speed: 0.0042s/iter; left time: 410.4926s
	iters: 900, epoch: 9 | loss: 0.3817141
	speed: 0.0043s/iter; left time: 417.0471s
	iters: 1000, epoch: 9 | loss: 0.3334094
	speed: 0.0043s/iter; left time: 415.9646s
Epoch: 9 cost time: 4.584109783172607
Epoch: 9, Steps: 1067 | Train Loss: 0.2231060 Vali Loss: 0.1275011
EarlyStopping counter: 2 out of 6
Updating learning rate to 1.953125e-06
	iters: 100, epoch: 10 | loss: 0.2143478
	speed: 0.0142s/iter; left time: 1373.1056s
	iters: 200, epoch: 10 | loss: 0.3384049
	speed: 0.0043s/iter; left time: 412.6250s
	iters: 300, epoch: 10 | loss: 0.1884112
	speed: 0.0043s/iter; left time: 416.9672s
	iters: 400, epoch: 10 | loss: 0.1179620
	speed: 0.0042s/iter; left time: 407.7822s
	iters: 500, epoch: 10 | loss: 0.1258335
	speed: 0.0046s/iter; left time: 443.7504s
	iters: 600, epoch: 10 | loss: 0.2176186
	speed: 0.0041s/iter; left time: 396.9827s
	iters: 700, epoch: 10 | loss: 0.1638606
	speed: 0.0039s/iter; left time: 375.3874s
	iters: 800, epoch: 10 | loss: 0.1350403
	speed: 0.0040s/iter; left time: 387.7348s
	iters: 900, epoch: 10 | loss: 0.6065155
	speed: 0.0040s/iter; left time: 387.5065s
	iters: 1000, epoch: 10 | loss: 0.2897166
	speed: 0.0039s/iter; left time: 376.0239s
Epoch: 10 cost time: 4.423560380935669
Epoch: 10, Steps: 1067 | Train Loss: 0.2233453 Vali Loss: 0.1275149
EarlyStopping counter: 3 out of 6
Updating learning rate to 9.765625e-07
	iters: 100, epoch: 11 | loss: 0.1394379
	speed: 0.0134s/iter; left time: 1282.2182s
	iters: 200, epoch: 11 | loss: 0.1606793
	speed: 0.0039s/iter; left time: 376.6690s
	iters: 300, epoch: 11 | loss: 0.2891551
	speed: 0.0042s/iter; left time: 404.9196s
	iters: 400, epoch: 11 | loss: 0.1995455
	speed: 0.0039s/iter; left time: 371.0611s
	iters: 500, epoch: 11 | loss: 0.2350439
	speed: 0.0040s/iter; left time: 379.4936s
	iters: 600, epoch: 11 | loss: 0.1204354
	speed: 0.0040s/iter; left time: 386.3297s
	iters: 700, epoch: 11 | loss: 0.1877675
	speed: 0.0037s/iter; left time: 355.0888s
	iters: 800, epoch: 11 | loss: 0.1524520
	speed: 0.0039s/iter; left time: 374.7625s
	iters: 900, epoch: 11 | loss: 0.1538181
	speed: 0.0040s/iter; left time: 382.3256s
	iters: 1000, epoch: 11 | loss: 0.1437694
	speed: 0.0040s/iter; left time: 384.7987s
Epoch: 11 cost time: 4.262857913970947
Epoch: 11, Steps: 1067 | Train Loss: 0.2233140 Vali Loss: 0.1275232
EarlyStopping counter: 4 out of 6
Updating learning rate to 4.8828125e-07
	iters: 100, epoch: 12 | loss: 0.4489173
	speed: 0.0131s/iter; left time: 1246.6710s
	iters: 200, epoch: 12 | loss: 0.1159538
	speed: 0.0041s/iter; left time: 389.5476s
	iters: 300, epoch: 12 | loss: 0.1264833
	speed: 0.0040s/iter; left time: 375.5722s
	iters: 400, epoch: 12 | loss: 0.1315428
	speed: 0.0040s/iter; left time: 377.5391s
	iters: 500, epoch: 12 | loss: 0.1855585
	speed: 0.0040s/iter; left time: 381.7968s
	iters: 600, epoch: 12 | loss: 0.1328489
	speed: 0.0040s/iter; left time: 377.4714s
	iters: 700, epoch: 12 | loss: 0.1973340
	speed: 0.0042s/iter; left time: 393.7032s
	iters: 800, epoch: 12 | loss: 0.3018862
	speed: 0.0040s/iter; left time: 373.4378s
	iters: 900, epoch: 12 | loss: 0.1302707
	speed: 0.0039s/iter; left time: 368.6380s
	iters: 1000, epoch: 12 | loss: 0.1906164
	speed: 0.0040s/iter; left time: 378.8052s
Epoch: 12 cost time: 4.265013217926025
Epoch: 12, Steps: 1067 | Train Loss: 0.2231797 Vali Loss: 0.1275272
EarlyStopping counter: 5 out of 6
Updating learning rate to 2.44140625e-07
	iters: 100, epoch: 13 | loss: 0.1684934
	speed: 0.0140s/iter; left time: 1313.4873s
	iters: 200, epoch: 13 | loss: 0.2497133
	speed: 0.0040s/iter; left time: 371.8579s
	iters: 300, epoch: 13 | loss: 0.1494747
	speed: 0.0041s/iter; left time: 383.2535s
	iters: 400, epoch: 13 | loss: 0.5455919
	speed: 0.0039s/iter; left time: 361.2008s
	iters: 500, epoch: 13 | loss: 0.3224254
	speed: 0.0039s/iter; left time: 362.2523s
	iters: 600, epoch: 13 | loss: 0.1265879
	speed: 0.0037s/iter; left time: 349.0694s
	iters: 700, epoch: 13 | loss: 0.1308481
	speed: 0.0041s/iter; left time: 381.2930s
	iters: 800, epoch: 13 | loss: 0.2073292
	speed: 0.0040s/iter; left time: 371.2574s
	iters: 900, epoch: 13 | loss: 0.2645484
	speed: 0.0039s/iter; left time: 363.3837s
	iters: 1000, epoch: 13 | loss: 0.1816622
	speed: 0.0039s/iter; left time: 361.5462s
Epoch: 13 cost time: 4.227632999420166
Epoch: 13, Steps: 1067 | Train Loss: 0.2231577 Vali Loss: 0.1275272
EarlyStopping counter: 6 out of 6
Early stopping
VALIDATION_RESULT {"best_epoch": 7, "best_mae": 0.24658957022781905, "best_mse": 0.12732692834473133, "epochs_ran": 13, "metric_version": "element_weighted_v1"}
>>>>>>>test skipped (validation-only run)<<<<<<<<<<<<<<<<<<<<<<<<
Using GPU
Args in experiment:
[1mBasic Config[0m
  Task Name:          long_term_forecast  Is Training:        0                   
  Model ID:           ETTm2_96_96_table2_ettm2_p96_no_mamba_s2021Model:              GraphMambaRecent    

[1mData Loader[0m
  Data:               ETTm2               Root Path:          /home/cwh/Time-Series-Library/dataset/ETT-small
  Data Path:          ETTm2.csv           Features:           M                   
  Target:             OT                  Freq:               h                   
  Checkpoints:        /home/cwh/Time-Series-Library/logs/graphmamba_backbone_ablation/checkpoints

[1mForecasting Task[0m
  Seq Len:            336                 Label Len:          48                  
  Pred Len:           96                  Seasonal Patterns:  Monthly             
  Inverse:            0                   

[1mModel Parameters[0m
  Top k:              5                   Num Kernels:        6                   
  Enc In:             7                   Dec In:             7                   
  C Out:              7                   d model:            64                  
  n heads:            8                   e layers:           1                   
  d layers:           1                   d FF:               128                 
  Moving Avg:         25                  Factor:             1                   
  Distil:             1                   Dropout:            0.1                 
  Embed:              timeF               Activation:         gelu                

[1mRun Parameters[0m
  Num Workers:        0                   Itr:                1                   
  Train Epochs:       100                 Batch Size:         32                  
  Patience:           6                   Learning Rate:      0.0005              
  Des:                table2_ettm2_p96_no_mamba_s2021Loss:               MSE                 
  Lradj:              type1               Use Amp:            0                   

[1mGPU[0m
  Use GPU:            1                   GPU:                0                   
  Use Multi GPU:      0                   Devices:            0,1,2,3             

[1mDe-stationary Projector Params[0m
  P Hidden Dims:      128, 128            P Hidden Layers:    2                   

Use GPU: cuda:0
🚀 Lazy Loading: GraphMambaRecent ...
[GraphMamba] Building 7x7 static graph from 2000 training samples
>>>>>>>evaluating validation checkpoint : long_term_forecast_ETTm2_96_96_table2_ettm2_p96_no_mamba_s2021_GraphMambaRecent_ETTm2_ftM_sl336_ll48_pl96_dm64_nh8_el1_dl1_df128_expand2_dc2_fc1_ebtimeF_dtTrue_table2_ettm2_p96_no_mamba_s2021_0<<<<<<<<<<<<<<<<<<<<<<<<<<<<<<<<<
val 11425
EVALUATION_RESULT {"batches": 358, "cmrhm_intervention": "intact", "elapsed_seconds": 0.8101868890225887, "elements": 7677600, "mae": 0.24658957073064203, "metric_version": "element_weighted_v1", "milliseconds_per_batch": 2.2630918687781807, "mse": 0.127326928763088, "parameter_count": 903366, "peak_cuda_memory_bytes": 65779200, "split": "val"}
=== w/o Mamba | ETTm2-720 ===
Using GPU
Args in experiment:
[1mBasic Config[0m
  Task Name:          long_term_forecast  Is Training:        1                   
  Model ID:           ETTm2_96_720_table2_ettm2_p720_no_mamba_s2021Model:              GraphMambaRecent    

[1mData Loader[0m
  Data:               ETTm2               Root Path:          /home/cwh/Time-Series-Library/dataset/ETT-small
  Data Path:          ETTm2.csv           Features:           M                   
  Target:             OT                  Freq:               h                   
  Checkpoints:        /home/cwh/Time-Series-Library/logs/graphmamba_backbone_ablation/checkpoints

[1mForecasting Task[0m
  Seq Len:            336                 Label Len:          48                  
  Pred Len:           720                 Seasonal Patterns:  Monthly             
  Inverse:            0                   

[1mModel Parameters[0m
  Top k:              5                   Num Kernels:        6                   
  Enc In:             7                   Dec In:             7                   
  C Out:              7                   d model:            64                  
  n heads:            8                   e layers:           1                   
  d layers:           1                   d FF:               128                 
  Moving Avg:         25                  Factor:             1                   
  Distil:             1                   Dropout:            0.1                 
  Embed:              timeF               Activation:         gelu                

[1mRun Parameters[0m
  Num Workers:        0                   Itr:                1                   
  Train Epochs:       100                 Batch Size:         32                  
  Patience:           6                   Learning Rate:      0.0005              
  Des:                table2_ettm2_p720_no_mamba_s2021Loss:               MSE                 
  Lradj:              type1               Use Amp:            0                   

[1mGPU[0m
  Use GPU:            1                   GPU:                0                   
  Use Multi GPU:      0                   Devices:            0,1,2,3             

[1mDe-stationary Projector Params[0m
  P Hidden Dims:      128, 128            P Hidden Layers:    2                   

Use GPU: cuda:0
🚀 Lazy Loading: GraphMambaRecent ...
[GraphMamba] Building 7x7 static graph from 2000 training samples
>>>>>>>start training : long_term_forecast_ETTm2_96_720_table2_ettm2_p720_no_mamba_s2021_GraphMambaRecent_ETTm2_ftM_sl336_ll48_pl720_dm64_nh8_el1_dl1_df128_expand2_dc2_fc1_ebtimeF_dtTrue_table2_ettm2_p720_no_mamba_s2021_0>>>>>>>>>>>>>>>>>>>>>>>>>>
train 33505
val 10801
	iters: 100, epoch: 1 | loss: 0.6864295
	speed: 0.0115s/iter; left time: 1207.0873s
	iters: 200, epoch: 1 | loss: 1.3969190
	speed: 0.0042s/iter; left time: 439.0771s
	iters: 300, epoch: 1 | loss: 1.2665284
	speed: 0.0046s/iter; left time: 478.6703s
	iters: 400, epoch: 1 | loss: 0.5159082
	speed: 0.0042s/iter; left time: 435.2136s
	iters: 500, epoch: 1 | loss: 0.8101317
	speed: 0.0047s/iter; left time: 491.5615s
	iters: 600, epoch: 1 | loss: 0.9880142
	speed: 0.0043s/iter; left time: 449.8772s
	iters: 700, epoch: 1 | loss: 0.9066932
	speed: 0.0044s/iter; left time: 461.6297s
	iters: 800, epoch: 1 | loss: 0.5691960
	speed: 0.0044s/iter; left time: 460.1421s
	iters: 900, epoch: 1 | loss: 0.4577442
	speed: 0.0049s/iter; left time: 509.3443s
	iters: 1000, epoch: 1 | loss: 0.3905530
	speed: 0.0049s/iter; left time: 509.6309s
Epoch: 1 cost time: 4.90676736831665
Epoch: 1, Steps: 1048 | Train Loss: 0.5857205 Vali Loss: 0.2883600
Validation loss decreased (inf --> 0.288360).  Saving model ...
Updating learning rate to 0.0005
	iters: 100, epoch: 2 | loss: 0.8326607
	speed: 0.0151s/iter; left time: 1569.8735s
	iters: 200, epoch: 2 | loss: 0.6021418
	speed: 0.0043s/iter; left time: 442.5318s
	iters: 300, epoch: 2 | loss: 0.6690307
	speed: 0.0044s/iter; left time: 454.4997s
	iters: 400, epoch: 2 | loss: 0.3960902
	speed: 0.0043s/iter; left time: 448.9628s
	iters: 500, epoch: 2 | loss: 0.6253958
	speed: 0.0041s/iter; left time: 424.9700s
	iters: 600, epoch: 2 | loss: 0.7630522
	speed: 0.0043s/iter; left time: 445.1708s
	iters: 700, epoch: 2 | loss: 0.4007953
	speed: 0.0042s/iter; left time: 436.2401s
	iters: 800, epoch: 2 | loss: 0.3241762
	speed: 0.0045s/iter; left time: 459.0887s
	iters: 900, epoch: 2 | loss: 0.3616942
	speed: 0.0044s/iter; left time: 447.6994s
	iters: 1000, epoch: 2 | loss: 0.5896065
	speed: 0.0046s/iter; left time: 476.9003s
Epoch: 2 cost time: 4.566617965698242
Epoch: 2, Steps: 1048 | Train Loss: 0.5766655 Vali Loss: 0.2831587
Validation loss decreased (0.288360 --> 0.283159).  Saving model ...
Updating learning rate to 0.00025
	iters: 100, epoch: 3 | loss: 0.2786155
	speed: 0.0152s/iter; left time: 1560.4505s
	iters: 200, epoch: 3 | loss: 0.3681738
	speed: 0.0043s/iter; left time: 436.9957s
	iters: 300, epoch: 3 | loss: 0.5517282
	speed: 0.0046s/iter; left time: 469.8306s
	iters: 400, epoch: 3 | loss: 0.7644606
	speed: 0.0044s/iter; left time: 452.7132s
	iters: 500, epoch: 3 | loss: 0.7609219
	speed: 0.0048s/iter; left time: 487.7961s
	iters: 600, epoch: 3 | loss: 0.6564488
	speed: 0.0045s/iter; left time: 454.9171s
	iters: 700, epoch: 3 | loss: 0.5759393
	speed: 0.0044s/iter; left time: 453.1420s
	iters: 800, epoch: 3 | loss: 0.7623285
	speed: 0.0043s/iter; left time: 441.7466s
	iters: 900, epoch: 3 | loss: 0.4860216
	speed: 0.0044s/iter; left time: 443.9379s
	iters: 1000, epoch: 3 | loss: 0.8839230
	speed: 0.0045s/iter; left time: 453.4177s
Epoch: 3 cost time: 4.697862148284912
Epoch: 3, Steps: 1048 | Train Loss: 0.5672018 Vali Loss: 0.2871125
EarlyStopping counter: 1 out of 6
Updating learning rate to 0.000125
	iters: 100, epoch: 4 | loss: 0.4930884
	speed: 0.0144s/iter; left time: 1466.2732s
	iters: 200, epoch: 4 | loss: 0.2403761
	speed: 0.0047s/iter; left time: 480.3730s
	iters: 300, epoch: 4 | loss: 0.4592957
	speed: 0.0045s/iter; left time: 453.3831s
	iters: 400, epoch: 4 | loss: 0.4066981
	speed: 0.0045s/iter; left time: 455.6288s
	iters: 500, epoch: 4 | loss: 0.2775450
	speed: 0.0043s/iter; left time: 433.4613s
	iters: 600, epoch: 4 | loss: 0.3539448
	speed: 0.0047s/iter; left time: 476.1365s
	iters: 700, epoch: 4 | loss: 0.4737477
	speed: 0.0041s/iter; left time: 412.2579s
	iters: 800, epoch: 4 | loss: 0.7022548
	speed: 0.0045s/iter; left time: 449.0403s
	iters: 900, epoch: 4 | loss: 0.6137816
	speed: 0.0045s/iter; left time: 455.5311s
	iters: 1000, epoch: 4 | loss: 0.4283689
	speed: 0.0043s/iter; left time: 437.2294s
Epoch: 4 cost time: 4.644263744354248
Epoch: 4, Steps: 1048 | Train Loss: 0.5621698 Vali Loss: 0.2851796
EarlyStopping counter: 2 out of 6
Updating learning rate to 6.25e-05
	iters: 100, epoch: 5 | loss: 0.5408401
	speed: 0.0145s/iter; left time: 1457.4500s
	iters: 200, epoch: 5 | loss: 0.3340845
	speed: 0.0042s/iter; left time: 426.5706s
	iters: 300, epoch: 5 | loss: 0.4642290
	speed: 0.0043s/iter; left time: 427.2086s
	iters: 400, epoch: 5 | loss: 0.5308735
	speed: 0.0043s/iter; left time: 432.8651s
	iters: 500, epoch: 5 | loss: 0.3839575
	speed: 0.0045s/iter; left time: 452.7785s
	iters: 600, epoch: 5 | loss: 0.3847549
	speed: 0.0043s/iter; left time: 425.4178s
	iters: 700, epoch: 5 | loss: 0.6252053
	speed: 0.0044s/iter; left time: 442.8952s
	iters: 800, epoch: 5 | loss: 1.1221404
	speed: 0.0043s/iter; left time: 427.1627s
	iters: 900, epoch: 5 | loss: 0.4246499
	speed: 0.0044s/iter; left time: 441.6746s
	iters: 1000, epoch: 5 | loss: 0.4427737
	speed: 0.0044s/iter; left time: 442.4019s
Epoch: 5 cost time: 4.573810815811157
Epoch: 5, Steps: 1048 | Train Loss: 0.5595694 Vali Loss: 0.2855319
EarlyStopping counter: 3 out of 6
Updating learning rate to 3.125e-05
	iters: 100, epoch: 6 | loss: 0.4233426
	speed: 0.0145s/iter; left time: 1438.2019s
	iters: 200, epoch: 6 | loss: 0.5428125
	speed: 0.0048s/iter; left time: 479.8277s
	iters: 300, epoch: 6 | loss: 0.3391769
	speed: 0.0046s/iter; left time: 458.1346s
	iters: 400, epoch: 6 | loss: 0.7997644
	speed: 0.0046s/iter; left time: 454.4916s
	iters: 500, epoch: 6 | loss: 0.3553039
	speed: 0.0045s/iter; left time: 448.8763s
	iters: 600, epoch: 6 | loss: 0.3091097
	speed: 0.0052s/iter; left time: 512.7955s
	iters: 700, epoch: 6 | loss: 0.6137571
	speed: 0.0043s/iter; left time: 429.3778s
	iters: 800, epoch: 6 | loss: 1.2116661
	speed: 0.0042s/iter; left time: 415.7508s
	iters: 900, epoch: 6 | loss: 1.4618422
	speed: 0.0044s/iter; left time: 434.4559s
	iters: 1000, epoch: 6 | loss: 0.6036183
	speed: 0.0045s/iter; left time: 446.0222s
Epoch: 6 cost time: 4.793446779251099
Epoch: 6, Steps: 1048 | Train Loss: 0.5577120 Vali Loss: 0.2865215
EarlyStopping counter: 4 out of 6
Updating learning rate to 1.5625e-05
	iters: 100, epoch: 7 | loss: 0.4033503
	speed: 0.0149s/iter; left time: 1466.3439s
	iters: 200, epoch: 7 | loss: 1.0376328
	speed: 0.0044s/iter; left time: 433.5620s
	iters: 300, epoch: 7 | loss: 0.7981585
	speed: 0.0046s/iter; left time: 450.7683s
	iters: 400, epoch: 7 | loss: 0.2610061
	speed: 0.0048s/iter; left time: 467.1543s
	iters: 500, epoch: 7 | loss: 0.5642107
	speed: 0.0047s/iter; left time: 458.7835s
	iters: 600, epoch: 7 | loss: 0.9818933
	speed: 0.0046s/iter; left time: 450.1491s
	iters: 700, epoch: 7 | loss: 0.8388040
	speed: 0.0045s/iter; left time: 439.4263s
	iters: 800, epoch: 7 | loss: 0.7400762
	speed: 0.0047s/iter; left time: 460.1268s
	iters: 900, epoch: 7 | loss: 0.3476218
	speed: 0.0046s/iter; left time: 450.9801s
	iters: 1000, epoch: 7 | loss: 0.4963090
	speed: 0.0046s/iter; left time: 448.4064s
Epoch: 7 cost time: 4.836848497390747
Epoch: 7, Steps: 1048 | Train Loss: 0.5570305 Vali Loss: 0.2852475
EarlyStopping counter: 5 out of 6
Updating learning rate to 7.8125e-06
	iters: 100, epoch: 8 | loss: 0.3941304
	speed: 0.0153s/iter; left time: 1489.7650s
	iters: 200, epoch: 8 | loss: 0.4662684
	speed: 0.0047s/iter; left time: 459.8342s
	iters: 300, epoch: 8 | loss: 0.6268668
	speed: 0.0044s/iter; left time: 426.8172s
	iters: 400, epoch: 8 | loss: 0.6515014
	speed: 0.0044s/iter; left time: 425.4184s
	iters: 500, epoch: 8 | loss: 0.4950829
	speed: 0.0045s/iter; left time: 439.5969s
	iters: 600, epoch: 8 | loss: 0.7610903
	speed: 0.0045s/iter; left time: 431.7399s
	iters: 700, epoch: 8 | loss: 0.6759171
	speed: 0.0046s/iter; left time: 443.8483s
	iters: 800, epoch: 8 | loss: 0.2955489
	speed: 0.0049s/iter; left time: 473.8480s
	iters: 900, epoch: 8 | loss: 0.6567733
	speed: 0.0047s/iter; left time: 452.5269s
	iters: 1000, epoch: 8 | loss: 0.5483041
	speed: 0.0051s/iter; left time: 489.8981s
Epoch: 8 cost time: 4.903079271316528
Epoch: 8, Steps: 1048 | Train Loss: 0.5566425 Vali Loss: 0.2853175
EarlyStopping counter: 6 out of 6
Early stopping
VALIDATION_RESULT {"best_epoch": 2, "best_mae": 0.36659266790704453, "best_mse": 0.2831587032698692, "epochs_ran": 8, "metric_version": "element_weighted_v1"}
>>>>>>>test skipped (validation-only run)<<<<<<<<<<<<<<<<<<<<<<<<
Using GPU
Args in experiment:
[1mBasic Config[0m
  Task Name:          long_term_forecast  Is Training:        0                   
  Model ID:           ETTm2_96_720_table2_ettm2_p720_no_mamba_s2021Model:              GraphMambaRecent    

[1mData Loader[0m
  Data:               ETTm2               Root Path:          /home/cwh/Time-Series-Library/dataset/ETT-small
  Data Path:          ETTm2.csv           Features:           M                   
  Target:             OT                  Freq:               h                   
  Checkpoints:        /home/cwh/Time-Series-Library/logs/graphmamba_backbone_ablation/checkpoints

[1mForecasting Task[0m
  Seq Len:            336                 Label Len:          48                  
  Pred Len:           720                 Seasonal Patterns:  Monthly             
  Inverse:            0                   

[1mModel Parameters[0m
  Top k:              5                   Num Kernels:        6                   
  Enc In:             7                   Dec In:             7                   
  C Out:              7                   d model:            64                  
  n heads:            8                   e layers:           1                   
  d layers:           1                   d FF:               128                 
  Moving Avg:         25                  Factor:             1                   
  Distil:             1                   Dropout:            0.1                 
  Embed:              timeF               Activation:         gelu                

[1mRun Parameters[0m
  Num Workers:        0                   Itr:                1                   
  Train Epochs:       100                 Batch Size:         32                  
  Patience:           6                   Learning Rate:      0.0005              
  Des:                table2_ettm2_p720_no_mamba_s2021Loss:               MSE                 
  Lradj:              type1               Use Amp:            0                   

[1mGPU[0m
  Use GPU:            1                   GPU:                0                   
  Use Multi GPU:      0                   Devices:            0,1,2,3             

[1mDe-stationary Projector Params[0m
  P Hidden Dims:      128, 128            P Hidden Layers:    2                   

Use GPU: cuda:0
🚀 Lazy Loading: GraphMambaRecent ...
[GraphMamba] Building 7x7 static graph from 2000 training samples
>>>>>>>evaluating validation checkpoint : long_term_forecast_ETTm2_96_720_table2_ettm2_p720_no_mamba_s2021_GraphMambaRecent_ETTm2_ftM_sl336_ll48_pl720_dm64_nh8_el1_dl1_df128_expand2_dc2_fc1_ebtimeF_dtTrue_table2_ettm2_p720_no_mamba_s2021_0<<<<<<<<<<<<<<<<<<<<<<<<<<<<<<<<<
val 10801
EVALUATION_RESULT {"batches": 338, "cmrhm_intervention": "intact", "elapsed_seconds": 0.8858868149109185, "elements": 54437040, "mae": 0.3665926677635301, "metric_version": "element_weighted_v1", "milliseconds_per_batch": 2.6209669080204687, "mse": 0.28315870291108314, "parameter_count": 6715302, "peak_cuda_memory_bytes": 93422080, "split": "val"}
=== w/o Graph | ETTm1-96 ===
Using GPU
Args in experiment:
[1mBasic Config[0m
  Task Name:          long_term_forecast  Is Training:        1                   
  Model ID:           ETTm1_96_96_table2_ettm1_p96_no_graph_s2021Model:              GraphMambaRecent    

[1mData Loader[0m
  Data:               ETTm1               Root Path:          /home/cwh/Time-Series-Library/dataset/ETT-small
  Data Path:          ETTm1.csv           Features:           M                   
  Target:             OT                  Freq:               h                   
  Checkpoints:        /home/cwh/Time-Series-Library/logs/graphmamba_backbone_ablation/checkpoints

[1mForecasting Task[0m
  Seq Len:            336                 Label Len:          48                  
  Pred Len:           96                  Seasonal Patterns:  Monthly             
  Inverse:            0                   

[1mModel Parameters[0m
  Top k:              5                   Num Kernels:        6                   
  Enc In:             7                   Dec In:             7                   
  C Out:              7                   d model:            64                  
  n heads:            8                   e layers:           1                   
  d layers:           1                   d FF:               128                 
  Moving Avg:         25                  Factor:             1                   
  Distil:             1                   Dropout:            0.1                 
  Embed:              timeF               Activation:         gelu                

[1mRun Parameters[0m
  Num Workers:        0                   Itr:                1                   
  Train Epochs:       100                 Batch Size:         32                  
  Patience:           6                   Learning Rate:      0.0005              
  Des:                table2_ettm1_p96_no_graph_s2021Loss:               MSE                 
  Lradj:              type1               Use Amp:            0                   

[1mGPU[0m
  Use GPU:            1                   GPU:                0                   
  Use Multi GPU:      0                   Devices:            0,1,2,3             

[1mDe-stationary Projector Params[0m
  P Hidden Dims:      128, 128            P Hidden Layers:    2                   

Use GPU: cuda:0
🚀 Lazy Loading: GraphMambaRecent ...
>>>>>>>start training : long_term_forecast_ETTm1_96_96_table2_ettm1_p96_no_graph_s2021_GraphMambaRecent_ETTm1_ftM_sl336_ll48_pl96_dm64_nh8_el1_dl1_df128_expand2_dc2_fc1_ebtimeF_dtTrue_table2_ettm1_p96_no_graph_s2021_0>>>>>>>>>>>>>>>>>>>>>>>>>>
train 34129
val 11425
	iters: 100, epoch: 1 | loss: 0.4371144
	speed: 0.0125s/iter; left time: 1331.9711s
	iters: 200, epoch: 1 | loss: 0.3142317
	speed: 0.0104s/iter; left time: 1112.4379s
	iters: 300, epoch: 1 | loss: 0.3921582
	speed: 0.0108s/iter; left time: 1152.3403s
	iters: 400, epoch: 1 | loss: 0.3983694
	speed: 0.0111s/iter; left time: 1177.3267s
	iters: 500, epoch: 1 | loss: 0.3078738
	speed: 0.0107s/iter; left time: 1136.4167s
	iters: 600, epoch: 1 | loss: 0.3670487
	speed: 0.0106s/iter; left time: 1123.3953s
	iters: 700, epoch: 1 | loss: 0.2844420
	speed: 0.0107s/iter; left time: 1131.1334s
	iters: 800, epoch: 1 | loss: 0.3024539
	speed: 0.0105s/iter; left time: 1115.0708s
	iters: 900, epoch: 1 | loss: 0.2639060
	speed: 0.0104s/iter; left time: 1096.4838s
	iters: 1000, epoch: 1 | loss: 0.2481541
	speed: 0.0107s/iter; left time: 1128.3354s
Epoch: 1 cost time: 11.572429180145264
Epoch: 1, Steps: 1067 | Train Loss: 0.3526771 Vali Loss: 0.4082260
Validation loss decreased (inf --> 0.408226).  Saving model ...
Updating learning rate to 0.0005
	iters: 100, epoch: 2 | loss: 0.3758767
	speed: 0.0347s/iter; left time: 3662.5336s
	iters: 200, epoch: 2 | loss: 0.3085136
	speed: 0.0110s/iter; left time: 1162.0916s
	iters: 300, epoch: 2 | loss: 0.2326828
	speed: 0.0109s/iter; left time: 1151.8596s
	iters: 400, epoch: 2 | loss: 0.3029222
	speed: 0.0107s/iter; left time: 1125.2089s
	iters: 500, epoch: 2 | loss: 0.2592966
	speed: 0.0109s/iter; left time: 1150.5506s
	iters: 600, epoch: 2 | loss: 0.2381075
	speed: 0.0108s/iter; left time: 1130.3501s
	iters: 700, epoch: 2 | loss: 0.2237014
	speed: 0.0110s/iter; left time: 1151.1516s
	iters: 800, epoch: 2 | loss: 0.2630200
	speed: 0.0109s/iter; left time: 1143.1931s
	iters: 900, epoch: 2 | loss: 0.3504806
	speed: 0.0108s/iter; left time: 1127.8280s
	iters: 1000, epoch: 2 | loss: 0.2514342
	speed: 0.0105s/iter; left time: 1097.6311s
Epoch: 2 cost time: 11.592627048492432
Epoch: 2, Steps: 1067 | Train Loss: 0.2811494 Vali Loss: 0.3969243
Validation loss decreased (0.408226 --> 0.396924).  Saving model ...
Updating learning rate to 0.00025
	iters: 100, epoch: 3 | loss: 0.2855147
	speed: 0.0332s/iter; left time: 3465.0009s
	iters: 200, epoch: 3 | loss: 0.2594674
	speed: 0.0105s/iter; left time: 1095.9074s
	iters: 300, epoch: 3 | loss: 0.4100300
	speed: 0.0104s/iter; left time: 1088.0741s
	iters: 400, epoch: 3 | loss: 0.2268344
	speed: 0.0103s/iter; left time: 1077.8869s
	iters: 500, epoch: 3 | loss: 0.2411143
	speed: 0.0106s/iter; left time: 1107.7903s
	iters: 600, epoch: 3 | loss: 0.2785345
	speed: 0.0106s/iter; left time: 1103.1413s
	iters: 700, epoch: 3 | loss: 0.2440671
	speed: 0.0108s/iter; left time: 1116.5762s
	iters: 800, epoch: 3 | loss: 0.2670813
	speed: 0.0104s/iter; left time: 1079.1644s
	iters: 900, epoch: 3 | loss: 0.2657398
	speed: 0.0108s/iter; left time: 1123.2081s
	iters: 1000, epoch: 3 | loss: 0.2276268
	speed: 0.0110s/iter; left time: 1140.8041s
Epoch: 3 cost time: 11.33881425857544
Epoch: 3, Steps: 1067 | Train Loss: 0.2674542 Vali Loss: 0.4008581
EarlyStopping counter: 1 out of 6
Updating learning rate to 0.000125
	iters: 100, epoch: 4 | loss: 0.1758080
	speed: 0.0342s/iter; left time: 3531.7578s
	iters: 200, epoch: 4 | loss: 0.2641438
	speed: 0.0108s/iter; left time: 1112.2483s
	iters: 300, epoch: 4 | loss: 0.1836231
	speed: 0.0108s/iter; left time: 1116.6811s
	iters: 400, epoch: 4 | loss: 0.1893007
	speed: 0.0106s/iter; left time: 1087.7584s
	iters: 500, epoch: 4 | loss: 0.2216949
	speed: 0.0107s/iter; left time: 1106.3775s
	iters: 600, epoch: 4 | loss: 0.2413992
	speed: 0.0109s/iter; left time: 1124.3250s
	iters: 700, epoch: 4 | loss: 0.2389632
	speed: 0.0108s/iter; left time: 1111.2171s
	iters: 800, epoch: 4 | loss: 0.2772156
	speed: 0.0109s/iter; left time: 1121.3266s
	iters: 900, epoch: 4 | loss: 0.2522689
	speed: 0.0107s/iter; left time: 1102.8143s
	iters: 1000, epoch: 4 | loss: 0.2626837
	speed: 0.0109s/iter; left time: 1117.6739s
Epoch: 4 cost time: 11.499505281448364
Epoch: 4, Steps: 1067 | Train Loss: 0.2620592 Vali Loss: 0.4025401
EarlyStopping counter: 2 out of 6
Updating learning rate to 6.25e-05
	iters: 100, epoch: 5 | loss: 0.2939028
	speed: 0.0340s/iter; left time: 3483.6364s
	iters: 200, epoch: 5 | loss: 0.2789787
	speed: 0.0106s/iter; left time: 1084.6342s
	iters: 300, epoch: 5 | loss: 0.2341157
	speed: 0.0109s/iter; left time: 1113.5265s
	iters: 400, epoch: 5 | loss: 0.2625162
	speed: 0.0107s/iter; left time: 1092.2605s
	iters: 500, epoch: 5 | loss: 0.3284552
	speed: 0.0109s/iter; left time: 1106.9445s
	iters: 600, epoch: 5 | loss: 0.2877897
	speed: 0.0105s/iter; left time: 1065.6789s
	iters: 700, epoch: 5 | loss: 0.3004078
	speed: 0.0106s/iter; left time: 1078.0258s
	iters: 800, epoch: 5 | loss: 0.2491934
	speed: 0.0107s/iter; left time: 1084.6731s
	iters: 900, epoch: 5 | loss: 0.2257954
	speed: 0.0109s/iter; left time: 1101.6503s
	iters: 1000, epoch: 5 | loss: 0.2042582
	speed: 0.0109s/iter; left time: 1103.2806s
Epoch: 5 cost time: 11.443130254745483
Epoch: 5, Steps: 1067 | Train Loss: 0.2590642 Vali Loss: 0.4057283
EarlyStopping counter: 3 out of 6
Updating learning rate to 3.125e-05
	iters: 100, epoch: 6 | loss: 0.2289617
	speed: 0.0333s/iter; left time: 3374.0207s
	iters: 200, epoch: 6 | loss: 0.2550176
	speed: 0.0107s/iter; left time: 1077.6782s
	iters: 300, epoch: 6 | loss: 0.2350897
	speed: 0.0108s/iter; left time: 1088.2246s
	iters: 400, epoch: 6 | loss: 0.3414280
	speed: 0.0109s/iter; left time: 1097.8891s
	iters: 500, epoch: 6 | loss: 0.2451069
	speed: 0.0107s/iter; left time: 1078.0185s
	iters: 600, epoch: 6 | loss: 0.2005606
	speed: 0.0105s/iter; left time: 1056.6471s
	iters: 700, epoch: 6 | loss: 0.3135758
	speed: 0.0106s/iter; left time: 1070.0954s
	iters: 800, epoch: 6 | loss: 0.2705129
	speed: 0.0108s/iter; left time: 1082.5409s
	iters: 900, epoch: 6 | loss: 0.2346718
	speed: 0.0108s/iter; left time: 1081.2362s
	iters: 1000, epoch: 6 | loss: 0.2590292
	speed: 0.0108s/iter; left time: 1081.5916s
Epoch: 6 cost time: 11.413827896118164
Epoch: 6, Steps: 1067 | Train Loss: 0.2572201 Vali Loss: 0.4045476
EarlyStopping counter: 4 out of 6
Updating learning rate to 1.5625e-05
	iters: 100, epoch: 7 | loss: 0.2695106
	speed: 0.0336s/iter; left time: 3367.6005s
	iters: 200, epoch: 7 | loss: 0.2818341
	speed: 0.0107s/iter; left time: 1071.7840s
	iters: 300, epoch: 7 | loss: 0.2509668
	speed: 0.0105s/iter; left time: 1054.2247s
	iters: 400, epoch: 7 | loss: 0.2650996
	speed: 0.0106s/iter; left time: 1057.9366s
	iters: 500, epoch: 7 | loss: 0.2320764
	speed: 0.0108s/iter; left time: 1073.3245s
	iters: 600, epoch: 7 | loss: 0.2565435
	speed: 0.0106s/iter; left time: 1054.9577s
	iters: 700, epoch: 7 | loss: 0.2079807
	speed: 0.0106s/iter; left time: 1060.1621s
	iters: 800, epoch: 7 | loss: 0.2702869
	speed: 0.0107s/iter; left time: 1064.9690s
	iters: 900, epoch: 7 | loss: 0.2820959
	speed: 0.0107s/iter; left time: 1060.9477s
	iters: 1000, epoch: 7 | loss: 0.2282223
	speed: 0.0110s/iter; left time: 1091.6762s
Epoch: 7 cost time: 11.392932891845703
Epoch: 7, Steps: 1067 | Train Loss: 0.2561613 Vali Loss: 0.4049734
EarlyStopping counter: 5 out of 6
Updating learning rate to 7.8125e-06
	iters: 100, epoch: 8 | loss: 0.3316810
	speed: 0.0335s/iter; left time: 3325.6283s
	iters: 200, epoch: 8 | loss: 0.2260824
	speed: 0.0108s/iter; left time: 1067.5960s
	iters: 300, epoch: 8 | loss: 0.2641413
	speed: 0.0105s/iter; left time: 1037.1915s
	iters: 400, epoch: 8 | loss: 0.2198807
	speed: 0.0104s/iter; left time: 1029.6744s
	iters: 500, epoch: 8 | loss: 0.3406951
	speed: 0.0108s/iter; left time: 1066.8446s
	iters: 600, epoch: 8 | loss: 0.2849436
	speed: 0.0107s/iter; left time: 1057.7894s
	iters: 700, epoch: 8 | loss: 0.2856523
	speed: 0.0107s/iter; left time: 1056.3911s
	iters: 800, epoch: 8 | loss: 0.2613418
	speed: 0.0106s/iter; left time: 1039.3307s
	iters: 900, epoch: 8 | loss: 0.2483670
	speed: 0.0110s/iter; left time: 1082.0835s
	iters: 1000, epoch: 8 | loss: 0.2454975
	speed: 0.0106s/iter; left time: 1046.1589s
Epoch: 8 cost time: 11.368659973144531
Epoch: 8, Steps: 1067 | Train Loss: 0.2555742 Vali Loss: 0.4052368
EarlyStopping counter: 6 out of 6
Early stopping
VALIDATION_RESULT {"best_epoch": 2, "best_mae": 0.41560979094470035, "best_mse": 0.3969242710186266, "epochs_ran": 8, "metric_version": "element_weighted_v1"}
>>>>>>>test skipped (validation-only run)<<<<<<<<<<<<<<<<<<<<<<<<
Using GPU
Args in experiment:
[1mBasic Config[0m
  Task Name:          long_term_forecast  Is Training:        0                   
  Model ID:           ETTm1_96_96_table2_ettm1_p96_no_graph_s2021Model:              GraphMambaRecent    

[1mData Loader[0m
  Data:               ETTm1               Root Path:          /home/cwh/Time-Series-Library/dataset/ETT-small
  Data Path:          ETTm1.csv           Features:           M                   
  Target:             OT                  Freq:               h                   
  Checkpoints:        /home/cwh/Time-Series-Library/logs/graphmamba_backbone_ablation/checkpoints

[1mForecasting Task[0m
  Seq Len:            336                 Label Len:          48                  
  Pred Len:           96                  Seasonal Patterns:  Monthly             
  Inverse:            0                   

[1mModel Parameters[0m
  Top k:              5                   Num Kernels:        6                   
  Enc In:             7                   Dec In:             7                   
  C Out:              7                   d model:            64                  
  n heads:            8                   e layers:           1                   
  d layers:           1                   d FF:               128                 
  Moving Avg:         25                  Factor:             1                   
  Distil:             1                   Dropout:            0.1                 
  Embed:              timeF               Activation:         gelu                

[1mRun Parameters[0m
  Num Workers:        0                   Itr:                1                   
  Train Epochs:       100                 Batch Size:         32                  
  Patience:           6                   Learning Rate:      0.0005              
  Des:                table2_ettm1_p96_no_graph_s2021Loss:               MSE                 
  Lradj:              type1               Use Amp:            0                   

[1mGPU[0m
  Use GPU:            1                   GPU:                0                   
  Use Multi GPU:      0                   Devices:            0,1,2,3             

[1mDe-stationary Projector Params[0m
  P Hidden Dims:      128, 128            P Hidden Layers:    2                   

Use GPU: cuda:0
🚀 Lazy Loading: GraphMambaRecent ...
>>>>>>>evaluating validation checkpoint : long_term_forecast_ETTm1_96_96_table2_ettm1_p96_no_graph_s2021_GraphMambaRecent_ETTm1_ftM_sl336_ll48_pl96_dm64_nh8_el1_dl1_df128_expand2_dc2_fc1_ebtimeF_dtTrue_table2_ettm1_p96_no_graph_s2021_0<<<<<<<<<<<<<<<<<<<<<<<<<<<<<<<<<
val 11425
EVALUATION_RESULT {"batches": 358, "cmrhm_intervention": "intact", "elapsed_seconds": 1.6707106598187238, "elements": 7677600, "mae": 0.41560979079762955, "metric_version": "element_weighted_v1", "milliseconds_per_batch": 4.666789552566268, "mse": 0.39692427047009243, "parameter_count": 988992, "peak_cuda_memory_bytes": 139025920, "split": "val"}
=== w/o Graph | ETTm1-720 ===
Using GPU
Args in experiment:
[1mBasic Config[0m
  Task Name:          long_term_forecast  Is Training:        1                   
  Model ID:           ETTm1_96_720_table2_ettm1_p720_no_graph_s2021Model:              GraphMambaRecent    

[1mData Loader[0m
  Data:               ETTm1               Root Path:          /home/cwh/Time-Series-Library/dataset/ETT-small
  Data Path:          ETTm1.csv           Features:           M                   
  Target:             OT                  Freq:               h                   
  Checkpoints:        /home/cwh/Time-Series-Library/logs/graphmamba_backbone_ablation/checkpoints

[1mForecasting Task[0m
  Seq Len:            336                 Label Len:          48                  
  Pred Len:           720                 Seasonal Patterns:  Monthly             
  Inverse:            0                   

[1mModel Parameters[0m
  Top k:              5                   Num Kernels:        6                   
  Enc In:             7                   Dec In:             7                   
  C Out:              7                   d model:            64                  
  n heads:            8                   e layers:           1                   
  d layers:           1                   d FF:               128                 
  Moving Avg:         25                  Factor:             1                   
  Distil:             1                   Dropout:            0.1                 
  Embed:              timeF               Activation:         gelu                

[1mRun Parameters[0m
  Num Workers:        0                   Itr:                1                   
  Train Epochs:       100                 Batch Size:         32                  
  Patience:           6                   Learning Rate:      0.0005              
  Des:                table2_ettm1_p720_no_graph_s2021Loss:               MSE                 
  Lradj:              type1               Use Amp:            0                   

[1mGPU[0m
  Use GPU:            1                   GPU:                0                   
  Use Multi GPU:      0                   Devices:            0,1,2,3             

[1mDe-stationary Projector Params[0m
  P Hidden Dims:      128, 128            P Hidden Layers:    2                   

Use GPU: cuda:0
🚀 Lazy Loading: GraphMambaRecent ...
>>>>>>>start training : long_term_forecast_ETTm1_96_720_table2_ettm1_p720_no_graph_s2021_GraphMambaRecent_ETTm1_ftM_sl336_ll48_pl720_dm64_nh8_el1_dl1_df128_expand2_dc2_fc1_ebtimeF_dtTrue_table2_ettm1_p720_no_graph_s2021_0>>>>>>>>>>>>>>>>>>>>>>>>>>
train 33505
val 10801
	iters: 100, epoch: 1 | loss: 0.5699725
	speed: 0.0132s/iter; left time: 1379.4650s
	iters: 200, epoch: 1 | loss: 0.5069711
	speed: 0.0112s/iter; left time: 1167.6571s
	iters: 300, epoch: 1 | loss: 0.4833813
	speed: 0.0111s/iter; left time: 1160.0639s
	iters: 400, epoch: 1 | loss: 0.6372566
	speed: 0.0112s/iter; left time: 1171.5587s
	iters: 500, epoch: 1 | loss: 0.4777405
	speed: 0.0113s/iter; left time: 1181.6084s
	iters: 600, epoch: 1 | loss: 0.4554227
	speed: 0.0112s/iter; left time: 1162.1907s
	iters: 700, epoch: 1 | loss: 0.4463259
	speed: 0.0111s/iter; left time: 1155.1149s
	iters: 800, epoch: 1 | loss: 0.4832965
	speed: 0.0112s/iter; left time: 1168.8206s
	iters: 900, epoch: 1 | loss: 0.3987647
	speed: 0.0112s/iter; left time: 1161.1391s
	iters: 1000, epoch: 1 | loss: 0.3959250
	speed: 0.0114s/iter; left time: 1188.1764s
Epoch: 1 cost time: 11.958307027816772
Epoch: 1, Steps: 1048 | Train Loss: 0.5139650 Vali Loss: 0.9985110
Validation loss decreased (inf --> 0.998511).  Saving model ...
Updating learning rate to 0.0005
	iters: 100, epoch: 2 | loss: 0.4799237
	speed: 0.0340s/iter; left time: 3524.9138s
	iters: 200, epoch: 2 | loss: 0.5700207
	speed: 0.0116s/iter; left time: 1197.4488s
	iters: 300, epoch: 2 | loss: 0.4212900
	speed: 0.0116s/iter; left time: 1200.6878s
	iters: 400, epoch: 2 | loss: 0.4893773
	speed: 0.0115s/iter; left time: 1183.8223s
	iters: 500, epoch: 2 | loss: 0.4102795
	speed: 0.0114s/iter; left time: 1172.2285s
	iters: 600, epoch: 2 | loss: 0.3801112
	speed: 0.0112s/iter; left time: 1159.9046s
	iters: 700, epoch: 2 | loss: 0.4638387
	speed: 0.0111s/iter; left time: 1147.0796s
	iters: 800, epoch: 2 | loss: 0.4284713
	speed: 0.0111s/iter; left time: 1143.3727s
	iters: 900, epoch: 2 | loss: 0.3805754
	speed: 0.0110s/iter; left time: 1130.1200s
	iters: 1000, epoch: 2 | loss: 0.5108638
	speed: 0.0111s/iter; left time: 1138.9247s
Epoch: 2 cost time: 11.851714372634888
Epoch: 2, Steps: 1048 | Train Loss: 0.4596109 Vali Loss: 0.9916405
Validation loss decreased (0.998511 --> 0.991641).  Saving model ...
Updating learning rate to 0.00025
	iters: 100, epoch: 3 | loss: 0.3871123
	speed: 0.0322s/iter; left time: 3305.9944s
	iters: 200, epoch: 3 | loss: 0.3989880
	speed: 0.0113s/iter; left time: 1162.0438s
	iters: 300, epoch: 3 | loss: 0.4427858
	speed: 0.0112s/iter; left time: 1146.1636s
	iters: 400, epoch: 3 | loss: 0.4208226
	speed: 0.0111s/iter; left time: 1134.6078s
	iters: 500, epoch: 3 | loss: 0.3785762
	speed: 0.0110s/iter; left time: 1122.5375s
	iters: 600, epoch: 3 | loss: 0.4278021
	speed: 0.0112s/iter; left time: 1138.7807s
	iters: 700, epoch: 3 | loss: 0.4168416
	speed: 0.0110s/iter; left time: 1126.1881s
	iters: 800, epoch: 3 | loss: 0.4549633
	speed: 0.0111s/iter; left time: 1130.9413s
	iters: 900, epoch: 3 | loss: 0.4960535
	speed: 0.0112s/iter; left time: 1141.2283s
	iters: 1000, epoch: 3 | loss: 0.4074313
	speed: 0.0112s/iter; left time: 1140.8127s
Epoch: 3 cost time: 11.662336587905884
Epoch: 3, Steps: 1048 | Train Loss: 0.4404035 Vali Loss: 0.9777016
Validation loss decreased (0.991641 --> 0.977702).  Saving model ...
Updating learning rate to 0.000125
	iters: 100, epoch: 4 | loss: 0.4267288
	speed: 0.0324s/iter; left time: 3287.2151s
	iters: 200, epoch: 4 | loss: 0.4313138
	speed: 0.0111s/iter; left time: 1123.5140s
	iters: 300, epoch: 4 | loss: 0.3961407
	speed: 0.0115s/iter; left time: 1167.2314s
	iters: 400, epoch: 4 | loss: 0.4566773
	speed: 0.0110s/iter; left time: 1115.4755s
	iters: 500, epoch: 4 | loss: 0.4828614
	speed: 0.0109s/iter; left time: 1107.2061s
	iters: 600, epoch: 4 | loss: 0.3762555
	speed: 0.0112s/iter; left time: 1130.0503s
	iters: 700, epoch: 4 | loss: 0.4282703
	speed: 0.0112s/iter; left time: 1131.4917s
	iters: 800, epoch: 4 | loss: 0.3624006
	speed: 0.0111s/iter; left time: 1123.7885s
	iters: 900, epoch: 4 | loss: 0.4214913
	speed: 0.0109s/iter; left time: 1101.5022s
	iters: 1000, epoch: 4 | loss: 0.3885149
	speed: 0.0111s/iter; left time: 1114.1097s
Epoch: 4 cost time: 11.624701738357544
Epoch: 4, Steps: 1048 | Train Loss: 0.4322346 Vali Loss: 0.9730354
Validation loss decreased (0.977702 --> 0.973035).  Saving model ...
Updating learning rate to 6.25e-05
	iters: 100, epoch: 5 | loss: 0.5227385
	speed: 0.0329s/iter; left time: 3304.2369s
	iters: 200, epoch: 5 | loss: 0.3886213
	speed: 0.0112s/iter; left time: 1124.0468s
	iters: 300, epoch: 5 | loss: 0.4138413
	speed: 0.0113s/iter; left time: 1134.0184s
	iters: 400, epoch: 5 | loss: 0.4905513
	speed: 0.0114s/iter; left time: 1142.2468s
	iters: 500, epoch: 5 | loss: 0.4376301
	speed: 0.0112s/iter; left time: 1126.1659s
	iters: 600, epoch: 5 | loss: 0.4054805
	speed: 0.0112s/iter; left time: 1116.8918s
	iters: 700, epoch: 5 | loss: 0.4333590
	speed: 0.0113s/iter; left time: 1133.3790s
	iters: 800, epoch: 5 | loss: 0.4370919
	speed: 0.0113s/iter; left time: 1127.3057s
	iters: 900, epoch: 5 | loss: 0.5391929
	speed: 0.0113s/iter; left time: 1125.3546s
	iters: 1000, epoch: 5 | loss: 0.4031010
	speed: 0.0111s/iter; left time: 1106.1350s
Epoch: 5 cost time: 11.8178231716156
Epoch: 5, Steps: 1048 | Train Loss: 0.4279097 Vali Loss: 0.9756391
EarlyStopping counter: 1 out of 6
Updating learning rate to 3.125e-05
	iters: 100, epoch: 6 | loss: 0.3986042
	speed: 0.0328s/iter; left time: 3260.8235s
	iters: 200, epoch: 6 | loss: 0.3177447
	speed: 0.0113s/iter; left time: 1124.4088s
	iters: 300, epoch: 6 | loss: 0.3725129
	speed: 0.0116s/iter; left time: 1151.5541s
	iters: 400, epoch: 6 | loss: 0.4253053
	speed: 0.0115s/iter; left time: 1138.4669s
	iters: 500, epoch: 6 | loss: 0.4425429
	speed: 0.0117s/iter; left time: 1158.1085s
	iters: 600, epoch: 6 | loss: 0.4616860
	speed: 0.0113s/iter; left time: 1120.8475s
	iters: 700, epoch: 6 | loss: 0.4196431
	speed: 0.0112s/iter; left time: 1108.0487s
	iters: 800, epoch: 6 | loss: 0.4909463
	speed: 0.0111s/iter; left time: 1098.5258s
	iters: 900, epoch: 6 | loss: 0.3406246
	speed: 0.0112s/iter; left time: 1106.4540s
	iters: 1000, epoch: 6 | loss: 0.4211560
	speed: 0.0113s/iter; left time: 1113.5531s
Epoch: 6 cost time: 11.921900272369385
Epoch: 6, Steps: 1048 | Train Loss: 0.4250364 Vali Loss: 0.9753391
EarlyStopping counter: 2 out of 6
Updating learning rate to 1.5625e-05
	iters: 100, epoch: 7 | loss: 0.3757492
	speed: 0.0328s/iter; left time: 3226.3410s
	iters: 200, epoch: 7 | loss: 0.5267503
	speed: 0.0113s/iter; left time: 1107.6283s
	iters: 300, epoch: 7 | loss: 0.3857132
	speed: 0.0111s/iter; left time: 1093.7901s
	iters: 400, epoch: 7 | loss: 0.4493179
	speed: 0.0116s/iter; left time: 1134.1146s
	iters: 500, epoch: 7 | loss: 0.4125113
	speed: 0.0116s/iter; left time: 1139.8193s
	iters: 600, epoch: 7 | loss: 0.4207852
	speed: 0.0116s/iter; left time: 1131.3984s
	iters: 700, epoch: 7 | loss: 0.4021036
	speed: 0.0113s/iter; left time: 1108.9047s
	iters: 800, epoch: 7 | loss: 0.4638948
	speed: 0.0114s/iter; left time: 1114.0692s
	iters: 900, epoch: 7 | loss: 0.4801208
	speed: 0.0114s/iter; left time: 1110.8895s
	iters: 1000, epoch: 7 | loss: 0.3483616
	speed: 0.0114s/iter; left time: 1110.9745s
Epoch: 7 cost time: 11.934953927993774
Epoch: 7, Steps: 1048 | Train Loss: 0.4237873 Vali Loss: 0.9734197
EarlyStopping counter: 3 out of 6
Updating learning rate to 7.8125e-06
	iters: 100, epoch: 8 | loss: 0.4546708
	speed: 0.0329s/iter; left time: 3204.5836s
	iters: 200, epoch: 8 | loss: 0.4279214
	speed: 0.0115s/iter; left time: 1116.6300s
	iters: 300, epoch: 8 | loss: 0.3719084
	speed: 0.0112s/iter; left time: 1089.2392s
	iters: 400, epoch: 8 | loss: 0.4109247
	speed: 0.0112s/iter; left time: 1089.1625s
	iters: 500, epoch: 8 | loss: 0.3483709
	speed: 0.0112s/iter; left time: 1084.5181s
	iters: 600, epoch: 8 | loss: 0.3535400
	speed: 0.0114s/iter; left time: 1108.3770s
	iters: 700, epoch: 8 | loss: 0.3972955
	speed: 0.0112s/iter; left time: 1088.3656s
	iters: 800, epoch: 8 | loss: 0.3839255
	speed: 0.0113s/iter; left time: 1087.5446s
	iters: 900, epoch: 8 | loss: 0.4775778
	speed: 0.0112s/iter; left time: 1083.9476s
	iters: 1000, epoch: 8 | loss: 0.4652264
	speed: 0.0113s/iter; left time: 1090.2890s
Epoch: 8 cost time: 11.829530715942383
Epoch: 8, Steps: 1048 | Train Loss: 0.4231831 Vali Loss: 0.9730594
EarlyStopping counter: 4 out of 6
Updating learning rate to 3.90625e-06
	iters: 100, epoch: 9 | loss: 0.4666224
	speed: 0.0324s/iter; left time: 3123.1261s
	iters: 200, epoch: 9 | loss: 0.4295924
	speed: 0.0110s/iter; left time: 1061.7747s
	iters: 300, epoch: 9 | loss: 0.4062567
	speed: 0.0112s/iter; left time: 1073.9529s
	iters: 400, epoch: 9 | loss: 0.4305636
	speed: 0.0111s/iter; left time: 1067.0555s
	iters: 500, epoch: 9 | loss: 0.3978827
	speed: 0.0110s/iter; left time: 1053.8516s
	iters: 600, epoch: 9 | loss: 0.3935925
	speed: 0.0115s/iter; left time: 1101.0442s
	iters: 700, epoch: 9 | loss: 0.4114099
	speed: 0.0113s/iter; left time: 1082.6079s
	iters: 800, epoch: 9 | loss: 0.4891834
	speed: 0.0114s/iter; left time: 1087.5139s
	iters: 900, epoch: 9 | loss: 0.4470816
	speed: 0.0112s/iter; left time: 1073.1113s
	iters: 1000, epoch: 9 | loss: 0.4857145
	speed: 0.0114s/iter; left time: 1084.4589s
Epoch: 9 cost time: 11.760821342468262
Epoch: 9, Steps: 1048 | Train Loss: 0.4226390 Vali Loss: 0.9730136
Validation loss decreased (0.973035 --> 0.973014).  Saving model ...
Updating learning rate to 1.953125e-06
	iters: 100, epoch: 10 | loss: 0.4231256
	speed: 0.0330s/iter; left time: 3146.0891s
	iters: 200, epoch: 10 | loss: 0.3718951
	speed: 0.0114s/iter; left time: 1084.2476s
	iters: 300, epoch: 10 | loss: 0.4810162
	speed: 0.0114s/iter; left time: 1086.7784s
	iters: 400, epoch: 10 | loss: 0.4047031
	speed: 0.0114s/iter; left time: 1086.6657s
	iters: 500, epoch: 10 | loss: 0.4004278
	speed: 0.0111s/iter; left time: 1051.5249s
	iters: 600, epoch: 10 | loss: 0.4353927
	speed: 0.0111s/iter; left time: 1051.6224s
	iters: 700, epoch: 10 | loss: 0.4022845
	speed: 0.0113s/iter; left time: 1065.9340s
	iters: 800, epoch: 10 | loss: 0.3395728
	speed: 0.0114s/iter; left time: 1082.1661s
	iters: 900, epoch: 10 | loss: 0.4122102
	speed: 0.0114s/iter; left time: 1072.4204s
	iters: 1000, epoch: 10 | loss: 0.4670376
	speed: 0.0112s/iter; left time: 1056.6020s
Epoch: 10 cost time: 11.856410503387451
Epoch: 10, Steps: 1048 | Train Loss: 0.4220405 Vali Loss: 0.9730533
EarlyStopping counter: 1 out of 6
Updating learning rate to 9.765625e-07
	iters: 100, epoch: 11 | loss: 0.4069133
	speed: 0.0329s/iter; left time: 3099.1197s
	iters: 200, epoch: 11 | loss: 0.4090798
	speed: 0.0115s/iter; left time: 1081.7330s
	iters: 300, epoch: 11 | loss: 0.4404107
	speed: 0.0112s/iter; left time: 1053.7439s
	iters: 400, epoch: 11 | loss: 0.3935522
	speed: 0.0114s/iter; left time: 1068.7399s
	iters: 500, epoch: 11 | loss: 0.4614633
	speed: 0.0114s/iter; left time: 1065.7499s
	iters: 600, epoch: 11 | loss: 0.3640783
	speed: 0.0112s/iter; left time: 1052.4626s
	iters: 700, epoch: 11 | loss: 0.4012720
	speed: 0.0113s/iter; left time: 1058.8140s
	iters: 800, epoch: 11 | loss: 0.3904217
	speed: 0.0110s/iter; left time: 1028.0616s
	iters: 900, epoch: 11 | loss: 0.3840572
	speed: 0.0114s/iter; left time: 1064.3015s
	iters: 1000, epoch: 11 | loss: 0.4672455
	speed: 0.0115s/iter; left time: 1074.5800s
Epoch: 11 cost time: 11.832550764083862
Epoch: 11, Steps: 1048 | Train Loss: 0.4220244 Vali Loss: 0.9728832
Validation loss decreased (0.973014 --> 0.972883).  Saving model ...
Updating learning rate to 4.8828125e-07
	iters: 100, epoch: 12 | loss: 0.4333947
	speed: 0.0336s/iter; left time: 3127.4565s
	iters: 200, epoch: 12 | loss: 0.5243400
	speed: 0.0114s/iter; left time: 1062.1145s
	iters: 300, epoch: 12 | loss: 0.4465085
	speed: 0.0109s/iter; left time: 1012.2323s
	iters: 400, epoch: 12 | loss: 0.4273956
	speed: 0.0113s/iter; left time: 1049.5584s
	iters: 500, epoch: 12 | loss: 0.4475709
	speed: 0.0113s/iter; left time: 1048.2543s
	iters: 600, epoch: 12 | loss: 0.4660125
	speed: 0.0109s/iter; left time: 1009.2023s
	iters: 700, epoch: 12 | loss: 0.3918816
	speed: 0.0112s/iter; left time: 1032.2920s
	iters: 800, epoch: 12 | loss: 0.4259528
	speed: 0.0112s/iter; left time: 1036.9359s
	iters: 900, epoch: 12 | loss: 0.4385257
	speed: 0.0113s/iter; left time: 1039.2720s
	iters: 1000, epoch: 12 | loss: 0.3828518
	speed: 0.0113s/iter; left time: 1040.9979s
Epoch: 12 cost time: 11.755677461624146
Epoch: 12, Steps: 1048 | Train Loss: 0.4223177 Vali Loss: 0.9729472
EarlyStopping counter: 1 out of 6
Updating learning rate to 2.44140625e-07
	iters: 100, epoch: 13 | loss: 0.4581006
	speed: 0.0330s/iter; left time: 3044.1798s
	iters: 200, epoch: 13 | loss: 0.4786396
	speed: 0.0114s/iter; left time: 1044.5605s
	iters: 300, epoch: 13 | loss: 0.4100257
	speed: 0.0110s/iter; left time: 1008.6955s
	iters: 400, epoch: 13 | loss: 0.3829744
	speed: 0.0110s/iter; left time: 1013.1272s
	iters: 500, epoch: 13 | loss: 0.3605863
	speed: 0.0111s/iter; left time: 1019.2566s
	iters: 600, epoch: 13 | loss: 0.4091855
	speed: 0.0111s/iter; left time: 1012.7261s
	iters: 700, epoch: 13 | loss: 0.5452471
	speed: 0.0110s/iter; left time: 1005.9204s
	iters: 800, epoch: 13 | loss: 0.4601860
	speed: 0.0111s/iter; left time: 1017.6567s
	iters: 900, epoch: 13 | loss: 0.3748721
	speed: 0.0110s/iter; left time: 1002.1543s
	iters: 1000, epoch: 13 | loss: 0.4313393
	speed: 0.0112s/iter; left time: 1022.1347s
Epoch: 13 cost time: 11.671627759933472
Epoch: 13, Steps: 1048 | Train Loss: 0.4235421 Vali Loss: 0.9729446
EarlyStopping counter: 2 out of 6
Updating learning rate to 1.220703125e-07
	iters: 100, epoch: 14 | loss: 0.4100149
	speed: 0.0329s/iter; left time: 2994.0670s
	iters: 200, epoch: 14 | loss: 0.5128312
	speed: 0.0111s/iter; left time: 1014.1806s
	iters: 300, epoch: 14 | loss: 0.3917236
	speed: 0.0111s/iter; left time: 1007.4129s
	iters: 400, epoch: 14 | loss: 0.3708822
	speed: 0.0115s/iter; left time: 1039.5453s
	iters: 500, epoch: 14 | loss: 0.4259673
	speed: 0.0109s/iter; left time: 985.3335s
	iters: 600, epoch: 14 | loss: 0.4527080
	speed: 0.0111s/iter; left time: 1004.5032s
	iters: 700, epoch: 14 | loss: 0.3786350
	speed: 0.0111s/iter; left time: 1005.7869s
	iters: 800, epoch: 14 | loss: 0.5336657
	speed: 0.0115s/iter; left time: 1034.8574s
	iters: 900, epoch: 14 | loss: 0.4020713
	speed: 0.0112s/iter; left time: 1010.1970s
	iters: 1000, epoch: 14 | loss: 0.4536223
	speed: 0.0114s/iter; left time: 1024.6069s
Epoch: 14 cost time: 11.753711700439453
Epoch: 14, Steps: 1048 | Train Loss: 0.4218283 Vali Loss: 0.9729523
EarlyStopping counter: 3 out of 6
Updating learning rate to 6.103515625e-08
	iters: 100, epoch: 15 | loss: 0.4809664
	speed: 0.0331s/iter; left time: 2981.7850s
	iters: 200, epoch: 15 | loss: 0.4097430
	speed: 0.0113s/iter; left time: 1018.7861s
	iters: 300, epoch: 15 | loss: 0.4928574
	speed: 0.0113s/iter; left time: 1011.5882s
	iters: 400, epoch: 15 | loss: 0.3959081
	speed: 0.0111s/iter; left time: 994.8336s
	iters: 500, epoch: 15 | loss: 0.3701147
	speed: 0.0113s/iter; left time: 1012.0753s
	iters: 600, epoch: 15 | loss: 0.3937400
	speed: 0.0109s/iter; left time: 979.8950s
	iters: 700, epoch: 15 | loss: 0.4398275
	speed: 0.0109s/iter; left time: 977.0421s
	iters: 800, epoch: 15 | loss: 0.3954534
	speed: 0.0112s/iter; left time: 996.0198s
	iters: 900, epoch: 15 | loss: 0.3859881
	speed: 0.0112s/iter; left time: 998.6048s
	iters: 1000, epoch: 15 | loss: 0.4149600
	speed: 0.0111s/iter; left time: 986.6382s
Epoch: 15 cost time: 11.701741456985474
Epoch: 15, Steps: 1048 | Train Loss: 0.4221032 Vali Loss: 0.9729501
EarlyStopping counter: 4 out of 6
Updating learning rate to 3.0517578125e-08
	iters: 100, epoch: 16 | loss: 0.3502267
	speed: 0.0319s/iter; left time: 2840.0454s
	iters: 200, epoch: 16 | loss: 0.4846000
	speed: 0.0110s/iter; left time: 980.3947s
	iters: 300, epoch: 16 | loss: 0.4721649
	speed: 0.0111s/iter; left time: 989.6861s
	iters: 400, epoch: 16 | loss: 0.4532066
	speed: 0.0110s/iter; left time: 979.8136s
	iters: 500, epoch: 16 | loss: 0.4540443
	speed: 0.0112s/iter; left time: 988.0249s
	iters: 600, epoch: 16 | loss: 0.4246526
	speed: 0.0114s/iter; left time: 1006.2889s
	iters: 700, epoch: 16 | loss: 0.4736016
	speed: 0.0118s/iter; left time: 1040.0704s
	iters: 800, epoch: 16 | loss: 0.3783923
	speed: 0.0112s/iter; left time: 984.4521s
	iters: 900, epoch: 16 | loss: 0.4254938
	speed: 0.0115s/iter; left time: 1010.2870s
	iters: 1000, epoch: 16 | loss: 0.4740656
	speed: 0.0113s/iter; left time: 992.4031s
Epoch: 16 cost time: 11.767621517181396
Epoch: 16, Steps: 1048 | Train Loss: 0.4220950 Vali Loss: 0.9729507
EarlyStopping counter: 5 out of 6
Updating learning rate to 1.52587890625e-08
	iters: 100, epoch: 17 | loss: 0.4094788
	speed: 0.0332s/iter; left time: 2916.6608s
	iters: 200, epoch: 17 | loss: 0.5196476
	speed: 0.0115s/iter; left time: 1007.2488s
	iters: 300, epoch: 17 | loss: 0.4331604
	speed: 0.0115s/iter; left time: 1007.5108s
	iters: 400, epoch: 17 | loss: 0.4433556
	speed: 0.0112s/iter; left time: 983.7288s
	iters: 500, epoch: 17 | loss: 0.3941343
	speed: 0.0114s/iter; left time: 995.3947s
	iters: 600, epoch: 17 | loss: 0.3379118
	speed: 0.0117s/iter; left time: 1024.6205s
	iters: 700, epoch: 17 | loss: 0.5219550
	speed: 0.0116s/iter; left time: 1016.1072s
	iters: 800, epoch: 17 | loss: 0.4976778
	speed: 0.0114s/iter; left time: 998.7032s
	iters: 900, epoch: 17 | loss: 0.3250130
	speed: 0.0116s/iter; left time: 1014.7240s
	iters: 1000, epoch: 17 | loss: 0.3989807
	speed: 0.0119s/iter; left time: 1036.0291s
Epoch: 17 cost time: 12.077283143997192
Epoch: 17, Steps: 1048 | Train Loss: 0.4219239 Vali Loss: 0.9729502
EarlyStopping counter: 6 out of 6
Early stopping
VALIDATION_RESULT {"best_epoch": 11, "best_mae": 0.6638759367846093, "best_mse": 0.97288319766973, "epochs_ran": 17, "metric_version": "element_weighted_v1"}
>>>>>>>test skipped (validation-only run)<<<<<<<<<<<<<<<<<<<<<<<<
Using GPU
Args in experiment:
[1mBasic Config[0m
  Task Name:          long_term_forecast  Is Training:        0                   
  Model ID:           ETTm1_96_720_table2_ettm1_p720_no_graph_s2021Model:              GraphMambaRecent    

[1mData Loader[0m
  Data:               ETTm1               Root Path:          /home/cwh/Time-Series-Library/dataset/ETT-small
  Data Path:          ETTm1.csv           Features:           M                   
  Target:             OT                  Freq:               h                   
  Checkpoints:        /home/cwh/Time-Series-Library/logs/graphmamba_backbone_ablation/checkpoints

[1mForecasting Task[0m
  Seq Len:            336                 Label Len:          48                  
  Pred Len:           720                 Seasonal Patterns:  Monthly             
  Inverse:            0                   

[1mModel Parameters[0m
  Top k:              5                   Num Kernels:        6                   
  Enc In:             7                   Dec In:             7                   
  C Out:              7                   d model:            64                  
  n heads:            8                   e layers:           1                   
  d layers:           1                   d FF:               128                 
  Moving Avg:         25                  Factor:             1                   
  Distil:             1                   Dropout:            0.1                 
  Embed:              timeF               Activation:         gelu                

[1mRun Parameters[0m
  Num Workers:        0                   Itr:                1                   
  Train Epochs:       100                 Batch Size:         32                  
  Patience:           6                   Learning Rate:      0.0005              
  Des:                table2_ettm1_p720_no_graph_s2021Loss:               MSE                 
  Lradj:              type1               Use Amp:            0                   

[1mGPU[0m
  Use GPU:            1                   GPU:                0                   
  Use Multi GPU:      0                   Devices:            0,1,2,3             

[1mDe-stationary Projector Params[0m
  P Hidden Dims:      128, 128            P Hidden Layers:    2                   

Use GPU: cuda:0
🚀 Lazy Loading: GraphMambaRecent ...
>>>>>>>evaluating validation checkpoint : long_term_forecast_ETTm1_96_720_table2_ettm1_p720_no_graph_s2021_GraphMambaRecent_ETTm1_ftM_sl336_ll48_pl720_dm64_nh8_el1_dl1_df128_expand2_dc2_fc1_ebtimeF_dtTrue_table2_ettm1_p720_no_graph_s2021_0<<<<<<<<<<<<<<<<<<<<<<<<<<<<<<<<<
val 10801
EVALUATION_RESULT {"batches": 338, "cmrhm_intervention": "intact", "elapsed_seconds": 1.6920884421560913, "elements": 54437040, "mae": 0.6638759354212224, "metric_version": "element_weighted_v1", "milliseconds_per_batch": 5.006178822947016, "mse": 0.9728831979567588, "parameter_count": 6800928, "peak_cuda_memory_bytes": 165820928, "split": "val"}
=== w/o Graph | ETTm2-96 ===
Using GPU
Args in experiment:
[1mBasic Config[0m
  Task Name:          long_term_forecast  Is Training:        1                   
  Model ID:           ETTm2_96_96_table2_ettm2_p96_no_graph_s2021Model:              GraphMambaRecent    

[1mData Loader[0m
  Data:               ETTm2               Root Path:          /home/cwh/Time-Series-Library/dataset/ETT-small
  Data Path:          ETTm2.csv           Features:           M                   
  Target:             OT                  Freq:               h                   
  Checkpoints:        /home/cwh/Time-Series-Library/logs/graphmamba_backbone_ablation/checkpoints

[1mForecasting Task[0m
  Seq Len:            336                 Label Len:          48                  
  Pred Len:           96                  Seasonal Patterns:  Monthly             
  Inverse:            0                   

[1mModel Parameters[0m
  Top k:              5                   Num Kernels:        6                   
  Enc In:             7                   Dec In:             7                   
  C Out:              7                   d model:            64                  
  n heads:            8                   e layers:           1                   
  d layers:           1                   d FF:               128                 
  Moving Avg:         25                  Factor:             1                   
  Distil:             1                   Dropout:            0.1                 
  Embed:              timeF               Activation:         gelu                

[1mRun Parameters[0m
  Num Workers:        0                   Itr:                1                   
  Train Epochs:       100                 Batch Size:         32                  
  Patience:           6                   Learning Rate:      0.0005              
  Des:                table2_ettm2_p96_no_graph_s2021Loss:               MSE                 
  Lradj:              type1               Use Amp:            0                   

[1mGPU[0m
  Use GPU:            1                   GPU:                0                   
  Use Multi GPU:      0                   Devices:            0,1,2,3             

[1mDe-stationary Projector Params[0m
  P Hidden Dims:      128, 128            P Hidden Layers:    2                   

Use GPU: cuda:0
🚀 Lazy Loading: GraphMambaRecent ...
>>>>>>>start training : long_term_forecast_ETTm2_96_96_table2_ettm2_p96_no_graph_s2021_GraphMambaRecent_ETTm2_ftM_sl336_ll48_pl96_dm64_nh8_el1_dl1_df128_expand2_dc2_fc1_ebtimeF_dtTrue_table2_ettm2_p96_no_graph_s2021_0>>>>>>>>>>>>>>>>>>>>>>>>>>
train 34129
val 11425
	iters: 100, epoch: 1 | loss: 0.1865265
	speed: 0.0127s/iter; left time: 1358.5277s
	iters: 200, epoch: 1 | loss: 0.2110821
	speed: 0.0106s/iter; left time: 1131.9380s
	iters: 300, epoch: 1 | loss: 0.3431583
	speed: 0.0111s/iter; left time: 1176.7397s
	iters: 400, epoch: 1 | loss: 0.2911579
	speed: 0.0109s/iter; left time: 1156.0184s
	iters: 500, epoch: 1 | loss: 0.2467829
	speed: 0.0107s/iter; left time: 1133.7492s
	iters: 600, epoch: 1 | loss: 0.1753906
	speed: 0.0109s/iter; left time: 1159.1068s
	iters: 700, epoch: 1 | loss: 0.2876791
	speed: 0.0107s/iter; left time: 1136.6456s
	iters: 800, epoch: 1 | loss: 0.2266096
	speed: 0.0107s/iter; left time: 1129.6732s
	iters: 900, epoch: 1 | loss: 0.1416533
	speed: 0.0108s/iter; left time: 1138.6531s
	iters: 1000, epoch: 1 | loss: 0.3164087
	speed: 0.0105s/iter; left time: 1107.6380s
Epoch: 1 cost time: 11.677112817764282
Epoch: 1, Steps: 1067 | Train Loss: 0.2664487 Vali Loss: 0.1329772
Validation loss decreased (inf --> 0.132977).  Saving model ...
Updating learning rate to 0.0005
	iters: 100, epoch: 2 | loss: 0.5004653
	speed: 0.0336s/iter; left time: 3550.8726s
	iters: 200, epoch: 2 | loss: 0.1422443
	speed: 0.0108s/iter; left time: 1139.9463s
	iters: 300, epoch: 2 | loss: 0.3363020
	speed: 0.0107s/iter; left time: 1131.8179s
	iters: 400, epoch: 2 | loss: 0.1977417
	speed: 0.0103s/iter; left time: 1088.6496s
	iters: 500, epoch: 2 | loss: 0.3062509
	speed: 0.0104s/iter; left time: 1093.9132s
	iters: 600, epoch: 2 | loss: 0.3261884
	speed: 0.0105s/iter; left time: 1103.8178s
	iters: 700, epoch: 2 | loss: 0.3693581
	speed: 0.0105s/iter; left time: 1105.2907s
	iters: 800, epoch: 2 | loss: 0.4092653
	speed: 0.0105s/iter; left time: 1096.5112s
	iters: 900, epoch: 2 | loss: 0.1253117
	speed: 0.0104s/iter; left time: 1092.4021s
	iters: 1000, epoch: 2 | loss: 0.1498852
	speed: 0.0104s/iter; left time: 1089.0749s
Epoch: 2 cost time: 11.2139732837677
Epoch: 2, Steps: 1067 | Train Loss: 0.2284550 Vali Loss: 0.1365675
EarlyStopping counter: 1 out of 6
Updating learning rate to 0.00025
	iters: 100, epoch: 3 | loss: 0.1070666
	speed: 0.0322s/iter; left time: 3368.6636s
	iters: 200, epoch: 3 | loss: 0.1739843
	speed: 0.0102s/iter; left time: 1068.6747s
	iters: 300, epoch: 3 | loss: 0.2250986
	speed: 0.0106s/iter; left time: 1110.2161s
	iters: 400, epoch: 3 | loss: 0.2351212
	speed: 0.0104s/iter; left time: 1083.2367s
	iters: 500, epoch: 3 | loss: 0.3050292
	speed: 0.0105s/iter; left time: 1088.0776s
	iters: 600, epoch: 3 | loss: 0.4129721
	speed: 0.0105s/iter; left time: 1092.0835s
	iters: 700, epoch: 3 | loss: 0.1489577
	speed: 0.0105s/iter; left time: 1085.6438s
	iters: 800, epoch: 3 | loss: 0.1125796
	speed: 0.0107s/iter; left time: 1108.3736s
	iters: 900, epoch: 3 | loss: 0.3995830
	speed: 0.0109s/iter; left time: 1127.6009s
	iters: 1000, epoch: 3 | loss: 0.2849988
	speed: 0.0110s/iter; left time: 1137.5203s
Epoch: 3 cost time: 11.302531480789185
Epoch: 3, Steps: 1067 | Train Loss: 0.2158511 Vali Loss: 0.1336298
EarlyStopping counter: 2 out of 6
Updating learning rate to 0.000125
	iters: 100, epoch: 4 | loss: 0.1043127
	speed: 0.0345s/iter; left time: 3568.8938s
	iters: 200, epoch: 4 | loss: 0.3078370
	speed: 0.0113s/iter; left time: 1169.8094s
	iters: 300, epoch: 4 | loss: 0.1821828
	speed: 0.0112s/iter; left time: 1151.9737s
	iters: 400, epoch: 4 | loss: 0.1880687
	speed: 0.0110s/iter; left time: 1139.1761s
	iters: 500, epoch: 4 | loss: 0.1211550
	speed: 0.0109s/iter; left time: 1119.3395s
	iters: 600, epoch: 4 | loss: 0.1604929
	speed: 0.0110s/iter; left time: 1129.2881s
	iters: 700, epoch: 4 | loss: 0.3083781
	speed: 0.0112s/iter; left time: 1150.6442s
	iters: 800, epoch: 4 | loss: 0.1087672
	speed: 0.0110s/iter; left time: 1128.9695s
	iters: 900, epoch: 4 | loss: 0.3992662
	speed: 0.0107s/iter; left time: 1100.7568s
	iters: 1000, epoch: 4 | loss: 0.1530332
	speed: 0.0108s/iter; left time: 1108.0803s
Epoch: 4 cost time: 11.738965272903442
Epoch: 4, Steps: 1067 | Train Loss: 0.2100496 Vali Loss: 0.1355116
EarlyStopping counter: 3 out of 6
Updating learning rate to 6.25e-05
	iters: 100, epoch: 5 | loss: 0.1495170
	speed: 0.0340s/iter; left time: 3475.9122s
	iters: 200, epoch: 5 | loss: 0.1318492
	speed: 0.0108s/iter; left time: 1101.2694s
	iters: 300, epoch: 5 | loss: 0.1800412
	speed: 0.0109s/iter; left time: 1112.4348s
	iters: 400, epoch: 5 | loss: 0.2759100
	speed: 0.0109s/iter; left time: 1109.9807s
	iters: 500, epoch: 5 | loss: 0.4047316
	speed: 0.0106s/iter; left time: 1079.9658s
	iters: 600, epoch: 5 | loss: 0.1121704
	speed: 0.0108s/iter; left time: 1099.1675s
	iters: 700, epoch: 5 | loss: 0.1380772
	speed: 0.0108s/iter; left time: 1103.0963s
	iters: 800, epoch: 5 | loss: 0.1527106
	speed: 0.0109s/iter; left time: 1105.3753s
	iters: 900, epoch: 5 | loss: 0.3833281
	speed: 0.0108s/iter; left time: 1096.1811s
	iters: 1000, epoch: 5 | loss: 0.1279056
	speed: 0.0108s/iter; left time: 1091.6331s
Epoch: 5 cost time: 11.54471492767334
Epoch: 5, Steps: 1067 | Train Loss: 0.2064214 Vali Loss: 0.1312795
Validation loss decreased (0.132977 --> 0.131279).  Saving model ...
Updating learning rate to 3.125e-05
	iters: 100, epoch: 6 | loss: 0.1623452
	speed: 0.0337s/iter; left time: 3413.6231s
	iters: 200, epoch: 6 | loss: 0.5554769
	speed: 0.0111s/iter; left time: 1118.7097s
	iters: 300, epoch: 6 | loss: 0.1789513
	speed: 0.0108s/iter; left time: 1091.4334s
	iters: 400, epoch: 6 | loss: 0.2092378
	speed: 0.0109s/iter; left time: 1100.1738s
	iters: 500, epoch: 6 | loss: 0.4962521
	speed: 0.0108s/iter; left time: 1091.7008s
	iters: 600, epoch: 6 | loss: 0.1891833
	speed: 0.0109s/iter; left time: 1098.5759s
	iters: 700, epoch: 6 | loss: 0.4096269
	speed: 0.0111s/iter; left time: 1112.5981s
	iters: 800, epoch: 6 | loss: 0.1610419
	speed: 0.0105s/iter; left time: 1060.1605s
	iters: 900, epoch: 6 | loss: 0.3534489
	speed: 0.0108s/iter; left time: 1082.1248s
	iters: 1000, epoch: 6 | loss: 0.1381098
	speed: 0.0106s/iter; left time: 1066.4723s
Epoch: 6 cost time: 11.55948519706726
Epoch: 6, Steps: 1067 | Train Loss: 0.2048431 Vali Loss: 0.1354730
EarlyStopping counter: 1 out of 6
Updating learning rate to 1.5625e-05
	iters: 100, epoch: 7 | loss: 0.1970938
	speed: 0.0336s/iter; left time: 3367.6732s
	iters: 200, epoch: 7 | loss: 0.1340090
	speed: 0.0110s/iter; left time: 1098.1150s
	iters: 300, epoch: 7 | loss: 0.2787808
	speed: 0.0110s/iter; left time: 1099.1463s
	iters: 400, epoch: 7 | loss: 0.1617945
	speed: 0.0111s/iter; left time: 1104.5332s
	iters: 500, epoch: 7 | loss: 0.2971608
	speed: 0.0110s/iter; left time: 1102.4273s
	iters: 600, epoch: 7 | loss: 0.1080350
	speed: 0.0111s/iter; left time: 1102.9927s
	iters: 700, epoch: 7 | loss: 0.1948710
	speed: 0.0108s/iter; left time: 1074.2652s
	iters: 800, epoch: 7 | loss: 0.1719002
	speed: 0.0107s/iter; left time: 1062.7142s
	iters: 900, epoch: 7 | loss: 0.3213456
	speed: 0.0104s/iter; left time: 1034.8949s
	iters: 1000, epoch: 7 | loss: 0.3315072
	speed: 0.0108s/iter; left time: 1075.3996s
Epoch: 7 cost time: 11.586404800415039
Epoch: 7, Steps: 1067 | Train Loss: 0.2035522 Vali Loss: 0.1344636
EarlyStopping counter: 2 out of 6
Updating learning rate to 7.8125e-06
	iters: 100, epoch: 8 | loss: 0.1153048
	speed: 0.0333s/iter; left time: 3300.1844s
	iters: 200, epoch: 8 | loss: 0.2984361
	speed: 0.0108s/iter; left time: 1067.8937s
	iters: 300, epoch: 8 | loss: 0.1985461
	speed: 0.0106s/iter; left time: 1050.3779s
	iters: 400, epoch: 8 | loss: 0.4464141
	speed: 0.0110s/iter; left time: 1089.5165s
	iters: 500, epoch: 8 | loss: 0.2177060
	speed: 0.0109s/iter; left time: 1077.6469s
	iters: 600, epoch: 8 | loss: 0.1514787
	speed: 0.0109s/iter; left time: 1075.9854s
	iters: 700, epoch: 8 | loss: 0.1825684
	speed: 0.0107s/iter; left time: 1056.0681s
	iters: 800, epoch: 8 | loss: 0.1729065
	speed: 0.0107s/iter; left time: 1054.4950s
	iters: 900, epoch: 8 | loss: 0.1620626
	speed: 0.0105s/iter; left time: 1029.4581s
	iters: 1000, epoch: 8 | loss: 0.1410205
	speed: 0.0106s/iter; left time: 1036.3570s
Epoch: 8 cost time: 11.40735912322998
Epoch: 8, Steps: 1067 | Train Loss: 0.2029942 Vali Loss: 0.1334259
EarlyStopping counter: 3 out of 6
Updating learning rate to 3.90625e-06
	iters: 100, epoch: 9 | loss: 0.0985766
	speed: 0.0345s/iter; left time: 3385.8925s
	iters: 200, epoch: 9 | loss: 0.1814543
	speed: 0.0110s/iter; left time: 1075.5649s
	iters: 300, epoch: 9 | loss: 0.2134835
	speed: 0.0109s/iter; left time: 1066.3178s
	iters: 400, epoch: 9 | loss: 0.1967348
	speed: 0.0107s/iter; left time: 1041.5577s
	iters: 500, epoch: 9 | loss: 0.1742899
	speed: 0.0110s/iter; left time: 1077.3513s
	iters: 600, epoch: 9 | loss: 0.1292114
	speed: 0.0107s/iter; left time: 1045.1536s
	iters: 700, epoch: 9 | loss: 0.2160214
	speed: 0.0108s/iter; left time: 1049.1212s
	iters: 800, epoch: 9 | loss: 0.1454571
	speed: 0.0110s/iter; left time: 1068.6390s
	iters: 900, epoch: 9 | loss: 0.1945169
	speed: 0.0110s/iter; left time: 1065.1037s
	iters: 1000, epoch: 9 | loss: 0.4466153
	speed: 0.0118s/iter; left time: 1145.1022s
Epoch: 9 cost time: 11.71493911743164
Epoch: 9, Steps: 1067 | Train Loss: 0.2026182 Vali Loss: 0.1341729
EarlyStopping counter: 4 out of 6
Updating learning rate to 1.953125e-06
	iters: 100, epoch: 10 | loss: 0.5228496
	speed: 0.0345s/iter; left time: 3342.2041s
	iters: 200, epoch: 10 | loss: 0.1480548
	speed: 0.0110s/iter; left time: 1069.9437s
	iters: 300, epoch: 10 | loss: 0.3896573
	speed: 0.0109s/iter; left time: 1050.9428s
	iters: 400, epoch: 10 | loss: 0.1843940
	speed: 0.0106s/iter; left time: 1027.7381s
	iters: 500, epoch: 10 | loss: 0.1346149
	speed: 0.0106s/iter; left time: 1026.1336s
	iters: 600, epoch: 10 | loss: 0.1170876
	speed: 0.0108s/iter; left time: 1040.2927s
	iters: 700, epoch: 10 | loss: 0.1904902
	speed: 0.0109s/iter; left time: 1052.7652s
	iters: 800, epoch: 10 | loss: 0.1878548
	speed: 0.0107s/iter; left time: 1034.5738s
	iters: 900, epoch: 10 | loss: 0.1276518
	speed: 0.0109s/iter; left time: 1045.5513s
	iters: 1000, epoch: 10 | loss: 0.1232499
	speed: 0.0107s/iter; left time: 1027.6050s
Epoch: 10 cost time: 11.521789073944092
Epoch: 10, Steps: 1067 | Train Loss: 0.2023977 Vali Loss: 0.1343008
EarlyStopping counter: 5 out of 6
Updating learning rate to 9.765625e-07
	iters: 100, epoch: 11 | loss: 0.1907596
	speed: 0.0328s/iter; left time: 3145.2146s
	iters: 200, epoch: 11 | loss: 0.1207898
	speed: 0.0108s/iter; left time: 1033.7103s
	iters: 300, epoch: 11 | loss: 0.2508541
	speed: 0.0110s/iter; left time: 1053.4237s
	iters: 400, epoch: 11 | loss: 0.1568865
	speed: 0.0107s/iter; left time: 1023.2386s
	iters: 500, epoch: 11 | loss: 0.1550177
	speed: 0.0110s/iter; left time: 1052.9060s
	iters: 600, epoch: 11 | loss: 0.1221517
	speed: 0.0108s/iter; left time: 1026.2046s
	iters: 700, epoch: 11 | loss: 0.1463827
	speed: 0.0107s/iter; left time: 1018.5477s
	iters: 800, epoch: 11 | loss: 0.2058134
	speed: 0.0106s/iter; left time: 1008.3151s
	iters: 900, epoch: 11 | loss: 0.6181220
	speed: 0.0106s/iter; left time: 1011.3573s
	iters: 1000, epoch: 11 | loss: 0.1502392
	speed: 0.0109s/iter; left time: 1033.2764s
Epoch: 11 cost time: 11.501299858093262
Epoch: 11, Steps: 1067 | Train Loss: 0.2025215 Vali Loss: 0.1342050
EarlyStopping counter: 6 out of 6
Early stopping
VALIDATION_RESULT {"best_epoch": 5, "best_mae": 0.24760593428616226, "best_mse": 0.13127947940172546, "epochs_ran": 11, "metric_version": "element_weighted_v1"}
>>>>>>>test skipped (validation-only run)<<<<<<<<<<<<<<<<<<<<<<<<
Using GPU
Args in experiment:
[1mBasic Config[0m
  Task Name:          long_term_forecast  Is Training:        0                   
  Model ID:           ETTm2_96_96_table2_ettm2_p96_no_graph_s2021Model:              GraphMambaRecent    

[1mData Loader[0m
  Data:               ETTm2               Root Path:          /home/cwh/Time-Series-Library/dataset/ETT-small
  Data Path:          ETTm2.csv           Features:           M                   
  Target:             OT                  Freq:               h                   
  Checkpoints:        /home/cwh/Time-Series-Library/logs/graphmamba_backbone_ablation/checkpoints

[1mForecasting Task[0m
  Seq Len:            336                 Label Len:          48                  
  Pred Len:           96                  Seasonal Patterns:  Monthly             
  Inverse:            0                   

[1mModel Parameters[0m
  Top k:              5                   Num Kernels:        6                   
  Enc In:             7                   Dec In:             7                   
  C Out:              7                   d model:            64                  
  n heads:            8                   e layers:           1                   
  d layers:           1                   d FF:               128                 
  Moving Avg:         25                  Factor:             1                   
  Distil:             1                   Dropout:            0.1                 
  Embed:              timeF               Activation:         gelu                

[1mRun Parameters[0m
  Num Workers:        0                   Itr:                1                   
  Train Epochs:       100                 Batch Size:         32                  
  Patience:           6                   Learning Rate:      0.0005              
  Des:                table2_ettm2_p96_no_graph_s2021Loss:               MSE                 
  Lradj:              type1               Use Amp:            0                   

[1mGPU[0m
  Use GPU:            1                   GPU:                0                   
  Use Multi GPU:      0                   Devices:            0,1,2,3             

[1mDe-stationary Projector Params[0m
  P Hidden Dims:      128, 128            P Hidden Layers:    2                   

Use GPU: cuda:0
🚀 Lazy Loading: GraphMambaRecent ...
>>>>>>>evaluating validation checkpoint : long_term_forecast_ETTm2_96_96_table2_ettm2_p96_no_graph_s2021_GraphMambaRecent_ETTm2_ftM_sl336_ll48_pl96_dm64_nh8_el1_dl1_df128_expand2_dc2_fc1_ebtimeF_dtTrue_table2_ettm2_p96_no_graph_s2021_0<<<<<<<<<<<<<<<<<<<<<<<<<<<<<<<<<
val 11425
EVALUATION_RESULT {"batches": 358, "cmrhm_intervention": "intact", "elapsed_seconds": 1.7212453780230135, "elements": 7677600, "mae": 0.24760593485457086, "metric_version": "element_weighted_v1", "milliseconds_per_batch": 4.807947983304507, "mse": 0.13127947886909086, "parameter_count": 988992, "peak_cuda_memory_bytes": 139025920, "split": "val"}
=== w/o Graph | ETTm2-720 ===
Using GPU
Args in experiment:
[1mBasic Config[0m
  Task Name:          long_term_forecast  Is Training:        1                   
  Model ID:           ETTm2_96_720_table2_ettm2_p720_no_graph_s2021Model:              GraphMambaRecent    

[1mData Loader[0m
  Data:               ETTm2               Root Path:          /home/cwh/Time-Series-Library/dataset/ETT-small
  Data Path:          ETTm2.csv           Features:           M                   
  Target:             OT                  Freq:               h                   
  Checkpoints:        /home/cwh/Time-Series-Library/logs/graphmamba_backbone_ablation/checkpoints

[1mForecasting Task[0m
  Seq Len:            336                 Label Len:          48                  
  Pred Len:           720                 Seasonal Patterns:  Monthly             
  Inverse:            0                   

[1mModel Parameters[0m
  Top k:              5                   Num Kernels:        6                   
  Enc In:             7                   Dec In:             7                   
  C Out:              7                   d model:            64                  
  n heads:            8                   e layers:           1                   
  d layers:           1                   d FF:               128                 
  Moving Avg:         25                  Factor:             1                   
  Distil:             1                   Dropout:            0.1                 
  Embed:              timeF               Activation:         gelu                

[1mRun Parameters[0m
  Num Workers:        0                   Itr:                1                   
  Train Epochs:       100                 Batch Size:         32                  
  Patience:           6                   Learning Rate:      0.0005              
  Des:                table2_ettm2_p720_no_graph_s2021Loss:               MSE                 
  Lradj:              type1               Use Amp:            0                   

[1mGPU[0m
  Use GPU:            1                   GPU:                0                   
  Use Multi GPU:      0                   Devices:            0,1,2,3             

[1mDe-stationary Projector Params[0m
  P Hidden Dims:      128, 128            P Hidden Layers:    2                   

Use GPU: cuda:0
🚀 Lazy Loading: GraphMambaRecent ...
>>>>>>>start training : long_term_forecast_ETTm2_96_720_table2_ettm2_p720_no_graph_s2021_GraphMambaRecent_ETTm2_ftM_sl336_ll48_pl720_dm64_nh8_el1_dl1_df128_expand2_dc2_fc1_ebtimeF_dtTrue_table2_ettm2_p720_no_graph_s2021_0>>>>>>>>>>>>>>>>>>>>>>>>>>
train 33505
val 10801
	iters: 100, epoch: 1 | loss: 0.6966953
	speed: 0.0131s/iter; left time: 1375.2962s
	iters: 200, epoch: 1 | loss: 0.6796581
	speed: 0.0114s/iter; left time: 1188.2259s
	iters: 300, epoch: 1 | loss: 0.5544634
	speed: 0.0113s/iter; left time: 1176.0875s
	iters: 400, epoch: 1 | loss: 0.6265216
	speed: 0.0113s/iter; left time: 1179.9089s
	iters: 500, epoch: 1 | loss: 0.5438981
	speed: 0.0112s/iter; left time: 1169.7569s
	iters: 600, epoch: 1 | loss: 0.5259734
	speed: 0.0112s/iter; left time: 1162.9974s
	iters: 700, epoch: 1 | loss: 0.9694612
	speed: 0.0110s/iter; left time: 1145.6520s
	iters: 800, epoch: 1 | loss: 1.0534593
	speed: 0.0113s/iter; left time: 1179.5561s
	iters: 900, epoch: 1 | loss: 0.3087929
	speed: 0.0114s/iter; left time: 1186.5449s
	iters: 1000, epoch: 1 | loss: 0.3293457
	speed: 0.0114s/iter; left time: 1179.6151s
Epoch: 1 cost time: 11.981111288070679
Epoch: 1, Steps: 1048 | Train Loss: 0.6132450 Vali Loss: 0.2901647
Validation loss decreased (inf --> 0.290165).  Saving model ...
Updating learning rate to 0.0005
	iters: 100, epoch: 2 | loss: 0.3691579
	speed: 0.0330s/iter; left time: 3423.2165s
	iters: 200, epoch: 2 | loss: 0.4228410
	speed: 0.0116s/iter; left time: 1198.5166s
	iters: 300, epoch: 2 | loss: 0.3416431
	speed: 0.0115s/iter; left time: 1187.7879s
	iters: 400, epoch: 2 | loss: 0.5881671
	speed: 0.0116s/iter; left time: 1196.6207s
	iters: 500, epoch: 2 | loss: 0.5149267
	speed: 0.0114s/iter; left time: 1178.9503s
	iters: 600, epoch: 2 | loss: 0.4918416
	speed: 0.0113s/iter; left time: 1165.3853s
	iters: 700, epoch: 2 | loss: 0.5104845
	speed: 0.0115s/iter; left time: 1189.5621s
	iters: 800, epoch: 2 | loss: 0.5019866
	speed: 0.0116s/iter; left time: 1194.9314s
	iters: 900, epoch: 2 | loss: 0.6814405
	speed: 0.0116s/iter; left time: 1191.1020s
	iters: 1000, epoch: 2 | loss: 0.3115762
	speed: 0.0113s/iter; left time: 1166.1422s
Epoch: 2 cost time: 12.033159255981445
Epoch: 2, Steps: 1048 | Train Loss: 0.5676062 Vali Loss: 0.2963275
EarlyStopping counter: 1 out of 6
Updating learning rate to 0.00025
	iters: 100, epoch: 3 | loss: 0.6903550
	speed: 0.0336s/iter; left time: 3443.5240s
	iters: 200, epoch: 3 | loss: 0.6504198
	speed: 0.0114s/iter; left time: 1172.4913s
	iters: 300, epoch: 3 | loss: 0.3422838
	speed: 0.0117s/iter; left time: 1196.4088s
	iters: 400, epoch: 3 | loss: 0.3916744
	speed: 0.0114s/iter; left time: 1167.3696s
	iters: 500, epoch: 3 | loss: 0.5744879
	speed: 0.0113s/iter; left time: 1157.9874s
	iters: 600, epoch: 3 | loss: 0.2885970
	speed: 0.0115s/iter; left time: 1171.1145s
	iters: 700, epoch: 3 | loss: 0.3249929
	speed: 0.0115s/iter; left time: 1170.7766s
	iters: 800, epoch: 3 | loss: 0.3188714
	speed: 0.0113s/iter; left time: 1147.3725s
	iters: 900, epoch: 3 | loss: 0.6699974
	speed: 0.0114s/iter; left time: 1164.9672s
	iters: 1000, epoch: 3 | loss: 0.3698025
	speed: 0.0116s/iter; left time: 1184.2374s
Epoch: 3 cost time: 12.019589185714722
Epoch: 3, Steps: 1048 | Train Loss: 0.5428068 Vali Loss: 0.3209652
EarlyStopping counter: 2 out of 6
Updating learning rate to 0.000125
	iters: 100, epoch: 4 | loss: 0.6326427
	speed: 0.0337s/iter; left time: 3426.0395s
	iters: 200, epoch: 4 | loss: 0.6332932
	speed: 0.0112s/iter; left time: 1134.7905s
	iters: 300, epoch: 4 | loss: 0.8560182
	speed: 0.0110s/iter; left time: 1114.6852s
	iters: 400, epoch: 4 | loss: 0.3387128
	speed: 0.0112s/iter; left time: 1136.7993s
	iters: 500, epoch: 4 | loss: 0.5957166
	speed: 0.0113s/iter; left time: 1140.8489s
	iters: 600, epoch: 4 | loss: 0.2499900
	speed: 0.0113s/iter; left time: 1142.8345s
	iters: 700, epoch: 4 | loss: 0.4490838
	speed: 0.0111s/iter; left time: 1122.1311s
	iters: 800, epoch: 4 | loss: 0.8204200
	speed: 0.0116s/iter; left time: 1169.7018s
	iters: 900, epoch: 4 | loss: 0.6428806
	speed: 0.0114s/iter; left time: 1151.6265s
	iters: 1000, epoch: 4 | loss: 0.7126532
	speed: 0.0114s/iter; left time: 1145.8714s
Epoch: 4 cost time: 11.839056491851807
Epoch: 4, Steps: 1048 | Train Loss: 0.5286552 Vali Loss: 0.3045172
EarlyStopping counter: 3 out of 6
Updating learning rate to 6.25e-05
	iters: 100, epoch: 5 | loss: 0.4845926
	speed: 0.0334s/iter; left time: 3354.3753s
	iters: 200, epoch: 5 | loss: 0.8288189
	speed: 0.0112s/iter; left time: 1122.2703s
	iters: 300, epoch: 5 | loss: 0.5797340
	speed: 0.0112s/iter; left time: 1128.0166s
	iters: 400, epoch: 5 | loss: 0.4413469
	speed: 0.0112s/iter; left time: 1118.1379s
	iters: 500, epoch: 5 | loss: 0.3592241
	speed: 0.0113s/iter; left time: 1128.9651s
	iters: 600, epoch: 5 | loss: 0.9165894
	speed: 0.0112s/iter; left time: 1118.2137s
	iters: 700, epoch: 5 | loss: 0.3976929
	speed: 0.0114s/iter; left time: 1135.9414s
	iters: 800, epoch: 5 | loss: 0.4818183
	speed: 0.0114s/iter; left time: 1138.6599s
	iters: 900, epoch: 5 | loss: 0.5649209
	speed: 0.0113s/iter; left time: 1121.8380s
	iters: 1000, epoch: 5 | loss: 0.3376988
	speed: 0.0112s/iter; left time: 1115.0130s
Epoch: 5 cost time: 11.803996562957764
Epoch: 5, Steps: 1048 | Train Loss: 0.5227603 Vali Loss: 0.3045535
EarlyStopping counter: 4 out of 6
Updating learning rate to 3.125e-05
	iters: 100, epoch: 6 | loss: 0.5359890
	speed: 0.0333s/iter; left time: 3312.2167s
	iters: 200, epoch: 6 | loss: 0.5612490
	speed: 0.0111s/iter; left time: 1102.0203s
	iters: 300, epoch: 6 | loss: 0.7290022
	speed: 0.0113s/iter; left time: 1117.0656s
	iters: 400, epoch: 6 | loss: 0.9122854
	speed: 0.0112s/iter; left time: 1114.3037s
	iters: 500, epoch: 6 | loss: 0.5897149
	speed: 0.0115s/iter; left time: 1136.3216s
	iters: 600, epoch: 6 | loss: 0.4323673
	speed: 0.0117s/iter; left time: 1161.7595s
	iters: 700, epoch: 6 | loss: 0.6722708
	speed: 0.0112s/iter; left time: 1111.4426s
	iters: 800, epoch: 6 | loss: 0.5587478
	speed: 0.0116s/iter; left time: 1145.8264s
	iters: 900, epoch: 6 | loss: 0.3419142
	speed: 0.0113s/iter; left time: 1118.6130s
	iters: 1000, epoch: 6 | loss: 0.3640048
	speed: 0.0114s/iter; left time: 1120.1066s
Epoch: 6 cost time: 11.890298843383789
Epoch: 6, Steps: 1048 | Train Loss: 0.5175258 Vali Loss: 0.3032748
EarlyStopping counter: 5 out of 6
Updating learning rate to 1.5625e-05
	iters: 100, epoch: 7 | loss: 0.3594179
	speed: 0.0327s/iter; left time: 3214.9352s
	iters: 200, epoch: 7 | loss: 0.4877556
	speed: 0.0113s/iter; left time: 1112.8970s
	iters: 300, epoch: 7 | loss: 0.3351196
	speed: 0.0115s/iter; left time: 1130.3342s
	iters: 400, epoch: 7 | loss: 0.3225439
	speed: 0.0114s/iter; left time: 1114.0597s
	iters: 500, epoch: 7 | loss: 0.4482408
	speed: 0.0113s/iter; left time: 1104.5393s
	iters: 600, epoch: 7 | loss: 0.4166407
	speed: 0.0114s/iter; left time: 1116.3841s
	iters: 700, epoch: 7 | loss: 0.5331810
	speed: 0.0112s/iter; left time: 1092.8789s
	iters: 800, epoch: 7 | loss: 0.4435128
	speed: 0.0115s/iter; left time: 1119.4091s
	iters: 900, epoch: 7 | loss: 0.2262420
	speed: 0.0117s/iter; left time: 1143.7699s
	iters: 1000, epoch: 7 | loss: 0.3117286
	speed: 0.0113s/iter; left time: 1101.7278s
Epoch: 7 cost time: 11.925434350967407
Epoch: 7, Steps: 1048 | Train Loss: 0.5157982 Vali Loss: 0.3063508
EarlyStopping counter: 6 out of 6
Early stopping
VALIDATION_RESULT {"best_epoch": 1, "best_mae": 0.3699526814098567, "best_mse": 0.29016467485592073, "epochs_ran": 7, "metric_version": "element_weighted_v1"}
>>>>>>>test skipped (validation-only run)<<<<<<<<<<<<<<<<<<<<<<<<
Using GPU
Args in experiment:
[1mBasic Config[0m
  Task Name:          long_term_forecast  Is Training:        0                   
  Model ID:           ETTm2_96_720_table2_ettm2_p720_no_graph_s2021Model:              GraphMambaRecent    

[1mData Loader[0m
  Data:               ETTm2               Root Path:          /home/cwh/Time-Series-Library/dataset/ETT-small
  Data Path:          ETTm2.csv           Features:           M                   
  Target:             OT                  Freq:               h                   
  Checkpoints:        /home/cwh/Time-Series-Library/logs/graphmamba_backbone_ablation/checkpoints

[1mForecasting Task[0m
  Seq Len:            336                 Label Len:          48                  
  Pred Len:           720                 Seasonal Patterns:  Monthly             
  Inverse:            0                   

[1mModel Parameters[0m
  Top k:              5                   Num Kernels:        6                   
  Enc In:             7                   Dec In:             7                   
  C Out:              7                   d model:            64                  
  n heads:            8                   e layers:           1                   
  d layers:           1                   d FF:               128                 
  Moving Avg:         25                  Factor:             1                   
  Distil:             1                   Dropout:            0.1                 
  Embed:              timeF               Activation:         gelu                

[1mRun Parameters[0m
  Num Workers:        0                   Itr:                1                   
  Train Epochs:       100                 Batch Size:         32                  
  Patience:           6                   Learning Rate:      0.0005              
  Des:                table2_ettm2_p720_no_graph_s2021Loss:               MSE                 
  Lradj:              type1               Use Amp:            0                   

[1mGPU[0m
  Use GPU:            1                   GPU:                0                   
  Use Multi GPU:      0                   Devices:            0,1,2,3             

[1mDe-stationary Projector Params[0m
  P Hidden Dims:      128, 128            P Hidden Layers:    2                   

Use GPU: cuda:0
🚀 Lazy Loading: GraphMambaRecent ...
>>>>>>>evaluating validation checkpoint : long_term_forecast_ETTm2_96_720_table2_ettm2_p720_no_graph_s2021_GraphMambaRecent_ETTm2_ftM_sl336_ll48_pl720_dm64_nh8_el1_dl1_df128_expand2_dc2_fc1_ebtimeF_dtTrue_table2_ettm2_p720_no_graph_s2021_0<<<<<<<<<<<<<<<<<<<<<<<<<<<<<<<<<
val 10801
EVALUATION_RESULT {"batches": 338, "cmrhm_intervention": "intact", "elapsed_seconds": 1.713344844058156, "elements": 54437040, "mae": 0.3699526780013893, "metric_version": "element_weighted_v1", "milliseconds_per_batch": 5.069067585970876, "mse": 0.29016467446125604, "parameter_count": 6800928, "peak_cuda_memory_bytes": 165820928, "split": "val"}
{
  "completed": 20,
  "failures": []
}
