
=== TimeRoleConcat | ETTm1 | H=96 | seed=2022 ===
Command: /home/cwh/Time-Series-Library/.venv/bin/python -u /home/cwh/Time-Series-Library/run.py --task_name long_term_forecast --is_training 1 --root_path /home/cwh/Time-Series-Library/dataset/ETT-small --data_path ETTm1.csv --model_id ETTm1_96_96_ab3_ettm1_p96_cat_s2022 --model TimeRoleConcat --seed 2022 --data ETTm1 --features M --target OT --seq_len 336 --label_len 48 --pred_len 96 --enc_in 7 --dec_in 7 --c_out 7 --patch_len 4 --stride 2 --d_model 64 --d_ff 128 --d_state 32 --d_conv 2 --e_layers 1 --expand 2 --mamba_version 1 --mamba_bidirectional 1 --use_graph 1 --use_time_mamba 1 --use_patch 1 --use_decomp 1 --moving_avg 25 --dual_scale_scan_mode independent_shared --periodic_period 24 --periodic_local_patch 0 --periodic_local_stride 0 --periodic_period_stride 12 --periodic_use_adapter 1 --graph_alpha 0.5 --graph_top_k 2 --graph_sample_size 2000 --graph_sample_method uniform --static_graph_mode weighted --graph_cache 0 --gc_graph_dim 16 --gc_temperature 1.0 --gc_residual_init 0.5 --gc_dynamic_graph 1 --gc_symmetric_graph 1 --gc_input_modulation 1 --gc_direction_fusion 1 --gc_parallel_residual 1 --af_hidden_dim 32 --af_rank 16 --af_mode variable_scale_residual --dropout 0.1 --batch_size 32 --learning_rate 0.0005 --lradj type1 --train_epochs 100 --patience 6 --num_workers 0 --gpu 0 --des ab3_ettm1_p96_cat_s2022 --itr 1 --test_after_train 0
Log: /home/cwh/Time-Series-Library/logs/timerole_ablation_multiseed/validation/ab3_ettm1_p96_cat_s2022.log
Using GPU
Args in experiment:
[1mBasic Config[0m
  Task Name:          long_term_forecast  Is Training:        1                   
  Model ID:           ETTm1_96_96_ab3_ettm1_p96_cat_s2022Model:              TimeRoleConcat      

[1mData Loader[0m
  Data:               ETTm1               Root Path:          /home/cwh/Time-Series-Library/dataset/ETT-small
  Data Path:          ETTm1.csv           Features:           M                   
  Target:             OT                  Freq:               h                   
  Checkpoints:        ./checkpoints/      

[1mForecasting Task[0m
  Seq Len:            336                 Label Len:          48                  
  Pred Len:           96                  Seasonal Patterns:  Monthly             
  Inverse:            0                   

[1mModel Parameters[0m
  Top k:              5                   Num Kernels:        6                   
  Enc In:             7                   Dec In:             7                   
  C Out:              7                   d model:            64                  
  n heads:            8                   e layers:           1                   
  d layers:           1                   d FF:               128                 
  Moving Avg:         25                  Factor:             1                   
  Distil:             1                   Dropout:            0.1                 
  Embed:              timeF               Activation:         gelu                

[1mRun Parameters[0m
  Num Workers:        0                   Itr:                1                   
  Train Epochs:       100                 Batch Size:         32                  
  Patience:           6                   Learning Rate:      0.0005              
  Des:                ab3_ettm1_p96_cat_s2022Loss:               MSE                 
  Lradj:              type1               Use Amp:            0                   

[1mGPU[0m
  Use GPU:            1                   GPU:                0                   
  Use Multi GPU:      0                   Devices:            0,1,2,3             

[1mDe-stationary Projector Params[0m
  P Hidden Dims:      128, 128            P Hidden Layers:    2                   

Use GPU: cuda:0
🚀 Lazy Loading: TimeRoleConcat ...
[GraphMamba] Building 7x7 static graph from 2000 training samples
>>>>>>>start training : long_term_forecast_ETTm1_96_96_ab3_ettm1_p96_cat_s2022_TimeRoleConcat_ETTm1_ftM_sl336_ll48_pl96_dm64_nh8_el1_dl1_df128_expand2_dc2_fc1_ebtimeF_dtTrue_ab3_ettm1_p96_cat_s2022_0>>>>>>>>>>>>>>>>>>>>>>>>>>
train 34129
val 11425
	iters: 100, epoch: 1 | loss: 0.3485657
	speed: 0.0140s/iter; left time: 1496.5675s
	iters: 200, epoch: 1 | loss: 0.3002146
	speed: 0.0113s/iter; left time: 1205.2289s
	iters: 300, epoch: 1 | loss: 0.2693070
	speed: 0.0113s/iter; left time: 1199.7401s
	iters: 400, epoch: 1 | loss: 0.3501153
	speed: 0.0109s/iter; left time: 1162.1940s
	iters: 500, epoch: 1 | loss: 0.3389401
	speed: 0.0109s/iter; left time: 1162.3242s
	iters: 600, epoch: 1 | loss: 0.2919409
	speed: 0.0109s/iter; left time: 1159.1767s
	iters: 700, epoch: 1 | loss: 0.2832408
	speed: 0.0109s/iter; left time: 1153.2040s
	iters: 800, epoch: 1 | loss: 0.2996820
	speed: 0.0113s/iter; left time: 1193.3425s
	iters: 900, epoch: 1 | loss: 0.2925480
	speed: 0.0108s/iter; left time: 1137.5664s
	iters: 1000, epoch: 1 | loss: 0.3630101
	speed: 0.0112s/iter; left time: 1179.7466s
Epoch: 1 cost time: 12.116362571716309
Epoch: 1, Steps: 1067 | Train Loss: 0.3291063 Vali Loss: 0.4118038
Validation loss decreased (inf --> 0.411804).  Saving model ...
Updating learning rate to 0.0005
	iters: 100, epoch: 2 | loss: 0.2084282
	speed: 0.0348s/iter; left time: 3673.3514s
	iters: 200, epoch: 2 | loss: 0.2526554
	speed: 0.0114s/iter; left time: 1202.3409s
	iters: 300, epoch: 2 | loss: 0.4079138
	speed: 0.0112s/iter; left time: 1184.2320s
	iters: 400, epoch: 2 | loss: 0.2251853
	speed: 0.0113s/iter; left time: 1190.7777s
	iters: 500, epoch: 2 | loss: 0.2229214
	speed: 0.0112s/iter; left time: 1181.3425s
	iters: 600, epoch: 2 | loss: 0.2617081
	speed: 0.0113s/iter; left time: 1182.1306s
	iters: 700, epoch: 2 | loss: 0.2632343
	speed: 0.0111s/iter; left time: 1167.9106s
	iters: 800, epoch: 2 | loss: 0.3462178
	speed: 0.0115s/iter; left time: 1208.5817s
	iters: 900, epoch: 2 | loss: 0.2154286
	speed: 0.0114s/iter; left time: 1191.4080s
	iters: 1000, epoch: 2 | loss: 0.2389802
	speed: 0.0114s/iter; left time: 1188.9672s
Epoch: 2 cost time: 12.0588538646698
Epoch: 2, Steps: 1067 | Train Loss: 0.2666719 Vali Loss: 0.3901497
Validation loss decreased (0.411804 --> 0.390150).  Saving model ...
Updating learning rate to 0.00025
	iters: 100, epoch: 3 | loss: 0.2916296
	speed: 0.0351s/iter; left time: 3663.5530s
	iters: 200, epoch: 3 | loss: 0.2232762
	speed: 0.0111s/iter; left time: 1154.5600s
	iters: 300, epoch: 3 | loss: 0.2496401
	speed: 0.0114s/iter; left time: 1193.3416s
	iters: 400, epoch: 3 | loss: 0.1942769
	speed: 0.0113s/iter; left time: 1180.0292s
	iters: 500, epoch: 3 | loss: 0.2407849
	speed: 0.0117s/iter; left time: 1218.5757s
	iters: 600, epoch: 3 | loss: 0.2277645
	speed: 0.0112s/iter; left time: 1165.3016s
	iters: 700, epoch: 3 | loss: 0.2494364
	speed: 0.0112s/iter; left time: 1168.4243s
	iters: 800, epoch: 3 | loss: 0.2230687
	speed: 0.0114s/iter; left time: 1178.6711s
	iters: 900, epoch: 3 | loss: 0.2443062
	speed: 0.0113s/iter; left time: 1171.9921s
	iters: 1000, epoch: 3 | loss: 0.2171762
	speed: 0.0110s/iter; left time: 1140.5429s
Epoch: 3 cost time: 12.05954360961914
Epoch: 3, Steps: 1067 | Train Loss: 0.2485980 Vali Loss: 0.3785090
Validation loss decreased (0.390150 --> 0.378509).  Saving model ...
Updating learning rate to 0.000125
	iters: 100, epoch: 4 | loss: 0.2017830
	speed: 0.0362s/iter; left time: 3743.6030s
	iters: 200, epoch: 4 | loss: 0.2677990
	speed: 0.0112s/iter; left time: 1153.9552s
	iters: 300, epoch: 4 | loss: 0.2215571
	speed: 0.0109s/iter; left time: 1121.6338s
	iters: 400, epoch: 4 | loss: 0.2232780
	speed: 0.0115s/iter; left time: 1182.4084s
	iters: 500, epoch: 4 | loss: 0.2614222
	speed: 0.0113s/iter; left time: 1160.6615s
	iters: 600, epoch: 4 | loss: 0.2150566
	speed: 0.0113s/iter; left time: 1167.6576s
	iters: 700, epoch: 4 | loss: 0.3079101
	speed: 0.0307s/iter; left time: 3151.2843s
	iters: 800, epoch: 4 | loss: 0.2533677
	speed: 0.0112s/iter; left time: 1152.1238s
	iters: 900, epoch: 4 | loss: 0.2509426
	speed: 0.0108s/iter; left time: 1107.5750s
	iters: 1000, epoch: 4 | loss: 0.2304709
	speed: 0.0112s/iter; left time: 1153.1226s
Epoch: 4 cost time: 13.882591962814331
Epoch: 4, Steps: 1067 | Train Loss: 0.2424453 Vali Loss: 0.3767964
Validation loss decreased (0.378509 --> 0.376796).  Saving model ...
Updating learning rate to 6.25e-05
	iters: 100, epoch: 5 | loss: 0.2504506
	speed: 0.0354s/iter; left time: 3619.4898s
	iters: 200, epoch: 5 | loss: 0.1935764
	speed: 0.0109s/iter; left time: 1111.6221s
	iters: 300, epoch: 5 | loss: 0.2102613
	speed: 0.0110s/iter; left time: 1121.1645s
	iters: 400, epoch: 5 | loss: 0.2279587
	speed: 0.0112s/iter; left time: 1142.6941s
	iters: 500, epoch: 5 | loss: 0.2725332
	speed: 0.0109s/iter; left time: 1107.7525s
	iters: 600, epoch: 5 | loss: 0.2523752
	speed: 0.0112s/iter; left time: 1141.1469s
	iters: 700, epoch: 5 | loss: 0.2745627
	speed: 0.0111s/iter; left time: 1132.2686s
	iters: 800, epoch: 5 | loss: 0.2378136
	speed: 0.0111s/iter; left time: 1127.4770s
	iters: 900, epoch: 5 | loss: 0.2262006
	speed: 0.0112s/iter; left time: 1141.4811s
	iters: 1000, epoch: 5 | loss: 0.2425762
	speed: 0.0114s/iter; left time: 1152.8522s
Epoch: 5 cost time: 11.863523721694946
Epoch: 5, Steps: 1067 | Train Loss: 0.2392229 Vali Loss: 0.3755169
Validation loss decreased (0.376796 --> 0.375517).  Saving model ...
Updating learning rate to 3.125e-05
	iters: 100, epoch: 6 | loss: 0.2223252
	speed: 0.0354s/iter; left time: 3589.0896s
	iters: 200, epoch: 6 | loss: 0.2718833
	speed: 0.0110s/iter; left time: 1117.7239s
	iters: 300, epoch: 6 | loss: 0.2062507
	speed: 0.0112s/iter; left time: 1134.8607s
	iters: 400, epoch: 6 | loss: 0.2378744
	speed: 0.0113s/iter; left time: 1139.8565s
	iters: 500, epoch: 6 | loss: 0.2368637
	speed: 0.0113s/iter; left time: 1137.1262s
	iters: 600, epoch: 6 | loss: 0.1842292
	speed: 0.0112s/iter; left time: 1131.8505s
	iters: 700, epoch: 6 | loss: 0.2643178
	speed: 0.0109s/iter; left time: 1097.5200s
	iters: 800, epoch: 6 | loss: 0.2917971
	speed: 0.0111s/iter; left time: 1112.8183s
	iters: 900, epoch: 6 | loss: 0.2679753
	speed: 0.0114s/iter; left time: 1140.4093s
	iters: 1000, epoch: 6 | loss: 0.2745574
	speed: 0.0110s/iter; left time: 1105.6552s
Epoch: 6 cost time: 11.913856506347656
Epoch: 6, Steps: 1067 | Train Loss: 0.2374347 Vali Loss: 0.3748146
Validation loss decreased (0.375517 --> 0.374815).  Saving model ...
Updating learning rate to 1.5625e-05
	iters: 100, epoch: 7 | loss: 0.2584663
	speed: 0.0353s/iter; left time: 3537.2865s
	iters: 200, epoch: 7 | loss: 0.2193241
	speed: 0.0110s/iter; left time: 1098.1007s
	iters: 300, epoch: 7 | loss: 0.2148156
	speed: 0.0111s/iter; left time: 1113.5226s
	iters: 400, epoch: 7 | loss: 0.2457939
	speed: 0.0113s/iter; left time: 1133.3347s
	iters: 500, epoch: 7 | loss: 0.2103013
	speed: 0.0110s/iter; left time: 1100.7215s
	iters: 600, epoch: 7 | loss: 0.2475362
	speed: 0.0109s/iter; left time: 1085.3380s
	iters: 700, epoch: 7 | loss: 0.2538628
	speed: 0.0112s/iter; left time: 1115.0190s
	iters: 800, epoch: 7 | loss: 0.2232642
	speed: 0.0112s/iter; left time: 1119.1244s
	iters: 900, epoch: 7 | loss: 0.2804290
	speed: 0.0110s/iter; left time: 1093.1168s
	iters: 1000, epoch: 7 | loss: 0.2412313
	speed: 0.0111s/iter; left time: 1097.2677s
Epoch: 7 cost time: 11.8428795337677
Epoch: 7, Steps: 1067 | Train Loss: 0.2364281 Vali Loss: 0.3747419
Validation loss decreased (0.374815 --> 0.374742).  Saving model ...
Updating learning rate to 7.8125e-06
	iters: 100, epoch: 8 | loss: 0.2344836
	speed: 0.0356s/iter; left time: 3532.1830s
	iters: 200, epoch: 8 | loss: 0.2623014
	speed: 0.0111s/iter; left time: 1098.1997s
	iters: 300, epoch: 8 | loss: 0.2421072
	speed: 0.0112s/iter; left time: 1106.2610s
	iters: 400, epoch: 8 | loss: 0.2579283
	speed: 0.0112s/iter; left time: 1109.7103s
	iters: 500, epoch: 8 | loss: 0.2708980
	speed: 0.0111s/iter; left time: 1095.1160s
	iters: 600, epoch: 8 | loss: 0.3094721
	speed: 0.0117s/iter; left time: 1149.3092s
	iters: 700, epoch: 8 | loss: 0.2249474
	speed: 0.0116s/iter; left time: 1139.0503s
	iters: 800, epoch: 8 | loss: 0.2252616
	speed: 0.0111s/iter; left time: 1089.9862s
	iters: 900, epoch: 8 | loss: 0.2762281
	speed: 0.0112s/iter; left time: 1096.5493s
	iters: 1000, epoch: 8 | loss: 0.2148656
	speed: 0.0111s/iter; left time: 1092.3932s
Epoch: 8 cost time: 11.996776103973389
Epoch: 8, Steps: 1067 | Train Loss: 0.2359526 Vali Loss: 0.3745743
Validation loss decreased (0.374742 --> 0.374574).  Saving model ...
Updating learning rate to 3.90625e-06
	iters: 100, epoch: 9 | loss: 0.2419395
	speed: 0.0348s/iter; left time: 3411.2501s
	iters: 200, epoch: 9 | loss: 0.2853033
	speed: 0.0115s/iter; left time: 1131.2666s
	iters: 300, epoch: 9 | loss: 0.2082649
	speed: 0.0111s/iter; left time: 1090.5531s
	iters: 400, epoch: 9 | loss: 0.2026826
	speed: 0.0111s/iter; left time: 1080.3284s
	iters: 500, epoch: 9 | loss: 0.2377983
	speed: 0.0112s/iter; left time: 1092.3185s
	iters: 600, epoch: 9 | loss: 0.2496197
	speed: 0.0112s/iter; left time: 1092.5867s
	iters: 700, epoch: 9 | loss: 0.2479432
	speed: 0.0110s/iter; left time: 1070.4362s
	iters: 800, epoch: 9 | loss: 0.2156195
	speed: 0.0109s/iter; left time: 1066.0983s
	iters: 900, epoch: 9 | loss: 0.2444598
	speed: 0.0111s/iter; left time: 1076.6988s
	iters: 1000, epoch: 9 | loss: 0.2292102
	speed: 0.0111s/iter; left time: 1080.0793s
Epoch: 9 cost time: 11.87659478187561
Epoch: 9, Steps: 1067 | Train Loss: 0.2355338 Vali Loss: 0.3751714
EarlyStopping counter: 1 out of 6
Updating learning rate to 1.953125e-06
	iters: 100, epoch: 10 | loss: 0.2195128
	speed: 0.0342s/iter; left time: 3315.9235s
	iters: 200, epoch: 10 | loss: 0.2325754
	speed: 0.0110s/iter; left time: 1068.7849s
	iters: 300, epoch: 10 | loss: 0.2463048
	speed: 0.0111s/iter; left time: 1071.8918s
	iters: 400, epoch: 10 | loss: 0.2404910
	speed: 0.0108s/iter; left time: 1048.6940s
	iters: 500, epoch: 10 | loss: 0.2494576
	speed: 0.0108s/iter; left time: 1047.2362s
	iters: 600, epoch: 10 | loss: 0.2477931
	speed: 0.0111s/iter; left time: 1066.8611s
	iters: 700, epoch: 10 | loss: 0.2278713
	speed: 0.0114s/iter; left time: 1098.3069s
	iters: 800, epoch: 10 | loss: 0.2404844
	speed: 0.0111s/iter; left time: 1066.4205s
	iters: 900, epoch: 10 | loss: 0.3305626
	speed: 0.0112s/iter; left time: 1074.3657s
	iters: 1000, epoch: 10 | loss: 0.2475049
	speed: 0.0110s/iter; left time: 1058.9104s
Epoch: 10 cost time: 11.766481637954712
Epoch: 10, Steps: 1067 | Train Loss: 0.2353777 Vali Loss: 0.3750241
EarlyStopping counter: 2 out of 6
Updating learning rate to 9.765625e-07
	iters: 100, epoch: 11 | loss: 0.2890564
	speed: 0.0343s/iter; left time: 3287.1277s
	iters: 200, epoch: 11 | loss: 0.2485720
	speed: 0.0111s/iter; left time: 1064.9914s
	iters: 300, epoch: 11 | loss: 0.2960232
	speed: 0.0110s/iter; left time: 1048.6731s
	iters: 400, epoch: 11 | loss: 0.2103333
	speed: 0.0111s/iter; left time: 1063.7001s
	iters: 500, epoch: 11 | loss: 0.2548373
	speed: 0.0113s/iter; left time: 1075.5713s
	iters: 600, epoch: 11 | loss: 0.2357798
	speed: 0.0112s/iter; left time: 1071.5706s
	iters: 700, epoch: 11 | loss: 0.2447153
	speed: 0.0109s/iter; left time: 1035.3980s
	iters: 800, epoch: 11 | loss: 0.2517269
	speed: 0.0109s/iter; left time: 1037.3505s
	iters: 900, epoch: 11 | loss: 0.2278234
	speed: 0.0110s/iter; left time: 1051.1647s
	iters: 1000, epoch: 11 | loss: 0.1898304
	speed: 0.0110s/iter; left time: 1047.0846s
Epoch: 11 cost time: 11.791609525680542
Epoch: 11, Steps: 1067 | Train Loss: 0.2353567 Vali Loss: 0.3749049
EarlyStopping counter: 3 out of 6
Updating learning rate to 4.8828125e-07
	iters: 100, epoch: 12 | loss: 0.2035025
	speed: 0.0345s/iter; left time: 3270.4500s
	iters: 200, epoch: 12 | loss: 0.2322453
	speed: 0.0109s/iter; left time: 1033.4826s
	iters: 300, epoch: 12 | loss: 0.2385937
	speed: 0.0110s/iter; left time: 1040.9180s
	iters: 400, epoch: 12 | loss: 0.2566506
	speed: 0.0113s/iter; left time: 1065.6390s
	iters: 500, epoch: 12 | loss: 0.2267729
	speed: 0.0111s/iter; left time: 1049.1075s
	iters: 600, epoch: 12 | loss: 0.2219543
	speed: 0.0111s/iter; left time: 1042.9200s
	iters: 700, epoch: 12 | loss: 0.2086250
	speed: 0.0111s/iter; left time: 1050.0894s
	iters: 800, epoch: 12 | loss: 0.2392348
	speed: 0.0110s/iter; left time: 1035.8008s
	iters: 900, epoch: 12 | loss: 0.2267009
	speed: 0.0114s/iter; left time: 1072.4116s
	iters: 1000, epoch: 12 | loss: 0.2887919
	speed: 0.0110s/iter; left time: 1033.0291s
Epoch: 12 cost time: 11.836709260940552
Epoch: 12, Steps: 1067 | Train Loss: 0.2353253 Vali Loss: 0.3749098
EarlyStopping counter: 4 out of 6
Updating learning rate to 2.44140625e-07
	iters: 100, epoch: 13 | loss: 0.2687330
	speed: 0.0345s/iter; left time: 3239.3722s
	iters: 200, epoch: 13 | loss: 0.3454908
	speed: 0.0109s/iter; left time: 1022.5060s
	iters: 300, epoch: 13 | loss: 0.2048005
	speed: 0.0109s/iter; left time: 1021.4897s
	iters: 400, epoch: 13 | loss: 0.2024057
	speed: 0.0112s/iter; left time: 1049.3908s
	iters: 500, epoch: 13 | loss: 0.2448210
	speed: 0.0109s/iter; left time: 1014.5248s
	iters: 600, epoch: 13 | loss: 0.2248027
	speed: 0.0109s/iter; left time: 1020.8245s
	iters: 700, epoch: 13 | loss: 0.2611922
	speed: 0.0109s/iter; left time: 1015.4426s
	iters: 800, epoch: 13 | loss: 0.2263320
	speed: 0.0111s/iter; left time: 1036.6212s
	iters: 900, epoch: 13 | loss: 0.3022341
	speed: 0.0111s/iter; left time: 1034.2825s
	iters: 1000, epoch: 13 | loss: 0.2346737
	speed: 0.0108s/iter; left time: 1002.9611s
Epoch: 13 cost time: 11.699581384658813
Epoch: 13, Steps: 1067 | Train Loss: 0.2352979 Vali Loss: 0.3749059
EarlyStopping counter: 5 out of 6
Updating learning rate to 1.220703125e-07
	iters: 100, epoch: 14 | loss: 0.2113706
	speed: 0.0352s/iter; left time: 3259.8332s
	iters: 200, epoch: 14 | loss: 0.2563359
	speed: 0.0109s/iter; left time: 1012.8964s
	iters: 300, epoch: 14 | loss: 0.2203840
	speed: 0.0112s/iter; left time: 1033.3866s
	iters: 400, epoch: 14 | loss: 0.2374505
	speed: 0.0111s/iter; left time: 1029.3307s
	iters: 500, epoch: 14 | loss: 0.2387929
	speed: 0.0112s/iter; left time: 1030.5892s
	iters: 600, epoch: 14 | loss: 0.2104769
	speed: 0.0110s/iter; left time: 1015.3481s
	iters: 700, epoch: 14 | loss: 0.2101933
	speed: 0.0112s/iter; left time: 1029.9822s
	iters: 800, epoch: 14 | loss: 0.1994141
	speed: 0.0110s/iter; left time: 1008.5151s
	iters: 900, epoch: 14 | loss: 0.2611309
	speed: 0.0109s/iter; left time: 1004.9903s
	iters: 1000, epoch: 14 | loss: 0.2014515
	speed: 0.0111s/iter; left time: 1019.9785s
Epoch: 14 cost time: 11.823007106781006
Epoch: 14, Steps: 1067 | Train Loss: 0.2351720 Vali Loss: 0.3749030
EarlyStopping counter: 6 out of 6
Early stopping
VALIDATION_RESULT {"best_epoch": 8, "best_mae": 0.40593724698067407, "best_mse": 0.3745742654338335, "epochs_ran": 14, "metric_version": "element_weighted_v1"}
>>>>>>>test skipped (validation-only run)<<<<<<<<<<<<<<<<<<<<<<<<
Record: /home/cwh/Time-Series-Library/logs/timerole_ablation_multiseed/validation/ab3_ettm1_p96_cat_s2022.json

=== TimeRoleNoDiff | ETTm1 | H=96 | seed=2022 ===
Command: /home/cwh/Time-Series-Library/.venv/bin/python -u /home/cwh/Time-Series-Library/run.py --task_name long_term_forecast --is_training 1 --root_path /home/cwh/Time-Series-Library/dataset/ETT-small --data_path ETTm1.csv --model_id ETTm1_96_96_ab3_ettm1_p96_nd_s2022 --model TimeRoleNoDiff --seed 2022 --data ETTm1 --features M --target OT --seq_len 336 --label_len 48 --pred_len 96 --enc_in 7 --dec_in 7 --c_out 7 --patch_len 4 --stride 2 --d_model 64 --d_ff 128 --d_state 32 --d_conv 2 --e_layers 1 --expand 2 --mamba_version 1 --mamba_bidirectional 1 --use_graph 1 --use_time_mamba 1 --use_patch 1 --use_decomp 1 --moving_avg 25 --dual_scale_scan_mode independent_shared --periodic_period 24 --periodic_local_patch 0 --periodic_local_stride 0 --periodic_period_stride 12 --periodic_use_adapter 1 --graph_alpha 0.5 --graph_top_k 2 --graph_sample_size 2000 --graph_sample_method uniform --static_graph_mode weighted --graph_cache 0 --gc_graph_dim 16 --gc_temperature 1.0 --gc_residual_init 0.5 --gc_dynamic_graph 1 --gc_symmetric_graph 1 --gc_input_modulation 1 --gc_direction_fusion 1 --gc_parallel_residual 1 --af_hidden_dim 32 --af_rank 16 --af_mode variable_scale_residual --dropout 0.1 --batch_size 32 --learning_rate 0.0005 --lradj type1 --train_epochs 100 --patience 6 --num_workers 0 --gpu 0 --des ab3_ettm1_p96_nd_s2022 --itr 1 --test_after_train 0
Log: /home/cwh/Time-Series-Library/logs/timerole_ablation_multiseed/validation/ab3_ettm1_p96_nd_s2022.log
Using GPU
Args in experiment:
[1mBasic Config[0m
  Task Name:          long_term_forecast  Is Training:        1                   
  Model ID:           ETTm1_96_96_ab3_ettm1_p96_nd_s2022Model:              TimeRoleNoDiff      

[1mData Loader[0m
  Data:               ETTm1               Root Path:          /home/cwh/Time-Series-Library/dataset/ETT-small
  Data Path:          ETTm1.csv           Features:           M                   
  Target:             OT                  Freq:               h                   
  Checkpoints:        ./checkpoints/      

[1mForecasting Task[0m
  Seq Len:            336                 Label Len:          48                  
  Pred Len:           96                  Seasonal Patterns:  Monthly             
  Inverse:            0                   

[1mModel Parameters[0m
  Top k:              5                   Num Kernels:        6                   
  Enc In:             7                   Dec In:             7                   
  C Out:              7                   d model:            64                  
  n heads:            8                   e layers:           1                   
  d layers:           1                   d FF:               128                 
  Moving Avg:         25                  Factor:             1                   
  Distil:             1                   Dropout:            0.1                 
  Embed:              timeF               Activation:         gelu                

[1mRun Parameters[0m
  Num Workers:        0                   Itr:                1                   
  Train Epochs:       100                 Batch Size:         32                  
  Patience:           6                   Learning Rate:      0.0005              
  Des:                ab3_ettm1_p96_nd_s2022Loss:               MSE                 
  Lradj:              type1               Use Amp:            0                   

[1mGPU[0m
  Use GPU:            1                   GPU:                0                   
  Use Multi GPU:      0                   Devices:            0,1,2,3             

[1mDe-stationary Projector Params[0m
  P Hidden Dims:      128, 128            P Hidden Layers:    2                   

Use GPU: cuda:0
🚀 Lazy Loading: TimeRoleNoDiff ...
[GraphMamba] Building 7x7 static graph from 2000 training samples
>>>>>>>start training : long_term_forecast_ETTm1_96_96_ab3_ettm1_p96_nd_s2022_TimeRoleNoDiff_ETTm1_ftM_sl336_ll48_pl96_dm64_nh8_el1_dl1_df128_expand2_dc2_fc1_ebtimeF_dtTrue_ab3_ettm1_p96_nd_s2022_0>>>>>>>>>>>>>>>>>>>>>>>>>>
train 34129
val 11425
	iters: 100, epoch: 1 | loss: 0.3549674
	speed: 0.0135s/iter; left time: 1440.0215s
	iters: 200, epoch: 1 | loss: 0.3061294
	speed: 0.0112s/iter; left time: 1193.7960s
	iters: 300, epoch: 1 | loss: 0.2767014
	speed: 0.0111s/iter; left time: 1180.1925s
	iters: 400, epoch: 1 | loss: 0.3510934
	speed: 0.0113s/iter; left time: 1197.9551s
	iters: 500, epoch: 1 | loss: 0.3356104
	speed: 0.0109s/iter; left time: 1162.3070s
	iters: 600, epoch: 1 | loss: 0.2848356
	speed: 0.0112s/iter; left time: 1183.4471s
	iters: 700, epoch: 1 | loss: 0.2897871
	speed: 0.0112s/iter; left time: 1191.7513s
	iters: 800, epoch: 1 | loss: 0.3013202
	speed: 0.0111s/iter; left time: 1172.1866s
	iters: 900, epoch: 1 | loss: 0.2675530
	speed: 0.0114s/iter; left time: 1205.2862s
	iters: 1000, epoch: 1 | loss: 0.3335180
	speed: 0.0114s/iter; left time: 1206.9564s
Epoch: 1 cost time: 12.198117971420288
Epoch: 1, Steps: 1067 | Train Loss: 0.3302714 Vali Loss: 0.3946988
Validation loss decreased (inf --> 0.394699).  Saving model ...
Updating learning rate to 0.0005
	iters: 100, epoch: 2 | loss: 0.2286267
	speed: 0.0359s/iter; left time: 3789.5839s
	iters: 200, epoch: 2 | loss: 0.2386890
	speed: 0.0111s/iter; left time: 1174.3239s
	iters: 300, epoch: 2 | loss: 0.3606932
	speed: 0.0109s/iter; left time: 1147.4838s
	iters: 400, epoch: 2 | loss: 0.2337296
	speed: 0.0110s/iter; left time: 1158.9945s
	iters: 500, epoch: 2 | loss: 0.2158375
	speed: 0.0112s/iter; left time: 1175.6415s
	iters: 600, epoch: 2 | loss: 0.2494776
	speed: 0.0111s/iter; left time: 1168.8463s
	iters: 700, epoch: 2 | loss: 0.2417500
	speed: 0.0111s/iter; left time: 1160.9863s
	iters: 800, epoch: 2 | loss: 0.3154008
	speed: 0.0111s/iter; left time: 1164.0017s
	iters: 900, epoch: 2 | loss: 0.2218787
	speed: 0.0110s/iter; left time: 1147.7290s
	iters: 1000, epoch: 2 | loss: 0.2354154
	speed: 0.0109s/iter; left time: 1142.9660s
Epoch: 2 cost time: 11.807535171508789
Epoch: 2, Steps: 1067 | Train Loss: 0.2608917 Vali Loss: 0.3893052
Validation loss decreased (0.394699 --> 0.389305).  Saving model ...
Updating learning rate to 0.00025
	iters: 100, epoch: 3 | loss: 0.2834181
	speed: 0.0348s/iter; left time: 3639.4940s
	iters: 200, epoch: 3 | loss: 0.2357776
	speed: 0.0110s/iter; left time: 1144.5324s
	iters: 300, epoch: 3 | loss: 0.2469685
	speed: 0.0112s/iter; left time: 1171.4210s
	iters: 400, epoch: 3 | loss: 0.2094062
	speed: 0.0109s/iter; left time: 1132.8137s
	iters: 500, epoch: 3 | loss: 0.2390611
	speed: 0.0113s/iter; left time: 1176.6184s
	iters: 600, epoch: 3 | loss: 0.2318146
	speed: 0.0115s/iter; left time: 1198.3589s
	iters: 700, epoch: 3 | loss: 0.2417347
	speed: 0.0113s/iter; left time: 1169.3054s
	iters: 800, epoch: 3 | loss: 0.2215028
	speed: 0.0112s/iter; left time: 1164.8335s
	iters: 900, epoch: 3 | loss: 0.2402748
	speed: 0.0111s/iter; left time: 1155.1532s
	iters: 1000, epoch: 3 | loss: 0.2089112
	speed: 0.0111s/iter; left time: 1149.6738s
Epoch: 3 cost time: 11.932737112045288
Epoch: 3, Steps: 1067 | Train Loss: 0.2471416 Vali Loss: 0.3793257
Validation loss decreased (0.389305 --> 0.379326).  Saving model ...
Updating learning rate to 0.000125
	iters: 100, epoch: 4 | loss: 0.2043769
	speed: 0.0354s/iter; left time: 3660.6856s
	iters: 200, epoch: 4 | loss: 0.2688505
	speed: 0.0111s/iter; left time: 1149.4745s
	iters: 300, epoch: 4 | loss: 0.2155747
	speed: 0.0112s/iter; left time: 1153.5332s
	iters: 400, epoch: 4 | loss: 0.2279715
	speed: 0.0113s/iter; left time: 1169.8042s
	iters: 500, epoch: 4 | loss: 0.2644685
	speed: 0.0112s/iter; left time: 1154.3997s
	iters: 600, epoch: 4 | loss: 0.2063300
	speed: 0.0111s/iter; left time: 1138.8781s
	iters: 700, epoch: 4 | loss: 0.3271826
	speed: 0.0110s/iter; left time: 1130.5278s
	iters: 800, epoch: 4 | loss: 0.2518364
	speed: 0.0112s/iter; left time: 1146.2948s
	iters: 900, epoch: 4 | loss: 0.2480330
	speed: 0.0109s/iter; left time: 1115.6344s
	iters: 1000, epoch: 4 | loss: 0.2261095
	speed: 0.0110s/iter; left time: 1125.2015s
Epoch: 4 cost time: 11.848946332931519
Epoch: 4, Steps: 1067 | Train Loss: 0.2415262 Vali Loss: 0.3777868
Validation loss decreased (0.379326 --> 0.377787).  Saving model ...
Updating learning rate to 6.25e-05
	iters: 100, epoch: 5 | loss: 0.2547685
	speed: 0.0344s/iter; left time: 3518.8275s
	iters: 200, epoch: 5 | loss: 0.1911045
	speed: 0.0112s/iter; left time: 1143.2540s
	iters: 300, epoch: 5 | loss: 0.2156830
	speed: 0.0110s/iter; left time: 1127.2467s
	iters: 400, epoch: 5 | loss: 0.2401439
	speed: 0.0109s/iter; left time: 1115.7563s
	iters: 500, epoch: 5 | loss: 0.2678287
	speed: 0.0111s/iter; left time: 1128.5613s
	iters: 600, epoch: 5 | loss: 0.2555793
	speed: 0.0112s/iter; left time: 1136.0357s
	iters: 700, epoch: 5 | loss: 0.2628248
	speed: 0.0112s/iter; left time: 1136.1695s
	iters: 800, epoch: 5 | loss: 0.2426068
	speed: 0.0110s/iter; left time: 1117.2277s
	iters: 900, epoch: 5 | loss: 0.2152198
	speed: 0.0110s/iter; left time: 1114.6520s
	iters: 1000, epoch: 5 | loss: 0.2381284
	speed: 0.0110s/iter; left time: 1112.8420s
Epoch: 5 cost time: 11.778534889221191
Epoch: 5, Steps: 1067 | Train Loss: 0.2383997 Vali Loss: 0.3777239
Validation loss decreased (0.377787 --> 0.377724).  Saving model ...
Updating learning rate to 3.125e-05
	iters: 100, epoch: 6 | loss: 0.2206482
	speed: 0.0343s/iter; left time: 3477.5628s
	iters: 200, epoch: 6 | loss: 0.2678950
	speed: 0.0110s/iter; left time: 1117.3802s
	iters: 300, epoch: 6 | loss: 0.2081406
	speed: 0.0111s/iter; left time: 1125.9842s
	iters: 400, epoch: 6 | loss: 0.2353188
	speed: 0.0113s/iter; left time: 1144.6105s
	iters: 500, epoch: 6 | loss: 0.2281960
	speed: 0.0114s/iter; left time: 1148.5763s
	iters: 600, epoch: 6 | loss: 0.1837618
	speed: 0.0113s/iter; left time: 1142.2293s
	iters: 700, epoch: 6 | loss: 0.2632314
	speed: 0.0111s/iter; left time: 1121.3900s
	iters: 800, epoch: 6 | loss: 0.2892378
	speed: 0.0112s/iter; left time: 1123.5815s
	iters: 900, epoch: 6 | loss: 0.2670582
	speed: 0.0113s/iter; left time: 1133.8857s
	iters: 1000, epoch: 6 | loss: 0.2803521
	speed: 0.0110s/iter; left time: 1102.4894s
Epoch: 6 cost time: 11.939401149749756
Epoch: 6, Steps: 1067 | Train Loss: 0.2366754 Vali Loss: 0.3766825
Validation loss decreased (0.377724 --> 0.376683).  Saving model ...
Updating learning rate to 1.5625e-05
	iters: 100, epoch: 7 | loss: 0.2591577
	speed: 0.0354s/iter; left time: 3544.3802s
	iters: 200, epoch: 7 | loss: 0.2215469
	speed: 0.0107s/iter; left time: 1071.8575s
	iters: 300, epoch: 7 | loss: 0.2132615
	speed: 0.0109s/iter; left time: 1088.4434s
	iters: 400, epoch: 7 | loss: 0.2383427
	speed: 0.0108s/iter; left time: 1083.1475s
	iters: 500, epoch: 7 | loss: 0.2035515
	speed: 0.0113s/iter; left time: 1127.1368s
	iters: 600, epoch: 7 | loss: 0.2476550
	speed: 0.0113s/iter; left time: 1124.1952s
	iters: 700, epoch: 7 | loss: 0.2512840
	speed: 0.0111s/iter; left time: 1103.7628s
	iters: 800, epoch: 7 | loss: 0.2270460
	speed: 0.0112s/iter; left time: 1116.8539s
	iters: 900, epoch: 7 | loss: 0.2799850
	speed: 0.0112s/iter; left time: 1110.8718s
	iters: 1000, epoch: 7 | loss: 0.2451748
	speed: 0.0110s/iter; left time: 1093.4542s
Epoch: 7 cost time: 11.789609670639038
Epoch: 7, Steps: 1067 | Train Loss: 0.2356172 Vali Loss: 0.3762172
Validation loss decreased (0.376683 --> 0.376217).  Saving model ...
Updating learning rate to 7.8125e-06
	iters: 100, epoch: 8 | loss: 0.2264196
	speed: 0.0361s/iter; left time: 3578.3139s
	iters: 200, epoch: 8 | loss: 0.2603219
	speed: 0.0110s/iter; left time: 1086.6506s
	iters: 300, epoch: 8 | loss: 0.2339608
	speed: 0.0112s/iter; left time: 1110.7268s
	iters: 400, epoch: 8 | loss: 0.2650365
	speed: 0.0109s/iter; left time: 1080.4144s
	iters: 500, epoch: 8 | loss: 0.2574379
	speed: 0.0112s/iter; left time: 1100.9461s
	iters: 600, epoch: 8 | loss: 0.2967033
	speed: 0.0109s/iter; left time: 1074.2062s
	iters: 700, epoch: 8 | loss: 0.2236566
	speed: 0.0111s/iter; left time: 1094.9422s
	iters: 800, epoch: 8 | loss: 0.2210488
	speed: 0.0110s/iter; left time: 1084.0213s
	iters: 900, epoch: 8 | loss: 0.2711611
	speed: 0.0113s/iter; left time: 1114.8400s
	iters: 1000, epoch: 8 | loss: 0.2176303
	speed: 0.0110s/iter; left time: 1078.0281s
Epoch: 8 cost time: 11.903993368148804
Epoch: 8, Steps: 1067 | Train Loss: 0.2350153 Vali Loss: 0.3767153
EarlyStopping counter: 1 out of 6
Updating learning rate to 3.90625e-06
	iters: 100, epoch: 9 | loss: 0.2358248
	speed: 0.0348s/iter; left time: 3408.2160s
	iters: 200, epoch: 9 | loss: 0.2863980
	speed: 0.0112s/iter; left time: 1094.1057s
	iters: 300, epoch: 9 | loss: 0.2058939
	speed: 0.0109s/iter; left time: 1066.7699s
	iters: 400, epoch: 9 | loss: 0.2024163
	speed: 0.0110s/iter; left time: 1075.9843s
	iters: 500, epoch: 9 | loss: 0.2222715
	speed: 0.0109s/iter; left time: 1060.6144s
	iters: 600, epoch: 9 | loss: 0.2464240
	speed: 0.0111s/iter; left time: 1078.3568s
	iters: 700, epoch: 9 | loss: 0.2362581
	speed: 0.0107s/iter; left time: 1040.6256s
	iters: 800, epoch: 9 | loss: 0.2157094
	speed: 0.0109s/iter; left time: 1065.3255s
	iters: 900, epoch: 9 | loss: 0.2442250
	speed: 0.0109s/iter; left time: 1056.9435s
	iters: 1000, epoch: 9 | loss: 0.2333450
	speed: 0.0109s/iter; left time: 1059.6512s
Epoch: 9 cost time: 11.660457372665405
Epoch: 9, Steps: 1067 | Train Loss: 0.2346416 Vali Loss: 0.3772800
EarlyStopping counter: 2 out of 6
Updating learning rate to 1.953125e-06
	iters: 100, epoch: 10 | loss: 0.2169942
	speed: 0.0343s/iter; left time: 3326.5750s
	iters: 200, epoch: 10 | loss: 0.2401856
	speed: 0.0111s/iter; left time: 1075.4058s
	iters: 300, epoch: 10 | loss: 0.2420635
	speed: 0.0109s/iter; left time: 1054.1487s
	iters: 400, epoch: 10 | loss: 0.2469561
	speed: 0.0108s/iter; left time: 1047.0781s
	iters: 500, epoch: 10 | loss: 0.2570598
	speed: 0.0111s/iter; left time: 1068.7080s
	iters: 600, epoch: 10 | loss: 0.2412445
	speed: 0.0112s/iter; left time: 1080.4593s
	iters: 700, epoch: 10 | loss: 0.2258653
	speed: 0.0111s/iter; left time: 1070.2096s
	iters: 800, epoch: 10 | loss: 0.2356149
	speed: 0.0112s/iter; left time: 1074.6491s
	iters: 900, epoch: 10 | loss: 0.3319987
	speed: 0.0110s/iter; left time: 1056.9860s
	iters: 1000, epoch: 10 | loss: 0.2406902
	speed: 0.0112s/iter; left time: 1080.7084s
Epoch: 10 cost time: 11.818299055099487
Epoch: 10, Steps: 1067 | Train Loss: 0.2345264 Vali Loss: 0.3770953
EarlyStopping counter: 3 out of 6
Updating learning rate to 9.765625e-07
	iters: 100, epoch: 11 | loss: 0.2872536
	speed: 0.0352s/iter; left time: 3374.9758s
	iters: 200, epoch: 11 | loss: 0.2450052
	speed: 0.0109s/iter; left time: 1043.6366s
	iters: 300, epoch: 11 | loss: 0.2924085
	speed: 0.0110s/iter; left time: 1052.5700s
	iters: 400, epoch: 11 | loss: 0.2061294
	speed: 0.0110s/iter; left time: 1048.5514s
	iters: 500, epoch: 11 | loss: 0.2600017
	speed: 0.0113s/iter; left time: 1078.2500s
	iters: 600, epoch: 11 | loss: 0.2396426
	speed: 0.0110s/iter; left time: 1051.8583s
	iters: 700, epoch: 11 | loss: 0.2422365
	speed: 0.0110s/iter; left time: 1046.4310s
	iters: 800, epoch: 11 | loss: 0.2496435
	speed: 0.0110s/iter; left time: 1044.2160s
	iters: 900, epoch: 11 | loss: 0.2303634
	speed: 0.0112s/iter; left time: 1065.1997s
	iters: 1000, epoch: 11 | loss: 0.1885210
	speed: 0.0111s/iter; left time: 1057.3410s
Epoch: 11 cost time: 11.790022611618042
Epoch: 11, Steps: 1067 | Train Loss: 0.2343695 Vali Loss: 0.3768579
EarlyStopping counter: 4 out of 6
Updating learning rate to 4.8828125e-07
	iters: 100, epoch: 12 | loss: 0.2020664
	speed: 0.0354s/iter; left time: 3357.1958s
	iters: 200, epoch: 12 | loss: 0.2408109
	speed: 0.0112s/iter; left time: 1065.5961s
	iters: 300, epoch: 12 | loss: 0.2472651
	speed: 0.0112s/iter; left time: 1063.8395s
	iters: 400, epoch: 12 | loss: 0.2588072
	speed: 0.0112s/iter; left time: 1062.8494s
	iters: 500, epoch: 12 | loss: 0.2250534
	speed: 0.0111s/iter; left time: 1051.6196s
	iters: 600, epoch: 12 | loss: 0.2183362
	speed: 0.0111s/iter; left time: 1047.0668s
	iters: 700, epoch: 12 | loss: 0.2044886
	speed: 0.0108s/iter; left time: 1016.7168s
	iters: 800, epoch: 12 | loss: 0.2496608
	speed: 0.0112s/iter; left time: 1051.1874s
	iters: 900, epoch: 12 | loss: 0.2278795
	speed: 0.0109s/iter; left time: 1025.9008s
	iters: 1000, epoch: 12 | loss: 0.2800961
	speed: 0.0109s/iter; left time: 1027.5652s
Epoch: 12 cost time: 11.831640243530273
Epoch: 12, Steps: 1067 | Train Loss: 0.2343396 Vali Loss: 0.3769025
EarlyStopping counter: 5 out of 6
Updating learning rate to 2.44140625e-07
	iters: 100, epoch: 13 | loss: 0.2681812
	speed: 0.0352s/iter; left time: 3305.6578s
	iters: 200, epoch: 13 | loss: 0.3649158
	speed: 0.0109s/iter; left time: 1024.8179s
	iters: 300, epoch: 13 | loss: 0.1947700
	speed: 0.0112s/iter; left time: 1046.3087s
	iters: 400, epoch: 13 | loss: 0.1973560
	speed: 0.0110s/iter; left time: 1024.7447s
	iters: 500, epoch: 13 | loss: 0.2455989
	speed: 0.0111s/iter; left time: 1039.8054s
	iters: 600, epoch: 13 | loss: 0.2163504
	speed: 0.0110s/iter; left time: 1030.1533s
	iters: 700, epoch: 13 | loss: 0.2619877
	speed: 0.0113s/iter; left time: 1054.6663s
	iters: 800, epoch: 13 | loss: 0.2335114
	speed: 0.0110s/iter; left time: 1020.9821s
	iters: 900, epoch: 13 | loss: 0.2984916
	speed: 0.0111s/iter; left time: 1036.1536s
	iters: 1000, epoch: 13 | loss: 0.2328125
	speed: 0.0109s/iter; left time: 1016.7684s
Epoch: 13 cost time: 11.793736457824707
Epoch: 13, Steps: 1067 | Train Loss: 0.2344358 Vali Loss: 0.3769100
EarlyStopping counter: 6 out of 6
Early stopping
VALIDATION_RESULT {"best_epoch": 7, "best_mae": 0.4059696259716718, "best_mse": 0.3762171854689132, "epochs_ran": 13, "metric_version": "element_weighted_v1"}
>>>>>>>test skipped (validation-only run)<<<<<<<<<<<<<<<<<<<<<<<<
Record: /home/cwh/Time-Series-Library/logs/timerole_ablation_multiseed/validation/ab3_ettm1_p96_nd_s2022.json

=== TimeRoleGlobalGate | ETTm1 | H=96 | seed=2022 ===
Command: /home/cwh/Time-Series-Library/.venv/bin/python -u /home/cwh/Time-Series-Library/run.py --task_name long_term_forecast --is_training 1 --root_path /home/cwh/Time-Series-Library/dataset/ETT-small --data_path ETTm1.csv --model_id ETTm1_96_96_ab3_ettm1_p96_gg_s2022 --model TimeRoleGlobalGate --seed 2022 --data ETTm1 --features M --target OT --seq_len 336 --label_len 48 --pred_len 96 --enc_in 7 --dec_in 7 --c_out 7 --patch_len 4 --stride 2 --d_model 64 --d_ff 128 --d_state 32 --d_conv 2 --e_layers 1 --expand 2 --mamba_version 1 --mamba_bidirectional 1 --use_graph 1 --use_time_mamba 1 --use_patch 1 --use_decomp 1 --moving_avg 25 --dual_scale_scan_mode independent_shared --periodic_period 24 --periodic_local_patch 0 --periodic_local_stride 0 --periodic_period_stride 12 --periodic_use_adapter 1 --graph_alpha 0.5 --graph_top_k 2 --graph_sample_size 2000 --graph_sample_method uniform --static_graph_mode weighted --graph_cache 0 --gc_graph_dim 16 --gc_temperature 1.0 --gc_residual_init 0.5 --gc_dynamic_graph 1 --gc_symmetric_graph 1 --gc_input_modulation 1 --gc_direction_fusion 1 --gc_parallel_residual 1 --af_hidden_dim 32 --af_rank 16 --af_mode variable_scale_residual --dropout 0.1 --batch_size 32 --learning_rate 0.0005 --lradj type1 --train_epochs 100 --patience 6 --num_workers 0 --gpu 0 --des ab3_ettm1_p96_gg_s2022 --itr 1 --test_after_train 0
Log: /home/cwh/Time-Series-Library/logs/timerole_ablation_multiseed/validation/ab3_ettm1_p96_gg_s2022.log
Using GPU
Args in experiment:
[1mBasic Config[0m
  Task Name:          long_term_forecast  Is Training:        1                   
  Model ID:           ETTm1_96_96_ab3_ettm1_p96_gg_s2022Model:              TimeRoleGlobalGate  

[1mData Loader[0m
  Data:               ETTm1               Root Path:          /home/cwh/Time-Series-Library/dataset/ETT-small
  Data Path:          ETTm1.csv           Features:           M                   
  Target:             OT                  Freq:               h                   
  Checkpoints:        ./checkpoints/      

[1mForecasting Task[0m
  Seq Len:            336                 Label Len:          48                  
  Pred Len:           96                  Seasonal Patterns:  Monthly             
  Inverse:            0                   

[1mModel Parameters[0m
  Top k:              5                   Num Kernels:        6                   
  Enc In:             7                   Dec In:             7                   
  C Out:              7                   d model:            64                  
  n heads:            8                   e layers:           1                   
  d layers:           1                   d FF:               128                 
  Moving Avg:         25                  Factor:             1                   
  Distil:             1                   Dropout:            0.1                 
  Embed:              timeF               Activation:         gelu                

[1mRun Parameters[0m
  Num Workers:        0                   Itr:                1                   
  Train Epochs:       100                 Batch Size:         32                  
  Patience:           6                   Learning Rate:      0.0005              
  Des:                ab3_ettm1_p96_gg_s2022Loss:               MSE                 
  Lradj:              type1               Use Amp:            0                   

[1mGPU[0m
  Use GPU:            1                   GPU:                0                   
  Use Multi GPU:      0                   Devices:            0,1,2,3             

[1mDe-stationary Projector Params[0m
  P Hidden Dims:      128, 128            P Hidden Layers:    2                   

Use GPU: cuda:0
🚀 Lazy Loading: TimeRoleGlobalGate ...
[GraphMamba] Building 7x7 static graph from 2000 training samples
>>>>>>>start training : long_term_forecast_ETTm1_96_96_ab3_ettm1_p96_gg_s2022_TimeRoleGlobalGate_ETTm1_ftM_sl336_ll48_pl96_dm64_nh8_el1_dl1_df128_expand2_dc2_fc1_ebtimeF_dtTrue_ab3_ettm1_p96_gg_s2022_0>>>>>>>>>>>>>>>>>>>>>>>>>>
train 34129
val 11425
	iters: 100, epoch: 1 | loss: 0.3534323
	speed: 0.0138s/iter; left time: 1468.4263s
	iters: 200, epoch: 1 | loss: 0.3045731
	speed: 0.0113s/iter; left time: 1208.1975s
	iters: 300, epoch: 1 | loss: 0.2599325
	speed: 0.0112s/iter; left time: 1196.9532s
	iters: 400, epoch: 1 | loss: 0.3338118
	speed: 0.0111s/iter; left time: 1182.6685s
	iters: 500, epoch: 1 | loss: 0.3230447
	speed: 0.0112s/iter; left time: 1187.7761s
	iters: 600, epoch: 1 | loss: 0.2606263
	speed: 0.0115s/iter; left time: 1217.4923s
	iters: 700, epoch: 1 | loss: 0.2569090
	speed: 0.0114s/iter; left time: 1208.7181s
	iters: 800, epoch: 1 | loss: 0.2903492
	speed: 0.0113s/iter; left time: 1200.4339s
	iters: 900, epoch: 1 | loss: 0.2714226
	speed: 0.0113s/iter; left time: 1193.8008s
	iters: 1000, epoch: 1 | loss: 0.3254087
	speed: 0.0113s/iter; left time: 1191.9459s
Epoch: 1 cost time: 12.316529273986816
Epoch: 1, Steps: 1067 | Train Loss: 0.3189573 Vali Loss: 0.3913237
Validation loss decreased (inf --> 0.391324).  Saving model ...
Updating learning rate to 0.0005
	iters: 100, epoch: 2 | loss: 0.2208403
	speed: 0.0359s/iter; left time: 3788.4096s
	iters: 200, epoch: 2 | loss: 0.2407769
	speed: 0.0112s/iter; left time: 1181.6643s
	iters: 300, epoch: 2 | loss: 0.3617223
	speed: 0.0111s/iter; left time: 1171.9356s
	iters: 400, epoch: 2 | loss: 0.2241475
	speed: 0.0113s/iter; left time: 1190.2483s
	iters: 500, epoch: 2 | loss: 0.2154144
	speed: 0.0113s/iter; left time: 1183.0621s
	iters: 600, epoch: 2 | loss: 0.2354308
	speed: 0.0114s/iter; left time: 1193.0722s
	iters: 700, epoch: 2 | loss: 0.2404063
	speed: 0.0112s/iter; left time: 1175.6467s
	iters: 800, epoch: 2 | loss: 0.3121887
	speed: 0.0113s/iter; left time: 1186.5201s
	iters: 900, epoch: 2 | loss: 0.2111934
	speed: 0.0112s/iter; left time: 1172.8366s
	iters: 1000, epoch: 2 | loss: 0.2342378
	speed: 0.0112s/iter; left time: 1168.8275s
Epoch: 2 cost time: 11.995804071426392
Epoch: 2, Steps: 1067 | Train Loss: 0.2575033 Vali Loss: 0.3747866
Validation loss decreased (0.391324 --> 0.374787).  Saving model ...
Updating learning rate to 0.00025
	iters: 100, epoch: 3 | loss: 0.2850578
	speed: 0.0368s/iter; left time: 3841.1682s
	iters: 200, epoch: 3 | loss: 0.2281352
	speed: 0.0115s/iter; left time: 1198.6373s
	iters: 300, epoch: 3 | loss: 0.2480441
	speed: 0.0113s/iter; left time: 1177.3511s
	iters: 400, epoch: 3 | loss: 0.1964335
	speed: 0.0113s/iter; left time: 1174.3911s
	iters: 500, epoch: 3 | loss: 0.2356018
	speed: 0.0115s/iter; left time: 1195.2787s
	iters: 600, epoch: 3 | loss: 0.2278186
	speed: 0.0115s/iter; left time: 1190.5347s
	iters: 700, epoch: 3 | loss: 0.2422993
	speed: 0.0120s/iter; left time: 1242.6080s
	iters: 800, epoch: 3 | loss: 0.2155496
	speed: 0.0116s/iter; left time: 1206.8086s
	iters: 900, epoch: 3 | loss: 0.2428147
	speed: 0.0118s/iter; left time: 1218.6050s
	iters: 1000, epoch: 3 | loss: 0.2013672
	speed: 0.0117s/iter; left time: 1207.9254s
Epoch: 3 cost time: 12.365789890289307
Epoch: 3, Steps: 1067 | Train Loss: 0.2439035 Vali Loss: 0.3689196
Validation loss decreased (0.374787 --> 0.368920).  Saving model ...
Updating learning rate to 0.000125
	iters: 100, epoch: 4 | loss: 0.2008840
	speed: 0.0367s/iter; left time: 3796.4348s
	iters: 200, epoch: 4 | loss: 0.2662349
	speed: 0.0116s/iter; left time: 1198.5606s
	iters: 300, epoch: 4 | loss: 0.2134487
	speed: 0.0112s/iter; left time: 1160.1034s
	iters: 400, epoch: 4 | loss: 0.2211511
	speed: 0.0114s/iter; left time: 1174.5071s
	iters: 500, epoch: 4 | loss: 0.2565122
	speed: 0.0110s/iter; left time: 1137.5083s
	iters: 600, epoch: 4 | loss: 0.2057525
	speed: 0.0115s/iter; left time: 1182.9934s
	iters: 700, epoch: 4 | loss: 0.3130255
	speed: 0.0114s/iter; left time: 1169.2326s
	iters: 800, epoch: 4 | loss: 0.2549776
	speed: 0.0111s/iter; left time: 1141.9917s
	iters: 900, epoch: 4 | loss: 0.2451917
	speed: 0.0112s/iter; left time: 1147.0419s
	iters: 1000, epoch: 4 | loss: 0.2320932
	speed: 0.0115s/iter; left time: 1177.9195s
Epoch: 4 cost time: 12.08176302909851
Epoch: 4, Steps: 1067 | Train Loss: 0.2386952 Vali Loss: 0.3682024
Validation loss decreased (0.368920 --> 0.368202).  Saving model ...
Updating learning rate to 6.25e-05
	iters: 100, epoch: 5 | loss: 0.2511146
	speed: 0.0355s/iter; left time: 3628.4103s
	iters: 200, epoch: 5 | loss: 0.1888830
	speed: 0.0114s/iter; left time: 1165.9784s
	iters: 300, epoch: 5 | loss: 0.2133137
	speed: 0.0114s/iter; left time: 1167.4565s
	iters: 400, epoch: 5 | loss: 0.2290133
	speed: 0.0115s/iter; left time: 1170.6351s
	iters: 500, epoch: 5 | loss: 0.2700505
	speed: 0.0114s/iter; left time: 1160.1388s
	iters: 600, epoch: 5 | loss: 0.2469348
	speed: 0.0110s/iter; left time: 1119.2097s
	iters: 700, epoch: 5 | loss: 0.2634428
	speed: 0.0109s/iter; left time: 1113.7185s
	iters: 800, epoch: 5 | loss: 0.2358932
	speed: 0.0111s/iter; left time: 1132.8932s
	iters: 900, epoch: 5 | loss: 0.2244302
	speed: 0.0114s/iter; left time: 1159.6784s
	iters: 1000, epoch: 5 | loss: 0.2380116
	speed: 0.0112s/iter; left time: 1140.4509s
Epoch: 5 cost time: 12.058697700500488
Epoch: 5, Steps: 1067 | Train Loss: 0.2358176 Vali Loss: 0.3687245
EarlyStopping counter: 1 out of 6
Updating learning rate to 3.125e-05
	iters: 100, epoch: 6 | loss: 0.2203455
	speed: 0.0355s/iter; left time: 3593.6715s
	iters: 200, epoch: 6 | loss: 0.2631291
	speed: 0.0113s/iter; left time: 1147.0918s
	iters: 300, epoch: 6 | loss: 0.2034917
	speed: 0.0112s/iter; left time: 1136.2513s
	iters: 400, epoch: 6 | loss: 0.2336124
	speed: 0.0116s/iter; left time: 1170.1489s
	iters: 500, epoch: 6 | loss: 0.2327611
	speed: 0.0114s/iter; left time: 1153.4579s
	iters: 600, epoch: 6 | loss: 0.1783502
	speed: 0.0114s/iter; left time: 1143.9122s
	iters: 700, epoch: 6 | loss: 0.2645182
	speed: 0.0112s/iter; left time: 1130.0029s
	iters: 800, epoch: 6 | loss: 0.2917636
	speed: 0.0114s/iter; left time: 1146.8270s
	iters: 900, epoch: 6 | loss: 0.2578768
	speed: 0.0114s/iter; left time: 1144.7163s
	iters: 1000, epoch: 6 | loss: 0.2864884
	speed: 0.0113s/iter; left time: 1137.7372s
Epoch: 6 cost time: 12.122058391571045
Epoch: 6, Steps: 1067 | Train Loss: 0.2342206 Vali Loss: 0.3679464
Validation loss decreased (0.368202 --> 0.367946).  Saving model ...
Updating learning rate to 1.5625e-05
	iters: 100, epoch: 7 | loss: 0.2620687
	speed: 0.0356s/iter; left time: 3568.8863s
	iters: 200, epoch: 7 | loss: 0.2165578
	speed: 0.0115s/iter; left time: 1148.1163s
	iters: 300, epoch: 7 | loss: 0.2184631
	speed: 0.0118s/iter; left time: 1184.8315s
	iters: 400, epoch: 7 | loss: 0.2438751
	speed: 0.0115s/iter; left time: 1148.7307s
	iters: 500, epoch: 7 | loss: 0.2065192
	speed: 0.0114s/iter; left time: 1139.7086s
	iters: 600, epoch: 7 | loss: 0.2460589
	speed: 0.0115s/iter; left time: 1143.2462s
	iters: 700, epoch: 7 | loss: 0.2520023
	speed: 0.0114s/iter; left time: 1136.2598s
	iters: 800, epoch: 7 | loss: 0.2187440
	speed: 0.0114s/iter; left time: 1135.6485s
	iters: 900, epoch: 7 | loss: 0.2749570
	speed: 0.0114s/iter; left time: 1128.5348s
	iters: 1000, epoch: 7 | loss: 0.2433680
	speed: 0.0114s/iter; left time: 1128.0422s
Epoch: 7 cost time: 12.205080509185791
Epoch: 7, Steps: 1067 | Train Loss: 0.2332922 Vali Loss: 0.3675622
Validation loss decreased (0.367946 --> 0.367562).  Saving model ...
Updating learning rate to 7.8125e-06
	iters: 100, epoch: 8 | loss: 0.2241447
	speed: 0.0362s/iter; left time: 3585.9671s
	iters: 200, epoch: 8 | loss: 0.2690878
	speed: 0.0113s/iter; left time: 1119.2461s
	iters: 300, epoch: 8 | loss: 0.2397416
	speed: 0.0114s/iter; left time: 1129.9506s
	iters: 400, epoch: 8 | loss: 0.2501230
	speed: 0.0112s/iter; left time: 1107.7687s
	iters: 500, epoch: 8 | loss: 0.2559055
	speed: 0.0113s/iter; left time: 1117.7933s
	iters: 600, epoch: 8 | loss: 0.2843285
	speed: 0.0117s/iter; left time: 1151.8068s
	iters: 700, epoch: 8 | loss: 0.2184879
	speed: 0.0113s/iter; left time: 1117.7528s
	iters: 800, epoch: 8 | loss: 0.2240846
	speed: 0.0114s/iter; left time: 1117.5043s
	iters: 900, epoch: 8 | loss: 0.2617396
	speed: 0.0113s/iter; left time: 1112.1828s
	iters: 1000, epoch: 8 | loss: 0.2132700
	speed: 0.0110s/iter; left time: 1080.9828s
Epoch: 8 cost time: 12.068071365356445
Epoch: 8, Steps: 1067 | Train Loss: 0.2327154 Vali Loss: 0.3676992
EarlyStopping counter: 1 out of 6
Updating learning rate to 3.90625e-06
	iters: 100, epoch: 9 | loss: 0.2447959
	speed: 0.0348s/iter; left time: 3411.3803s
	iters: 200, epoch: 9 | loss: 0.2840424
	speed: 0.0112s/iter; left time: 1095.1875s
	iters: 300, epoch: 9 | loss: 0.2071311
	speed: 0.0110s/iter; left time: 1073.8426s
	iters: 400, epoch: 9 | loss: 0.2019807
	speed: 0.0112s/iter; left time: 1093.1384s
	iters: 500, epoch: 9 | loss: 0.2246756
	speed: 0.0114s/iter; left time: 1110.8449s
	iters: 600, epoch: 9 | loss: 0.2461774
	speed: 0.0111s/iter; left time: 1081.8977s
	iters: 700, epoch: 9 | loss: 0.2442132
	speed: 0.0113s/iter; left time: 1101.2266s
	iters: 800, epoch: 9 | loss: 0.2175011
	speed: 0.0112s/iter; left time: 1091.2456s
	iters: 900, epoch: 9 | loss: 0.2456828
	speed: 0.0114s/iter; left time: 1108.7965s
	iters: 1000, epoch: 9 | loss: 0.2282728
	speed: 0.0111s/iter; left time: 1081.4498s
Epoch: 9 cost time: 11.953684568405151
Epoch: 9, Steps: 1067 | Train Loss: 0.2324225 Vali Loss: 0.3683910
EarlyStopping counter: 2 out of 6
Updating learning rate to 1.953125e-06
	iters: 100, epoch: 10 | loss: 0.2172395
	speed: 0.0353s/iter; left time: 3427.6967s
	iters: 200, epoch: 10 | loss: 0.2345731
	speed: 0.0112s/iter; left time: 1089.0989s
	iters: 300, epoch: 10 | loss: 0.2440781
	speed: 0.0110s/iter; left time: 1066.4926s
	iters: 400, epoch: 10 | loss: 0.2329315
	speed: 0.0115s/iter; left time: 1109.6485s
	iters: 500, epoch: 10 | loss: 0.2531811
	speed: 0.0113s/iter; left time: 1094.7157s
	iters: 600, epoch: 10 | loss: 0.2455700
	speed: 0.0112s/iter; left time: 1083.8786s
	iters: 700, epoch: 10 | loss: 0.2342032
	speed: 0.0111s/iter; left time: 1072.2202s
	iters: 800, epoch: 10 | loss: 0.2319965
	speed: 0.0114s/iter; left time: 1096.0085s
	iters: 900, epoch: 10 | loss: 0.3343093
	speed: 0.0114s/iter; left time: 1099.0488s
	iters: 1000, epoch: 10 | loss: 0.2439380
	speed: 0.0114s/iter; left time: 1093.9034s
Epoch: 10 cost time: 12.017070770263672
Epoch: 10, Steps: 1067 | Train Loss: 0.2321931 Vali Loss: 0.3682081
EarlyStopping counter: 3 out of 6
Updating learning rate to 9.765625e-07
	iters: 100, epoch: 11 | loss: 0.2851908
	speed: 0.0356s/iter; left time: 3415.1138s
	iters: 200, epoch: 11 | loss: 0.2429072
	speed: 0.0113s/iter; left time: 1082.9352s
	iters: 300, epoch: 11 | loss: 0.2868993
	speed: 0.0112s/iter; left time: 1072.9453s
	iters: 400, epoch: 11 | loss: 0.2104411
	speed: 0.0115s/iter; left time: 1101.8512s
	iters: 500, epoch: 11 | loss: 0.2565826
	speed: 0.0115s/iter; left time: 1093.9436s
	iters: 600, epoch: 11 | loss: 0.2319813
	speed: 0.0114s/iter; left time: 1085.0735s
	iters: 700, epoch: 11 | loss: 0.2361510
	speed: 0.0114s/iter; left time: 1083.9497s
	iters: 800, epoch: 11 | loss: 0.2443236
	speed: 0.0114s/iter; left time: 1086.7451s
	iters: 900, epoch: 11 | loss: 0.2320774
	speed: 0.0114s/iter; left time: 1086.8174s
	iters: 1000, epoch: 11 | loss: 0.1832768
	speed: 0.0116s/iter; left time: 1104.8046s
Epoch: 11 cost time: 12.178065061569214
Epoch: 11, Steps: 1067 | Train Loss: 0.2321190 Vali Loss: 0.3681485
EarlyStopping counter: 4 out of 6
Updating learning rate to 4.8828125e-07
	iters: 100, epoch: 12 | loss: 0.2025082
	speed: 0.0358s/iter; left time: 3397.5363s
	iters: 200, epoch: 12 | loss: 0.2333708
	speed: 0.0113s/iter; left time: 1074.0696s
	iters: 300, epoch: 12 | loss: 0.2352270
	speed: 0.0113s/iter; left time: 1067.3035s
	iters: 400, epoch: 12 | loss: 0.2522500
	speed: 0.0110s/iter; left time: 1038.1701s
	iters: 500, epoch: 12 | loss: 0.2230173
	speed: 0.0112s/iter; left time: 1054.3125s
	iters: 600, epoch: 12 | loss: 0.2193468
	speed: 0.0113s/iter; left time: 1063.2540s
	iters: 700, epoch: 12 | loss: 0.2037057
	speed: 0.0113s/iter; left time: 1069.6685s
	iters: 800, epoch: 12 | loss: 0.2442655
	speed: 0.0112s/iter; left time: 1059.1174s
	iters: 900, epoch: 12 | loss: 0.2207837
	speed: 0.0115s/iter; left time: 1078.8103s
	iters: 1000, epoch: 12 | loss: 0.2875266
	speed: 0.0115s/iter; left time: 1081.4255s
Epoch: 12 cost time: 12.033031463623047
Epoch: 12, Steps: 1067 | Train Loss: 0.2321913 Vali Loss: 0.3681408
EarlyStopping counter: 5 out of 6
Updating learning rate to 2.44140625e-07
	iters: 100, epoch: 13 | loss: 0.2644814
	speed: 0.0353s/iter; left time: 3307.4113s
	iters: 200, epoch: 13 | loss: 0.3600414
	speed: 0.0111s/iter; left time: 1040.8357s
	iters: 300, epoch: 13 | loss: 0.1923381
	speed: 0.0114s/iter; left time: 1066.5616s
	iters: 400, epoch: 13 | loss: 0.1942787
	speed: 0.0110s/iter; left time: 1031.9377s
	iters: 500, epoch: 13 | loss: 0.2427201
	speed: 0.0113s/iter; left time: 1056.3969s
	iters: 600, epoch: 13 | loss: 0.2127429
	speed: 0.0110s/iter; left time: 1027.8949s
	iters: 700, epoch: 13 | loss: 0.2525341
	speed: 0.0112s/iter; left time: 1045.9912s
	iters: 800, epoch: 13 | loss: 0.2280173
	speed: 0.0114s/iter; left time: 1061.1288s
	iters: 900, epoch: 13 | loss: 0.2959251
	speed: 0.0114s/iter; left time: 1062.9492s
	iters: 1000, epoch: 13 | loss: 0.2426692
	speed: 0.0114s/iter; left time: 1062.5648s
Epoch: 13 cost time: 12.02044153213501
Epoch: 13, Steps: 1067 | Train Loss: 0.2321563 Vali Loss: 0.3681371
EarlyStopping counter: 6 out of 6
Early stopping
VALIDATION_RESULT {"best_epoch": 7, "best_mae": 0.4007943915386703, "best_mse": 0.36756216664904046, "epochs_ran": 13, "metric_version": "element_weighted_v1"}
>>>>>>>test skipped (validation-only run)<<<<<<<<<<<<<<<<<<<<<<<<
Record: /home/cwh/Time-Series-Library/logs/timerole_ablation_multiseed/validation/ab3_ettm1_p96_gg_s2022.json

=== TimeRoleConcat | ETTm1 | H=720 | seed=2022 ===
Command: /home/cwh/Time-Series-Library/.venv/bin/python -u /home/cwh/Time-Series-Library/run.py --task_name long_term_forecast --is_training 1 --root_path /home/cwh/Time-Series-Library/dataset/ETT-small --data_path ETTm1.csv --model_id ETTm1_96_720_ab3_ettm1_p720_cat_s2022 --model TimeRoleConcat --seed 2022 --data ETTm1 --features M --target OT --seq_len 336 --label_len 48 --pred_len 720 --enc_in 7 --dec_in 7 --c_out 7 --patch_len 4 --stride 2 --d_model 64 --d_ff 128 --d_state 32 --d_conv 2 --e_layers 1 --expand 2 --mamba_version 1 --mamba_bidirectional 1 --use_graph 1 --use_time_mamba 1 --use_patch 1 --use_decomp 1 --moving_avg 25 --dual_scale_scan_mode independent_shared --periodic_period 24 --periodic_local_patch 0 --periodic_local_stride 0 --periodic_period_stride 12 --periodic_use_adapter 1 --graph_alpha 0.5 --graph_top_k 2 --graph_sample_size 2000 --graph_sample_method uniform --static_graph_mode weighted --graph_cache 0 --gc_graph_dim 16 --gc_temperature 1.0 --gc_residual_init 0.5 --gc_dynamic_graph 1 --gc_symmetric_graph 1 --gc_input_modulation 1 --gc_direction_fusion 1 --gc_parallel_residual 1 --af_hidden_dim 32 --af_rank 16 --af_mode variable_scale_residual --dropout 0.1 --batch_size 32 --learning_rate 0.0005 --lradj type1 --train_epochs 100 --patience 6 --num_workers 0 --gpu 0 --des ab3_ettm1_p720_cat_s2022 --itr 1 --test_after_train 0
Log: /home/cwh/Time-Series-Library/logs/timerole_ablation_multiseed/validation/ab3_ettm1_p720_cat_s2022.log
Using GPU
Args in experiment:
[1mBasic Config[0m
  Task Name:          long_term_forecast  Is Training:        1                   
  Model ID:           ETTm1_96_720_ab3_ettm1_p720_cat_s2022Model:              TimeRoleConcat      

[1mData Loader[0m
  Data:               ETTm1               Root Path:          /home/cwh/Time-Series-Library/dataset/ETT-small
  Data Path:          ETTm1.csv           Features:           M                   
  Target:             OT                  Freq:               h                   
  Checkpoints:        ./checkpoints/      

[1mForecasting Task[0m
  Seq Len:            336                 Label Len:          48                  
  Pred Len:           720                 Seasonal Patterns:  Monthly             
  Inverse:            0                   

[1mModel Parameters[0m
  Top k:              5                   Num Kernels:        6                   
  Enc In:             7                   Dec In:             7                   
  C Out:              7                   d model:            64                  
  n heads:            8                   e layers:           1                   
  d layers:           1                   d FF:               128                 
  Moving Avg:         25                  Factor:             1                   
  Distil:             1                   Dropout:            0.1                 
  Embed:              timeF               Activation:         gelu                

[1mRun Parameters[0m
  Num Workers:        0                   Itr:                1                   
  Train Epochs:       100                 Batch Size:         32                  
  Patience:           6                   Learning Rate:      0.0005              
  Des:                ab3_ettm1_p720_cat_s2022Loss:               MSE                 
  Lradj:              type1               Use Amp:            0                   

[1mGPU[0m
  Use GPU:            1                   GPU:                0                   
  Use Multi GPU:      0                   Devices:            0,1,2,3             

[1mDe-stationary Projector Params[0m
  P Hidden Dims:      128, 128            P Hidden Layers:    2                   

Use GPU: cuda:0
🚀 Lazy Loading: TimeRoleConcat ...
[GraphMamba] Building 7x7 static graph from 2000 training samples
>>>>>>>start training : long_term_forecast_ETTm1_96_720_ab3_ettm1_p720_cat_s2022_TimeRoleConcat_ETTm1_ftM_sl336_ll48_pl720_dm64_nh8_el1_dl1_df128_expand2_dc2_fc1_ebtimeF_dtTrue_ab3_ettm1_p720_cat_s2022_0>>>>>>>>>>>>>>>>>>>>>>>>>>
train 33505
val 10801
	iters: 100, epoch: 1 | loss: 0.4400834
	speed: 0.0140s/iter; left time: 1467.4596s
	iters: 200, epoch: 1 | loss: 0.5106875
	speed: 0.0119s/iter; left time: 1246.5969s
	iters: 300, epoch: 1 | loss: 0.4732694
	speed: 0.0117s/iter; left time: 1221.9216s
	iters: 400, epoch: 1 | loss: 0.4529375
	speed: 0.0120s/iter; left time: 1250.3214s
	iters: 500, epoch: 1 | loss: 0.4454602
	speed: 0.0117s/iter; left time: 1220.8047s
	iters: 600, epoch: 1 | loss: 0.4597149
	speed: 0.0118s/iter; left time: 1230.7440s
	iters: 700, epoch: 1 | loss: 0.4647167
	speed: 0.0114s/iter; left time: 1182.0566s
	iters: 800, epoch: 1 | loss: 0.3886280
	speed: 0.0117s/iter; left time: 1219.7238s
	iters: 900, epoch: 1 | loss: 0.3563940
	speed: 0.0117s/iter; left time: 1216.8710s
	iters: 1000, epoch: 1 | loss: 0.4133403
	speed: 0.0117s/iter; left time: 1217.7516s
Epoch: 1 cost time: 12.543419599533081
Epoch: 1, Steps: 1048 | Train Loss: 0.4622701 Vali Loss: 0.9897357
Validation loss decreased (inf --> 0.989736).  Saving model ...
Updating learning rate to 0.0005
	iters: 100, epoch: 2 | loss: 0.4134133
	speed: 0.0351s/iter; left time: 3639.0993s
	iters: 200, epoch: 2 | loss: 0.3869923
	speed: 0.0116s/iter; left time: 1203.5579s
	iters: 300, epoch: 2 | loss: 0.3249463
	speed: 0.0117s/iter; left time: 1214.9706s
	iters: 400, epoch: 2 | loss: 0.4237933
	speed: 0.0115s/iter; left time: 1193.5941s
	iters: 500, epoch: 2 | loss: 0.4467965
	speed: 0.0115s/iter; left time: 1190.0370s
	iters: 600, epoch: 2 | loss: 0.4043606
	speed: 0.0116s/iter; left time: 1191.5480s
	iters: 700, epoch: 2 | loss: 0.3932373
	speed: 0.0114s/iter; left time: 1174.1829s
	iters: 800, epoch: 2 | loss: 0.3837768
	speed: 0.0115s/iter; left time: 1183.7691s
	iters: 900, epoch: 2 | loss: 0.3338587
	speed: 0.0118s/iter; left time: 1209.4891s
	iters: 1000, epoch: 2 | loss: 0.3626507
	speed: 0.0117s/iter; left time: 1206.8604s
Epoch: 2 cost time: 12.217464447021484
Epoch: 2, Steps: 1048 | Train Loss: 0.4189356 Vali Loss: 0.9591219
Validation loss decreased (0.989736 --> 0.959122).  Saving model ...
Updating learning rate to 0.00025
	iters: 100, epoch: 3 | loss: 0.4025350
	speed: 0.0347s/iter; left time: 3559.3257s
	iters: 200, epoch: 3 | loss: 0.4023986
	speed: 0.0117s/iter; left time: 1199.0571s
	iters: 300, epoch: 3 | loss: 0.3853276
	speed: 0.0117s/iter; left time: 1193.6716s
	iters: 400, epoch: 3 | loss: 0.4599688
	speed: 0.0117s/iter; left time: 1192.5042s
	iters: 500, epoch: 3 | loss: 0.3204328
	speed: 0.0118s/iter; left time: 1205.1438s
	iters: 600, epoch: 3 | loss: 0.4328958
	speed: 0.0117s/iter; left time: 1196.9371s
	iters: 700, epoch: 3 | loss: 0.4296595
	speed: 0.0116s/iter; left time: 1180.3112s
	iters: 800, epoch: 3 | loss: 0.4432569
	speed: 0.0118s/iter; left time: 1207.3966s
	iters: 900, epoch: 3 | loss: 0.3912679
	speed: 0.0122s/iter; left time: 1241.9912s
	iters: 1000, epoch: 3 | loss: 0.4496011
	speed: 0.0120s/iter; left time: 1217.9557s
Epoch: 3 cost time: 12.364997148513794
Epoch: 3, Steps: 1048 | Train Loss: 0.4073289 Vali Loss: 0.9388710
Validation loss decreased (0.959122 --> 0.938871).  Saving model ...
Updating learning rate to 0.000125
	iters: 100, epoch: 4 | loss: 0.3222732
	speed: 0.0350s/iter; left time: 3557.9783s
	iters: 200, epoch: 4 | loss: 0.4079434
	speed: 0.0116s/iter; left time: 1180.6175s
	iters: 300, epoch: 4 | loss: 0.4373572
	speed: 0.0120s/iter; left time: 1214.0437s
	iters: 400, epoch: 4 | loss: 0.5016285
	speed: 0.0116s/iter; left time: 1179.6344s
	iters: 500, epoch: 4 | loss: 0.3708516
	speed: 0.0117s/iter; left time: 1183.9291s
	iters: 600, epoch: 4 | loss: 0.3995785
	speed: 0.0117s/iter; left time: 1184.1506s
	iters: 700, epoch: 4 | loss: 0.4123940
	speed: 0.0118s/iter; left time: 1188.4476s
	iters: 800, epoch: 4 | loss: 0.3397882
	speed: 0.0116s/iter; left time: 1174.3490s
	iters: 900, epoch: 4 | loss: 0.3201838
	speed: 0.0118s/iter; left time: 1191.2563s
	iters: 1000, epoch: 4 | loss: 0.3831972
	speed: 0.0117s/iter; left time: 1182.2623s
Epoch: 4 cost time: 12.298685312271118
Epoch: 4, Steps: 1048 | Train Loss: 0.4010761 Vali Loss: 0.9387338
Validation loss decreased (0.938871 --> 0.938734).  Saving model ...
Updating learning rate to 6.25e-05
	iters: 100, epoch: 5 | loss: 0.3695070
	speed: 0.0341s/iter; left time: 3423.5890s
	iters: 200, epoch: 5 | loss: 0.3808906
	speed: 0.0118s/iter; left time: 1180.0444s
	iters: 300, epoch: 5 | loss: 0.3960124
	speed: 0.0116s/iter; left time: 1166.8939s
	iters: 400, epoch: 5 | loss: 0.4162449
	speed: 0.0115s/iter; left time: 1157.3411s
	iters: 500, epoch: 5 | loss: 0.3731799
	speed: 0.0118s/iter; left time: 1186.2038s
	iters: 600, epoch: 5 | loss: 0.4674087
	speed: 0.0116s/iter; left time: 1163.8249s
	iters: 700, epoch: 5 | loss: 0.3428603
	speed: 0.0116s/iter; left time: 1162.9756s
	iters: 800, epoch: 5 | loss: 0.3507383
	speed: 0.0116s/iter; left time: 1155.8413s
	iters: 900, epoch: 5 | loss: 0.3067201
	speed: 0.0116s/iter; left time: 1153.0864s
	iters: 1000, epoch: 5 | loss: 0.3401313
	speed: 0.0118s/iter; left time: 1171.5815s
Epoch: 5 cost time: 12.229811668395996
Epoch: 5, Steps: 1048 | Train Loss: 0.3981974 Vali Loss: 0.9372713
Validation loss decreased (0.938734 --> 0.937271).  Saving model ...
Updating learning rate to 3.125e-05
	iters: 100, epoch: 6 | loss: 0.4308128
	speed: 0.0352s/iter; left time: 3501.2648s
	iters: 200, epoch: 6 | loss: 0.4078312
	speed: 0.0117s/iter; left time: 1161.4009s
	iters: 300, epoch: 6 | loss: 0.3429027
	speed: 0.0116s/iter; left time: 1154.5814s
	iters: 400, epoch: 6 | loss: 0.4492032
	speed: 0.0119s/iter; left time: 1181.4560s
	iters: 500, epoch: 6 | loss: 0.3695719
	speed: 0.0118s/iter; left time: 1169.8119s
	iters: 600, epoch: 6 | loss: 0.3677853
	speed: 0.0121s/iter; left time: 1192.8174s
	iters: 700, epoch: 6 | loss: 0.3423185
	speed: 0.0119s/iter; left time: 1176.7411s
	iters: 800, epoch: 6 | loss: 0.3962000
	speed: 0.0120s/iter; left time: 1184.2123s
	iters: 900, epoch: 6 | loss: 0.4349449
	speed: 0.0119s/iter; left time: 1176.5276s
	iters: 1000, epoch: 6 | loss: 0.4490213
	speed: 0.0119s/iter; left time: 1173.6686s
Epoch: 6 cost time: 12.449366331100464
Epoch: 6, Steps: 1048 | Train Loss: 0.3965069 Vali Loss: 0.9378088
EarlyStopping counter: 1 out of 6
Updating learning rate to 1.5625e-05
	iters: 100, epoch: 7 | loss: 0.4240970
	speed: 0.0339s/iter; left time: 3333.5912s
	iters: 200, epoch: 7 | loss: 0.4406529
	speed: 0.0116s/iter; left time: 1142.5552s
	iters: 300, epoch: 7 | loss: 0.3485146
	speed: 0.0116s/iter; left time: 1140.6157s
	iters: 400, epoch: 7 | loss: 0.3807051
	speed: 0.0116s/iter; left time: 1138.1832s
	iters: 500, epoch: 7 | loss: 0.3707158
	speed: 0.0116s/iter; left time: 1134.5370s
	iters: 600, epoch: 7 | loss: 0.3742374
	speed: 0.0118s/iter; left time: 1151.0013s
	iters: 700, epoch: 7 | loss: 0.4088453
	speed: 0.0116s/iter; left time: 1131.3124s
	iters: 800, epoch: 7 | loss: 0.4496808
	speed: 0.0116s/iter; left time: 1135.5259s
	iters: 900, epoch: 7 | loss: 0.3615397
	speed: 0.0117s/iter; left time: 1139.3767s
	iters: 1000, epoch: 7 | loss: 0.4163133
	speed: 0.0117s/iter; left time: 1143.7027s
Epoch: 7 cost time: 12.214526414871216
Epoch: 7, Steps: 1048 | Train Loss: 0.3951087 Vali Loss: 0.9370472
Validation loss decreased (0.937271 --> 0.937047).  Saving model ...
Updating learning rate to 7.8125e-06
	iters: 100, epoch: 8 | loss: 0.4109704
	speed: 0.0348s/iter; left time: 3387.6100s
	iters: 200, epoch: 8 | loss: 0.3678910
	speed: 0.0116s/iter; left time: 1130.6742s
	iters: 300, epoch: 8 | loss: 0.4377126
	speed: 0.0116s/iter; left time: 1125.1529s
	iters: 400, epoch: 8 | loss: 0.3957006
	speed: 0.0117s/iter; left time: 1130.8873s
	iters: 500, epoch: 8 | loss: 0.3734123
	speed: 0.0115s/iter; left time: 1116.5466s
	iters: 600, epoch: 8 | loss: 0.4324004
	speed: 0.0114s/iter; left time: 1101.8845s
	iters: 700, epoch: 8 | loss: 0.4831947
	speed: 0.0116s/iter; left time: 1126.1322s
	iters: 800, epoch: 8 | loss: 0.3606274
	speed: 0.0118s/iter; left time: 1144.0398s
	iters: 900, epoch: 8 | loss: 0.3792768
	speed: 0.0117s/iter; left time: 1132.2586s
	iters: 1000, epoch: 8 | loss: 0.3898918
	speed: 0.0119s/iter; left time: 1145.4968s
Epoch: 8 cost time: 12.196473598480225
Epoch: 8, Steps: 1048 | Train Loss: 0.3938363 Vali Loss: 0.9368317
Validation loss decreased (0.937047 --> 0.936832).  Saving model ...
Updating learning rate to 3.90625e-06
	iters: 100, epoch: 9 | loss: 0.4050547
	speed: 0.0349s/iter; left time: 3358.6764s
	iters: 200, epoch: 9 | loss: 0.3599779
	speed: 0.0116s/iter; left time: 1120.6020s
	iters: 300, epoch: 9 | loss: 0.4025635
	speed: 0.0118s/iter; left time: 1137.9520s
	iters: 400, epoch: 9 | loss: 0.3801497
	speed: 0.0118s/iter; left time: 1132.6078s
	iters: 500, epoch: 9 | loss: 0.3613004
	speed: 0.0116s/iter; left time: 1116.6148s
	iters: 600, epoch: 9 | loss: 0.3181795
	speed: 0.0116s/iter; left time: 1115.2457s
	iters: 700, epoch: 9 | loss: 0.4165158
	speed: 0.0114s/iter; left time: 1094.2020s
	iters: 800, epoch: 9 | loss: 0.4259239
	speed: 0.0115s/iter; left time: 1099.2504s
	iters: 900, epoch: 9 | loss: 0.4676440
	speed: 0.0115s/iter; left time: 1102.0508s
	iters: 1000, epoch: 9 | loss: 0.4308062
	speed: 0.0116s/iter; left time: 1111.5989s
Epoch: 9 cost time: 12.197590351104736
Epoch: 9, Steps: 1048 | Train Loss: 0.3935985 Vali Loss: 0.9369626
EarlyStopping counter: 1 out of 6
Updating learning rate to 1.953125e-06
	iters: 100, epoch: 10 | loss: 0.3999583
	speed: 0.0339s/iter; left time: 3231.5451s
	iters: 200, epoch: 10 | loss: 0.3775522
	speed: 0.0114s/iter; left time: 1088.2939s
	iters: 300, epoch: 10 | loss: 0.3129167
	speed: 0.0116s/iter; left time: 1106.7866s
	iters: 400, epoch: 10 | loss: 0.4004948
	speed: 0.0117s/iter; left time: 1112.6872s
	iters: 500, epoch: 10 | loss: 0.3847548
	speed: 0.0117s/iter; left time: 1109.8995s
	iters: 600, epoch: 10 | loss: 0.3992215
	speed: 0.0120s/iter; left time: 1137.8297s
	iters: 700, epoch: 10 | loss: 0.3747194
	speed: 0.0118s/iter; left time: 1118.1792s
	iters: 800, epoch: 10 | loss: 0.4170938
	speed: 0.0114s/iter; left time: 1079.7187s
	iters: 900, epoch: 10 | loss: 0.3666330
	speed: 0.0117s/iter; left time: 1102.8110s
	iters: 1000, epoch: 10 | loss: 0.4630474
	speed: 0.0116s/iter; left time: 1094.5025s
Epoch: 10 cost time: 12.217180728912354
Epoch: 10, Steps: 1048 | Train Loss: 0.3935316 Vali Loss: 0.9369608
EarlyStopping counter: 2 out of 6
Updating learning rate to 9.765625e-07
	iters: 100, epoch: 11 | loss: 0.3855993
	speed: 0.0341s/iter; left time: 3213.2963s
	iters: 200, epoch: 11 | loss: 0.3674358
	speed: 0.0117s/iter; left time: 1100.2313s
	iters: 300, epoch: 11 | loss: 0.4254545
	speed: 0.0115s/iter; left time: 1080.3656s
	iters: 400, epoch: 11 | loss: 0.3875855
	speed: 0.0117s/iter; left time: 1100.8365s
	iters: 500, epoch: 11 | loss: 0.3267145
	speed: 0.0116s/iter; left time: 1090.7209s
	iters: 600, epoch: 11 | loss: 0.3978572
	speed: 0.0117s/iter; left time: 1099.6873s
	iters: 700, epoch: 11 | loss: 0.4356088
	speed: 0.0117s/iter; left time: 1099.1231s
	iters: 800, epoch: 11 | loss: 0.3742065
	speed: 0.0116s/iter; left time: 1088.7626s
	iters: 900, epoch: 11 | loss: 0.3766144
	speed: 0.0119s/iter; left time: 1108.2126s
	iters: 1000, epoch: 11 | loss: 0.3975670
	speed: 0.0116s/iter; left time: 1084.5793s
Epoch: 11 cost time: 12.223065853118896
Epoch: 11, Steps: 1048 | Train Loss: 0.3934152 Vali Loss: 0.9369263
EarlyStopping counter: 3 out of 6
Updating learning rate to 4.8828125e-07
	iters: 100, epoch: 12 | loss: 0.4440537
	speed: 0.0334s/iter; left time: 3107.7377s
	iters: 200, epoch: 12 | loss: 0.3656343
	speed: 0.0118s/iter; left time: 1096.0817s
	iters: 300, epoch: 12 | loss: 0.3553946
	speed: 0.0119s/iter; left time: 1109.3413s
	iters: 400, epoch: 12 | loss: 0.4484234
	speed: 0.0118s/iter; left time: 1094.1943s
	iters: 500, epoch: 12 | loss: 0.4110422
	speed: 0.0117s/iter; left time: 1083.4842s
	iters: 600, epoch: 12 | loss: 0.3741998
	speed: 0.0117s/iter; left time: 1082.9235s
	iters: 700, epoch: 12 | loss: 0.3671753
	speed: 0.0116s/iter; left time: 1074.2572s
	iters: 800, epoch: 12 | loss: 0.3718491
	speed: 0.0119s/iter; left time: 1101.6431s
	iters: 900, epoch: 12 | loss: 0.3613036
	speed: 0.0117s/iter; left time: 1083.9411s
	iters: 1000, epoch: 12 | loss: 0.4475374
	speed: 0.0116s/iter; left time: 1066.2516s
Epoch: 12 cost time: 12.270895957946777
Epoch: 12, Steps: 1048 | Train Loss: 0.3935268 Vali Loss: 0.9369786
EarlyStopping counter: 4 out of 6
Updating learning rate to 2.44140625e-07
	iters: 100, epoch: 13 | loss: 0.3932971
	speed: 0.0340s/iter; left time: 3136.0378s
	iters: 200, epoch: 13 | loss: 0.4863809
	speed: 0.0117s/iter; left time: 1081.0267s
	iters: 300, epoch: 13 | loss: 0.3155349
	speed: 0.0115s/iter; left time: 1059.7277s
	iters: 400, epoch: 13 | loss: 0.3761246
	speed: 0.0118s/iter; left time: 1082.2303s
	iters: 500, epoch: 13 | loss: 0.3971517
	speed: 0.0116s/iter; left time: 1062.5481s
	iters: 600, epoch: 13 | loss: 0.4531774
	speed: 0.0116s/iter; left time: 1061.0474s
	iters: 700, epoch: 13 | loss: 0.3752165
	speed: 0.0118s/iter; left time: 1081.4560s
	iters: 800, epoch: 13 | loss: 0.4105102
	speed: 0.0116s/iter; left time: 1064.2263s
	iters: 900, epoch: 13 | loss: 0.4306318
	speed: 0.0115s/iter; left time: 1050.8305s
	iters: 1000, epoch: 13 | loss: 0.3544243
	speed: 0.0118s/iter; left time: 1079.9602s
Epoch: 13 cost time: 12.250162601470947
Epoch: 13, Steps: 1048 | Train Loss: 0.3932390 Vali Loss: 0.9369122
EarlyStopping counter: 5 out of 6
Updating learning rate to 1.220703125e-07
	iters: 100, epoch: 14 | loss: 0.4692145
	speed: 0.0342s/iter; left time: 3115.6478s
	iters: 200, epoch: 14 | loss: 0.3951013
	speed: 0.0117s/iter; left time: 1068.4997s
	iters: 300, epoch: 14 | loss: 0.4830191
	speed: 0.0117s/iter; left time: 1061.8719s
	iters: 400, epoch: 14 | loss: 0.3646642
	speed: 0.0114s/iter; left time: 1032.2192s
	iters: 500, epoch: 14 | loss: 0.4164654
	speed: 0.0117s/iter; left time: 1062.4514s
	iters: 600, epoch: 14 | loss: 0.3250923
	speed: 0.0116s/iter; left time: 1052.4665s
	iters: 700, epoch: 14 | loss: 0.4306327
	speed: 0.0114s/iter; left time: 1031.2528s
	iters: 800, epoch: 14 | loss: 0.4092172
	speed: 0.0114s/iter; left time: 1034.8128s
	iters: 900, epoch: 14 | loss: 0.3088038
	speed: 0.0115s/iter; left time: 1036.4056s
	iters: 1000, epoch: 14 | loss: 0.3562947
	speed: 0.0117s/iter; left time: 1054.0186s
Epoch: 14 cost time: 12.140992641448975
Epoch: 14, Steps: 1048 | Train Loss: 0.3934085 Vali Loss: 0.9369204
EarlyStopping counter: 6 out of 6
Early stopping
VALIDATION_RESULT {"best_epoch": 8, "best_mae": 0.6378552036329492, "best_mse": 0.936831722826039, "epochs_ran": 14, "metric_version": "element_weighted_v1"}
>>>>>>>test skipped (validation-only run)<<<<<<<<<<<<<<<<<<<<<<<<
Record: /home/cwh/Time-Series-Library/logs/timerole_ablation_multiseed/validation/ab3_ettm1_p720_cat_s2022.json

=== TimeRoleNoDiff | ETTm1 | H=720 | seed=2022 ===
Command: /home/cwh/Time-Series-Library/.venv/bin/python -u /home/cwh/Time-Series-Library/run.py --task_name long_term_forecast --is_training 1 --root_path /home/cwh/Time-Series-Library/dataset/ETT-small --data_path ETTm1.csv --model_id ETTm1_96_720_ab3_ettm1_p720_nd_s2022 --model TimeRoleNoDiff --seed 2022 --data ETTm1 --features M --target OT --seq_len 336 --label_len 48 --pred_len 720 --enc_in 7 --dec_in 7 --c_out 7 --patch_len 4 --stride 2 --d_model 64 --d_ff 128 --d_state 32 --d_conv 2 --e_layers 1 --expand 2 --mamba_version 1 --mamba_bidirectional 1 --use_graph 1 --use_time_mamba 1 --use_patch 1 --use_decomp 1 --moving_avg 25 --dual_scale_scan_mode independent_shared --periodic_period 24 --periodic_local_patch 0 --periodic_local_stride 0 --periodic_period_stride 12 --periodic_use_adapter 1 --graph_alpha 0.5 --graph_top_k 2 --graph_sample_size 2000 --graph_sample_method uniform --static_graph_mode weighted --graph_cache 0 --gc_graph_dim 16 --gc_temperature 1.0 --gc_residual_init 0.5 --gc_dynamic_graph 1 --gc_symmetric_graph 1 --gc_input_modulation 1 --gc_direction_fusion 1 --gc_parallel_residual 1 --af_hidden_dim 32 --af_rank 16 --af_mode variable_scale_residual --dropout 0.1 --batch_size 32 --learning_rate 0.0005 --lradj type1 --train_epochs 100 --patience 6 --num_workers 0 --gpu 0 --des ab3_ettm1_p720_nd_s2022 --itr 1 --test_after_train 0
Log: /home/cwh/Time-Series-Library/logs/timerole_ablation_multiseed/validation/ab3_ettm1_p720_nd_s2022.log
Using GPU
Args in experiment:
[1mBasic Config[0m
  Task Name:          long_term_forecast  Is Training:        1                   
  Model ID:           ETTm1_96_720_ab3_ettm1_p720_nd_s2022Model:              TimeRoleNoDiff      

[1mData Loader[0m
  Data:               ETTm1               Root Path:          /home/cwh/Time-Series-Library/dataset/ETT-small
  Data Path:          ETTm1.csv           Features:           M                   
  Target:             OT                  Freq:               h                   
  Checkpoints:        ./checkpoints/      

[1mForecasting Task[0m
  Seq Len:            336                 Label Len:          48                  
  Pred Len:           720                 Seasonal Patterns:  Monthly             
  Inverse:            0                   

[1mModel Parameters[0m
  Top k:              5                   Num Kernels:        6                   
  Enc In:             7                   Dec In:             7                   
  C Out:              7                   d model:            64                  
  n heads:            8                   e layers:           1                   
  d layers:           1                   d FF:               128                 
  Moving Avg:         25                  Factor:             1                   
  Distil:             1                   Dropout:            0.1                 
  Embed:              timeF               Activation:         gelu                

[1mRun Parameters[0m
  Num Workers:        0                   Itr:                1                   
  Train Epochs:       100                 Batch Size:         32                  
  Patience:           6                   Learning Rate:      0.0005              
  Des:                ab3_ettm1_p720_nd_s2022Loss:               MSE                 
  Lradj:              type1               Use Amp:            0                   

[1mGPU[0m
  Use GPU:            1                   GPU:                0                   
  Use Multi GPU:      0                   Devices:            0,1,2,3             

[1mDe-stationary Projector Params[0m
  P Hidden Dims:      128, 128            P Hidden Layers:    2                   

Use GPU: cuda:0
🚀 Lazy Loading: TimeRoleNoDiff ...
[GraphMamba] Building 7x7 static graph from 2000 training samples
>>>>>>>start training : long_term_forecast_ETTm1_96_720_ab3_ettm1_p720_nd_s2022_TimeRoleNoDiff_ETTm1_ftM_sl336_ll48_pl720_dm64_nh8_el1_dl1_df128_expand2_dc2_fc1_ebtimeF_dtTrue_ab3_ettm1_p720_nd_s2022_0>>>>>>>>>>>>>>>>>>>>>>>>>>
train 33505
val 10801
	iters: 100, epoch: 1 | loss: 0.4416158
	speed: 0.0142s/iter; left time: 1489.8821s
	iters: 200, epoch: 1 | loss: 0.5155714
	speed: 0.0118s/iter; left time: 1230.8740s
	iters: 300, epoch: 1 | loss: 0.4887691
	speed: 0.0117s/iter; left time: 1218.8475s
	iters: 400, epoch: 1 | loss: 0.4769242
	speed: 0.0115s/iter; left time: 1198.2950s
	iters: 500, epoch: 1 | loss: 0.4658232
	speed: 0.0115s/iter; left time: 1199.6904s
	iters: 600, epoch: 1 | loss: 0.4723579
	speed: 0.0115s/iter; left time: 1197.1127s
	iters: 700, epoch: 1 | loss: 0.4786016
	speed: 0.0118s/iter; left time: 1227.8923s
	iters: 800, epoch: 1 | loss: 0.3906353
	speed: 0.0117s/iter; left time: 1219.2162s
	iters: 900, epoch: 1 | loss: 0.3618709
	speed: 0.0116s/iter; left time: 1203.3296s
	iters: 1000, epoch: 1 | loss: 0.4178681
	speed: 0.0116s/iter; left time: 1199.4163s
Epoch: 1 cost time: 12.457084894180298
Epoch: 1, Steps: 1048 | Train Loss: 0.4757079 Vali Loss: 0.9906926
Validation loss decreased (inf --> 0.990693).  Saving model ...
Updating learning rate to 0.0005
	iters: 100, epoch: 2 | loss: 0.4133304
	speed: 0.0343s/iter; left time: 3554.5205s
	iters: 200, epoch: 2 | loss: 0.3903586
	speed: 0.0115s/iter; left time: 1189.5948s
	iters: 300, epoch: 2 | loss: 0.3267289
	speed: 0.0116s/iter; left time: 1203.3284s
	iters: 400, epoch: 2 | loss: 0.4269504
	speed: 0.0116s/iter; left time: 1197.0167s
	iters: 500, epoch: 2 | loss: 0.4477110
	speed: 0.0116s/iter; left time: 1202.4708s
	iters: 600, epoch: 2 | loss: 0.4059155
	speed: 0.0118s/iter; left time: 1212.6347s
	iters: 700, epoch: 2 | loss: 0.3949622
	speed: 0.0117s/iter; left time: 1202.8563s
	iters: 800, epoch: 2 | loss: 0.3883580
	speed: 0.0117s/iter; left time: 1207.7078s
	iters: 900, epoch: 2 | loss: 0.3338240
	speed: 0.0116s/iter; left time: 1197.5944s
	iters: 1000, epoch: 2 | loss: 0.3712837
	speed: 0.0117s/iter; left time: 1203.4736s
Epoch: 2 cost time: 12.20260763168335
Epoch: 2, Steps: 1048 | Train Loss: 0.4218396 Vali Loss: 0.9584188
Validation loss decreased (0.990693 --> 0.958419).  Saving model ...
Updating learning rate to 0.00025
	iters: 100, epoch: 3 | loss: 0.4071688
	speed: 0.0334s/iter; left time: 3426.9526s
	iters: 200, epoch: 3 | loss: 0.4073176
	speed: 0.0115s/iter; left time: 1174.2536s
	iters: 300, epoch: 3 | loss: 0.3906809
	speed: 0.0116s/iter; left time: 1191.2327s
	iters: 400, epoch: 3 | loss: 0.4651462
	speed: 0.0114s/iter; left time: 1166.2208s
	iters: 500, epoch: 3 | loss: 0.3212397
	speed: 0.0117s/iter; left time: 1196.5079s
	iters: 600, epoch: 3 | loss: 0.4306548
	speed: 0.0119s/iter; left time: 1217.8610s
	iters: 700, epoch: 3 | loss: 0.4268871
	speed: 0.0116s/iter; left time: 1185.0585s
	iters: 800, epoch: 3 | loss: 0.4490237
	speed: 0.0115s/iter; left time: 1170.6248s
	iters: 900, epoch: 3 | loss: 0.3875387
	speed: 0.0119s/iter; left time: 1206.6654s
	iters: 1000, epoch: 3 | loss: 0.4507221
	speed: 0.0116s/iter; left time: 1180.2922s
Epoch: 3 cost time: 12.190748453140259
Epoch: 3, Steps: 1048 | Train Loss: 0.4102892 Vali Loss: 0.9386403
Validation loss decreased (0.958419 --> 0.938640).  Saving model ...
Updating learning rate to 0.000125
	iters: 100, epoch: 4 | loss: 0.3249044
	speed: 0.0341s/iter; left time: 3458.2311s
	iters: 200, epoch: 4 | loss: 0.4165302
	speed: 0.0112s/iter; left time: 1135.2477s
	iters: 300, epoch: 4 | loss: 0.4448048
	speed: 0.0115s/iter; left time: 1166.7440s
	iters: 400, epoch: 4 | loss: 0.4953454
	speed: 0.0117s/iter; left time: 1181.1427s
	iters: 500, epoch: 4 | loss: 0.3698270
	speed: 0.0116s/iter; left time: 1169.1568s
	iters: 600, epoch: 4 | loss: 0.4077356
	speed: 0.0118s/iter; left time: 1194.6811s
	iters: 700, epoch: 4 | loss: 0.4140843
	speed: 0.0117s/iter; left time: 1177.2661s
	iters: 800, epoch: 4 | loss: 0.3398460
	speed: 0.0118s/iter; left time: 1190.9346s
	iters: 900, epoch: 4 | loss: 0.3235280
	speed: 0.0119s/iter; left time: 1200.1095s
	iters: 1000, epoch: 4 | loss: 0.3919936
	speed: 0.0117s/iter; left time: 1182.6484s
Epoch: 4 cost time: 12.200300931930542
Epoch: 4, Steps: 1048 | Train Loss: 0.4044038 Vali Loss: 0.9363306
Validation loss decreased (0.938640 --> 0.936331).  Saving model ...
Updating learning rate to 6.25e-05
	iters: 100, epoch: 5 | loss: 0.3751905
	speed: 0.0347s/iter; left time: 3483.2946s
	iters: 200, epoch: 5 | loss: 0.3842952
	speed: 0.0120s/iter; left time: 1200.4558s
	iters: 300, epoch: 5 | loss: 0.3936845
	speed: 0.0116s/iter; left time: 1163.6433s
	iters: 400, epoch: 5 | loss: 0.4162813
	speed: 0.0119s/iter; left time: 1196.6355s
	iters: 500, epoch: 5 | loss: 0.3790096
	speed: 0.0116s/iter; left time: 1160.7520s
	iters: 600, epoch: 5 | loss: 0.4682406
	speed: 0.0114s/iter; left time: 1138.6544s
	iters: 700, epoch: 5 | loss: 0.3419089
	speed: 0.0118s/iter; left time: 1174.6115s
	iters: 800, epoch: 5 | loss: 0.3513029
	speed: 0.0115s/iter; left time: 1147.9311s
	iters: 900, epoch: 5 | loss: 0.3112229
	speed: 0.0119s/iter; left time: 1186.9408s
	iters: 1000, epoch: 5 | loss: 0.3442027
	speed: 0.0118s/iter; left time: 1172.9169s
Epoch: 5 cost time: 12.319754362106323
Epoch: 5, Steps: 1048 | Train Loss: 0.4014842 Vali Loss: 0.9351756
Validation loss decreased (0.936331 --> 0.935176).  Saving model ...
Updating learning rate to 3.125e-05
	iters: 100, epoch: 6 | loss: 0.4356290
	speed: 0.0349s/iter; left time: 3475.7817s
	iters: 200, epoch: 6 | loss: 0.4140750
	speed: 0.0122s/iter; left time: 1207.7525s
	iters: 300, epoch: 6 | loss: 0.3465586
	speed: 0.0131s/iter; left time: 1298.9370s
	iters: 400, epoch: 6 | loss: 0.4515496
	speed: 0.0151s/iter; left time: 1496.0762s
	iters: 500, epoch: 6 | loss: 0.3684089
	speed: 0.0121s/iter; left time: 1194.0707s
	iters: 600, epoch: 6 | loss: 0.3713387
	speed: 0.0118s/iter; left time: 1171.4052s
	iters: 700, epoch: 6 | loss: 0.3479004
	speed: 0.0117s/iter; left time: 1153.8574s
	iters: 800, epoch: 6 | loss: 0.3962194
	speed: 0.0112s/iter; left time: 1109.0643s
	iters: 900, epoch: 6 | loss: 0.4370333
	speed: 0.0116s/iter; left time: 1145.6146s
	iters: 1000, epoch: 6 | loss: 0.4475248
	speed: 0.0119s/iter; left time: 1168.6170s
Epoch: 6 cost time: 12.82369875907898
Epoch: 6, Steps: 1048 | Train Loss: 0.3997630 Vali Loss: 0.9354518
EarlyStopping counter: 1 out of 6
Updating learning rate to 1.5625e-05
	iters: 100, epoch: 7 | loss: 0.4254996
	speed: 0.0354s/iter; left time: 3482.8847s
	iters: 200, epoch: 7 | loss: 0.4443296
	speed: 0.0114s/iter; left time: 1121.1740s
	iters: 300, epoch: 7 | loss: 0.3427669
	speed: 0.0113s/iter; left time: 1109.7426s
	iters: 400, epoch: 7 | loss: 0.3842153
	speed: 0.0118s/iter; left time: 1154.0406s
	iters: 500, epoch: 7 | loss: 0.3736193
	speed: 0.0123s/iter; left time: 1200.6652s
	iters: 600, epoch: 7 | loss: 0.3768797
	speed: 0.0115s/iter; left time: 1127.1852s
	iters: 700, epoch: 7 | loss: 0.4091854
	speed: 0.0119s/iter; left time: 1159.4464s
	iters: 800, epoch: 7 | loss: 0.4597954
	speed: 0.0116s/iter; left time: 1132.2040s
	iters: 900, epoch: 7 | loss: 0.3718600
	speed: 0.0114s/iter; left time: 1114.9129s
	iters: 1000, epoch: 7 | loss: 0.4202875
	speed: 0.0116s/iter; left time: 1132.3656s
Epoch: 7 cost time: 12.217483043670654
Epoch: 7, Steps: 1048 | Train Loss: 0.3983996 Vali Loss: 0.9343422
Validation loss decreased (0.935176 --> 0.934342).  Saving model ...
Updating learning rate to 7.8125e-06
	iters: 100, epoch: 8 | loss: 0.4048775
	speed: 0.0340s/iter; left time: 3309.3139s
	iters: 200, epoch: 8 | loss: 0.3754848
	speed: 0.0116s/iter; left time: 1129.3056s
	iters: 300, epoch: 8 | loss: 0.4403293
	speed: 0.0117s/iter; left time: 1140.0117s
	iters: 400, epoch: 8 | loss: 0.3894590
	speed: 0.0118s/iter; left time: 1146.5415s
	iters: 500, epoch: 8 | loss: 0.3720836
	speed: 0.0115s/iter; left time: 1112.2196s
	iters: 600, epoch: 8 | loss: 0.4347498
	speed: 0.0114s/iter; left time: 1108.2966s
	iters: 700, epoch: 8 | loss: 0.4915819
	speed: 0.0116s/iter; left time: 1125.6675s
	iters: 800, epoch: 8 | loss: 0.3564195
	speed: 0.0117s/iter; left time: 1129.4028s
	iters: 900, epoch: 8 | loss: 0.3837102
	speed: 0.0116s/iter; left time: 1123.3543s
	iters: 1000, epoch: 8 | loss: 0.3852680
	speed: 0.0117s/iter; left time: 1128.9713s
Epoch: 8 cost time: 12.186005353927612
Epoch: 8, Steps: 1048 | Train Loss: 0.3971449 Vali Loss: 0.9342993
Validation loss decreased (0.934342 --> 0.934299).  Saving model ...
Updating learning rate to 3.90625e-06
	iters: 100, epoch: 9 | loss: 0.4009505
	speed: 0.0343s/iter; left time: 3302.0806s
	iters: 200, epoch: 9 | loss: 0.3628612
	speed: 0.0118s/iter; left time: 1137.4454s
	iters: 300, epoch: 9 | loss: 0.4044792
	speed: 0.0116s/iter; left time: 1116.8896s
	iters: 400, epoch: 9 | loss: 0.3822637
	speed: 0.0115s/iter; left time: 1108.5428s
	iters: 500, epoch: 9 | loss: 0.3630984
	speed: 0.0115s/iter; left time: 1098.5805s
	iters: 600, epoch: 9 | loss: 0.3200004
	speed: 0.0119s/iter; left time: 1136.8914s
	iters: 700, epoch: 9 | loss: 0.4222326
	speed: 0.0117s/iter; left time: 1118.3333s
	iters: 800, epoch: 9 | loss: 0.4317168
	speed: 0.0117s/iter; left time: 1114.2503s
	iters: 900, epoch: 9 | loss: 0.4733662
	speed: 0.0115s/iter; left time: 1095.0098s
	iters: 1000, epoch: 9 | loss: 0.4319793
	speed: 0.0116s/iter; left time: 1104.9277s
Epoch: 9 cost time: 12.180615663528442
Epoch: 9, Steps: 1048 | Train Loss: 0.3969285 Vali Loss: 0.9341584
Validation loss decreased (0.934299 --> 0.934158).  Saving model ...
Updating learning rate to 1.953125e-06
	iters: 100, epoch: 10 | loss: 0.4048778
	speed: 0.0341s/iter; left time: 3246.6026s
	iters: 200, epoch: 10 | loss: 0.3824624
	speed: 0.0116s/iter; left time: 1100.1020s
	iters: 300, epoch: 10 | loss: 0.3158647
	speed: 0.0115s/iter; left time: 1090.8361s
	iters: 400, epoch: 10 | loss: 0.4094653
	speed: 0.0118s/iter; left time: 1119.8997s
	iters: 500, epoch: 10 | loss: 0.3878811
	speed: 0.0117s/iter; left time: 1113.2762s
	iters: 600, epoch: 10 | loss: 0.4004728
	speed: 0.0116s/iter; left time: 1095.4742s
	iters: 700, epoch: 10 | loss: 0.3734269
	speed: 0.0118s/iter; left time: 1114.2034s
	iters: 800, epoch: 10 | loss: 0.4213758
	speed: 0.0116s/iter; left time: 1099.3077s
	iters: 900, epoch: 10 | loss: 0.3696606
	speed: 0.0118s/iter; left time: 1118.1301s
	iters: 1000, epoch: 10 | loss: 0.4652004
	speed: 0.0115s/iter; left time: 1086.3578s
Epoch: 10 cost time: 12.218109130859375
Epoch: 10, Steps: 1048 | Train Loss: 0.3967826 Vali Loss: 0.9341021
Validation loss decreased (0.934158 --> 0.934102).  Saving model ...
Updating learning rate to 9.765625e-07
	iters: 100, epoch: 11 | loss: 0.3844882
	speed: 0.0347s/iter; left time: 3270.9532s
	iters: 200, epoch: 11 | loss: 0.3743738
	speed: 0.0115s/iter; left time: 1081.5649s
	iters: 300, epoch: 11 | loss: 0.4350178
	speed: 0.0117s/iter; left time: 1095.5159s
	iters: 400, epoch: 11 | loss: 0.3885694
	speed: 0.0118s/iter; left time: 1104.5946s
	iters: 500, epoch: 11 | loss: 0.3257254
	speed: 0.0114s/iter; left time: 1072.5954s
	iters: 600, epoch: 11 | loss: 0.4093774
	speed: 0.0117s/iter; left time: 1097.8838s
	iters: 700, epoch: 11 | loss: 0.4412368
	speed: 0.0115s/iter; left time: 1073.8582s
	iters: 800, epoch: 11 | loss: 0.3780933
	speed: 0.0118s/iter; left time: 1101.0976s
	iters: 900, epoch: 11 | loss: 0.3817621
	speed: 0.0118s/iter; left time: 1102.1376s
	iters: 1000, epoch: 11 | loss: 0.4047815
	speed: 0.0117s/iter; left time: 1095.8756s
Epoch: 11 cost time: 12.212111473083496
Epoch: 11, Steps: 1048 | Train Loss: 0.3967217 Vali Loss: 0.9340585
Validation loss decreased (0.934102 --> 0.934059).  Saving model ...
Updating learning rate to 4.8828125e-07
	iters: 100, epoch: 12 | loss: 0.4415174
	speed: 0.0348s/iter; left time: 3244.3975s
	iters: 200, epoch: 12 | loss: 0.3755914
	speed: 0.0115s/iter; left time: 1072.7674s
	iters: 300, epoch: 12 | loss: 0.3628818
	speed: 0.0119s/iter; left time: 1101.7471s
	iters: 400, epoch: 12 | loss: 0.4529589
	speed: 0.0116s/iter; left time: 1081.3451s
	iters: 500, epoch: 12 | loss: 0.4126887
	speed: 0.0117s/iter; left time: 1082.8417s
	iters: 600, epoch: 12 | loss: 0.3747504
	speed: 0.0118s/iter; left time: 1095.6533s
	iters: 700, epoch: 12 | loss: 0.3680491
	speed: 0.0117s/iter; left time: 1087.6599s
	iters: 800, epoch: 12 | loss: 0.3684131
	speed: 0.0114s/iter; left time: 1052.4845s
	iters: 900, epoch: 12 | loss: 0.3622637
	speed: 0.0115s/iter; left time: 1060.3042s
	iters: 1000, epoch: 12 | loss: 0.4575757
	speed: 0.0115s/iter; left time: 1062.8402s
Epoch: 12 cost time: 12.209456205368042
Epoch: 12, Steps: 1048 | Train Loss: 0.3968799 Vali Loss: 0.9340868
EarlyStopping counter: 1 out of 6
Updating learning rate to 2.44140625e-07
	iters: 100, epoch: 13 | loss: 0.3963876
	speed: 0.0332s/iter; left time: 3058.0893s
	iters: 200, epoch: 13 | loss: 0.4893744
	speed: 0.0117s/iter; left time: 1076.3150s
	iters: 300, epoch: 13 | loss: 0.3167635
	speed: 0.0115s/iter; left time: 1057.5279s
	iters: 400, epoch: 13 | loss: 0.3707524
	speed: 0.0116s/iter; left time: 1062.6563s
	iters: 500, epoch: 13 | loss: 0.4003251
	speed: 0.0115s/iter; left time: 1055.0042s
	iters: 600, epoch: 13 | loss: 0.4495801
	speed: 0.0118s/iter; left time: 1081.5962s
	iters: 700, epoch: 13 | loss: 0.3766944
	speed: 0.0116s/iter; left time: 1064.4422s
	iters: 800, epoch: 13 | loss: 0.4094625
	speed: 0.0118s/iter; left time: 1076.5058s
	iters: 900, epoch: 13 | loss: 0.4441173
	speed: 0.0116s/iter; left time: 1061.4325s
	iters: 1000, epoch: 13 | loss: 0.3661335
	speed: 0.0115s/iter; left time: 1045.0534s
Epoch: 13 cost time: 12.163904905319214
Epoch: 13, Steps: 1048 | Train Loss: 0.3965240 Vali Loss: 0.9340692
EarlyStopping counter: 2 out of 6
Updating learning rate to 1.220703125e-07
	iters: 100, epoch: 14 | loss: 0.4672793
	speed: 0.0340s/iter; left time: 3093.4048s
	iters: 200, epoch: 14 | loss: 0.3957683
	speed: 0.0114s/iter; left time: 1041.0192s
	iters: 300, epoch: 14 | loss: 0.4843301
	speed: 0.0115s/iter; left time: 1048.3295s
	iters: 400, epoch: 14 | loss: 0.3802046
	speed: 0.0118s/iter; left time: 1067.0797s
	iters: 500, epoch: 14 | loss: 0.4241887
	speed: 0.0116s/iter; left time: 1052.8955s
	iters: 600, epoch: 14 | loss: 0.3336730
	speed: 0.0116s/iter; left time: 1048.2651s
	iters: 700, epoch: 14 | loss: 0.4335437
	speed: 0.0118s/iter; left time: 1067.6334s
	iters: 800, epoch: 14 | loss: 0.4171933
	speed: 0.0117s/iter; left time: 1060.4028s
	iters: 900, epoch: 14 | loss: 0.3091545
	speed: 0.0119s/iter; left time: 1070.8145s
	iters: 1000, epoch: 14 | loss: 0.3600362
	speed: 0.0115s/iter; left time: 1037.8984s
Epoch: 14 cost time: 12.209280014038086
Epoch: 14, Steps: 1048 | Train Loss: 0.3967660 Vali Loss: 0.9340687
EarlyStopping counter: 3 out of 6
Updating learning rate to 6.103515625e-08
	iters: 100, epoch: 15 | loss: 0.3737252
	speed: 0.0340s/iter; left time: 3060.0391s
	iters: 200, epoch: 15 | loss: 0.3328059
	speed: 0.0117s/iter; left time: 1054.7127s
	iters: 300, epoch: 15 | loss: 0.4304032
	speed: 0.0118s/iter; left time: 1059.1301s
	iters: 400, epoch: 15 | loss: 0.3701941
	speed: 0.0118s/iter; left time: 1062.3533s
	iters: 500, epoch: 15 | loss: 0.4222871
	speed: 0.0116s/iter; left time: 1038.7037s
	iters: 600, epoch: 15 | loss: 0.3979881
	speed: 0.0113s/iter; left time: 1010.4831s
	iters: 700, epoch: 15 | loss: 0.4035690
	speed: 0.0118s/iter; left time: 1057.2808s
	iters: 800, epoch: 15 | loss: 0.3800292
	speed: 0.0115s/iter; left time: 1028.5902s
	iters: 900, epoch: 15 | loss: 0.4134402
	speed: 0.0115s/iter; left time: 1029.0719s
	iters: 1000, epoch: 15 | loss: 0.4522064
	speed: 0.0115s/iter; left time: 1026.9732s
Epoch: 15 cost time: 12.189292669296265
Epoch: 15, Steps: 1048 | Train Loss: 0.3965919 Vali Loss: 0.9340696
EarlyStopping counter: 4 out of 6
Updating learning rate to 3.0517578125e-08
	iters: 100, epoch: 16 | loss: 0.4467083
	speed: 0.0338s/iter; left time: 3008.3821s
	iters: 200, epoch: 16 | loss: 0.3542886
	speed: 0.0114s/iter; left time: 1016.3477s
	iters: 300, epoch: 16 | loss: 0.3267119
	speed: 0.0114s/iter; left time: 1015.8676s
	iters: 400, epoch: 16 | loss: 0.4419475
	speed: 0.0114s/iter; left time: 1011.1322s
	iters: 500, epoch: 16 | loss: 0.3949584
	speed: 0.0114s/iter; left time: 1008.3834s
	iters: 600, epoch: 16 | loss: 0.4133842
	speed: 0.0114s/iter; left time: 1007.6694s
	iters: 700, epoch: 16 | loss: 0.3621320
	speed: 0.0120s/iter; left time: 1057.9160s
	iters: 800, epoch: 16 | loss: 0.3851813
	speed: 0.0116s/iter; left time: 1022.8917s
	iters: 900, epoch: 16 | loss: 0.4396900
	speed: 0.0117s/iter; left time: 1029.0450s
	iters: 1000, epoch: 16 | loss: 0.4330182
	speed: 0.0119s/iter; left time: 1047.5264s
Epoch: 16 cost time: 12.126441717147827
Epoch: 16, Steps: 1048 | Train Loss: 0.3965970 Vali Loss: 0.9340686
EarlyStopping counter: 5 out of 6
Updating learning rate to 1.52587890625e-08
	iters: 100, epoch: 17 | loss: 0.4181305
	speed: 0.0341s/iter; left time: 2996.9250s
	iters: 200, epoch: 17 | loss: 0.3754434
	speed: 0.0121s/iter; left time: 1063.3883s
	iters: 300, epoch: 17 | loss: 0.3483180
	speed: 0.0116s/iter; left time: 1021.3657s
	iters: 400, epoch: 17 | loss: 0.4323495
	speed: 0.0118s/iter; left time: 1038.0402s
	iters: 500, epoch: 17 | loss: 0.3392588
	speed: 0.0119s/iter; left time: 1041.0832s
	iters: 600, epoch: 17 | loss: 0.3275970
	speed: 0.0118s/iter; left time: 1031.4722s
	iters: 700, epoch: 17 | loss: 0.4023577
	speed: 0.0119s/iter; left time: 1035.3722s
	iters: 800, epoch: 17 | loss: 0.3746854
	speed: 0.0118s/iter; left time: 1029.0273s
	iters: 900, epoch: 17 | loss: 0.4302731
	speed: 0.0114s/iter; left time: 997.3097s
	iters: 1000, epoch: 17 | loss: 0.3779601
	speed: 0.0116s/iter; left time: 1010.9018s
Epoch: 17 cost time: 12.331037044525146
Epoch: 17, Steps: 1048 | Train Loss: 0.3965648 Vali Loss: 0.9340689
EarlyStopping counter: 6 out of 6
Early stopping
VALIDATION_RESULT {"best_epoch": 11, "best_mae": 0.6375938188180327, "best_mse": 0.9340585179916101, "epochs_ran": 17, "metric_version": "element_weighted_v1"}
>>>>>>>test skipped (validation-only run)<<<<<<<<<<<<<<<<<<<<<<<<
Record: /home/cwh/Time-Series-Library/logs/timerole_ablation_multiseed/validation/ab3_ettm1_p720_nd_s2022.json

=== TimeRoleGlobalGate | ETTm1 | H=720 | seed=2022 ===
Command: /home/cwh/Time-Series-Library/.venv/bin/python -u /home/cwh/Time-Series-Library/run.py --task_name long_term_forecast --is_training 1 --root_path /home/cwh/Time-Series-Library/dataset/ETT-small --data_path ETTm1.csv --model_id ETTm1_96_720_ab3_ettm1_p720_gg_s2022 --model TimeRoleGlobalGate --seed 2022 --data ETTm1 --features M --target OT --seq_len 336 --label_len 48 --pred_len 720 --enc_in 7 --dec_in 7 --c_out 7 --patch_len 4 --stride 2 --d_model 64 --d_ff 128 --d_state 32 --d_conv 2 --e_layers 1 --expand 2 --mamba_version 1 --mamba_bidirectional 1 --use_graph 1 --use_time_mamba 1 --use_patch 1 --use_decomp 1 --moving_avg 25 --dual_scale_scan_mode independent_shared --periodic_period 24 --periodic_local_patch 0 --periodic_local_stride 0 --periodic_period_stride 12 --periodic_use_adapter 1 --graph_alpha 0.5 --graph_top_k 2 --graph_sample_size 2000 --graph_sample_method uniform --static_graph_mode weighted --graph_cache 0 --gc_graph_dim 16 --gc_temperature 1.0 --gc_residual_init 0.5 --gc_dynamic_graph 1 --gc_symmetric_graph 1 --gc_input_modulation 1 --gc_direction_fusion 1 --gc_parallel_residual 1 --af_hidden_dim 32 --af_rank 16 --af_mode variable_scale_residual --dropout 0.1 --batch_size 32 --learning_rate 0.0005 --lradj type1 --train_epochs 100 --patience 6 --num_workers 0 --gpu 0 --des ab3_ettm1_p720_gg_s2022 --itr 1 --test_after_train 0
Log: /home/cwh/Time-Series-Library/logs/timerole_ablation_multiseed/validation/ab3_ettm1_p720_gg_s2022.log
Using GPU
Args in experiment:
[1mBasic Config[0m
  Task Name:          long_term_forecast  Is Training:        1                   
  Model ID:           ETTm1_96_720_ab3_ettm1_p720_gg_s2022Model:              TimeRoleGlobalGate  

[1mData Loader[0m
  Data:               ETTm1               Root Path:          /home/cwh/Time-Series-Library/dataset/ETT-small
  Data Path:          ETTm1.csv           Features:           M                   
  Target:             OT                  Freq:               h                   
  Checkpoints:        ./checkpoints/      

[1mForecasting Task[0m
  Seq Len:            336                 Label Len:          48                  
  Pred Len:           720                 Seasonal Patterns:  Monthly             
  Inverse:            0                   

[1mModel Parameters[0m
  Top k:              5                   Num Kernels:        6                   
  Enc In:             7                   Dec In:             7                   
  C Out:              7                   d model:            64                  
  n heads:            8                   e layers:           1                   
  d layers:           1                   d FF:               128                 
  Moving Avg:         25                  Factor:             1                   
  Distil:             1                   Dropout:            0.1                 
  Embed:              timeF               Activation:         gelu                

[1mRun Parameters[0m
  Num Workers:        0                   Itr:                1                   
  Train Epochs:       100                 Batch Size:         32                  
  Patience:           6                   Learning Rate:      0.0005              
  Des:                ab3_ettm1_p720_gg_s2022Loss:               MSE                 
  Lradj:              type1               Use Amp:            0                   

[1mGPU[0m
  Use GPU:            1                   GPU:                0                   
  Use Multi GPU:      0                   Devices:            0,1,2,3             

[1mDe-stationary Projector Params[0m
  P Hidden Dims:      128, 128            P Hidden Layers:    2                   

Use GPU: cuda:0
🚀 Lazy Loading: TimeRoleGlobalGate ...
[GraphMamba] Building 7x7 static graph from 2000 training samples
>>>>>>>start training : long_term_forecast_ETTm1_96_720_ab3_ettm1_p720_gg_s2022_TimeRoleGlobalGate_ETTm1_ftM_sl336_ll48_pl720_dm64_nh8_el1_dl1_df128_expand2_dc2_fc1_ebtimeF_dtTrue_ab3_ettm1_p720_gg_s2022_0>>>>>>>>>>>>>>>>>>>>>>>>>>
train 33505
val 10801
	iters: 100, epoch: 1 | loss: 0.4381837
	speed: 0.0144s/iter; left time: 1509.4621s
	iters: 200, epoch: 1 | loss: 0.5165469
	speed: 0.0117s/iter; left time: 1228.8679s
	iters: 300, epoch: 1 | loss: 0.4779544
	speed: 0.0117s/iter; left time: 1222.9388s
	iters: 400, epoch: 1 | loss: 0.4584392
	speed: 0.0119s/iter; left time: 1238.7446s
	iters: 500, epoch: 1 | loss: 0.4596949
	speed: 0.0119s/iter; left time: 1237.2146s
	iters: 600, epoch: 1 | loss: 0.4677517
	speed: 0.0119s/iter; left time: 1235.0071s
	iters: 700, epoch: 1 | loss: 0.4740333
	speed: 0.0122s/iter; left time: 1273.9766s
	iters: 800, epoch: 1 | loss: 0.3949704
	speed: 0.0118s/iter; left time: 1232.1326s
	iters: 900, epoch: 1 | loss: 0.3562425
	speed: 0.0119s/iter; left time: 1234.3282s
	iters: 1000, epoch: 1 | loss: 0.4134722
	speed: 0.0119s/iter; left time: 1231.2436s
Epoch: 1 cost time: 12.703418970108032
Epoch: 1, Steps: 1048 | Train Loss: 0.4643555 Vali Loss: 0.9992599
Validation loss decreased (inf --> 0.999260).  Saving model ...
Updating learning rate to 0.0005
	iters: 100, epoch: 2 | loss: 0.4142064
	speed: 0.0348s/iter; left time: 3611.1267s
	iters: 200, epoch: 2 | loss: 0.3841612
	speed: 0.0120s/iter; left time: 1247.1403s
	iters: 300, epoch: 2 | loss: 0.3222436
	speed: 0.0120s/iter; left time: 1243.1508s
	iters: 400, epoch: 2 | loss: 0.4287028
	speed: 0.0117s/iter; left time: 1212.6854s
	iters: 500, epoch: 2 | loss: 0.4453689
	speed: 0.0122s/iter; left time: 1255.8434s
	iters: 600, epoch: 2 | loss: 0.4014159
	speed: 0.0120s/iter; left time: 1235.4775s
	iters: 700, epoch: 2 | loss: 0.3910125
	speed: 0.0120s/iter; left time: 1241.3704s
	iters: 800, epoch: 2 | loss: 0.3873175
	speed: 0.0119s/iter; left time: 1227.1010s
	iters: 900, epoch: 2 | loss: 0.3340513
	speed: 0.0118s/iter; left time: 1216.6954s
	iters: 1000, epoch: 2 | loss: 0.3706853
	speed: 0.0119s/iter; left time: 1222.1779s
Epoch: 2 cost time: 12.541199445724487
Epoch: 2, Steps: 1048 | Train Loss: 0.4193842 Vali Loss: 0.9642870
Validation loss decreased (0.999260 --> 0.964287).  Saving model ...
Updating learning rate to 0.00025
	iters: 100, epoch: 3 | loss: 0.4081535
	speed: 0.0355s/iter; left time: 3637.9873s
	iters: 200, epoch: 3 | loss: 0.3959618
	speed: 0.0119s/iter; left time: 1220.5914s
	iters: 300, epoch: 3 | loss: 0.3859750
	speed: 0.0118s/iter; left time: 1204.3769s
	iters: 400, epoch: 3 | loss: 0.4584883
	speed: 0.0121s/iter; left time: 1235.6343s
	iters: 500, epoch: 3 | loss: 0.3176239
	speed: 0.0118s/iter; left time: 1210.8300s
	iters: 600, epoch: 3 | loss: 0.4289271
	speed: 0.0116s/iter; left time: 1182.4796s
	iters: 700, epoch: 3 | loss: 0.4281461
	speed: 0.0118s/iter; left time: 1203.2658s
	iters: 800, epoch: 3 | loss: 0.4306713
	speed: 0.0119s/iter; left time: 1209.6265s
	iters: 900, epoch: 3 | loss: 0.3760806
	speed: 0.0117s/iter; left time: 1190.8259s
	iters: 1000, epoch: 3 | loss: 0.4463553
	speed: 0.0118s/iter; left time: 1204.5943s
Epoch: 3 cost time: 12.395065784454346
Epoch: 3, Steps: 1048 | Train Loss: 0.4071489 Vali Loss: 0.9447043
Validation loss decreased (0.964287 --> 0.944704).  Saving model ...
Updating learning rate to 0.000125
	iters: 100, epoch: 4 | loss: 0.3265378
	speed: 0.0348s/iter; left time: 3536.3415s
	iters: 200, epoch: 4 | loss: 0.4095872
	speed: 0.0118s/iter; left time: 1194.2283s
	iters: 300, epoch: 4 | loss: 0.4400746
	speed: 0.0119s/iter; left time: 1206.9238s
	iters: 400, epoch: 4 | loss: 0.4953318
	speed: 0.0116s/iter; left time: 1173.3180s
	iters: 500, epoch: 4 | loss: 0.3692921
	speed: 0.0117s/iter; left time: 1187.6232s
	iters: 600, epoch: 4 | loss: 0.4037218
	speed: 0.0119s/iter; left time: 1207.3020s
	iters: 700, epoch: 4 | loss: 0.3991718
	speed: 0.0118s/iter; left time: 1195.0714s
	iters: 800, epoch: 4 | loss: 0.3397877
	speed: 0.0120s/iter; left time: 1212.5377s
	iters: 900, epoch: 4 | loss: 0.3193428
	speed: 0.0120s/iter; left time: 1204.5794s
	iters: 1000, epoch: 4 | loss: 0.3870160
	speed: 0.0120s/iter; left time: 1208.6887s
Epoch: 4 cost time: 12.416595935821533
Epoch: 4, Steps: 1048 | Train Loss: 0.4004592 Vali Loss: 0.9448013
EarlyStopping counter: 1 out of 6
Updating learning rate to 6.25e-05
	iters: 100, epoch: 5 | loss: 0.3630535
	speed: 0.0357s/iter; left time: 3591.9001s
	iters: 200, epoch: 5 | loss: 0.3784764
	speed: 0.0117s/iter; left time: 1173.3268s
	iters: 300, epoch: 5 | loss: 0.3957009
	speed: 0.0119s/iter; left time: 1193.1572s
	iters: 400, epoch: 5 | loss: 0.4118297
	speed: 0.0116s/iter; left time: 1160.6792s
	iters: 500, epoch: 5 | loss: 0.3763999
	speed: 0.0119s/iter; left time: 1189.1462s
	iters: 600, epoch: 5 | loss: 0.4553275
	speed: 0.0118s/iter; left time: 1175.8494s
	iters: 700, epoch: 5 | loss: 0.3417480
	speed: 0.0118s/iter; left time: 1180.7654s
	iters: 800, epoch: 5 | loss: 0.3496223
	speed: 0.0118s/iter; left time: 1173.4151s
	iters: 900, epoch: 5 | loss: 0.3073946
	speed: 0.0118s/iter; left time: 1175.9976s
	iters: 1000, epoch: 5 | loss: 0.3418176
	speed: 0.0116s/iter; left time: 1153.6119s
Epoch: 5 cost time: 12.342388391494751
Epoch: 5, Steps: 1048 | Train Loss: 0.3970696 Vali Loss: 0.9421062
Validation loss decreased (0.944704 --> 0.942106).  Saving model ...
Updating learning rate to 3.125e-05
	iters: 100, epoch: 6 | loss: 0.4304122
	speed: 0.0346s/iter; left time: 3445.2911s
	iters: 200, epoch: 6 | loss: 0.4046817
	speed: 0.0119s/iter; left time: 1182.7838s
	iters: 300, epoch: 6 | loss: 0.3368338
	speed: 0.0117s/iter; left time: 1160.6918s
	iters: 400, epoch: 6 | loss: 0.4403606
	speed: 0.0116s/iter; left time: 1147.5824s
	iters: 500, epoch: 6 | loss: 0.3680173
	speed: 0.0116s/iter; left time: 1145.1418s
	iters: 600, epoch: 6 | loss: 0.3665286
	speed: 0.0117s/iter; left time: 1161.4806s
	iters: 700, epoch: 6 | loss: 0.3362948
	speed: 0.0116s/iter; left time: 1151.1029s
	iters: 800, epoch: 6 | loss: 0.3879065
	speed: 0.0117s/iter; left time: 1155.0960s
	iters: 900, epoch: 6 | loss: 0.4304944
	speed: 0.0116s/iter; left time: 1146.2175s
	iters: 1000, epoch: 6 | loss: 0.4399213
	speed: 0.0114s/iter; left time: 1126.3721s
Epoch: 6 cost time: 12.207972288131714
Epoch: 6, Steps: 1048 | Train Loss: 0.3952558 Vali Loss: 0.9430296
EarlyStopping counter: 1 out of 6
Updating learning rate to 1.5625e-05
	iters: 100, epoch: 7 | loss: 0.4212794
	speed: 0.0343s/iter; left time: 3378.5130s
	iters: 200, epoch: 7 | loss: 0.4411596
	speed: 0.0115s/iter; left time: 1129.6179s
	iters: 300, epoch: 7 | loss: 0.3485123
	speed: 0.0116s/iter; left time: 1134.5388s
	iters: 400, epoch: 7 | loss: 0.3733105
	speed: 0.0117s/iter; left time: 1148.1626s
	iters: 500, epoch: 7 | loss: 0.3730022
	speed: 0.0115s/iter; left time: 1128.9384s
	iters: 600, epoch: 7 | loss: 0.3750703
	speed: 0.0119s/iter; left time: 1168.6438s
	iters: 700, epoch: 7 | loss: 0.4047705
	speed: 0.0116s/iter; left time: 1134.7864s
	iters: 800, epoch: 7 | loss: 0.4444485
	speed: 0.0117s/iter; left time: 1147.0563s
	iters: 900, epoch: 7 | loss: 0.3654322
	speed: 0.0114s/iter; left time: 1109.4617s
	iters: 1000, epoch: 7 | loss: 0.4122597
	speed: 0.0117s/iter; left time: 1136.3200s
Epoch: 7 cost time: 12.177267789840698
Epoch: 7, Steps: 1048 | Train Loss: 0.3938160 Vali Loss: 0.9420071
Validation loss decreased (0.942106 --> 0.942007).  Saving model ...
Updating learning rate to 7.8125e-06
	iters: 100, epoch: 8 | loss: 0.4089713
	speed: 0.0341s/iter; left time: 3316.0043s
	iters: 200, epoch: 8 | loss: 0.3646235
	speed: 0.0117s/iter; left time: 1139.0666s
	iters: 300, epoch: 8 | loss: 0.4321881
	speed: 0.0117s/iter; left time: 1132.3626s
	iters: 400, epoch: 8 | loss: 0.3912224
	speed: 0.0114s/iter; left time: 1103.4047s
	iters: 500, epoch: 8 | loss: 0.3705656
	speed: 0.0117s/iter; left time: 1133.4664s
	iters: 600, epoch: 8 | loss: 0.4295442
	speed: 0.0117s/iter; left time: 1133.1464s
	iters: 700, epoch: 8 | loss: 0.4719650
	speed: 0.0118s/iter; left time: 1137.9254s
	iters: 800, epoch: 8 | loss: 0.3597034
	speed: 0.0115s/iter; left time: 1112.4738s
	iters: 900, epoch: 8 | loss: 0.3785292
	speed: 0.0117s/iter; left time: 1126.1748s
	iters: 1000, epoch: 8 | loss: 0.3877347
	speed: 0.0116s/iter; left time: 1117.8154s
Epoch: 8 cost time: 12.182537317276001
Epoch: 8, Steps: 1048 | Train Loss: 0.3926112 Vali Loss: 0.9416812
Validation loss decreased (0.942007 --> 0.941681).  Saving model ...
Updating learning rate to 3.90625e-06
	iters: 100, epoch: 9 | loss: 0.4016209
	speed: 0.0338s/iter; left time: 3259.9993s
	iters: 200, epoch: 9 | loss: 0.3600982
	speed: 0.0117s/iter; left time: 1125.4288s
	iters: 300, epoch: 9 | loss: 0.4008682
	speed: 0.0117s/iter; left time: 1128.1074s
	iters: 400, epoch: 9 | loss: 0.3802205
	speed: 0.0118s/iter; left time: 1129.9221s
	iters: 500, epoch: 9 | loss: 0.3615345
	speed: 0.0117s/iter; left time: 1120.3229s
	iters: 600, epoch: 9 | loss: 0.3139277
	speed: 0.0117s/iter; left time: 1125.3914s
	iters: 700, epoch: 9 | loss: 0.4178710
	speed: 0.0114s/iter; left time: 1091.0151s
	iters: 800, epoch: 9 | loss: 0.4269774
	speed: 0.0116s/iter; left time: 1107.6044s
	iters: 900, epoch: 9 | loss: 0.4625163
	speed: 0.0120s/iter; left time: 1147.1667s
	iters: 1000, epoch: 9 | loss: 0.4291229
	speed: 0.0118s/iter; left time: 1126.6125s
Epoch: 9 cost time: 12.282310009002686
Epoch: 9, Steps: 1048 | Train Loss: 0.3923576 Vali Loss: 0.9418696
EarlyStopping counter: 1 out of 6
Updating learning rate to 1.953125e-06
	iters: 100, epoch: 10 | loss: 0.4025422
	speed: 0.0336s/iter; left time: 3200.3312s
	iters: 200, epoch: 10 | loss: 0.3779750
	speed: 0.0121s/iter; left time: 1155.7276s
	iters: 300, epoch: 10 | loss: 0.3160051
	speed: 0.0120s/iter; left time: 1141.5495s
	iters: 400, epoch: 10 | loss: 0.4100186
	speed: 0.0120s/iter; left time: 1137.3561s
	iters: 500, epoch: 10 | loss: 0.3894874
	speed: 0.0119s/iter; left time: 1125.9754s
	iters: 600, epoch: 10 | loss: 0.3885622
	speed: 0.0121s/iter; left time: 1148.5170s
	iters: 700, epoch: 10 | loss: 0.3737049
	speed: 0.0119s/iter; left time: 1123.4868s
	iters: 800, epoch: 10 | loss: 0.4173211
	speed: 0.0118s/iter; left time: 1114.9398s
	iters: 900, epoch: 10 | loss: 0.3638962
	speed: 0.0119s/iter; left time: 1128.5511s
	iters: 1000, epoch: 10 | loss: 0.4600925
	speed: 0.0118s/iter; left time: 1109.4355s
Epoch: 10 cost time: 12.43976616859436
Epoch: 10, Steps: 1048 | Train Loss: 0.3922538 Vali Loss: 0.9419235
EarlyStopping counter: 2 out of 6
Updating learning rate to 9.765625e-07
	iters: 100, epoch: 11 | loss: 0.3790496
	speed: 0.0339s/iter; left time: 3194.9113s
	iters: 200, epoch: 11 | loss: 0.3647262
	speed: 0.0116s/iter; left time: 1089.7015s
	iters: 300, epoch: 11 | loss: 0.4179783
	speed: 0.0116s/iter; left time: 1094.8438s
	iters: 400, epoch: 11 | loss: 0.3839584
	speed: 0.0118s/iter; left time: 1108.1868s
	iters: 500, epoch: 11 | loss: 0.3382324
	speed: 0.0119s/iter; left time: 1111.9067s
	iters: 600, epoch: 11 | loss: 0.3970809
	speed: 0.0119s/iter; left time: 1111.6556s
	iters: 700, epoch: 11 | loss: 0.4371371
	speed: 0.0119s/iter; left time: 1118.4381s
	iters: 800, epoch: 11 | loss: 0.3838061
	speed: 0.0120s/iter; left time: 1126.1770s
	iters: 900, epoch: 11 | loss: 0.3721994
	speed: 0.0125s/iter; left time: 1163.3780s
	iters: 1000, epoch: 11 | loss: 0.3957075
	speed: 0.0120s/iter; left time: 1120.3126s
Epoch: 11 cost time: 12.467198610305786
Epoch: 11, Steps: 1048 | Train Loss: 0.3921027 Vali Loss: 0.9418832
EarlyStopping counter: 3 out of 6
Updating learning rate to 4.8828125e-07
	iters: 100, epoch: 12 | loss: 0.4391088
	speed: 0.0357s/iter; left time: 3327.3834s
	iters: 200, epoch: 12 | loss: 0.3697783
	speed: 0.0121s/iter; left time: 1128.7747s
	iters: 300, epoch: 12 | loss: 0.3526595
	speed: 0.0123s/iter; left time: 1147.2695s
	iters: 400, epoch: 12 | loss: 0.4493486
	speed: 0.0120s/iter; left time: 1110.4833s
	iters: 500, epoch: 12 | loss: 0.4178348
	speed: 0.0120s/iter; left time: 1109.0376s
	iters: 600, epoch: 12 | loss: 0.3728253
	speed: 0.0116s/iter; left time: 1073.7711s
	iters: 700, epoch: 12 | loss: 0.3618099
	speed: 0.0121s/iter; left time: 1124.1026s
	iters: 800, epoch: 12 | loss: 0.3650161
	speed: 0.0123s/iter; left time: 1136.8555s
	iters: 900, epoch: 12 | loss: 0.3610884
	speed: 0.0129s/iter; left time: 1192.8580s
	iters: 1000, epoch: 12 | loss: 0.4474479
	speed: 0.0124s/iter; left time: 1141.8363s
Epoch: 12 cost time: 12.78668475151062
Epoch: 12, Steps: 1048 | Train Loss: 0.3922670 Vali Loss: 0.9419277
EarlyStopping counter: 4 out of 6
Updating learning rate to 2.44140625e-07
	iters: 100, epoch: 13 | loss: 0.3992793
	speed: 0.0362s/iter; left time: 3330.5055s
	iters: 200, epoch: 13 | loss: 0.4800801
	speed: 0.0122s/iter; left time: 1124.3315s
	iters: 300, epoch: 13 | loss: 0.3153053
	speed: 0.0125s/iter; left time: 1149.6231s
	iters: 400, epoch: 13 | loss: 0.3702804
	speed: 0.0117s/iter; left time: 1078.6348s
	iters: 500, epoch: 13 | loss: 0.3972399
	speed: 0.0116s/iter; left time: 1063.3956s
	iters: 600, epoch: 13 | loss: 0.4472258
	speed: 0.0118s/iter; left time: 1079.4414s
	iters: 700, epoch: 13 | loss: 0.3727463
	speed: 0.0117s/iter; left time: 1068.5869s
	iters: 800, epoch: 13 | loss: 0.4117298
	speed: 0.0115s/iter; left time: 1053.8871s
	iters: 900, epoch: 13 | loss: 0.4294578
	speed: 0.0120s/iter; left time: 1094.2254s
	iters: 1000, epoch: 13 | loss: 0.3516364
	speed: 0.0119s/iter; left time: 1085.6598s
Epoch: 13 cost time: 12.48478102684021
Epoch: 13, Steps: 1048 | Train Loss: 0.3919707 Vali Loss: 0.9418507
EarlyStopping counter: 5 out of 6
Updating learning rate to 1.220703125e-07
	iters: 100, epoch: 14 | loss: 0.4693348
	speed: 0.0349s/iter; left time: 3177.9100s
	iters: 200, epoch: 14 | loss: 0.4011542
	speed: 0.0115s/iter; left time: 1050.6186s
	iters: 300, epoch: 14 | loss: 0.4817539
	speed: 0.0120s/iter; left time: 1089.8979s
	iters: 400, epoch: 14 | loss: 0.3667710
	speed: 0.0117s/iter; left time: 1065.0602s
	iters: 500, epoch: 14 | loss: 0.4275036
	speed: 0.0120s/iter; left time: 1089.0420s
	iters: 600, epoch: 14 | loss: 0.3235160
	speed: 0.0119s/iter; left time: 1077.6938s
	iters: 700, epoch: 14 | loss: 0.4277131
	speed: 0.0119s/iter; left time: 1076.7961s
	iters: 800, epoch: 14 | loss: 0.4087943
	speed: 0.0120s/iter; left time: 1087.4172s
	iters: 900, epoch: 14 | loss: 0.3041924
	speed: 0.0119s/iter; left time: 1070.1162s
	iters: 1000, epoch: 14 | loss: 0.3511136
	speed: 0.0117s/iter; left time: 1056.3891s
Epoch: 14 cost time: 12.451154708862305
Epoch: 14, Steps: 1048 | Train Loss: 0.3922045 Vali Loss: 0.9418647
EarlyStopping counter: 6 out of 6
Early stopping
VALIDATION_RESULT {"best_epoch": 8, "best_mae": 0.6413744684455658, "best_mse": 0.9416812114221769, "epochs_ran": 14, "metric_version": "element_weighted_v1"}
>>>>>>>test skipped (validation-only run)<<<<<<<<<<<<<<<<<<<<<<<<
Record: /home/cwh/Time-Series-Library/logs/timerole_ablation_multiseed/validation/ab3_ettm1_p720_gg_s2022.json

=== TimeRoleConcat | ETTm2 | H=96 | seed=2022 ===
Command: /home/cwh/Time-Series-Library/.venv/bin/python -u /home/cwh/Time-Series-Library/run.py --task_name long_term_forecast --is_training 1 --root_path /home/cwh/Time-Series-Library/dataset/ETT-small --data_path ETTm2.csv --model_id ETTm2_96_96_ab3_ettm2_p96_cat_s2022 --model TimeRoleConcat --seed 2022 --data ETTm2 --features M --target OT --seq_len 336 --label_len 48 --pred_len 96 --enc_in 7 --dec_in 7 --c_out 7 --patch_len 4 --stride 2 --d_model 64 --d_ff 128 --d_state 32 --d_conv 2 --e_layers 1 --expand 2 --mamba_version 1 --mamba_bidirectional 1 --use_graph 1 --use_time_mamba 1 --use_patch 1 --use_decomp 1 --moving_avg 25 --dual_scale_scan_mode independent_shared --periodic_period 24 --periodic_local_patch 0 --periodic_local_stride 0 --periodic_period_stride 12 --periodic_use_adapter 1 --graph_alpha 0.5 --graph_top_k 2 --graph_sample_size 2000 --graph_sample_method uniform --static_graph_mode weighted --graph_cache 0 --gc_graph_dim 16 --gc_temperature 1.0 --gc_residual_init 0.5 --gc_dynamic_graph 1 --gc_symmetric_graph 1 --gc_input_modulation 1 --gc_direction_fusion 1 --gc_parallel_residual 1 --af_hidden_dim 32 --af_rank 16 --af_mode variable_scale_residual --dropout 0.1 --batch_size 32 --learning_rate 0.0005 --lradj type1 --train_epochs 100 --patience 6 --num_workers 0 --gpu 0 --des ab3_ettm2_p96_cat_s2022 --itr 1 --test_after_train 0
Log: /home/cwh/Time-Series-Library/logs/timerole_ablation_multiseed/validation/ab3_ettm2_p96_cat_s2022.log
Using GPU
Args in experiment:
[1mBasic Config[0m
  Task Name:          long_term_forecast  Is Training:        1                   
  Model ID:           ETTm2_96_96_ab3_ettm2_p96_cat_s2022Model:              TimeRoleConcat      

[1mData Loader[0m
  Data:               ETTm2               Root Path:          /home/cwh/Time-Series-Library/dataset/ETT-small
  Data Path:          ETTm2.csv           Features:           M                   
  Target:             OT                  Freq:               h                   
  Checkpoints:        ./checkpoints/      

[1mForecasting Task[0m
  Seq Len:            336                 Label Len:          48                  
  Pred Len:           96                  Seasonal Patterns:  Monthly             
  Inverse:            0                   

[1mModel Parameters[0m
  Top k:              5                   Num Kernels:        6                   
  Enc In:             7                   Dec In:             7                   
  C Out:              7                   d model:            64                  
  n heads:            8                   e layers:           1                   
  d layers:           1                   d FF:               128                 
  Moving Avg:         25                  Factor:             1                   
  Distil:             1                   Dropout:            0.1                 
  Embed:              timeF               Activation:         gelu                

[1mRun Parameters[0m
  Num Workers:        0                   Itr:                1                   
  Train Epochs:       100                 Batch Size:         32                  
  Patience:           6                   Learning Rate:      0.0005              
  Des:                ab3_ettm2_p96_cat_s2022Loss:               MSE                 
  Lradj:              type1               Use Amp:            0                   

[1mGPU[0m
  Use GPU:            1                   GPU:                0                   
  Use Multi GPU:      0                   Devices:            0,1,2,3             

[1mDe-stationary Projector Params[0m
  P Hidden Dims:      128, 128            P Hidden Layers:    2                   

Use GPU: cuda:0
🚀 Lazy Loading: TimeRoleConcat ...
[GraphMamba] Building 7x7 static graph from 2000 training samples
>>>>>>>start training : long_term_forecast_ETTm2_96_96_ab3_ettm2_p96_cat_s2022_TimeRoleConcat_ETTm2_ftM_sl336_ll48_pl96_dm64_nh8_el1_dl1_df128_expand2_dc2_fc1_ebtimeF_dtTrue_ab3_ettm2_p96_cat_s2022_0>>>>>>>>>>>>>>>>>>>>>>>>>>
train 34129
val 11425
	iters: 100, epoch: 1 | loss: 0.1695423
	speed: 0.0135s/iter; left time: 1438.3334s
	iters: 200, epoch: 1 | loss: 0.4842676
	speed: 0.0111s/iter; left time: 1182.8049s
	iters: 300, epoch: 1 | loss: 0.2493720
	speed: 0.0112s/iter; left time: 1192.4795s
	iters: 400, epoch: 1 | loss: 0.2116564
	speed: 0.0112s/iter; left time: 1195.8462s
	iters: 500, epoch: 1 | loss: 0.1299849
	speed: 0.0112s/iter; left time: 1187.4558s
	iters: 600, epoch: 1 | loss: 0.1467455
	speed: 0.0112s/iter; left time: 1188.2233s
	iters: 700, epoch: 1 | loss: 0.3154135
	speed: 0.0112s/iter; left time: 1185.6477s
	iters: 800, epoch: 1 | loss: 0.1872063
	speed: 0.0111s/iter; left time: 1174.7271s
	iters: 900, epoch: 1 | loss: 0.1360475
	speed: 0.0110s/iter; left time: 1167.7066s
	iters: 1000, epoch: 1 | loss: 0.2973466
	speed: 0.0113s/iter; left time: 1191.1818s
Epoch: 1 cost time: 12.137262105941772
Epoch: 1, Steps: 1067 | Train Loss: 0.2426899 Vali Loss: 0.1260329
Validation loss decreased (inf --> 0.126033).  Saving model ...
Updating learning rate to 0.0005
	iters: 100, epoch: 2 | loss: 0.1854595
	speed: 0.0346s/iter; left time: 3652.2569s
	iters: 200, epoch: 2 | loss: 0.1129229
	speed: 0.0111s/iter; left time: 1174.0560s
	iters: 300, epoch: 2 | loss: 0.2517380
	speed: 0.0112s/iter; left time: 1183.9329s
	iters: 400, epoch: 2 | loss: 0.1951201
	speed: 0.0110s/iter; left time: 1158.3881s
	iters: 500, epoch: 2 | loss: 0.4596969
	speed: 0.0111s/iter; left time: 1165.7926s
	iters: 600, epoch: 2 | loss: 0.1524959
	speed: 0.0114s/iter; left time: 1201.3957s
	iters: 700, epoch: 2 | loss: 0.5284868
	speed: 0.0111s/iter; left time: 1166.5551s
	iters: 800, epoch: 2 | loss: 0.1462734
	speed: 0.0110s/iter; left time: 1150.8589s
	iters: 900, epoch: 2 | loss: 0.3428219
	speed: 0.0112s/iter; left time: 1168.6960s
	iters: 1000, epoch: 2 | loss: 0.3218846
	speed: 0.0113s/iter; left time: 1181.4440s
Epoch: 2 cost time: 11.885027647018433
Epoch: 2, Steps: 1067 | Train Loss: 0.2126600 Vali Loss: 0.1282229
EarlyStopping counter: 1 out of 6
Updating learning rate to 0.00025
	iters: 100, epoch: 3 | loss: 0.3324987
	speed: 0.0357s/iter; left time: 3732.9057s
	iters: 200, epoch: 3 | loss: 0.0975377
	speed: 0.0114s/iter; left time: 1185.4699s
	iters: 300, epoch: 3 | loss: 0.1788403
	speed: 0.0111s/iter; left time: 1155.3657s
	iters: 400, epoch: 3 | loss: 0.2003590
	speed: 0.0112s/iter; left time: 1169.2812s
	iters: 500, epoch: 3 | loss: 0.1874114
	speed: 0.0110s/iter; left time: 1143.1904s
	iters: 600, epoch: 3 | loss: 0.1994467
	speed: 0.0111s/iter; left time: 1151.8044s
	iters: 700, epoch: 3 | loss: 0.2887486
	speed: 0.0113s/iter; left time: 1173.2743s
	iters: 800, epoch: 3 | loss: 0.1142930
	speed: 0.0112s/iter; left time: 1160.6247s
	iters: 900, epoch: 3 | loss: 0.1475750
	speed: 0.0116s/iter; left time: 1200.9253s
	iters: 1000, epoch: 3 | loss: 0.1491505
	speed: 0.0112s/iter; left time: 1163.3452s
Epoch: 3 cost time: 11.996125936508179
Epoch: 3, Steps: 1067 | Train Loss: 0.1995254 Vali Loss: 0.1249919
Validation loss decreased (0.126033 --> 0.124992).  Saving model ...
Updating learning rate to 0.000125
	iters: 100, epoch: 4 | loss: 0.1736185
	speed: 0.0358s/iter; left time: 3701.3376s
	iters: 200, epoch: 4 | loss: 0.1807856
	speed: 0.0111s/iter; left time: 1141.9051s
	iters: 300, epoch: 4 | loss: 0.1888375
	speed: 0.0111s/iter; left time: 1147.8586s
	iters: 400, epoch: 4 | loss: 0.3233694
	speed: 0.0115s/iter; left time: 1187.6677s
	iters: 500, epoch: 4 | loss: 0.1578663
	speed: 0.0109s/iter; left time: 1125.0731s
	iters: 600, epoch: 4 | loss: 0.2141172
	speed: 0.0110s/iter; left time: 1132.3920s
	iters: 700, epoch: 4 | loss: 0.3429408
	speed: 0.0110s/iter; left time: 1135.4008s
	iters: 800, epoch: 4 | loss: 0.1471995
	speed: 0.0112s/iter; left time: 1145.3915s
	iters: 900, epoch: 4 | loss: 0.1160501
	speed: 0.0109s/iter; left time: 1114.9637s
	iters: 1000, epoch: 4 | loss: 0.1326111
	speed: 0.0112s/iter; left time: 1151.7374s
Epoch: 4 cost time: 11.868189096450806
Epoch: 4, Steps: 1067 | Train Loss: 0.1923319 Vali Loss: 0.1338429
EarlyStopping counter: 1 out of 6
Updating learning rate to 6.25e-05
	iters: 100, epoch: 5 | loss: 0.1455097
	speed: 0.0349s/iter; left time: 3567.1037s
	iters: 200, epoch: 5 | loss: 0.1640264
	speed: 0.0112s/iter; left time: 1145.6208s
	iters: 300, epoch: 5 | loss: 0.2024948
	speed: 0.0113s/iter; left time: 1158.8991s
	iters: 400, epoch: 5 | loss: 0.2648217
	speed: 0.0111s/iter; left time: 1135.3713s
	iters: 500, epoch: 5 | loss: 0.1546581
	speed: 0.0110s/iter; left time: 1126.1640s
	iters: 600, epoch: 5 | loss: 0.1919811
	speed: 0.0113s/iter; left time: 1145.7956s
	iters: 700, epoch: 5 | loss: 0.1440299
	speed: 0.0114s/iter; left time: 1159.3481s
	iters: 800, epoch: 5 | loss: 0.1339857
	speed: 0.0114s/iter; left time: 1161.0644s
	iters: 900, epoch: 5 | loss: 0.2489318
	speed: 0.0111s/iter; left time: 1122.3759s
	iters: 1000, epoch: 5 | loss: 0.1657494
	speed: 0.0114s/iter; left time: 1153.8338s
Epoch: 5 cost time: 12.004526853561401
Epoch: 5, Steps: 1067 | Train Loss: 0.1881263 Vali Loss: 0.1332453
EarlyStopping counter: 2 out of 6
Updating learning rate to 3.125e-05
	iters: 100, epoch: 6 | loss: 0.1861811
	speed: 0.0351s/iter; left time: 3551.0094s
	iters: 200, epoch: 6 | loss: 0.3307412
	speed: 0.0111s/iter; left time: 1127.0646s
	iters: 300, epoch: 6 | loss: 0.1362713
	speed: 0.0108s/iter; left time: 1094.4744s
	iters: 400, epoch: 6 | loss: 0.2410113
	speed: 0.0109s/iter; left time: 1101.6783s
	iters: 500, epoch: 6 | loss: 0.1805189
	speed: 0.0111s/iter; left time: 1116.2400s
	iters: 600, epoch: 6 | loss: 0.2841056
	speed: 0.0111s/iter; left time: 1118.8701s
	iters: 700, epoch: 6 | loss: 0.2191680
	speed: 0.0109s/iter; left time: 1099.4172s
	iters: 800, epoch: 6 | loss: 0.2042397
	speed: 0.0111s/iter; left time: 1112.2201s
	iters: 900, epoch: 6 | loss: 0.2335519
	speed: 0.0112s/iter; left time: 1128.6705s
	iters: 1000, epoch: 6 | loss: 0.1643141
	speed: 0.0114s/iter; left time: 1144.9935s
Epoch: 6 cost time: 11.841654300689697
Epoch: 6, Steps: 1067 | Train Loss: 0.1860614 Vali Loss: 0.1346121
EarlyStopping counter: 3 out of 6
Updating learning rate to 1.5625e-05
	iters: 100, epoch: 7 | loss: 0.1639329
	speed: 0.0353s/iter; left time: 3533.4840s
	iters: 200, epoch: 7 | loss: 0.1732569
	speed: 0.0111s/iter; left time: 1111.3169s
	iters: 300, epoch: 7 | loss: 0.1792518
	speed: 0.0115s/iter; left time: 1150.5858s
	iters: 400, epoch: 7 | loss: 0.1903586
	speed: 0.0112s/iter; left time: 1117.5997s
	iters: 500, epoch: 7 | loss: 0.1188829
	speed: 0.0111s/iter; left time: 1110.9208s
	iters: 600, epoch: 7 | loss: 0.1200077
	speed: 0.0109s/iter; left time: 1090.8797s
	iters: 700, epoch: 7 | loss: 0.1365577
	speed: 0.0111s/iter; left time: 1105.7183s
	iters: 800, epoch: 7 | loss: 0.2107095
	speed: 0.0114s/iter; left time: 1136.4999s
	iters: 900, epoch: 7 | loss: 0.3423058
	speed: 0.0115s/iter; left time: 1141.6345s
	iters: 1000, epoch: 7 | loss: 0.1230522
	speed: 0.0113s/iter; left time: 1125.2422s
Epoch: 7 cost time: 12.020951747894287
Epoch: 7, Steps: 1067 | Train Loss: 0.1848239 Vali Loss: 0.1353267
EarlyStopping counter: 4 out of 6
Updating learning rate to 7.8125e-06
	iters: 100, epoch: 8 | loss: 0.1353606
	speed: 0.0355s/iter; left time: 3517.2867s
	iters: 200, epoch: 8 | loss: 0.3168805
	speed: 0.0112s/iter; left time: 1109.5391s
	iters: 300, epoch: 8 | loss: 0.2728272
	speed: 0.0112s/iter; left time: 1111.3695s
	iters: 400, epoch: 8 | loss: 0.1488299
	speed: 0.0110s/iter; left time: 1089.8537s
	iters: 500, epoch: 8 | loss: 0.1344743
	speed: 0.0112s/iter; left time: 1108.7440s
	iters: 600, epoch: 8 | loss: 0.1571679
	speed: 0.0110s/iter; left time: 1085.9182s
	iters: 700, epoch: 8 | loss: 0.1387409
	speed: 0.0112s/iter; left time: 1099.6246s
	iters: 800, epoch: 8 | loss: 0.1964445
	speed: 0.0112s/iter; left time: 1106.8895s
	iters: 900, epoch: 8 | loss: 0.0990438
	speed: 0.0114s/iter; left time: 1122.2741s
	iters: 1000, epoch: 8 | loss: 0.1482666
	speed: 0.0116s/iter; left time: 1135.6890s
Epoch: 8 cost time: 11.997876167297363
Epoch: 8, Steps: 1067 | Train Loss: 0.1841495 Vali Loss: 0.1359206
EarlyStopping counter: 5 out of 6
Updating learning rate to 3.90625e-06
	iters: 100, epoch: 9 | loss: 0.1141785
	speed: 0.0358s/iter; left time: 3510.3049s
	iters: 200, epoch: 9 | loss: 0.3200049
	speed: 0.0113s/iter; left time: 1107.7245s
	iters: 300, epoch: 9 | loss: 0.1604639
	speed: 0.0114s/iter; left time: 1112.9526s
	iters: 400, epoch: 9 | loss: 0.1356777
	speed: 0.0115s/iter; left time: 1128.3196s
	iters: 500, epoch: 9 | loss: 0.2761503
	speed: 0.0114s/iter; left time: 1110.8311s
	iters: 600, epoch: 9 | loss: 0.1288744
	speed: 0.0112s/iter; left time: 1092.6097s
	iters: 700, epoch: 9 | loss: 0.1602822
	speed: 0.0114s/iter; left time: 1113.5506s
	iters: 800, epoch: 9 | loss: 0.1440002
	speed: 0.0116s/iter; left time: 1132.9393s
	iters: 900, epoch: 9 | loss: 0.1257302
	speed: 0.0113s/iter; left time: 1103.1714s
	iters: 1000, epoch: 9 | loss: 0.1366925
	speed: 0.0115s/iter; left time: 1118.4964s
Epoch: 9 cost time: 12.178693294525146
Epoch: 9, Steps: 1067 | Train Loss: 0.1839478 Vali Loss: 0.1359031
EarlyStopping counter: 6 out of 6
Early stopping
VALIDATION_RESULT {"best_epoch": 3, "best_mae": 0.24227124378633236, "best_mse": 0.12499185324733775, "epochs_ran": 9, "metric_version": "element_weighted_v1"}
>>>>>>>test skipped (validation-only run)<<<<<<<<<<<<<<<<<<<<<<<<
Record: /home/cwh/Time-Series-Library/logs/timerole_ablation_multiseed/validation/ab3_ettm2_p96_cat_s2022.json

=== TimeRoleNoDiff | ETTm2 | H=96 | seed=2022 ===
Command: /home/cwh/Time-Series-Library/.venv/bin/python -u /home/cwh/Time-Series-Library/run.py --task_name long_term_forecast --is_training 1 --root_path /home/cwh/Time-Series-Library/dataset/ETT-small --data_path ETTm2.csv --model_id ETTm2_96_96_ab3_ettm2_p96_nd_s2022 --model TimeRoleNoDiff --seed 2022 --data ETTm2 --features M --target OT --seq_len 336 --label_len 48 --pred_len 96 --enc_in 7 --dec_in 7 --c_out 7 --patch_len 4 --stride 2 --d_model 64 --d_ff 128 --d_state 32 --d_conv 2 --e_layers 1 --expand 2 --mamba_version 1 --mamba_bidirectional 1 --use_graph 1 --use_time_mamba 1 --use_patch 1 --use_decomp 1 --moving_avg 25 --dual_scale_scan_mode independent_shared --periodic_period 24 --periodic_local_patch 0 --periodic_local_stride 0 --periodic_period_stride 12 --periodic_use_adapter 1 --graph_alpha 0.5 --graph_top_k 2 --graph_sample_size 2000 --graph_sample_method uniform --static_graph_mode weighted --graph_cache 0 --gc_graph_dim 16 --gc_temperature 1.0 --gc_residual_init 0.5 --gc_dynamic_graph 1 --gc_symmetric_graph 1 --gc_input_modulation 1 --gc_direction_fusion 1 --gc_parallel_residual 1 --af_hidden_dim 32 --af_rank 16 --af_mode variable_scale_residual --dropout 0.1 --batch_size 32 --learning_rate 0.0005 --lradj type1 --train_epochs 100 --patience 6 --num_workers 0 --gpu 0 --des ab3_ettm2_p96_nd_s2022 --itr 1 --test_after_train 0
Log: /home/cwh/Time-Series-Library/logs/timerole_ablation_multiseed/validation/ab3_ettm2_p96_nd_s2022.log
Using GPU
Args in experiment:
[1mBasic Config[0m
  Task Name:          long_term_forecast  Is Training:        1                   
  Model ID:           ETTm2_96_96_ab3_ettm2_p96_nd_s2022Model:              TimeRoleNoDiff      

[1mData Loader[0m
  Data:               ETTm2               Root Path:          /home/cwh/Time-Series-Library/dataset/ETT-small
  Data Path:          ETTm2.csv           Features:           M                   
  Target:             OT                  Freq:               h                   
  Checkpoints:        ./checkpoints/      

[1mForecasting Task[0m
  Seq Len:            336                 Label Len:          48                  
  Pred Len:           96                  Seasonal Patterns:  Monthly             
  Inverse:            0                   

[1mModel Parameters[0m
  Top k:              5                   Num Kernels:        6                   
  Enc In:             7                   Dec In:             7                   
  C Out:              7                   d model:            64                  
  n heads:            8                   e layers:           1                   
  d layers:           1                   d FF:               128                 
  Moving Avg:         25                  Factor:             1                   
  Distil:             1                   Dropout:            0.1                 
  Embed:              timeF               Activation:         gelu                

[1mRun Parameters[0m
  Num Workers:        0                   Itr:                1                   
  Train Epochs:       100                 Batch Size:         32                  
  Patience:           6                   Learning Rate:      0.0005              
  Des:                ab3_ettm2_p96_nd_s2022Loss:               MSE                 
  Lradj:              type1               Use Amp:            0                   

[1mGPU[0m
  Use GPU:            1                   GPU:                0                   
  Use Multi GPU:      0                   Devices:            0,1,2,3             

[1mDe-stationary Projector Params[0m
  P Hidden Dims:      128, 128            P Hidden Layers:    2                   

Use GPU: cuda:0
🚀 Lazy Loading: TimeRoleNoDiff ...
[GraphMamba] Building 7x7 static graph from 2000 training samples
>>>>>>>start training : long_term_forecast_ETTm2_96_96_ab3_ettm2_p96_nd_s2022_TimeRoleNoDiff_ETTm2_ftM_sl336_ll48_pl96_dm64_nh8_el1_dl1_df128_expand2_dc2_fc1_ebtimeF_dtTrue_ab3_ettm2_p96_nd_s2022_0>>>>>>>>>>>>>>>>>>>>>>>>>>
train 34129
val 11425
	iters: 100, epoch: 1 | loss: 0.1694524
	speed: 0.0135s/iter; left time: 1434.4972s
	iters: 200, epoch: 1 | loss: 0.4789472
	speed: 0.0114s/iter; left time: 1219.2983s
	iters: 300, epoch: 1 | loss: 0.2462964
	speed: 0.0111s/iter; left time: 1176.6085s
	iters: 400, epoch: 1 | loss: 0.2065113
	speed: 0.0109s/iter; left time: 1158.4725s
	iters: 500, epoch: 1 | loss: 0.1332500
	speed: 0.0112s/iter; left time: 1189.7651s
	iters: 600, epoch: 1 | loss: 0.1448565
	speed: 0.0111s/iter; left time: 1172.5003s
	iters: 700, epoch: 1 | loss: 0.3230810
	speed: 0.0112s/iter; left time: 1190.3386s
	iters: 800, epoch: 1 | loss: 0.1871601
	speed: 0.0112s/iter; left time: 1190.9805s
	iters: 900, epoch: 1 | loss: 0.1361168
	speed: 0.0112s/iter; left time: 1186.6316s
	iters: 1000, epoch: 1 | loss: 0.2860454
	speed: 0.0113s/iter; left time: 1199.2749s
Epoch: 1 cost time: 12.170875072479248
Epoch: 1, Steps: 1067 | Train Loss: 0.2407117 Vali Loss: 0.1261824
Validation loss decreased (inf --> 0.126182).  Saving model ...
Updating learning rate to 0.0005
	iters: 100, epoch: 2 | loss: 0.1907867
	speed: 0.0349s/iter; left time: 3678.7304s
	iters: 200, epoch: 2 | loss: 0.1145267
	speed: 0.0110s/iter; left time: 1158.0691s
	iters: 300, epoch: 2 | loss: 0.2584132
	speed: 0.0111s/iter; left time: 1165.2002s
	iters: 400, epoch: 2 | loss: 0.1960651
	speed: 0.0112s/iter; left time: 1174.9172s
	iters: 500, epoch: 2 | loss: 0.4418177
	speed: 0.0113s/iter; left time: 1190.8182s
	iters: 600, epoch: 2 | loss: 0.1593681
	speed: 0.0110s/iter; left time: 1157.1897s
	iters: 700, epoch: 2 | loss: 0.5235398
	speed: 0.0110s/iter; left time: 1155.2904s
	iters: 800, epoch: 2 | loss: 0.1472110
	speed: 0.0108s/iter; left time: 1132.7577s
	iters: 900, epoch: 2 | loss: 0.3335573
	speed: 0.0113s/iter; left time: 1181.1661s
	iters: 1000, epoch: 2 | loss: 0.3036540
	speed: 0.0111s/iter; left time: 1163.4996s
Epoch: 2 cost time: 11.831536054611206
Epoch: 2, Steps: 1067 | Train Loss: 0.2094542 Vali Loss: 0.1279936
EarlyStopping counter: 1 out of 6
Updating learning rate to 0.00025
	iters: 100, epoch: 3 | loss: 0.3213733
	speed: 0.0353s/iter; left time: 3682.6422s
	iters: 200, epoch: 3 | loss: 0.0952834
	speed: 0.0113s/iter; left time: 1181.3132s
	iters: 300, epoch: 3 | loss: 0.1773229
	speed: 0.0118s/iter; left time: 1227.5413s
	iters: 400, epoch: 3 | loss: 0.2029163
	speed: 0.0114s/iter; left time: 1192.4218s
	iters: 500, epoch: 3 | loss: 0.1817942
	speed: 0.0114s/iter; left time: 1183.2622s
	iters: 600, epoch: 3 | loss: 0.2021367
	speed: 0.0115s/iter; left time: 1196.8736s
	iters: 700, epoch: 3 | loss: 0.2832738
	speed: 0.0115s/iter; left time: 1194.1717s
	iters: 800, epoch: 3 | loss: 0.1133991
	speed: 0.0113s/iter; left time: 1169.2672s
	iters: 900, epoch: 3 | loss: 0.1524721
	speed: 0.0112s/iter; left time: 1159.9536s
	iters: 1000, epoch: 3 | loss: 0.1495324
	speed: 0.0112s/iter; left time: 1164.9757s
Epoch: 3 cost time: 12.128267526626587
Epoch: 3, Steps: 1067 | Train Loss: 0.1963022 Vali Loss: 0.1272489
EarlyStopping counter: 2 out of 6
Updating learning rate to 0.000125
	iters: 100, epoch: 4 | loss: 0.1755432
	speed: 0.0362s/iter; left time: 3743.8720s
	iters: 200, epoch: 4 | loss: 0.1727228
	speed: 0.0112s/iter; left time: 1153.2205s
	iters: 300, epoch: 4 | loss: 0.1882485
	speed: 0.0110s/iter; left time: 1138.4871s
	iters: 400, epoch: 4 | loss: 0.3006267
	speed: 0.0111s/iter; left time: 1147.3564s
	iters: 500, epoch: 4 | loss: 0.1554663
	speed: 0.0111s/iter; left time: 1148.2128s
	iters: 600, epoch: 4 | loss: 0.2159524
	speed: 0.0114s/iter; left time: 1176.5936s
	iters: 700, epoch: 4 | loss: 0.3355595
	speed: 0.0115s/iter; left time: 1187.1686s
	iters: 800, epoch: 4 | loss: 0.1460123
	speed: 0.0116s/iter; left time: 1187.9668s
	iters: 900, epoch: 4 | loss: 0.1142925
	speed: 0.0114s/iter; left time: 1170.9459s
	iters: 1000, epoch: 4 | loss: 0.1305353
	speed: 0.0118s/iter; left time: 1206.3647s
Epoch: 4 cost time: 12.170151710510254
Epoch: 4, Steps: 1067 | Train Loss: 0.1888529 Vali Loss: 0.1361415
EarlyStopping counter: 3 out of 6
Updating learning rate to 6.25e-05
	iters: 100, epoch: 5 | loss: 0.1440536
	speed: 0.0368s/iter; left time: 3761.6751s
	iters: 200, epoch: 5 | loss: 0.1618938
	speed: 0.0120s/iter; left time: 1226.9304s
	iters: 300, epoch: 5 | loss: 0.2036632
	speed: 0.0114s/iter; left time: 1160.9949s
	iters: 400, epoch: 5 | loss: 0.2531483
	speed: 0.0109s/iter; left time: 1115.6434s
	iters: 500, epoch: 5 | loss: 0.1467015
	speed: 0.0111s/iter; left time: 1131.1862s
	iters: 600, epoch: 5 | loss: 0.1904985
	speed: 0.0110s/iter; left time: 1116.6803s
	iters: 700, epoch: 5 | loss: 0.1425986
	speed: 0.0109s/iter; left time: 1106.9269s
	iters: 800, epoch: 5 | loss: 0.1364390
	speed: 0.0109s/iter; left time: 1106.5212s
	iters: 900, epoch: 5 | loss: 0.2539516
	speed: 0.0111s/iter; left time: 1122.8247s
	iters: 1000, epoch: 5 | loss: 0.1626241
	speed: 0.0111s/iter; left time: 1124.7130s
Epoch: 5 cost time: 11.918062210083008
Epoch: 5, Steps: 1067 | Train Loss: 0.1845826 Vali Loss: 0.1354755
EarlyStopping counter: 4 out of 6
Updating learning rate to 3.125e-05
	iters: 100, epoch: 6 | loss: 0.1908956
	speed: 0.0362s/iter; left time: 3661.0199s
	iters: 200, epoch: 6 | loss: 0.3246410
	speed: 0.0111s/iter; left time: 1125.6704s
	iters: 300, epoch: 6 | loss: 0.1377622
	speed: 0.0113s/iter; left time: 1146.9254s
	iters: 400, epoch: 6 | loss: 0.2285002
	speed: 0.0117s/iter; left time: 1177.4358s
	iters: 500, epoch: 6 | loss: 0.1882669
	speed: 0.0114s/iter; left time: 1147.8630s
	iters: 600, epoch: 6 | loss: 0.2850736
	speed: 0.0116s/iter; left time: 1173.2529s
	iters: 700, epoch: 6 | loss: 0.2148943
	speed: 0.0116s/iter; left time: 1164.2974s
	iters: 800, epoch: 6 | loss: 0.2101188
	speed: 0.0114s/iter; left time: 1148.8869s
	iters: 900, epoch: 6 | loss: 0.2337335
	speed: 0.0117s/iter; left time: 1175.6293s
	iters: 1000, epoch: 6 | loss: 0.1604596
	speed: 0.0118s/iter; left time: 1188.6319s
Epoch: 6 cost time: 12.286585569381714
Epoch: 6, Steps: 1067 | Train Loss: 0.1825423 Vali Loss: 0.1382046
EarlyStopping counter: 5 out of 6
Updating learning rate to 1.5625e-05
	iters: 100, epoch: 7 | loss: 0.1638329
	speed: 0.0366s/iter; left time: 3664.2154s
	iters: 200, epoch: 7 | loss: 0.1712077
	speed: 0.0112s/iter; left time: 1118.1923s
	iters: 300, epoch: 7 | loss: 0.1734979
	speed: 0.0111s/iter; left time: 1110.2234s
	iters: 400, epoch: 7 | loss: 0.1825590
	speed: 0.0111s/iter; left time: 1109.7167s
	iters: 500, epoch: 7 | loss: 0.1155435
	speed: 0.0111s/iter; left time: 1106.7714s
	iters: 600, epoch: 7 | loss: 0.1200726
	speed: 0.0112s/iter; left time: 1115.4523s
	iters: 700, epoch: 7 | loss: 0.1385935
	speed: 0.0113s/iter; left time: 1127.6739s
	iters: 800, epoch: 7 | loss: 0.2113995
	speed: 0.0111s/iter; left time: 1103.3637s
	iters: 900, epoch: 7 | loss: 0.3197072
	speed: 0.0110s/iter; left time: 1088.5584s
	iters: 1000, epoch: 7 | loss: 0.1243714
	speed: 0.0109s/iter; left time: 1082.5652s
Epoch: 7 cost time: 11.858354806900024
Epoch: 7, Steps: 1067 | Train Loss: 0.1812868 Vali Loss: 0.1387564
EarlyStopping counter: 6 out of 6
Early stopping
VALIDATION_RESULT {"best_epoch": 1, "best_mae": 0.24529896189697686, "best_mse": 0.1261823955232605, "epochs_ran": 7, "metric_version": "element_weighted_v1"}
>>>>>>>test skipped (validation-only run)<<<<<<<<<<<<<<<<<<<<<<<<
Record: /home/cwh/Time-Series-Library/logs/timerole_ablation_multiseed/validation/ab3_ettm2_p96_nd_s2022.json

=== TimeRoleGlobalGate | ETTm2 | H=96 | seed=2022 ===
Command: /home/cwh/Time-Series-Library/.venv/bin/python -u /home/cwh/Time-Series-Library/run.py --task_name long_term_forecast --is_training 1 --root_path /home/cwh/Time-Series-Library/dataset/ETT-small --data_path ETTm2.csv --model_id ETTm2_96_96_ab3_ettm2_p96_gg_s2022 --model TimeRoleGlobalGate --seed 2022 --data ETTm2 --features M --target OT --seq_len 336 --label_len 48 --pred_len 96 --enc_in 7 --dec_in 7 --c_out 7 --patch_len 4 --stride 2 --d_model 64 --d_ff 128 --d_state 32 --d_conv 2 --e_layers 1 --expand 2 --mamba_version 1 --mamba_bidirectional 1 --use_graph 1 --use_time_mamba 1 --use_patch 1 --use_decomp 1 --moving_avg 25 --dual_scale_scan_mode independent_shared --periodic_period 24 --periodic_local_patch 0 --periodic_local_stride 0 --periodic_period_stride 12 --periodic_use_adapter 1 --graph_alpha 0.5 --graph_top_k 2 --graph_sample_size 2000 --graph_sample_method uniform --static_graph_mode weighted --graph_cache 0 --gc_graph_dim 16 --gc_temperature 1.0 --gc_residual_init 0.5 --gc_dynamic_graph 1 --gc_symmetric_graph 1 --gc_input_modulation 1 --gc_direction_fusion 1 --gc_parallel_residual 1 --af_hidden_dim 32 --af_rank 16 --af_mode variable_scale_residual --dropout 0.1 --batch_size 32 --learning_rate 0.0005 --lradj type1 --train_epochs 100 --patience 6 --num_workers 0 --gpu 0 --des ab3_ettm2_p96_gg_s2022 --itr 1 --test_after_train 0
Log: /home/cwh/Time-Series-Library/logs/timerole_ablation_multiseed/validation/ab3_ettm2_p96_gg_s2022.log
Using GPU
Args in experiment:
[1mBasic Config[0m
  Task Name:          long_term_forecast  Is Training:        1                   
  Model ID:           ETTm2_96_96_ab3_ettm2_p96_gg_s2022Model:              TimeRoleGlobalGate  

[1mData Loader[0m
  Data:               ETTm2               Root Path:          /home/cwh/Time-Series-Library/dataset/ETT-small
  Data Path:          ETTm2.csv           Features:           M                   
  Target:             OT                  Freq:               h                   
  Checkpoints:        ./checkpoints/      

[1mForecasting Task[0m
  Seq Len:            336                 Label Len:          48                  
  Pred Len:           96                  Seasonal Patterns:  Monthly             
  Inverse:            0                   

[1mModel Parameters[0m
  Top k:              5                   Num Kernels:        6                   
  Enc In:             7                   Dec In:             7                   
  C Out:              7                   d model:            64                  
  n heads:            8                   e layers:           1                   
  d layers:           1                   d FF:               128                 
  Moving Avg:         25                  Factor:             1                   
  Distil:             1                   Dropout:            0.1                 
  Embed:              timeF               Activation:         gelu                

[1mRun Parameters[0m
  Num Workers:        0                   Itr:                1                   
  Train Epochs:       100                 Batch Size:         32                  
  Patience:           6                   Learning Rate:      0.0005              
  Des:                ab3_ettm2_p96_gg_s2022Loss:               MSE                 
  Lradj:              type1               Use Amp:            0                   

[1mGPU[0m
  Use GPU:            1                   GPU:                0                   
  Use Multi GPU:      0                   Devices:            0,1,2,3             

[1mDe-stationary Projector Params[0m
  P Hidden Dims:      128, 128            P Hidden Layers:    2                   

Use GPU: cuda:0
🚀 Lazy Loading: TimeRoleGlobalGate ...
[GraphMamba] Building 7x7 static graph from 2000 training samples
>>>>>>>start training : long_term_forecast_ETTm2_96_96_ab3_ettm2_p96_gg_s2022_TimeRoleGlobalGate_ETTm2_ftM_sl336_ll48_pl96_dm64_nh8_el1_dl1_df128_expand2_dc2_fc1_ebtimeF_dtTrue_ab3_ettm2_p96_gg_s2022_0>>>>>>>>>>>>>>>>>>>>>>>>>>
train 34129
val 11425
	iters: 100, epoch: 1 | loss: 0.1693895
	speed: 0.0134s/iter; left time: 1433.5573s
	iters: 200, epoch: 1 | loss: 0.4738525
	speed: 0.0114s/iter; left time: 1218.9459s
	iters: 300, epoch: 1 | loss: 0.2418300
	speed: 0.0114s/iter; left time: 1212.4573s
	iters: 400, epoch: 1 | loss: 0.2072958
	speed: 0.0113s/iter; left time: 1198.4333s
	iters: 500, epoch: 1 | loss: 0.1354543
	speed: 0.0114s/iter; left time: 1207.9405s
	iters: 600, epoch: 1 | loss: 0.1457477
	speed: 0.0114s/iter; left time: 1206.9665s
	iters: 700, epoch: 1 | loss: 0.3274843
	speed: 0.0114s/iter; left time: 1206.0225s
	iters: 800, epoch: 1 | loss: 0.1909444
	speed: 0.0113s/iter; left time: 1195.8305s
	iters: 900, epoch: 1 | loss: 0.1361709
	speed: 0.0115s/iter; left time: 1214.4966s
	iters: 1000, epoch: 1 | loss: 0.2907732
	speed: 0.0113s/iter; left time: 1199.1282s
Epoch: 1 cost time: 12.341180324554443
Epoch: 1, Steps: 1067 | Train Loss: 0.2402474 Vali Loss: 0.1260176
Validation loss decreased (inf --> 0.126018).  Saving model ...
Updating learning rate to 0.0005
	iters: 100, epoch: 2 | loss: 0.1912755
	speed: 0.0364s/iter; left time: 3837.2348s
	iters: 200, epoch: 2 | loss: 0.1186647
	speed: 0.0115s/iter; left time: 1207.7572s
	iters: 300, epoch: 2 | loss: 0.2558307
	speed: 0.0115s/iter; left time: 1213.9075s
	iters: 400, epoch: 2 | loss: 0.1985750
	speed: 0.0115s/iter; left time: 1206.4261s
	iters: 500, epoch: 2 | loss: 0.4497592
	speed: 0.0109s/iter; left time: 1149.0436s
	iters: 600, epoch: 2 | loss: 0.1518051
	speed: 0.0111s/iter; left time: 1162.6629s
	iters: 700, epoch: 2 | loss: 0.5246465
	speed: 0.0111s/iter; left time: 1165.9134s
	iters: 800, epoch: 2 | loss: 0.1449334
	speed: 0.0111s/iter; left time: 1167.9706s
	iters: 900, epoch: 2 | loss: 0.3504285
	speed: 0.0113s/iter; left time: 1179.5627s
	iters: 1000, epoch: 2 | loss: 0.2931669
	speed: 0.0111s/iter; left time: 1161.4782s
Epoch: 2 cost time: 11.98245120048523
Epoch: 2, Steps: 1067 | Train Loss: 0.2098743 Vali Loss: 0.1275003
EarlyStopping counter: 1 out of 6
Updating learning rate to 0.00025
	iters: 100, epoch: 3 | loss: 0.3200759
	speed: 0.0351s/iter; left time: 3663.5095s
	iters: 200, epoch: 3 | loss: 0.0957587
	speed: 0.0114s/iter; left time: 1187.5258s
	iters: 300, epoch: 3 | loss: 0.1871885
	speed: 0.0114s/iter; left time: 1192.4444s
	iters: 400, epoch: 3 | loss: 0.2066275
	speed: 0.0114s/iter; left time: 1187.6179s
	iters: 500, epoch: 3 | loss: 0.1835617
	speed: 0.0115s/iter; left time: 1194.8167s
	iters: 600, epoch: 3 | loss: 0.1983761
	speed: 0.0114s/iter; left time: 1187.8963s
	iters: 700, epoch: 3 | loss: 0.2925442
	speed: 0.0113s/iter; left time: 1172.8169s
	iters: 800, epoch: 3 | loss: 0.1164743
	speed: 0.0114s/iter; left time: 1185.2593s
	iters: 900, epoch: 3 | loss: 0.1533253
	speed: 0.0110s/iter; left time: 1137.3794s
	iters: 1000, epoch: 3 | loss: 0.1439320
	speed: 0.0113s/iter; left time: 1165.6293s
Epoch: 3 cost time: 12.099490880966187
Epoch: 3, Steps: 1067 | Train Loss: 0.1972194 Vali Loss: 0.1263496
EarlyStopping counter: 2 out of 6
Updating learning rate to 0.000125
	iters: 100, epoch: 4 | loss: 0.1743918
	speed: 0.0360s/iter; left time: 3718.3653s
	iters: 200, epoch: 4 | loss: 0.1714148
	speed: 0.0111s/iter; left time: 1149.0332s
	iters: 300, epoch: 4 | loss: 0.1846694
	speed: 0.0113s/iter; left time: 1166.9445s
	iters: 400, epoch: 4 | loss: 0.3024398
	speed: 0.0112s/iter; left time: 1157.2502s
	iters: 500, epoch: 4 | loss: 0.1544945
	speed: 0.0116s/iter; left time: 1190.0085s
	iters: 600, epoch: 4 | loss: 0.2155617
	speed: 0.0112s/iter; left time: 1153.7713s
	iters: 700, epoch: 4 | loss: 0.3344454
	speed: 0.0113s/iter; left time: 1162.9465s
	iters: 800, epoch: 4 | loss: 0.1494903
	speed: 0.0113s/iter; left time: 1164.2447s
	iters: 900, epoch: 4 | loss: 0.1145874
	speed: 0.0112s/iter; left time: 1150.7657s
	iters: 1000, epoch: 4 | loss: 0.1338455
	speed: 0.0115s/iter; left time: 1180.4324s
Epoch: 4 cost time: 12.112090826034546
Epoch: 4, Steps: 1067 | Train Loss: 0.1895401 Vali Loss: 0.1352588
EarlyStopping counter: 3 out of 6
Updating learning rate to 6.25e-05
	iters: 100, epoch: 5 | loss: 0.1407244
	speed: 0.0358s/iter; left time: 3661.5485s
	iters: 200, epoch: 5 | loss: 0.1610380
	speed: 0.0115s/iter; left time: 1173.1968s
	iters: 300, epoch: 5 | loss: 0.2030279
	speed: 0.0113s/iter; left time: 1156.3323s
	iters: 400, epoch: 5 | loss: 0.2602859
	speed: 0.0114s/iter; left time: 1160.7237s
	iters: 500, epoch: 5 | loss: 0.1435800
	speed: 0.0113s/iter; left time: 1156.6977s
	iters: 600, epoch: 5 | loss: 0.1909855
	speed: 0.0110s/iter; left time: 1124.6997s
	iters: 700, epoch: 5 | loss: 0.1441948
	speed: 0.0113s/iter; left time: 1144.7735s
	iters: 800, epoch: 5 | loss: 0.1392528
	speed: 0.0109s/iter; left time: 1102.9805s
	iters: 900, epoch: 5 | loss: 0.2563598
	speed: 0.0112s/iter; left time: 1140.0364s
	iters: 1000, epoch: 5 | loss: 0.1665712
	speed: 0.0111s/iter; left time: 1126.8087s
Epoch: 5 cost time: 11.999865770339966
Epoch: 5, Steps: 1067 | Train Loss: 0.1850002 Vali Loss: 0.1341326
EarlyStopping counter: 4 out of 6
Updating learning rate to 3.125e-05
	iters: 100, epoch: 6 | loss: 0.1871457
	speed: 0.0351s/iter; left time: 3551.3926s
	iters: 200, epoch: 6 | loss: 0.3169663
	speed: 0.0112s/iter; left time: 1131.4081s
	iters: 300, epoch: 6 | loss: 0.1379222
	speed: 0.0111s/iter; left time: 1123.1484s
	iters: 400, epoch: 6 | loss: 0.2310223
	speed: 0.0110s/iter; left time: 1110.5749s
	iters: 500, epoch: 6 | loss: 0.1851907
	speed: 0.0110s/iter; left time: 1111.6842s
	iters: 600, epoch: 6 | loss: 0.2823408
	speed: 0.0110s/iter; left time: 1108.4816s
	iters: 700, epoch: 6 | loss: 0.2144601
	speed: 0.0111s/iter; left time: 1118.6153s
	iters: 800, epoch: 6 | loss: 0.2073313
	speed: 0.0112s/iter; left time: 1128.1999s
	iters: 900, epoch: 6 | loss: 0.2309123
	speed: 0.0110s/iter; left time: 1101.6894s
	iters: 1000, epoch: 6 | loss: 0.1580398
	speed: 0.0112s/iter; left time: 1128.4451s
Epoch: 6 cost time: 11.827919244766235
Epoch: 6, Steps: 1067 | Train Loss: 0.1828977 Vali Loss: 0.1366633
EarlyStopping counter: 5 out of 6
Updating learning rate to 1.5625e-05
	iters: 100, epoch: 7 | loss: 0.1622865
	speed: 0.0344s/iter; left time: 3447.5724s
	iters: 200, epoch: 7 | loss: 0.1697088
	speed: 0.0114s/iter; left time: 1138.0899s
	iters: 300, epoch: 7 | loss: 0.1784842
	speed: 0.0114s/iter; left time: 1144.7682s
	iters: 400, epoch: 7 | loss: 0.1771875
	speed: 0.0113s/iter; left time: 1127.1358s
	iters: 500, epoch: 7 | loss: 0.1225246
	speed: 0.0113s/iter; left time: 1125.4118s
	iters: 600, epoch: 7 | loss: 0.1173863
	speed: 0.0115s/iter; left time: 1145.0575s
	iters: 700, epoch: 7 | loss: 0.1354621
	speed: 0.0116s/iter; left time: 1157.7647s
	iters: 800, epoch: 7 | loss: 0.2159484
	speed: 0.0118s/iter; left time: 1172.5987s
	iters: 900, epoch: 7 | loss: 0.3114055
	speed: 0.0120s/iter; left time: 1192.4110s
	iters: 1000, epoch: 7 | loss: 0.1232265
	speed: 0.0118s/iter; left time: 1173.8999s
Epoch: 7 cost time: 12.292972087860107
Epoch: 7, Steps: 1067 | Train Loss: 0.1816203 Vali Loss: 0.1375422
EarlyStopping counter: 6 out of 6
Early stopping
VALIDATION_RESULT {"best_epoch": 1, "best_mae": 0.24463437624048215, "best_mse": 0.12601758795926332, "epochs_ran": 7, "metric_version": "element_weighted_v1"}
>>>>>>>test skipped (validation-only run)<<<<<<<<<<<<<<<<<<<<<<<<
Record: /home/cwh/Time-Series-Library/logs/timerole_ablation_multiseed/validation/ab3_ettm2_p96_gg_s2022.json

=== TimeRoleConcat | ETTm2 | H=720 | seed=2022 ===
Command: /home/cwh/Time-Series-Library/.venv/bin/python -u /home/cwh/Time-Series-Library/run.py --task_name long_term_forecast --is_training 1 --root_path /home/cwh/Time-Series-Library/dataset/ETT-small --data_path ETTm2.csv --model_id ETTm2_96_720_ab3_ettm2_p720_cat_s2022 --model TimeRoleConcat --seed 2022 --data ETTm2 --features M --target OT --seq_len 336 --label_len 48 --pred_len 720 --enc_in 7 --dec_in 7 --c_out 7 --patch_len 4 --stride 2 --d_model 64 --d_ff 128 --d_state 32 --d_conv 2 --e_layers 1 --expand 2 --mamba_version 1 --mamba_bidirectional 1 --use_graph 1 --use_time_mamba 1 --use_patch 1 --use_decomp 1 --moving_avg 25 --dual_scale_scan_mode independent_shared --periodic_period 24 --periodic_local_patch 0 --periodic_local_stride 0 --periodic_period_stride 12 --periodic_use_adapter 1 --graph_alpha 0.5 --graph_top_k 2 --graph_sample_size 2000 --graph_sample_method uniform --static_graph_mode weighted --graph_cache 0 --gc_graph_dim 16 --gc_temperature 1.0 --gc_residual_init 0.5 --gc_dynamic_graph 1 --gc_symmetric_graph 1 --gc_input_modulation 1 --gc_direction_fusion 1 --gc_parallel_residual 1 --af_hidden_dim 32 --af_rank 16 --af_mode variable_scale_residual --dropout 0.1 --batch_size 32 --learning_rate 0.0005 --lradj type1 --train_epochs 100 --patience 6 --num_workers 0 --gpu 0 --des ab3_ettm2_p720_cat_s2022 --itr 1 --test_after_train 0
Log: /home/cwh/Time-Series-Library/logs/timerole_ablation_multiseed/validation/ab3_ettm2_p720_cat_s2022.log
Using GPU
Args in experiment:
[1mBasic Config[0m
  Task Name:          long_term_forecast  Is Training:        1                   
  Model ID:           ETTm2_96_720_ab3_ettm2_p720_cat_s2022Model:              TimeRoleConcat      

[1mData Loader[0m
  Data:               ETTm2               Root Path:          /home/cwh/Time-Series-Library/dataset/ETT-small
  Data Path:          ETTm2.csv           Features:           M                   
  Target:             OT                  Freq:               h                   
  Checkpoints:        ./checkpoints/      

[1mForecasting Task[0m
  Seq Len:            336                 Label Len:          48                  
  Pred Len:           720                 Seasonal Patterns:  Monthly             
  Inverse:            0                   

[1mModel Parameters[0m
  Top k:              5                   Num Kernels:        6                   
  Enc In:             7                   Dec In:             7                   
  C Out:              7                   d model:            64                  
  n heads:            8                   e layers:           1                   
  d layers:           1                   d FF:               128                 
  Moving Avg:         25                  Factor:             1                   
  Distil:             1                   Dropout:            0.1                 
  Embed:              timeF               Activation:         gelu                

[1mRun Parameters[0m
  Num Workers:        0                   Itr:                1                   
  Train Epochs:       100                 Batch Size:         32                  
  Patience:           6                   Learning Rate:      0.0005              
  Des:                ab3_ettm2_p720_cat_s2022Loss:               MSE                 
  Lradj:              type1               Use Amp:            0                   

[1mGPU[0m
  Use GPU:            1                   GPU:                0                   
  Use Multi GPU:      0                   Devices:            0,1,2,3             

[1mDe-stationary Projector Params[0m
  P Hidden Dims:      128, 128            P Hidden Layers:    2                   

Use GPU: cuda:0
🚀 Lazy Loading: TimeRoleConcat ...
[GraphMamba] Building 7x7 static graph from 2000 training samples
>>>>>>>start training : long_term_forecast_ETTm2_96_720_ab3_ettm2_p720_cat_s2022_TimeRoleConcat_ETTm2_ftM_sl336_ll48_pl720_dm64_nh8_el1_dl1_df128_expand2_dc2_fc1_ebtimeF_dtTrue_ab3_ettm2_p720_cat_s2022_0>>>>>>>>>>>>>>>>>>>>>>>>>>
train 33505
val 10801
	iters: 100, epoch: 1 | loss: 0.4625532
	speed: 0.0166s/iter; left time: 1734.5559s
	iters: 200, epoch: 1 | loss: 0.4794626
	speed: 0.0138s/iter; left time: 1444.1770s
	iters: 300, epoch: 1 | loss: 0.4498980
	speed: 0.0117s/iter; left time: 1225.5913s
	iters: 400, epoch: 1 | loss: 0.5749166
	speed: 0.0116s/iter; left time: 1214.9666s
	iters: 500, epoch: 1 | loss: 0.7805048
	speed: 0.0118s/iter; left time: 1228.6829s
	iters: 600, epoch: 1 | loss: 0.3755327
	speed: 0.0115s/iter; left time: 1202.9452s
	iters: 700, epoch: 1 | loss: 0.3349169
	speed: 0.0119s/iter; left time: 1236.2125s
	iters: 800, epoch: 1 | loss: 0.3773281
	speed: 0.0116s/iter; left time: 1205.1102s
	iters: 900, epoch: 1 | loss: 0.6930003
	speed: 0.0115s/iter; left time: 1191.5132s
	iters: 1000, epoch: 1 | loss: 0.5135249
	speed: 0.0116s/iter; left time: 1198.9166s
Epoch: 1 cost time: 12.91112494468689
Epoch: 1, Steps: 1048 | Train Loss: 0.5524449 Vali Loss: 0.2763377
Validation loss decreased (inf --> 0.276338).  Saving model ...
Updating learning rate to 0.0005
	iters: 100, epoch: 2 | loss: 0.8000804
	speed: 0.0341s/iter; left time: 3533.1323s
	iters: 200, epoch: 2 | loss: 0.4045229
	speed: 0.0116s/iter; left time: 1196.2465s
	iters: 300, epoch: 2 | loss: 0.6661182
	speed: 0.0115s/iter; left time: 1190.2101s
	iters: 400, epoch: 2 | loss: 1.1142137
	speed: 0.0118s/iter; left time: 1218.1511s
	iters: 500, epoch: 2 | loss: 0.4581278
	speed: 0.0114s/iter; left time: 1179.3713s
	iters: 600, epoch: 2 | loss: 0.3613470
	speed: 0.0118s/iter; left time: 1213.2100s
	iters: 700, epoch: 2 | loss: 0.6311673
	speed: 0.0118s/iter; left time: 1214.9476s
	iters: 800, epoch: 2 | loss: 0.5325994
	speed: 0.0117s/iter; left time: 1208.2137s
	iters: 900, epoch: 2 | loss: 0.6626776
	speed: 0.0115s/iter; left time: 1181.4334s
	iters: 1000, epoch: 2 | loss: 0.4286939
	speed: 0.0117s/iter; left time: 1205.7933s
Epoch: 2 cost time: 12.208162546157837
Epoch: 2, Steps: 1048 | Train Loss: 0.5168795 Vali Loss: 0.2785170
EarlyStopping counter: 1 out of 6
Updating learning rate to 0.00025
	iters: 100, epoch: 3 | loss: 0.3950768
	speed: 0.0344s/iter; left time: 3532.1051s
	iters: 200, epoch: 3 | loss: 0.6745819
	speed: 0.0118s/iter; left time: 1210.9445s
	iters: 300, epoch: 3 | loss: 0.4122765
	speed: 0.0119s/iter; left time: 1219.6806s
	iters: 400, epoch: 3 | loss: 0.4927270
	speed: 0.0118s/iter; left time: 1209.7589s
	iters: 500, epoch: 3 | loss: 0.4544808
	speed: 0.0117s/iter; left time: 1195.0878s
	iters: 600, epoch: 3 | loss: 0.6892003
	speed: 0.0116s/iter; left time: 1181.0209s
	iters: 700, epoch: 3 | loss: 0.4816312
	speed: 0.0115s/iter; left time: 1176.1153s
	iters: 800, epoch: 3 | loss: 0.4700094
	speed: 0.0116s/iter; left time: 1185.2782s
	iters: 900, epoch: 3 | loss: 0.5295146
	speed: 0.0117s/iter; left time: 1194.2463s
	iters: 1000, epoch: 3 | loss: 0.6153116
	speed: 0.0116s/iter; left time: 1181.1828s
Epoch: 3 cost time: 12.21886920928955
Epoch: 3, Steps: 1048 | Train Loss: 0.5003456 Vali Loss: 0.2805195
EarlyStopping counter: 2 out of 6
Updating learning rate to 0.000125
	iters: 100, epoch: 4 | loss: 0.4697694
	speed: 0.0334s/iter; left time: 3387.2565s
	iters: 200, epoch: 4 | loss: 0.3393810
	speed: 0.0116s/iter; left time: 1173.2637s
	iters: 300, epoch: 4 | loss: 0.4206256
	speed: 0.0115s/iter; left time: 1167.5127s
	iters: 400, epoch: 4 | loss: 0.2325903
	speed: 0.0117s/iter; left time: 1184.8767s
	iters: 500, epoch: 4 | loss: 0.2821025
	speed: 0.0118s/iter; left time: 1196.2284s
	iters: 600, epoch: 4 | loss: 0.3472615
	speed: 0.0115s/iter; left time: 1162.9088s
	iters: 700, epoch: 4 | loss: 0.6250553
	speed: 0.0115s/iter; left time: 1156.4763s
	iters: 800, epoch: 4 | loss: 0.5679801
	speed: 0.0113s/iter; left time: 1144.7034s
	iters: 900, epoch: 4 | loss: 0.5896316
	speed: 0.0117s/iter; left time: 1180.1184s
	iters: 1000, epoch: 4 | loss: 0.3917907
	speed: 0.0115s/iter; left time: 1159.1287s
Epoch: 4 cost time: 12.109728574752808
Epoch: 4, Steps: 1048 | Train Loss: 0.4879759 Vali Loss: 0.2782913
EarlyStopping counter: 3 out of 6
Updating learning rate to 6.25e-05
	iters: 100, epoch: 5 | loss: 0.3342055
	speed: 0.0336s/iter; left time: 3373.6046s
	iters: 200, epoch: 5 | loss: 0.2305486
	speed: 0.0115s/iter; left time: 1157.3932s
	iters: 300, epoch: 5 | loss: 0.3495226
	speed: 0.0117s/iter; left time: 1168.9794s
	iters: 400, epoch: 5 | loss: 0.4599676
	speed: 0.0117s/iter; left time: 1172.4103s
	iters: 500, epoch: 5 | loss: 0.4677596
	speed: 0.0114s/iter; left time: 1145.3971s
	iters: 600, epoch: 5 | loss: 0.6648205
	speed: 0.0116s/iter; left time: 1157.0281s
	iters: 700, epoch: 5 | loss: 0.5767599
	speed: 0.0115s/iter; left time: 1152.8401s
	iters: 800, epoch: 5 | loss: 0.3067618
	speed: 0.0117s/iter; left time: 1162.8081s
	iters: 900, epoch: 5 | loss: 0.4163170
	speed: 0.0115s/iter; left time: 1147.3207s
	iters: 1000, epoch: 5 | loss: 0.4409010
	speed: 0.0115s/iter; left time: 1148.2713s
Epoch: 5 cost time: 12.129554033279419
Epoch: 5, Steps: 1048 | Train Loss: 0.4809375 Vali Loss: 0.2825459
EarlyStopping counter: 4 out of 6
Updating learning rate to 3.125e-05
	iters: 100, epoch: 6 | loss: 0.4288800
	speed: 0.0333s/iter; left time: 3308.6614s
	iters: 200, epoch: 6 | loss: 0.4220057
	speed: 0.0116s/iter; left time: 1148.3880s
	iters: 300, epoch: 6 | loss: 0.3641307
	speed: 0.0118s/iter; left time: 1172.5770s
	iters: 400, epoch: 6 | loss: 0.4236932
	speed: 0.0114s/iter; left time: 1134.1714s
	iters: 500, epoch: 6 | loss: 0.2890958
	speed: 0.0115s/iter; left time: 1141.8513s
	iters: 600, epoch: 6 | loss: 0.3401801
	speed: 0.0115s/iter; left time: 1133.6310s
	iters: 700, epoch: 6 | loss: 0.6731381
	speed: 0.0116s/iter; left time: 1147.2242s
	iters: 800, epoch: 6 | loss: 0.6723800
	speed: 0.0113s/iter; left time: 1114.7877s
	iters: 900, epoch: 6 | loss: 0.5319055
	speed: 0.0117s/iter; left time: 1151.4116s
	iters: 1000, epoch: 6 | loss: 0.3956205
	speed: 0.0117s/iter; left time: 1155.7273s
Epoch: 6 cost time: 12.127677202224731
Epoch: 6, Steps: 1048 | Train Loss: 0.4774586 Vali Loss: 0.2816691
EarlyStopping counter: 5 out of 6
Updating learning rate to 1.5625e-05
	iters: 100, epoch: 7 | loss: 0.4776482
	speed: 0.0328s/iter; left time: 3225.4766s
	iters: 200, epoch: 7 | loss: 0.4713570
	speed: 0.0115s/iter; left time: 1130.4634s
	iters: 300, epoch: 7 | loss: 0.4567841
	speed: 0.0115s/iter; left time: 1131.0283s
	iters: 400, epoch: 7 | loss: 0.6604806
	speed: 0.0116s/iter; left time: 1142.0707s
	iters: 500, epoch: 7 | loss: 0.3589070
	speed: 0.0117s/iter; left time: 1144.2899s
	iters: 600, epoch: 7 | loss: 0.6225769
	speed: 0.0119s/iter; left time: 1162.4851s
	iters: 700, epoch: 7 | loss: 0.6616928
	speed: 0.0118s/iter; left time: 1154.2317s
	iters: 800, epoch: 7 | loss: 0.4355078
	speed: 0.0117s/iter; left time: 1146.3092s
	iters: 900, epoch: 7 | loss: 0.2677305
	speed: 0.0119s/iter; left time: 1164.7331s
	iters: 1000, epoch: 7 | loss: 0.4108084
	speed: 0.0118s/iter; left time: 1151.3291s
Epoch: 7 cost time: 12.22887635231018
Epoch: 7, Steps: 1048 | Train Loss: 0.4757396 Vali Loss: 0.2841463
EarlyStopping counter: 6 out of 6
Early stopping
VALIDATION_RESULT {"best_epoch": 1, "best_mae": 0.36402589349090253, "best_mse": 0.27633772094073034, "epochs_ran": 7, "metric_version": "element_weighted_v1"}
>>>>>>>test skipped (validation-only run)<<<<<<<<<<<<<<<<<<<<<<<<
Record: /home/cwh/Time-Series-Library/logs/timerole_ablation_multiseed/validation/ab3_ettm2_p720_cat_s2022.json

=== TimeRoleNoDiff | ETTm2 | H=720 | seed=2022 ===
Command: /home/cwh/Time-Series-Library/.venv/bin/python -u /home/cwh/Time-Series-Library/run.py --task_name long_term_forecast --is_training 1 --root_path /home/cwh/Time-Series-Library/dataset/ETT-small --data_path ETTm2.csv --model_id ETTm2_96_720_ab3_ettm2_p720_nd_s2022 --model TimeRoleNoDiff --seed 2022 --data ETTm2 --features M --target OT --seq_len 336 --label_len 48 --pred_len 720 --enc_in 7 --dec_in 7 --c_out 7 --patch_len 4 --stride 2 --d_model 64 --d_ff 128 --d_state 32 --d_conv 2 --e_layers 1 --expand 2 --mamba_version 1 --mamba_bidirectional 1 --use_graph 1 --use_time_mamba 1 --use_patch 1 --use_decomp 1 --moving_avg 25 --dual_scale_scan_mode independent_shared --periodic_period 24 --periodic_local_patch 0 --periodic_local_stride 0 --periodic_period_stride 12 --periodic_use_adapter 1 --graph_alpha 0.5 --graph_top_k 2 --graph_sample_size 2000 --graph_sample_method uniform --static_graph_mode weighted --graph_cache 0 --gc_graph_dim 16 --gc_temperature 1.0 --gc_residual_init 0.5 --gc_dynamic_graph 1 --gc_symmetric_graph 1 --gc_input_modulation 1 --gc_direction_fusion 1 --gc_parallel_residual 1 --af_hidden_dim 32 --af_rank 16 --af_mode variable_scale_residual --dropout 0.1 --batch_size 32 --learning_rate 0.0005 --lradj type1 --train_epochs 100 --patience 6 --num_workers 0 --gpu 0 --des ab3_ettm2_p720_nd_s2022 --itr 1 --test_after_train 0
Log: /home/cwh/Time-Series-Library/logs/timerole_ablation_multiseed/validation/ab3_ettm2_p720_nd_s2022.log
Using GPU
Args in experiment:
[1mBasic Config[0m
  Task Name:          long_term_forecast  Is Training:        1                   
  Model ID:           ETTm2_96_720_ab3_ettm2_p720_nd_s2022Model:              TimeRoleNoDiff      

[1mData Loader[0m
  Data:               ETTm2               Root Path:          /home/cwh/Time-Series-Library/dataset/ETT-small
  Data Path:          ETTm2.csv           Features:           M                   
  Target:             OT                  Freq:               h                   
  Checkpoints:        ./checkpoints/      

[1mForecasting Task[0m
  Seq Len:            336                 Label Len:          48                  
  Pred Len:           720                 Seasonal Patterns:  Monthly             
  Inverse:            0                   

[1mModel Parameters[0m
  Top k:              5                   Num Kernels:        6                   
  Enc In:             7                   Dec In:             7                   
  C Out:              7                   d model:            64                  
  n heads:            8                   e layers:           1                   
  d layers:           1                   d FF:               128                 
  Moving Avg:         25                  Factor:             1                   
  Distil:             1                   Dropout:            0.1                 
  Embed:              timeF               Activation:         gelu                

[1mRun Parameters[0m
  Num Workers:        0                   Itr:                1                   
  Train Epochs:       100                 Batch Size:         32                  
  Patience:           6                   Learning Rate:      0.0005              
  Des:                ab3_ettm2_p720_nd_s2022Loss:               MSE                 
  Lradj:              type1               Use Amp:            0                   

[1mGPU[0m
  Use GPU:            1                   GPU:                0                   
  Use Multi GPU:      0                   Devices:            0,1,2,3             

[1mDe-stationary Projector Params[0m
  P Hidden Dims:      128, 128            P Hidden Layers:    2                   

Use GPU: cuda:0
🚀 Lazy Loading: TimeRoleNoDiff ...
[GraphMamba] Building 7x7 static graph from 2000 training samples
>>>>>>>start training : long_term_forecast_ETTm2_96_720_ab3_ettm2_p720_nd_s2022_TimeRoleNoDiff_ETTm2_ftM_sl336_ll48_pl720_dm64_nh8_el1_dl1_df128_expand2_dc2_fc1_ebtimeF_dtTrue_ab3_ettm2_p720_nd_s2022_0>>>>>>>>>>>>>>>>>>>>>>>>>>
train 33505
val 10801
	iters: 100, epoch: 1 | loss: 0.4628507
	speed: 0.0142s/iter; left time: 1482.1349s
	iters: 200, epoch: 1 | loss: 0.4836913
	speed: 0.0116s/iter; left time: 1218.5438s
	iters: 300, epoch: 1 | loss: 0.4511261
	speed: 0.0116s/iter; left time: 1213.5162s
	iters: 400, epoch: 1 | loss: 0.5943404
	speed: 0.0118s/iter; left time: 1230.2507s
	iters: 500, epoch: 1 | loss: 0.7765177
	speed: 0.0115s/iter; left time: 1201.6211s
	iters: 600, epoch: 1 | loss: 0.3747530
	speed: 0.0119s/iter; left time: 1236.0391s
	iters: 700, epoch: 1 | loss: 0.3385254
	speed: 0.0121s/iter; left time: 1260.2970s
	iters: 800, epoch: 1 | loss: 0.3735163
	speed: 0.0117s/iter; left time: 1220.2128s
	iters: 900, epoch: 1 | loss: 0.6928386
	speed: 0.0115s/iter; left time: 1191.4255s
	iters: 1000, epoch: 1 | loss: 0.5146672
	speed: 0.0118s/iter; left time: 1228.7185s
Epoch: 1 cost time: 12.57588529586792
Epoch: 1, Steps: 1048 | Train Loss: 0.5511935 Vali Loss: 0.2744357
Validation loss decreased (inf --> 0.274436).  Saving model ...
Updating learning rate to 0.0005
	iters: 100, epoch: 2 | loss: 0.7872325
	speed: 0.0354s/iter; left time: 3665.8672s
	iters: 200, epoch: 2 | loss: 0.4050073
	speed: 0.0122s/iter; left time: 1259.6885s
	iters: 300, epoch: 2 | loss: 0.6478067
	speed: 0.0121s/iter; left time: 1254.6948s
	iters: 400, epoch: 2 | loss: 1.1243259
	speed: 0.0116s/iter; left time: 1194.4178s
	iters: 500, epoch: 2 | loss: 0.4556266
	speed: 0.0118s/iter; left time: 1216.4880s
	iters: 600, epoch: 2 | loss: 0.3601435
	speed: 0.0121s/iter; left time: 1253.0201s
	iters: 700, epoch: 2 | loss: 0.6303090
	speed: 0.0119s/iter; left time: 1223.1686s
	iters: 800, epoch: 2 | loss: 0.5275775
	speed: 0.0120s/iter; left time: 1236.3261s
	iters: 900, epoch: 2 | loss: 0.6532344
	speed: 0.0117s/iter; left time: 1204.9641s
	iters: 1000, epoch: 2 | loss: 0.4314322
	speed: 0.0118s/iter; left time: 1210.4009s
Epoch: 2 cost time: 12.471969366073608
Epoch: 2, Steps: 1048 | Train Loss: 0.5127187 Vali Loss: 0.2796942
EarlyStopping counter: 1 out of 6
Updating learning rate to 0.00025
	iters: 100, epoch: 3 | loss: 0.3882813
	speed: 0.0339s/iter; left time: 3477.4950s
	iters: 200, epoch: 3 | loss: 0.6778863
	speed: 0.0116s/iter; left time: 1190.0249s
	iters: 300, epoch: 3 | loss: 0.4059167
	speed: 0.0116s/iter; left time: 1182.8358s
	iters: 400, epoch: 3 | loss: 0.4886120
	speed: 0.0119s/iter; left time: 1214.9677s
	iters: 500, epoch: 3 | loss: 0.4461291
	speed: 0.0117s/iter; left time: 1197.8479s
	iters: 600, epoch: 3 | loss: 0.6614380
	speed: 0.0117s/iter; left time: 1190.8884s
	iters: 700, epoch: 3 | loss: 0.4802420
	speed: 0.0114s/iter; left time: 1162.7316s
	iters: 800, epoch: 3 | loss: 0.4640115
	speed: 0.0116s/iter; left time: 1185.7337s
	iters: 900, epoch: 3 | loss: 0.5162283
	speed: 0.0118s/iter; left time: 1199.6510s
	iters: 1000, epoch: 3 | loss: 0.6174140
	speed: 0.0115s/iter; left time: 1167.0213s
Epoch: 3 cost time: 12.205439805984497
Epoch: 3, Steps: 1048 | Train Loss: 0.4963431 Vali Loss: 0.2789554
EarlyStopping counter: 2 out of 6
Updating learning rate to 0.000125
	iters: 100, epoch: 4 | loss: 0.4554816
	speed: 0.0342s/iter; left time: 3468.8221s
	iters: 200, epoch: 4 | loss: 0.3406214
	speed: 0.0116s/iter; left time: 1176.7907s
	iters: 300, epoch: 4 | loss: 0.4224655
	speed: 0.0115s/iter; left time: 1162.9310s
	iters: 400, epoch: 4 | loss: 0.2285065
	speed: 0.0123s/iter; left time: 1250.2986s
	iters: 500, epoch: 4 | loss: 0.2830563
	speed: 0.0118s/iter; left time: 1196.0895s
	iters: 600, epoch: 4 | loss: 0.3467525
	speed: 0.0118s/iter; left time: 1193.0006s
	iters: 700, epoch: 4 | loss: 0.6311267
	speed: 0.0126s/iter; left time: 1267.0750s
	iters: 800, epoch: 4 | loss: 0.5678229
	speed: 0.0116s/iter; left time: 1168.2710s
	iters: 900, epoch: 4 | loss: 0.5894924
	speed: 0.0122s/iter; left time: 1229.6164s
	iters: 1000, epoch: 4 | loss: 0.3846007
	speed: 0.0121s/iter; left time: 1217.8451s
Epoch: 4 cost time: 12.484819650650024
Epoch: 4, Steps: 1048 | Train Loss: 0.4842529 Vali Loss: 0.2768204
EarlyStopping counter: 3 out of 6
Updating learning rate to 6.25e-05
	iters: 100, epoch: 5 | loss: 0.3255454
	speed: 0.0351s/iter; left time: 3527.4223s
	iters: 200, epoch: 5 | loss: 0.2342538
	speed: 0.0123s/iter; left time: 1232.8142s
	iters: 300, epoch: 5 | loss: 0.3452184
	speed: 0.0116s/iter; left time: 1160.1978s
	iters: 400, epoch: 5 | loss: 0.4579171
	speed: 0.0118s/iter; left time: 1178.9389s
	iters: 500, epoch: 5 | loss: 0.4502640
	speed: 0.0117s/iter; left time: 1166.5221s
	iters: 600, epoch: 5 | loss: 0.6562821
	speed: 0.0117s/iter; left time: 1173.2304s
	iters: 700, epoch: 5 | loss: 0.5769373
	speed: 0.0118s/iter; left time: 1177.4523s
	iters: 800, epoch: 5 | loss: 0.3050480
	speed: 0.0116s/iter; left time: 1154.1858s
	iters: 900, epoch: 5 | loss: 0.4112744
	speed: 0.0114s/iter; left time: 1132.9407s
	iters: 1000, epoch: 5 | loss: 0.4408807
	speed: 0.0118s/iter; left time: 1178.8327s
Epoch: 5 cost time: 12.310279607772827
Epoch: 5, Steps: 1048 | Train Loss: 0.4770874 Vali Loss: 0.2820571
EarlyStopping counter: 4 out of 6
Updating learning rate to 3.125e-05
	iters: 100, epoch: 6 | loss: 0.4302872
	speed: 0.0337s/iter; left time: 3349.2710s
	iters: 200, epoch: 6 | loss: 0.4255808
	speed: 0.0121s/iter; left time: 1199.0975s
	iters: 300, epoch: 6 | loss: 0.3664201
	speed: 0.0118s/iter; left time: 1168.2634s
	iters: 400, epoch: 6 | loss: 0.4221488
	speed: 0.0121s/iter; left time: 1203.4935s
	iters: 500, epoch: 6 | loss: 0.2896713
	speed: 0.0121s/iter; left time: 1198.0288s
	iters: 600, epoch: 6 | loss: 0.3364294
	speed: 0.0119s/iter; left time: 1173.6235s
	iters: 700, epoch: 6 | loss: 0.6670501
	speed: 0.0121s/iter; left time: 1193.9552s
	iters: 800, epoch: 6 | loss: 0.6636292
	speed: 0.0121s/iter; left time: 1196.8186s
	iters: 900, epoch: 6 | loss: 0.5253289
	speed: 0.0123s/iter; left time: 1209.5583s
	iters: 1000, epoch: 6 | loss: 0.4030817
	speed: 0.0119s/iter; left time: 1172.9702s
Epoch: 6 cost time: 12.62260890007019
Epoch: 6, Steps: 1048 | Train Loss: 0.4734400 Vali Loss: 0.2804885
EarlyStopping counter: 5 out of 6
Updating learning rate to 1.5625e-05
	iters: 100, epoch: 7 | loss: 0.4847112
	speed: 0.0348s/iter; left time: 3429.6371s
	iters: 200, epoch: 7 | loss: 0.4774782
	speed: 0.0123s/iter; left time: 1207.2697s
	iters: 300, epoch: 7 | loss: 0.4628222
	speed: 0.0117s/iter; left time: 1149.3167s
	iters: 400, epoch: 7 | loss: 0.6467541
	speed: 0.0121s/iter; left time: 1191.6698s
	iters: 500, epoch: 7 | loss: 0.3459544
	speed: 0.0117s/iter; left time: 1147.6037s
	iters: 600, epoch: 7 | loss: 0.6245059
	speed: 0.0119s/iter; left time: 1162.3305s
	iters: 700, epoch: 7 | loss: 0.6499193
	speed: 0.0121s/iter; left time: 1181.3058s
	iters: 800, epoch: 7 | loss: 0.4289109
	speed: 0.0116s/iter; left time: 1130.5986s
	iters: 900, epoch: 7 | loss: 0.2703252
	speed: 0.0117s/iter; left time: 1137.3599s
	iters: 1000, epoch: 7 | loss: 0.4106970
	speed: 0.0115s/iter; left time: 1119.0031s
Epoch: 7 cost time: 12.444111824035645
Epoch: 7, Steps: 1048 | Train Loss: 0.4718218 Vali Loss: 0.2836566
EarlyStopping counter: 6 out of 6
Early stopping
VALIDATION_RESULT {"best_epoch": 1, "best_mae": 0.36178583810995235, "best_mse": 0.2744357054067644, "epochs_ran": 7, "metric_version": "element_weighted_v1"}
>>>>>>>test skipped (validation-only run)<<<<<<<<<<<<<<<<<<<<<<<<
Record: /home/cwh/Time-Series-Library/logs/timerole_ablation_multiseed/validation/ab3_ettm2_p720_nd_s2022.json

=== TimeRoleGlobalGate | ETTm2 | H=720 | seed=2022 ===
Command: /home/cwh/Time-Series-Library/.venv/bin/python -u /home/cwh/Time-Series-Library/run.py --task_name long_term_forecast --is_training 1 --root_path /home/cwh/Time-Series-Library/dataset/ETT-small --data_path ETTm2.csv --model_id ETTm2_96_720_ab3_ettm2_p720_gg_s2022 --model TimeRoleGlobalGate --seed 2022 --data ETTm2 --features M --target OT --seq_len 336 --label_len 48 --pred_len 720 --enc_in 7 --dec_in 7 --c_out 7 --patch_len 4 --stride 2 --d_model 64 --d_ff 128 --d_state 32 --d_conv 2 --e_layers 1 --expand 2 --mamba_version 1 --mamba_bidirectional 1 --use_graph 1 --use_time_mamba 1 --use_patch 1 --use_decomp 1 --moving_avg 25 --dual_scale_scan_mode independent_shared --periodic_period 24 --periodic_local_patch 0 --periodic_local_stride 0 --periodic_period_stride 12 --periodic_use_adapter 1 --graph_alpha 0.5 --graph_top_k 2 --graph_sample_size 2000 --graph_sample_method uniform --static_graph_mode weighted --graph_cache 0 --gc_graph_dim 16 --gc_temperature 1.0 --gc_residual_init 0.5 --gc_dynamic_graph 1 --gc_symmetric_graph 1 --gc_input_modulation 1 --gc_direction_fusion 1 --gc_parallel_residual 1 --af_hidden_dim 32 --af_rank 16 --af_mode variable_scale_residual --dropout 0.1 --batch_size 32 --learning_rate 0.0005 --lradj type1 --train_epochs 100 --patience 6 --num_workers 0 --gpu 0 --des ab3_ettm2_p720_gg_s2022 --itr 1 --test_after_train 0
Log: /home/cwh/Time-Series-Library/logs/timerole_ablation_multiseed/validation/ab3_ettm2_p720_gg_s2022.log
Using GPU
Args in experiment:
[1mBasic Config[0m
  Task Name:          long_term_forecast  Is Training:        1                   
  Model ID:           ETTm2_96_720_ab3_ettm2_p720_gg_s2022Model:              TimeRoleGlobalGate  

[1mData Loader[0m
  Data:               ETTm2               Root Path:          /home/cwh/Time-Series-Library/dataset/ETT-small
  Data Path:          ETTm2.csv           Features:           M                   
  Target:             OT                  Freq:               h                   
  Checkpoints:        ./checkpoints/      

[1mForecasting Task[0m
  Seq Len:            336                 Label Len:          48                  
  Pred Len:           720                 Seasonal Patterns:  Monthly             
  Inverse:            0                   

[1mModel Parameters[0m
  Top k:              5                   Num Kernels:        6                   
  Enc In:             7                   Dec In:             7                   
  C Out:              7                   d model:            64                  
  n heads:            8                   e layers:           1                   
  d layers:           1                   d FF:               128                 
  Moving Avg:         25                  Factor:             1                   
  Distil:             1                   Dropout:            0.1                 
  Embed:              timeF               Activation:         gelu                

[1mRun Parameters[0m
  Num Workers:        0                   Itr:                1                   
  Train Epochs:       100                 Batch Size:         32                  
  Patience:           6                   Learning Rate:      0.0005              
  Des:                ab3_ettm2_p720_gg_s2022Loss:               MSE                 
  Lradj:              type1               Use Amp:            0                   

[1mGPU[0m
  Use GPU:            1                   GPU:                0                   
  Use Multi GPU:      0                   Devices:            0,1,2,3             

[1mDe-stationary Projector Params[0m
  P Hidden Dims:      128, 128            P Hidden Layers:    2                   

Use GPU: cuda:0
🚀 Lazy Loading: TimeRoleGlobalGate ...
[GraphMamba] Building 7x7 static graph from 2000 training samples
>>>>>>>start training : long_term_forecast_ETTm2_96_720_ab3_ettm2_p720_gg_s2022_TimeRoleGlobalGate_ETTm2_ftM_sl336_ll48_pl720_dm64_nh8_el1_dl1_df128_expand2_dc2_fc1_ebtimeF_dtTrue_ab3_ettm2_p720_gg_s2022_0>>>>>>>>>>>>>>>>>>>>>>>>>>
train 33505
val 10801
	iters: 100, epoch: 1 | loss: 0.4621060
	speed: 0.0144s/iter; left time: 1511.2676s
	iters: 200, epoch: 1 | loss: 0.4789364
	speed: 0.0119s/iter; left time: 1240.0485s
	iters: 300, epoch: 1 | loss: 0.4529068
	speed: 0.0119s/iter; left time: 1243.1890s
	iters: 400, epoch: 1 | loss: 0.5918176
	speed: 0.0118s/iter; left time: 1231.8400s
	iters: 500, epoch: 1 | loss: 0.7891613
	speed: 0.0117s/iter; left time: 1218.4351s
	iters: 600, epoch: 1 | loss: 0.3715708
	speed: 0.0117s/iter; left time: 1221.9889s
	iters: 700, epoch: 1 | loss: 0.3292203
	speed: 0.0117s/iter; left time: 1219.7402s
	iters: 800, epoch: 1 | loss: 0.3707811
	speed: 0.0115s/iter; left time: 1197.6305s
	iters: 900, epoch: 1 | loss: 0.7072462
	speed: 0.0119s/iter; left time: 1233.4092s
	iters: 1000, epoch: 1 | loss: 0.5141999
	speed: 0.0117s/iter; left time: 1212.8659s
Epoch: 1 cost time: 12.5741286277771
Epoch: 1, Steps: 1048 | Train Loss: 0.5553028 Vali Loss: 0.2717563
Validation loss decreased (inf --> 0.271756).  Saving model ...
Updating learning rate to 0.0005
	iters: 100, epoch: 2 | loss: 0.7961260
	speed: 0.0344s/iter; left time: 3563.4302s
	iters: 200, epoch: 2 | loss: 0.4058172
	speed: 0.0119s/iter; left time: 1232.8526s
	iters: 300, epoch: 2 | loss: 0.6568968
	speed: 0.0119s/iter; left time: 1233.9285s
	iters: 400, epoch: 2 | loss: 1.1611248
	speed: 0.0118s/iter; left time: 1215.9701s
	iters: 500, epoch: 2 | loss: 0.4497531
	speed: 0.0117s/iter; left time: 1212.6860s
	iters: 600, epoch: 2 | loss: 0.3560455
	speed: 0.0118s/iter; left time: 1213.0167s
	iters: 700, epoch: 2 | loss: 0.6489986
	speed: 0.0118s/iter; left time: 1214.0098s
	iters: 800, epoch: 2 | loss: 0.5428377
	speed: 0.0118s/iter; left time: 1217.0784s
	iters: 900, epoch: 2 | loss: 0.6472989
	speed: 0.0119s/iter; left time: 1221.4701s
	iters: 1000, epoch: 2 | loss: 0.4447123
	speed: 0.0120s/iter; left time: 1235.9107s
Epoch: 2 cost time: 12.40779185295105
Epoch: 2, Steps: 1048 | Train Loss: 0.5177528 Vali Loss: 0.2746364
EarlyStopping counter: 1 out of 6
Updating learning rate to 0.00025
	iters: 100, epoch: 3 | loss: 0.3769486
	speed: 0.0338s/iter; left time: 3468.0083s
	iters: 200, epoch: 3 | loss: 0.7036352
	speed: 0.0120s/iter; left time: 1225.7436s
	iters: 300, epoch: 3 | loss: 0.3978918
	speed: 0.0123s/iter; left time: 1258.9999s
	iters: 400, epoch: 3 | loss: 0.4973244
	speed: 0.0119s/iter; left time: 1214.7833s
	iters: 500, epoch: 3 | loss: 0.4508355
	speed: 0.0119s/iter; left time: 1219.0708s
	iters: 600, epoch: 3 | loss: 0.6601553
	speed: 0.0119s/iter; left time: 1214.1968s
	iters: 700, epoch: 3 | loss: 0.4681084
	speed: 0.0119s/iter; left time: 1209.1286s
	iters: 800, epoch: 3 | loss: 0.4576912
	speed: 0.0117s/iter; left time: 1190.2822s
	iters: 900, epoch: 3 | loss: 0.5220734
	speed: 0.0116s/iter; left time: 1183.4287s
	iters: 1000, epoch: 3 | loss: 0.6071663
	speed: 0.0117s/iter; left time: 1188.6501s
Epoch: 3 cost time: 12.392497301101685
Epoch: 3, Steps: 1048 | Train Loss: 0.4989840 Vali Loss: 0.2746657
EarlyStopping counter: 2 out of 6
Updating learning rate to 0.000125
	iters: 100, epoch: 4 | loss: 0.4361850
	speed: 0.0344s/iter; left time: 3493.2848s
	iters: 200, epoch: 4 | loss: 0.3321873
	speed: 0.0119s/iter; left time: 1203.0530s
	iters: 300, epoch: 4 | loss: 0.4413297
	speed: 0.0117s/iter; left time: 1186.9393s
	iters: 400, epoch: 4 | loss: 0.2258135
	speed: 0.0123s/iter; left time: 1242.3597s
	iters: 500, epoch: 4 | loss: 0.2792587
	speed: 0.0125s/iter; left time: 1268.0802s
	iters: 600, epoch: 4 | loss: 0.3434646
	speed: 0.0121s/iter; left time: 1220.9714s
	iters: 700, epoch: 4 | loss: 0.6427627
	speed: 0.0121s/iter; left time: 1225.1830s
	iters: 800, epoch: 4 | loss: 0.5769681
	speed: 0.0127s/iter; left time: 1279.6219s
	iters: 900, epoch: 4 | loss: 0.5914377
	speed: 0.0121s/iter; left time: 1223.0353s
	iters: 1000, epoch: 4 | loss: 0.3914589
	speed: 0.0121s/iter; left time: 1221.4098s
Epoch: 4 cost time: 12.718734979629517
Epoch: 4, Steps: 1048 | Train Loss: 0.4862870 Vali Loss: 0.2731104
EarlyStopping counter: 3 out of 6
Updating learning rate to 6.25e-05
	iters: 100, epoch: 5 | loss: 0.3173807
	speed: 0.0361s/iter; left time: 3624.5582s
	iters: 200, epoch: 5 | loss: 0.2339839
	speed: 0.0124s/iter; left time: 1248.8014s
	iters: 300, epoch: 5 | loss: 0.3445429
	speed: 0.0119s/iter; left time: 1196.9440s
	iters: 400, epoch: 5 | loss: 0.4791843
	speed: 0.0123s/iter; left time: 1234.0174s
	iters: 500, epoch: 5 | loss: 0.4458287
	speed: 0.0121s/iter; left time: 1210.3365s
	iters: 600, epoch: 5 | loss: 0.6536725
	speed: 0.0119s/iter; left time: 1187.8422s
	iters: 700, epoch: 5 | loss: 0.5646607
	speed: 0.0124s/iter; left time: 1242.2260s
	iters: 800, epoch: 5 | loss: 0.3021486
	speed: 0.0118s/iter; left time: 1173.8358s
	iters: 900, epoch: 5 | loss: 0.3985330
	speed: 0.0116s/iter; left time: 1158.9932s
	iters: 1000, epoch: 5 | loss: 0.4385315
	speed: 0.0123s/iter; left time: 1230.0616s
Epoch: 5 cost time: 12.699206829071045
Epoch: 5, Steps: 1048 | Train Loss: 0.4794143 Vali Loss: 0.2767082
EarlyStopping counter: 4 out of 6
Updating learning rate to 3.125e-05
	iters: 100, epoch: 6 | loss: 0.4228260
	speed: 0.0353s/iter; left time: 3513.9142s
	iters: 200, epoch: 6 | loss: 0.4194458
	speed: 0.0120s/iter; left time: 1189.4099s
	iters: 300, epoch: 6 | loss: 0.3715061
	speed: 0.0119s/iter; left time: 1182.2965s
	iters: 400, epoch: 6 | loss: 0.4095297
	speed: 0.0118s/iter; left time: 1167.1243s
	iters: 500, epoch: 6 | loss: 0.2863348
	speed: 0.0118s/iter; left time: 1171.0268s
	iters: 600, epoch: 6 | loss: 0.3311380
	speed: 0.0119s/iter; left time: 1175.3662s
	iters: 700, epoch: 6 | loss: 0.6552756
	speed: 0.0119s/iter; left time: 1174.2372s
	iters: 800, epoch: 6 | loss: 0.6637279
	speed: 0.0116s/iter; left time: 1149.8498s
	iters: 900, epoch: 6 | loss: 0.5225457
	speed: 0.0118s/iter; left time: 1168.4556s
	iters: 1000, epoch: 6 | loss: 0.4051932
	speed: 0.0116s/iter; left time: 1146.2784s
Epoch: 6 cost time: 12.397841930389404
Epoch: 6, Steps: 1048 | Train Loss: 0.4759659 Vali Loss: 0.2765421
EarlyStopping counter: 5 out of 6
Updating learning rate to 1.5625e-05
	iters: 100, epoch: 7 | loss: 0.4813569
	speed: 0.0347s/iter; left time: 3418.8889s
	iters: 200, epoch: 7 | loss: 0.4709804
	speed: 0.0118s/iter; left time: 1158.9449s
	iters: 300, epoch: 7 | loss: 0.4506844
	speed: 0.0120s/iter; left time: 1182.9308s
	iters: 400, epoch: 7 | loss: 0.6581784
	speed: 0.0119s/iter; left time: 1166.0236s
	iters: 500, epoch: 7 | loss: 0.3409157
	speed: 0.0117s/iter; left time: 1148.6361s
	iters: 600, epoch: 7 | loss: 0.6277181
	speed: 0.0119s/iter; left time: 1163.7436s
	iters: 700, epoch: 7 | loss: 0.6688421
	speed: 0.0120s/iter; left time: 1172.5359s
	iters: 800, epoch: 7 | loss: 0.4103277
	speed: 0.0120s/iter; left time: 1168.2131s
	iters: 900, epoch: 7 | loss: 0.2757552
	speed: 0.0119s/iter; left time: 1164.0019s
	iters: 1000, epoch: 7 | loss: 0.4164830
	speed: 0.0120s/iter; left time: 1165.7155s
Epoch: 7 cost time: 12.506839513778687
Epoch: 7, Steps: 1048 | Train Loss: 0.4744581 Vali Loss: 0.2786580
EarlyStopping counter: 6 out of 6
Early stopping
VALIDATION_RESULT {"best_epoch": 1, "best_mae": 0.35967065975293433, "best_mse": 0.27175634145570965, "epochs_ran": 7, "metric_version": "element_weighted_v1"}
>>>>>>>test skipped (validation-only run)<<<<<<<<<<<<<<<<<<<<<<<<
Record: /home/cwh/Time-Series-Library/logs/timerole_ablation_multiseed/validation/ab3_ettm2_p720_gg_s2022.json

=== TimeRoleConcat | ETTm1 | H=96 | seed=2023 ===
Command: /home/cwh/Time-Series-Library/.venv/bin/python -u /home/cwh/Time-Series-Library/run.py --task_name long_term_forecast --is_training 1 --root_path /home/cwh/Time-Series-Library/dataset/ETT-small --data_path ETTm1.csv --model_id ETTm1_96_96_ab3_ettm1_p96_cat_s2023 --model TimeRoleConcat --seed 2023 --data ETTm1 --features M --target OT --seq_len 336 --label_len 48 --pred_len 96 --enc_in 7 --dec_in 7 --c_out 7 --patch_len 4 --stride 2 --d_model 64 --d_ff 128 --d_state 32 --d_conv 2 --e_layers 1 --expand 2 --mamba_version 1 --mamba_bidirectional 1 --use_graph 1 --use_time_mamba 1 --use_patch 1 --use_decomp 1 --moving_avg 25 --dual_scale_scan_mode independent_shared --periodic_period 24 --periodic_local_patch 0 --periodic_local_stride 0 --periodic_period_stride 12 --periodic_use_adapter 1 --graph_alpha 0.5 --graph_top_k 2 --graph_sample_size 2000 --graph_sample_method uniform --static_graph_mode weighted --graph_cache 0 --gc_graph_dim 16 --gc_temperature 1.0 --gc_residual_init 0.5 --gc_dynamic_graph 1 --gc_symmetric_graph 1 --gc_input_modulation 1 --gc_direction_fusion 1 --gc_parallel_residual 1 --af_hidden_dim 32 --af_rank 16 --af_mode variable_scale_residual --dropout 0.1 --batch_size 32 --learning_rate 0.0005 --lradj type1 --train_epochs 100 --patience 6 --num_workers 0 --gpu 0 --des ab3_ettm1_p96_cat_s2023 --itr 1 --test_after_train 0
Log: /home/cwh/Time-Series-Library/logs/timerole_ablation_multiseed/validation/ab3_ettm1_p96_cat_s2023.log
Using GPU
Args in experiment:
[1mBasic Config[0m
  Task Name:          long_term_forecast  Is Training:        1                   
  Model ID:           ETTm1_96_96_ab3_ettm1_p96_cat_s2023Model:              TimeRoleConcat      

[1mData Loader[0m
  Data:               ETTm1               Root Path:          /home/cwh/Time-Series-Library/dataset/ETT-small
  Data Path:          ETTm1.csv           Features:           M                   
  Target:             OT                  Freq:               h                   
  Checkpoints:        ./checkpoints/      

[1mForecasting Task[0m
  Seq Len:            336                 Label Len:          48                  
  Pred Len:           96                  Seasonal Patterns:  Monthly             
  Inverse:            0                   

[1mModel Parameters[0m
  Top k:              5                   Num Kernels:        6                   
  Enc In:             7                   Dec In:             7                   
  C Out:              7                   d model:            64                  
  n heads:            8                   e layers:           1                   
  d layers:           1                   d FF:               128                 
  Moving Avg:         25                  Factor:             1                   
  Distil:             1                   Dropout:            0.1                 
  Embed:              timeF               Activation:         gelu                

[1mRun Parameters[0m
  Num Workers:        0                   Itr:                1                   
  Train Epochs:       100                 Batch Size:         32                  
  Patience:           6                   Learning Rate:      0.0005              
  Des:                ab3_ettm1_p96_cat_s2023Loss:               MSE                 
  Lradj:              type1               Use Amp:            0                   

[1mGPU[0m
  Use GPU:            1                   GPU:                0                   
  Use Multi GPU:      0                   Devices:            0,1,2,3             

[1mDe-stationary Projector Params[0m
  P Hidden Dims:      128, 128            P Hidden Layers:    2                   

Use GPU: cuda:0
🚀 Lazy Loading: TimeRoleConcat ...
[GraphMamba] Building 7x7 static graph from 2000 training samples
>>>>>>>start training : long_term_forecast_ETTm1_96_96_ab3_ettm1_p96_cat_s2023_TimeRoleConcat_ETTm1_ftM_sl336_ll48_pl96_dm64_nh8_el1_dl1_df128_expand2_dc2_fc1_ebtimeF_dtTrue_ab3_ettm1_p96_cat_s2023_0>>>>>>>>>>>>>>>>>>>>>>>>>>
train 34129
val 11425
	iters: 100, epoch: 1 | loss: 0.3365130
	speed: 0.0132s/iter; left time: 1412.0877s
	iters: 200, epoch: 1 | loss: 0.3639580
	speed: 0.0113s/iter; left time: 1198.9523s
	iters: 300, epoch: 1 | loss: 0.2937805
	speed: 0.0114s/iter; left time: 1215.4903s
	iters: 400, epoch: 1 | loss: 0.2312418
	speed: 0.0115s/iter; left time: 1222.9774s
	iters: 500, epoch: 1 | loss: 0.2724799
	speed: 0.0115s/iter; left time: 1218.6378s
	iters: 600, epoch: 1 | loss: 0.3308470
	speed: 0.0115s/iter; left time: 1222.0075s
	iters: 700, epoch: 1 | loss: 0.3217694
	speed: 0.0116s/iter; left time: 1226.6472s
	iters: 800, epoch: 1 | loss: 0.2746771
	speed: 0.0113s/iter; left time: 1195.5306s
	iters: 900, epoch: 1 | loss: 0.2741588
	speed: 0.0113s/iter; left time: 1195.0633s
	iters: 1000, epoch: 1 | loss: 0.2144876
	speed: 0.0115s/iter; left time: 1213.2484s
Epoch: 1 cost time: 12.355444192886353
Epoch: 1, Steps: 1067 | Train Loss: 0.3255837 Vali Loss: 0.3827384
Validation loss decreased (inf --> 0.382738).  Saving model ...
Updating learning rate to 0.0005
	iters: 100, epoch: 2 | loss: 0.2897397
	speed: 0.0365s/iter; left time: 3848.4348s
	iters: 200, epoch: 2 | loss: 0.2544281
	speed: 0.0117s/iter; left time: 1238.8065s
	iters: 300, epoch: 2 | loss: 0.1987767
	speed: 0.0112s/iter; left time: 1179.5368s
	iters: 400, epoch: 2 | loss: 0.2067524
	speed: 0.0111s/iter; left time: 1167.7127s
	iters: 500, epoch: 2 | loss: 0.2159244
	speed: 0.0113s/iter; left time: 1188.8315s
	iters: 600, epoch: 2 | loss: 0.2632595
	speed: 0.0110s/iter; left time: 1156.3999s
	iters: 700, epoch: 2 | loss: 0.2352897
	speed: 0.0111s/iter; left time: 1163.1006s
	iters: 800, epoch: 2 | loss: 0.2880124
	speed: 0.0113s/iter; left time: 1189.3273s
	iters: 900, epoch: 2 | loss: 0.2300230
	speed: 0.0115s/iter; left time: 1200.8006s
	iters: 1000, epoch: 2 | loss: 0.2478636
	speed: 0.0113s/iter; left time: 1181.8442s
Epoch: 2 cost time: 12.088736534118652
Epoch: 2, Steps: 1067 | Train Loss: 0.2585975 Vali Loss: 0.3803891
Validation loss decreased (0.382738 --> 0.380389).  Saving model ...
Updating learning rate to 0.00025
	iters: 100, epoch: 3 | loss: 0.2464689
	speed: 0.0357s/iter; left time: 3734.1349s
	iters: 200, epoch: 3 | loss: 0.2453783
	speed: 0.0111s/iter; left time: 1162.3073s
	iters: 300, epoch: 3 | loss: 0.2449366
	speed: 0.0111s/iter; left time: 1154.1140s
	iters: 400, epoch: 3 | loss: 0.1967786
	speed: 0.0112s/iter; left time: 1161.5234s
	iters: 500, epoch: 3 | loss: 0.2284900
	speed: 0.0112s/iter; left time: 1166.8765s
	iters: 600, epoch: 3 | loss: 0.2476589
	speed: 0.0115s/iter; left time: 1190.8301s
	iters: 700, epoch: 3 | loss: 0.2586178
	speed: 0.0114s/iter; left time: 1179.6559s
	iters: 800, epoch: 3 | loss: 0.2382882
	speed: 0.0113s/iter; left time: 1168.6731s
	iters: 900, epoch: 3 | loss: 0.2433042
	speed: 0.0115s/iter; left time: 1187.8566s
	iters: 1000, epoch: 3 | loss: 0.2400875
	speed: 0.0112s/iter; left time: 1162.4368s
Epoch: 3 cost time: 12.048043727874756
Epoch: 3, Steps: 1067 | Train Loss: 0.2448118 Vali Loss: 0.3756514
Validation loss decreased (0.380389 --> 0.375651).  Saving model ...
Updating learning rate to 0.000125
	iters: 100, epoch: 4 | loss: 0.2451264
	speed: 0.0366s/iter; left time: 3788.9675s
	iters: 200, epoch: 4 | loss: 0.2565190
	speed: 0.0111s/iter; left time: 1149.2706s
	iters: 300, epoch: 4 | loss: 0.2189484
	speed: 0.0112s/iter; left time: 1153.8127s
	iters: 400, epoch: 4 | loss: 0.2707216
	speed: 0.0112s/iter; left time: 1150.0819s
	iters: 500, epoch: 4 | loss: 0.2061513
	speed: 0.0113s/iter; left time: 1160.7583s
	iters: 600, epoch: 4 | loss: 0.2471860
	speed: 0.0113s/iter; left time: 1161.9625s
	iters: 700, epoch: 4 | loss: 0.2355181
	speed: 0.0111s/iter; left time: 1139.4042s
	iters: 800, epoch: 4 | loss: 0.1988093
	speed: 0.0113s/iter; left time: 1163.1391s
	iters: 900, epoch: 4 | loss: 0.2358056
	speed: 0.0112s/iter; left time: 1152.3322s
	iters: 1000, epoch: 4 | loss: 0.2222533
	speed: 0.0111s/iter; left time: 1138.0749s
Epoch: 4 cost time: 11.940154075622559
Epoch: 4, Steps: 1067 | Train Loss: 0.2391652 Vali Loss: 0.3765702
EarlyStopping counter: 1 out of 6
Updating learning rate to 6.25e-05
	iters: 100, epoch: 5 | loss: 0.2270794
	speed: 0.0354s/iter; left time: 3621.9162s
	iters: 200, epoch: 5 | loss: 0.2596880
	speed: 0.0112s/iter; left time: 1141.6259s
	iters: 300, epoch: 5 | loss: 0.2030280
	speed: 0.0112s/iter; left time: 1147.6411s
	iters: 400, epoch: 5 | loss: 0.2203798
	speed: 0.0110s/iter; left time: 1126.9419s
	iters: 500, epoch: 5 | loss: 0.2127730
	speed: 0.0111s/iter; left time: 1134.0192s
	iters: 600, epoch: 5 | loss: 0.2139168
	speed: 0.0114s/iter; left time: 1165.9458s
	iters: 700, epoch: 5 | loss: 0.2515160
	speed: 0.0112s/iter; left time: 1140.5674s
	iters: 800, epoch: 5 | loss: 0.2343889
	speed: 0.0114s/iter; left time: 1163.3872s
	iters: 900, epoch: 5 | loss: 0.1854843
	speed: 0.0113s/iter; left time: 1145.6263s
	iters: 1000, epoch: 5 | loss: 0.2605656
	speed: 0.0115s/iter; left time: 1166.6271s
Epoch: 5 cost time: 12.04118013381958
Epoch: 5, Steps: 1067 | Train Loss: 0.2360125 Vali Loss: 0.3791493
EarlyStopping counter: 2 out of 6
Updating learning rate to 3.125e-05
	iters: 100, epoch: 6 | loss: 0.2007629
	speed: 0.0355s/iter; left time: 3596.8175s
	iters: 200, epoch: 6 | loss: 0.2000442
	speed: 0.0112s/iter; left time: 1134.1090s
	iters: 300, epoch: 6 | loss: 0.2149315
	speed: 0.0114s/iter; left time: 1155.9081s
	iters: 400, epoch: 6 | loss: 0.2068613
	speed: 0.0115s/iter; left time: 1165.9736s
	iters: 500, epoch: 6 | loss: 0.2048070
	speed: 0.0111s/iter; left time: 1115.3451s
	iters: 600, epoch: 6 | loss: 0.2158860
	speed: 0.0111s/iter; left time: 1115.1710s
	iters: 700, epoch: 6 | loss: 0.2465317
	speed: 0.0114s/iter; left time: 1151.2735s
	iters: 800, epoch: 6 | loss: 0.2208832
	speed: 0.0114s/iter; left time: 1144.0831s
	iters: 900, epoch: 6 | loss: 0.2769933
	speed: 0.0115s/iter; left time: 1157.0792s
	iters: 1000, epoch: 6 | loss: 0.1955791
	speed: 0.0114s/iter; left time: 1141.9074s
Epoch: 6 cost time: 12.112624883651733
Epoch: 6, Steps: 1067 | Train Loss: 0.2341189 Vali Loss: 0.3777081
EarlyStopping counter: 3 out of 6
Updating learning rate to 1.5625e-05
	iters: 100, epoch: 7 | loss: 0.2215196
	speed: 0.0365s/iter; left time: 3654.0362s
	iters: 200, epoch: 7 | loss: 0.2652946
	speed: 0.0117s/iter; left time: 1170.2214s
	iters: 300, epoch: 7 | loss: 0.2035541
	speed: 0.0116s/iter; left time: 1161.6755s
	iters: 400, epoch: 7 | loss: 0.2574022
	speed: 0.0114s/iter; left time: 1138.7391s
	iters: 500, epoch: 7 | loss: 0.2813198
	speed: 0.0111s/iter; left time: 1106.3193s
	iters: 600, epoch: 7 | loss: 0.2869178
	speed: 0.0110s/iter; left time: 1097.1738s
	iters: 700, epoch: 7 | loss: 0.2125636
	speed: 0.0112s/iter; left time: 1117.0885s
	iters: 800, epoch: 7 | loss: 0.2705590
	speed: 0.0114s/iter; left time: 1138.8655s
	iters: 900, epoch: 7 | loss: 0.2508284
	speed: 0.0117s/iter; left time: 1163.1783s
	iters: 1000, epoch: 7 | loss: 0.2028232
	speed: 0.0113s/iter; left time: 1121.0246s
Epoch: 7 cost time: 12.140340328216553
Epoch: 7, Steps: 1067 | Train Loss: 0.2331182 Vali Loss: 0.3772060
EarlyStopping counter: 4 out of 6
Updating learning rate to 7.8125e-06
	iters: 100, epoch: 8 | loss: 0.2082679
	speed: 0.0358s/iter; left time: 3548.2089s
	iters: 200, epoch: 8 | loss: 0.1991713
	speed: 0.0112s/iter; left time: 1106.8973s
	iters: 300, epoch: 8 | loss: 0.2699477
	speed: 0.0112s/iter; left time: 1108.1881s
	iters: 400, epoch: 8 | loss: 0.2255712
	speed: 0.0112s/iter; left time: 1104.9863s
	iters: 500, epoch: 8 | loss: 0.2437883
	speed: 0.0110s/iter; left time: 1084.3721s
	iters: 600, epoch: 8 | loss: 0.2373769
	speed: 0.0112s/iter; left time: 1106.7006s
	iters: 700, epoch: 8 | loss: 0.2811072
	speed: 0.0112s/iter; left time: 1103.8432s
	iters: 800, epoch: 8 | loss: 0.2782049
	speed: 0.0111s/iter; left time: 1089.7902s
	iters: 900, epoch: 8 | loss: 0.2354531
	speed: 0.0113s/iter; left time: 1111.6171s
	iters: 1000, epoch: 8 | loss: 0.2141205
	speed: 0.0111s/iter; left time: 1085.7283s
Epoch: 8 cost time: 11.943507194519043
Epoch: 8, Steps: 1067 | Train Loss: 0.2325770 Vali Loss: 0.3775580
EarlyStopping counter: 5 out of 6
Updating learning rate to 3.90625e-06
	iters: 100, epoch: 9 | loss: 0.2574712
	speed: 0.0355s/iter; left time: 3478.2245s
	iters: 200, epoch: 9 | loss: 0.2142533
	speed: 0.0113s/iter; left time: 1110.5126s
	iters: 300, epoch: 9 | loss: 0.2511408
	speed: 0.0114s/iter; left time: 1114.4814s
	iters: 400, epoch: 9 | loss: 0.2214765
	speed: 0.0114s/iter; left time: 1115.5371s
	iters: 500, epoch: 9 | loss: 0.2297683
	speed: 0.0113s/iter; left time: 1105.4446s
	iters: 600, epoch: 9 | loss: 0.2031868
	speed: 0.0113s/iter; left time: 1102.0540s
	iters: 700, epoch: 9 | loss: 0.2315214
	speed: 0.0112s/iter; left time: 1086.9671s
	iters: 800, epoch: 9 | loss: 0.2316626
	speed: 0.0110s/iter; left time: 1075.5741s
	iters: 900, epoch: 9 | loss: 0.2177349
	speed: 0.0112s/iter; left time: 1093.9003s
	iters: 1000, epoch: 9 | loss: 0.2157618
	speed: 0.0111s/iter; left time: 1077.0680s
Epoch: 9 cost time: 12.013936519622803
Epoch: 9, Steps: 1067 | Train Loss: 0.2322014 Vali Loss: 0.3777413
EarlyStopping counter: 6 out of 6
Early stopping
VALIDATION_RESULT {"best_epoch": 3, "best_mae": 0.40606082107768127, "best_mse": 0.3756513672892571, "epochs_ran": 9, "metric_version": "element_weighted_v1"}
>>>>>>>test skipped (validation-only run)<<<<<<<<<<<<<<<<<<<<<<<<
Record: /home/cwh/Time-Series-Library/logs/timerole_ablation_multiseed/validation/ab3_ettm1_p96_cat_s2023.json

=== TimeRoleNoDiff | ETTm1 | H=96 | seed=2023 ===
Command: /home/cwh/Time-Series-Library/.venv/bin/python -u /home/cwh/Time-Series-Library/run.py --task_name long_term_forecast --is_training 1 --root_path /home/cwh/Time-Series-Library/dataset/ETT-small --data_path ETTm1.csv --model_id ETTm1_96_96_ab3_ettm1_p96_nd_s2023 --model TimeRoleNoDiff --seed 2023 --data ETTm1 --features M --target OT --seq_len 336 --label_len 48 --pred_len 96 --enc_in 7 --dec_in 7 --c_out 7 --patch_len 4 --stride 2 --d_model 64 --d_ff 128 --d_state 32 --d_conv 2 --e_layers 1 --expand 2 --mamba_version 1 --mamba_bidirectional 1 --use_graph 1 --use_time_mamba 1 --use_patch 1 --use_decomp 1 --moving_avg 25 --dual_scale_scan_mode independent_shared --periodic_period 24 --periodic_local_patch 0 --periodic_local_stride 0 --periodic_period_stride 12 --periodic_use_adapter 1 --graph_alpha 0.5 --graph_top_k 2 --graph_sample_size 2000 --graph_sample_method uniform --static_graph_mode weighted --graph_cache 0 --gc_graph_dim 16 --gc_temperature 1.0 --gc_residual_init 0.5 --gc_dynamic_graph 1 --gc_symmetric_graph 1 --gc_input_modulation 1 --gc_direction_fusion 1 --gc_parallel_residual 1 --af_hidden_dim 32 --af_rank 16 --af_mode variable_scale_residual --dropout 0.1 --batch_size 32 --learning_rate 0.0005 --lradj type1 --train_epochs 100 --patience 6 --num_workers 0 --gpu 0 --des ab3_ettm1_p96_nd_s2023 --itr 1 --test_after_train 0
Log: /home/cwh/Time-Series-Library/logs/timerole_ablation_multiseed/validation/ab3_ettm1_p96_nd_s2023.log
Using GPU
Args in experiment:
[1mBasic Config[0m
  Task Name:          long_term_forecast  Is Training:        1                   
  Model ID:           ETTm1_96_96_ab3_ettm1_p96_nd_s2023Model:              TimeRoleNoDiff      

[1mData Loader[0m
  Data:               ETTm1               Root Path:          /home/cwh/Time-Series-Library/dataset/ETT-small
  Data Path:          ETTm1.csv           Features:           M                   
  Target:             OT                  Freq:               h                   
  Checkpoints:        ./checkpoints/      

[1mForecasting Task[0m
  Seq Len:            336                 Label Len:          48                  
  Pred Len:           96                  Seasonal Patterns:  Monthly             
  Inverse:            0                   

[1mModel Parameters[0m
  Top k:              5                   Num Kernels:        6                   
  Enc In:             7                   Dec In:             7                   
  C Out:              7                   d model:            64                  
  n heads:            8                   e layers:           1                   
  d layers:           1                   d FF:               128                 
  Moving Avg:         25                  Factor:             1                   
  Distil:             1                   Dropout:            0.1                 
  Embed:              timeF               Activation:         gelu                

[1mRun Parameters[0m
  Num Workers:        0                   Itr:                1                   
  Train Epochs:       100                 Batch Size:         32                  
  Patience:           6                   Learning Rate:      0.0005              
  Des:                ab3_ettm1_p96_nd_s2023Loss:               MSE                 
  Lradj:              type1               Use Amp:            0                   

[1mGPU[0m
  Use GPU:            1                   GPU:                0                   
  Use Multi GPU:      0                   Devices:            0,1,2,3             

[1mDe-stationary Projector Params[0m
  P Hidden Dims:      128, 128            P Hidden Layers:    2                   

Use GPU: cuda:0
🚀 Lazy Loading: TimeRoleNoDiff ...
[GraphMamba] Building 7x7 static graph from 2000 training samples
>>>>>>>start training : long_term_forecast_ETTm1_96_96_ab3_ettm1_p96_nd_s2023_TimeRoleNoDiff_ETTm1_ftM_sl336_ll48_pl96_dm64_nh8_el1_dl1_df128_expand2_dc2_fc1_ebtimeF_dtTrue_ab3_ettm1_p96_nd_s2023_0>>>>>>>>>>>>>>>>>>>>>>>>>>
train 34129
val 11425
	iters: 100, epoch: 1 | loss: 0.3339916
	speed: 0.0132s/iter; left time: 1410.8804s
	iters: 200, epoch: 1 | loss: 0.3627034
	speed: 0.0109s/iter; left time: 1161.1310s
	iters: 300, epoch: 1 | loss: 0.3003570
	speed: 0.0108s/iter; left time: 1150.7117s
	iters: 400, epoch: 1 | loss: 0.2327239
	speed: 0.0109s/iter; left time: 1158.3959s
	iters: 500, epoch: 1 | loss: 0.2712539
	speed: 0.0110s/iter; left time: 1172.2510s
	iters: 600, epoch: 1 | loss: 0.3391647
	speed: 0.0112s/iter; left time: 1186.6868s
	iters: 700, epoch: 1 | loss: 0.3303390
	speed: 0.0109s/iter; left time: 1156.9125s
	iters: 800, epoch: 1 | loss: 0.2631597
	speed: 0.0114s/iter; left time: 1203.3259s
	iters: 900, epoch: 1 | loss: 0.2955637
	speed: 0.0107s/iter; left time: 1135.0653s
	iters: 1000, epoch: 1 | loss: 0.2253359
	speed: 0.0110s/iter; left time: 1157.6513s
Epoch: 1 cost time: 11.954182386398315
Epoch: 1, Steps: 1067 | Train Loss: 0.3290540 Vali Loss: 0.4007899
Validation loss decreased (inf --> 0.400790).  Saving model ...
Updating learning rate to 0.0005
	iters: 100, epoch: 2 | loss: 0.2733155
	speed: 0.0352s/iter; left time: 3714.8982s
	iters: 200, epoch: 2 | loss: 0.2633324
	speed: 0.0112s/iter; left time: 1175.9340s
	iters: 300, epoch: 2 | loss: 0.2057997
	speed: 0.0110s/iter; left time: 1156.3469s
	iters: 400, epoch: 2 | loss: 0.2012335
	speed: 0.0109s/iter; left time: 1151.2947s
	iters: 500, epoch: 2 | loss: 0.2388662
	speed: 0.0112s/iter; left time: 1174.4263s
	iters: 600, epoch: 2 | loss: 0.2620471
	speed: 0.0110s/iter; left time: 1150.5430s
	iters: 700, epoch: 2 | loss: 0.2405329
	speed: 0.0111s/iter; left time: 1169.1342s
	iters: 800, epoch: 2 | loss: 0.2883880
	speed: 0.0111s/iter; left time: 1159.9146s
	iters: 900, epoch: 2 | loss: 0.2562553
	speed: 0.0111s/iter; left time: 1164.4658s
	iters: 1000, epoch: 2 | loss: 0.2514664
	speed: 0.0114s/iter; left time: 1188.9355s
Epoch: 2 cost time: 11.853150367736816
Epoch: 2, Steps: 1067 | Train Loss: 0.2681877 Vali Loss: 0.3848139
Validation loss decreased (0.400790 --> 0.384814).  Saving model ...
Updating learning rate to 0.00025
	iters: 100, epoch: 3 | loss: 0.2607908
	speed: 0.0350s/iter; left time: 3657.9966s
	iters: 200, epoch: 3 | loss: 0.2602411
	speed: 0.0109s/iter; left time: 1139.0086s
	iters: 300, epoch: 3 | loss: 0.2442597
	speed: 0.0109s/iter; left time: 1133.0963s
	iters: 400, epoch: 3 | loss: 0.1942491
	speed: 0.0110s/iter; left time: 1146.9004s
	iters: 500, epoch: 3 | loss: 0.2415367
	speed: 0.0112s/iter; left time: 1160.6212s
	iters: 600, epoch: 3 | loss: 0.2475969
	speed: 0.0111s/iter; left time: 1159.1161s
	iters: 700, epoch: 3 | loss: 0.2561918
	speed: 0.0112s/iter; left time: 1168.4238s
	iters: 800, epoch: 3 | loss: 0.2452706
	speed: 0.0110s/iter; left time: 1136.5500s
	iters: 900, epoch: 3 | loss: 0.2536723
	speed: 0.0110s/iter; left time: 1140.4909s
	iters: 1000, epoch: 3 | loss: 0.2403133
	speed: 0.0109s/iter; left time: 1125.7961s
Epoch: 3 cost time: 11.76889681816101
Epoch: 3, Steps: 1067 | Train Loss: 0.2498849 Vali Loss: 0.3774437
Validation loss decreased (0.384814 --> 0.377444).  Saving model ...
Updating learning rate to 0.000125
	iters: 100, epoch: 4 | loss: 0.2399038
	speed: 0.0343s/iter; left time: 3543.6615s
	iters: 200, epoch: 4 | loss: 0.2581445
	speed: 0.0112s/iter; left time: 1156.9710s
	iters: 300, epoch: 4 | loss: 0.2212519
	speed: 0.0112s/iter; left time: 1151.7141s
	iters: 400, epoch: 4 | loss: 0.2796001
	speed: 0.0112s/iter; left time: 1155.0797s
	iters: 500, epoch: 4 | loss: 0.2088425
	speed: 0.0108s/iter; left time: 1114.3584s
	iters: 600, epoch: 4 | loss: 0.2520199
	speed: 0.0111s/iter; left time: 1138.5447s
	iters: 700, epoch: 4 | loss: 0.2438906
	speed: 0.0107s/iter; left time: 1104.2055s
	iters: 800, epoch: 4 | loss: 0.2046737
	speed: 0.0109s/iter; left time: 1123.4284s
	iters: 900, epoch: 4 | loss: 0.2435388
	speed: 0.0111s/iter; left time: 1141.0915s
	iters: 1000, epoch: 4 | loss: 0.2310402
	speed: 0.0114s/iter; left time: 1168.3835s
Epoch: 4 cost time: 11.818856477737427
Epoch: 4, Steps: 1067 | Train Loss: 0.2426516 Vali Loss: 0.3771230
Validation loss decreased (0.377444 --> 0.377123).  Saving model ...
Updating learning rate to 6.25e-05
	iters: 100, epoch: 5 | loss: 0.2340163
	speed: 0.0349s/iter; left time: 3572.2205s
	iters: 200, epoch: 5 | loss: 0.2603090
	speed: 0.0116s/iter; left time: 1189.1044s
	iters: 300, epoch: 5 | loss: 0.2065585
	speed: 0.0112s/iter; left time: 1143.4707s
	iters: 400, epoch: 5 | loss: 0.2226257
	speed: 0.0112s/iter; left time: 1146.5700s
	iters: 500, epoch: 5 | loss: 0.2126841
	speed: 0.0111s/iter; left time: 1126.6054s
	iters: 600, epoch: 5 | loss: 0.2134383
	speed: 0.0113s/iter; left time: 1154.5435s
	iters: 700, epoch: 5 | loss: 0.2556709
	speed: 0.0109s/iter; left time: 1108.2818s
	iters: 800, epoch: 5 | loss: 0.2414095
	speed: 0.0113s/iter; left time: 1147.3709s
	iters: 900, epoch: 5 | loss: 0.1874865
	speed: 0.0113s/iter; left time: 1146.6229s
	iters: 1000, epoch: 5 | loss: 0.2643825
	speed: 0.0112s/iter; left time: 1137.0296s
Epoch: 5 cost time: 11.991142511367798
Epoch: 5, Steps: 1067 | Train Loss: 0.2387424 Vali Loss: 0.3781314
EarlyStopping counter: 1 out of 6
Updating learning rate to 3.125e-05
	iters: 100, epoch: 6 | loss: 0.2066682
	speed: 0.0368s/iter; left time: 3723.2213s
	iters: 200, epoch: 6 | loss: 0.1996119
	speed: 0.0114s/iter; left time: 1148.9309s
	iters: 300, epoch: 6 | loss: 0.2226730
	speed: 0.0115s/iter; left time: 1166.1128s
	iters: 400, epoch: 6 | loss: 0.2121747
	speed: 0.0117s/iter; left time: 1185.7766s
	iters: 500, epoch: 6 | loss: 0.2083645
	speed: 0.0111s/iter; left time: 1120.3662s
	iters: 600, epoch: 6 | loss: 0.2128573
	speed: 0.0112s/iter; left time: 1131.1547s
	iters: 700, epoch: 6 | loss: 0.2366383
	speed: 0.0109s/iter; left time: 1095.6169s
	iters: 800, epoch: 6 | loss: 0.2221109
	speed: 0.0111s/iter; left time: 1114.5590s
	iters: 900, epoch: 6 | loss: 0.2737223
	speed: 0.0111s/iter; left time: 1111.3101s
	iters: 1000, epoch: 6 | loss: 0.1924770
	speed: 0.0114s/iter; left time: 1142.0773s
Epoch: 6 cost time: 12.083633422851562
Epoch: 6, Steps: 1067 | Train Loss: 0.2366213 Vali Loss: 0.3789507
EarlyStopping counter: 2 out of 6
Updating learning rate to 1.5625e-05
	iters: 100, epoch: 7 | loss: 0.2207732
	speed: 0.0346s/iter; left time: 3463.2299s
	iters: 200, epoch: 7 | loss: 0.2771561
	speed: 0.0114s/iter; left time: 1137.8066s
	iters: 300, epoch: 7 | loss: 0.2093393
	speed: 0.0110s/iter; left time: 1104.1908s
	iters: 400, epoch: 7 | loss: 0.2611425
	speed: 0.0113s/iter; left time: 1131.0667s
	iters: 500, epoch: 7 | loss: 0.2873839
	speed: 0.0113s/iter; left time: 1132.3063s
	iters: 600, epoch: 7 | loss: 0.2828760
	speed: 0.0112s/iter; left time: 1111.8749s
	iters: 700, epoch: 7 | loss: 0.2235865
	speed: 0.0112s/iter; left time: 1114.8877s
	iters: 800, epoch: 7 | loss: 0.2726714
	speed: 0.0109s/iter; left time: 1085.0239s
	iters: 900, epoch: 7 | loss: 0.2565976
	speed: 0.0111s/iter; left time: 1106.5897s
	iters: 1000, epoch: 7 | loss: 0.2099798
	speed: 0.0110s/iter; left time: 1093.0673s
Epoch: 7 cost time: 11.930665254592896
Epoch: 7, Steps: 1067 | Train Loss: 0.2354837 Vali Loss: 0.3775009
EarlyStopping counter: 3 out of 6
Updating learning rate to 7.8125e-06
	iters: 100, epoch: 8 | loss: 0.2098181
	speed: 0.0355s/iter; left time: 3515.8033s
	iters: 200, epoch: 8 | loss: 0.1966934
	speed: 0.0112s/iter; left time: 1110.3216s
	iters: 300, epoch: 8 | loss: 0.2700976
	speed: 0.0113s/iter; left time: 1117.6326s
	iters: 400, epoch: 8 | loss: 0.2201399
	speed: 0.0111s/iter; left time: 1094.1773s
	iters: 500, epoch: 8 | loss: 0.2505743
	speed: 0.0110s/iter; left time: 1090.9613s
	iters: 600, epoch: 8 | loss: 0.2416835
	speed: 0.0112s/iter; left time: 1103.9674s
	iters: 700, epoch: 8 | loss: 0.2829174
	speed: 0.0111s/iter; left time: 1094.9154s
	iters: 800, epoch: 8 | loss: 0.2797264
	speed: 0.0110s/iter; left time: 1086.2871s
	iters: 900, epoch: 8 | loss: 0.2403046
	speed: 0.0109s/iter; left time: 1069.1674s
	iters: 1000, epoch: 8 | loss: 0.2208707
	speed: 0.0111s/iter; left time: 1086.0473s
Epoch: 8 cost time: 11.848080396652222
Epoch: 8, Steps: 1067 | Train Loss: 0.2348720 Vali Loss: 0.3776889
EarlyStopping counter: 4 out of 6
Updating learning rate to 3.90625e-06
	iters: 100, epoch: 9 | loss: 0.2582774
	speed: 0.0349s/iter; left time: 3426.4467s
	iters: 200, epoch: 9 | loss: 0.2063637
	speed: 0.0113s/iter; left time: 1109.5028s
	iters: 300, epoch: 9 | loss: 0.2467580
	speed: 0.0115s/iter; left time: 1121.9012s
	iters: 400, epoch: 9 | loss: 0.2181868
	speed: 0.0110s/iter; left time: 1079.1401s
	iters: 500, epoch: 9 | loss: 0.2292259
	speed: 0.0113s/iter; left time: 1105.2332s
	iters: 600, epoch: 9 | loss: 0.2063380
	speed: 0.0112s/iter; left time: 1091.0231s
	iters: 700, epoch: 9 | loss: 0.2380774
	speed: 0.0114s/iter; left time: 1113.7855s
	iters: 800, epoch: 9 | loss: 0.2206278
	speed: 0.0113s/iter; left time: 1095.8115s
	iters: 900, epoch: 9 | loss: 0.2237058
	speed: 0.0112s/iter; left time: 1092.0285s
	iters: 1000, epoch: 9 | loss: 0.2158496
	speed: 0.0114s/iter; left time: 1111.2218s
Epoch: 9 cost time: 12.052639961242676
Epoch: 9, Steps: 1067 | Train Loss: 0.2344380 Vali Loss: 0.3777845
EarlyStopping counter: 5 out of 6
Updating learning rate to 1.953125e-06
	iters: 100, epoch: 10 | loss: 0.2381929
	speed: 0.0359s/iter; left time: 3486.9817s
	iters: 200, epoch: 10 | loss: 0.2476778
	speed: 0.0111s/iter; left time: 1077.8876s
	iters: 300, epoch: 10 | loss: 0.2270764
	speed: 0.0109s/iter; left time: 1054.9296s
	iters: 400, epoch: 10 | loss: 0.2405899
	speed: 0.0111s/iter; left time: 1074.3593s
	iters: 500, epoch: 10 | loss: 0.1606242
	speed: 0.0114s/iter; left time: 1102.1346s
	iters: 600, epoch: 10 | loss: 0.2371158
	speed: 0.0109s/iter; left time: 1055.3783s
	iters: 700, epoch: 10 | loss: 0.2357731
	speed: 0.0110s/iter; left time: 1059.1281s
	iters: 800, epoch: 10 | loss: 0.1869122
	speed: 0.0111s/iter; left time: 1072.8177s
	iters: 900, epoch: 10 | loss: 0.2171881
	speed: 0.0112s/iter; left time: 1077.6487s
	iters: 1000, epoch: 10 | loss: 0.2177757
	speed: 0.0110s/iter; left time: 1059.9160s
Epoch: 10 cost time: 11.895848751068115
Epoch: 10, Steps: 1067 | Train Loss: 0.2342770 Vali Loss: 0.3778375
EarlyStopping counter: 6 out of 6
Early stopping
VALIDATION_RESULT {"best_epoch": 4, "best_mae": 0.4073617009390167, "best_mse": 0.3771230171456416, "epochs_ran": 10, "metric_version": "element_weighted_v1"}
>>>>>>>test skipped (validation-only run)<<<<<<<<<<<<<<<<<<<<<<<<
Record: /home/cwh/Time-Series-Library/logs/timerole_ablation_multiseed/validation/ab3_ettm1_p96_nd_s2023.json

=== TimeRoleGlobalGate | ETTm1 | H=96 | seed=2023 ===
Command: /home/cwh/Time-Series-Library/.venv/bin/python -u /home/cwh/Time-Series-Library/run.py --task_name long_term_forecast --is_training 1 --root_path /home/cwh/Time-Series-Library/dataset/ETT-small --data_path ETTm1.csv --model_id ETTm1_96_96_ab3_ettm1_p96_gg_s2023 --model TimeRoleGlobalGate --seed 2023 --data ETTm1 --features M --target OT --seq_len 336 --label_len 48 --pred_len 96 --enc_in 7 --dec_in 7 --c_out 7 --patch_len 4 --stride 2 --d_model 64 --d_ff 128 --d_state 32 --d_conv 2 --e_layers 1 --expand 2 --mamba_version 1 --mamba_bidirectional 1 --use_graph 1 --use_time_mamba 1 --use_patch 1 --use_decomp 1 --moving_avg 25 --dual_scale_scan_mode independent_shared --periodic_period 24 --periodic_local_patch 0 --periodic_local_stride 0 --periodic_period_stride 12 --periodic_use_adapter 1 --graph_alpha 0.5 --graph_top_k 2 --graph_sample_size 2000 --graph_sample_method uniform --static_graph_mode weighted --graph_cache 0 --gc_graph_dim 16 --gc_temperature 1.0 --gc_residual_init 0.5 --gc_dynamic_graph 1 --gc_symmetric_graph 1 --gc_input_modulation 1 --gc_direction_fusion 1 --gc_parallel_residual 1 --af_hidden_dim 32 --af_rank 16 --af_mode variable_scale_residual --dropout 0.1 --batch_size 32 --learning_rate 0.0005 --lradj type1 --train_epochs 100 --patience 6 --num_workers 0 --gpu 0 --des ab3_ettm1_p96_gg_s2023 --itr 1 --test_after_train 0
Log: /home/cwh/Time-Series-Library/logs/timerole_ablation_multiseed/validation/ab3_ettm1_p96_gg_s2023.log
Using GPU
Args in experiment:
[1mBasic Config[0m
  Task Name:          long_term_forecast  Is Training:        1                   
  Model ID:           ETTm1_96_96_ab3_ettm1_p96_gg_s2023Model:              TimeRoleGlobalGate  

[1mData Loader[0m
  Data:               ETTm1               Root Path:          /home/cwh/Time-Series-Library/dataset/ETT-small
  Data Path:          ETTm1.csv           Features:           M                   
  Target:             OT                  Freq:               h                   
  Checkpoints:        ./checkpoints/      

[1mForecasting Task[0m
  Seq Len:            336                 Label Len:          48                  
  Pred Len:           96                  Seasonal Patterns:  Monthly             
  Inverse:            0                   

[1mModel Parameters[0m
  Top k:              5                   Num Kernels:        6                   
  Enc In:             7                   Dec In:             7                   
  C Out:              7                   d model:            64                  
  n heads:            8                   e layers:           1                   
  d layers:           1                   d FF:               128                 
  Moving Avg:         25                  Factor:             1                   
  Distil:             1                   Dropout:            0.1                 
  Embed:              timeF               Activation:         gelu                

[1mRun Parameters[0m
  Num Workers:        0                   Itr:                1                   
  Train Epochs:       100                 Batch Size:         32                  
  Patience:           6                   Learning Rate:      0.0005              
  Des:                ab3_ettm1_p96_gg_s2023Loss:               MSE                 
  Lradj:              type1               Use Amp:            0                   

[1mGPU[0m
  Use GPU:            1                   GPU:                0                   
  Use Multi GPU:      0                   Devices:            0,1,2,3             

[1mDe-stationary Projector Params[0m
  P Hidden Dims:      128, 128            P Hidden Layers:    2                   

Use GPU: cuda:0
🚀 Lazy Loading: TimeRoleGlobalGate ...
[GraphMamba] Building 7x7 static graph from 2000 training samples
>>>>>>>start training : long_term_forecast_ETTm1_96_96_ab3_ettm1_p96_gg_s2023_TimeRoleGlobalGate_ETTm1_ftM_sl336_ll48_pl96_dm64_nh8_el1_dl1_df128_expand2_dc2_fc1_ebtimeF_dtTrue_ab3_ettm1_p96_gg_s2023_0>>>>>>>>>>>>>>>>>>>>>>>>>>
train 34129
val 11425
	iters: 100, epoch: 1 | loss: 0.3362200
	speed: 0.0161s/iter; left time: 1714.5925s
	iters: 200, epoch: 1 | loss: 0.3563207
	speed: 0.0129s/iter; left time: 1379.1355s
	iters: 300, epoch: 1 | loss: 0.2857254
	speed: 0.0121s/iter; left time: 1285.8240s
	iters: 400, epoch: 1 | loss: 0.2471995
	speed: 0.0113s/iter; left time: 1203.4639s
	iters: 500, epoch: 1 | loss: 0.2409601
	speed: 0.0112s/iter; left time: 1187.5840s
	iters: 600, epoch: 1 | loss: 0.3114061
	speed: 0.0114s/iter; left time: 1214.5096s
	iters: 700, epoch: 1 | loss: 0.2990469
	speed: 0.0111s/iter; left time: 1180.9607s
	iters: 800, epoch: 1 | loss: 0.2428634
	speed: 0.0114s/iter; left time: 1212.3624s
	iters: 900, epoch: 1 | loss: 0.2702292
	speed: 0.0113s/iter; left time: 1200.3199s
	iters: 1000, epoch: 1 | loss: 0.1942725
	speed: 0.0111s/iter; left time: 1177.4306s
Epoch: 1 cost time: 12.792147636413574
Epoch: 1, Steps: 1067 | Train Loss: 0.3147028 Vali Loss: 0.3855746
Validation loss decreased (inf --> 0.385575).  Saving model ...
Updating learning rate to 0.0005
	iters: 100, epoch: 2 | loss: 0.2772821
	speed: 0.0355s/iter; left time: 3751.4973s
	iters: 200, epoch: 2 | loss: 0.2467804
	speed: 0.0114s/iter; left time: 1205.2973s
	iters: 300, epoch: 2 | loss: 0.1897005
	speed: 0.0114s/iter; left time: 1202.8738s
	iters: 400, epoch: 2 | loss: 0.2083495
	speed: 0.0113s/iter; left time: 1191.1447s
	iters: 500, epoch: 2 | loss: 0.2170985
	speed: 0.0112s/iter; left time: 1181.5411s
	iters: 600, epoch: 2 | loss: 0.2671725
	speed: 0.0113s/iter; left time: 1189.0895s
	iters: 700, epoch: 2 | loss: 0.2371487
	speed: 0.0111s/iter; left time: 1164.7343s
	iters: 800, epoch: 2 | loss: 0.2891008
	speed: 0.0111s/iter; left time: 1163.7670s
	iters: 900, epoch: 2 | loss: 0.2371484
	speed: 0.0114s/iter; left time: 1194.8190s
	iters: 1000, epoch: 2 | loss: 0.2394657
	speed: 0.0112s/iter; left time: 1167.9252s
Epoch: 2 cost time: 12.019133806228638
Epoch: 2, Steps: 1067 | Train Loss: 0.2561297 Vali Loss: 0.3722518
Validation loss decreased (0.385575 --> 0.372252).  Saving model ...
Updating learning rate to 0.00025
	iters: 100, epoch: 3 | loss: 0.2446120
	speed: 0.0358s/iter; left time: 3737.4378s
	iters: 200, epoch: 3 | loss: 0.2560232
	speed: 0.0112s/iter; left time: 1173.5136s
	iters: 300, epoch: 3 | loss: 0.2424061
	speed: 0.0113s/iter; left time: 1182.6305s
	iters: 400, epoch: 3 | loss: 0.1934107
	speed: 0.0112s/iter; left time: 1164.6301s
	iters: 500, epoch: 3 | loss: 0.2361182
	speed: 0.0111s/iter; left time: 1160.2419s
	iters: 600, epoch: 3 | loss: 0.2401291
	speed: 0.0112s/iter; left time: 1159.3057s
	iters: 700, epoch: 3 | loss: 0.2484873
	speed: 0.0111s/iter; left time: 1153.0308s
	iters: 800, epoch: 3 | loss: 0.2443282
	speed: 0.0112s/iter; left time: 1167.1281s
	iters: 900, epoch: 3 | loss: 0.2434215
	speed: 0.0113s/iter; left time: 1172.7852s
	iters: 1000, epoch: 3 | loss: 0.2364049
	speed: 0.0112s/iter; left time: 1159.2261s
Epoch: 3 cost time: 11.956072568893433
Epoch: 3, Steps: 1067 | Train Loss: 0.2443235 Vali Loss: 0.3690568
Validation loss decreased (0.372252 --> 0.369057).  Saving model ...
Updating learning rate to 0.000125
	iters: 100, epoch: 4 | loss: 0.2431609
	speed: 0.0346s/iter; left time: 3581.1328s
	iters: 200, epoch: 4 | loss: 0.2558462
	speed: 0.0112s/iter; left time: 1153.4338s
	iters: 300, epoch: 4 | loss: 0.2090144
	speed: 0.0111s/iter; left time: 1142.0137s
	iters: 400, epoch: 4 | loss: 0.2731185
	speed: 0.0114s/iter; left time: 1179.0413s
	iters: 500, epoch: 4 | loss: 0.2029967
	speed: 0.0117s/iter; left time: 1209.5319s
	iters: 600, epoch: 4 | loss: 0.2417674
	speed: 0.0114s/iter; left time: 1176.2411s
	iters: 700, epoch: 4 | loss: 0.2369313
	speed: 0.0117s/iter; left time: 1204.4767s
	iters: 800, epoch: 4 | loss: 0.2044483
	speed: 0.0112s/iter; left time: 1149.1946s
	iters: 900, epoch: 4 | loss: 0.2305058
	speed: 0.0114s/iter; left time: 1174.7211s
	iters: 1000, epoch: 4 | loss: 0.2260274
	speed: 0.0112s/iter; left time: 1148.3652s
Epoch: 4 cost time: 12.106976747512817
Epoch: 4, Steps: 1067 | Train Loss: 0.2388393 Vali Loss: 0.3688072
Validation loss decreased (0.369057 --> 0.368807).  Saving model ...
Updating learning rate to 6.25e-05
	iters: 100, epoch: 5 | loss: 0.2350265
	speed: 0.0352s/iter; left time: 3602.1665s
	iters: 200, epoch: 5 | loss: 0.2601894
	speed: 0.0111s/iter; left time: 1131.6017s
	iters: 300, epoch: 5 | loss: 0.2019607
	speed: 0.0111s/iter; left time: 1136.0007s
	iters: 400, epoch: 5 | loss: 0.2220152
	speed: 0.0113s/iter; left time: 1154.1791s
	iters: 500, epoch: 5 | loss: 0.2153018
	speed: 0.0114s/iter; left time: 1162.8526s
	iters: 600, epoch: 5 | loss: 0.2193201
	speed: 0.0117s/iter; left time: 1190.3796s
	iters: 700, epoch: 5 | loss: 0.2530299
	speed: 0.0116s/iter; left time: 1175.4585s
	iters: 800, epoch: 5 | loss: 0.2342780
	speed: 0.0114s/iter; left time: 1163.3634s
	iters: 900, epoch: 5 | loss: 0.1847267
	speed: 0.0116s/iter; left time: 1176.3278s
	iters: 1000, epoch: 5 | loss: 0.2646159
	speed: 0.0116s/iter; left time: 1180.7549s
Epoch: 5 cost time: 12.164413928985596
Epoch: 5, Steps: 1067 | Train Loss: 0.2357789 Vali Loss: 0.3687600
Validation loss decreased (0.368807 --> 0.368760).  Saving model ...
Updating learning rate to 3.125e-05
	iters: 100, epoch: 6 | loss: 0.2065647
	speed: 0.0372s/iter; left time: 3766.5918s
	iters: 200, epoch: 6 | loss: 0.2026023
	speed: 0.0121s/iter; left time: 1223.0088s
	iters: 300, epoch: 6 | loss: 0.2182122
	speed: 0.0118s/iter; left time: 1191.4182s
	iters: 400, epoch: 6 | loss: 0.2045113
	speed: 0.0121s/iter; left time: 1219.6266s
	iters: 500, epoch: 6 | loss: 0.2074243
	speed: 0.0120s/iter; left time: 1208.4629s
	iters: 600, epoch: 6 | loss: 0.2110668
	speed: 0.0121s/iter; left time: 1217.8106s
	iters: 700, epoch: 6 | loss: 0.2390058
	speed: 0.0119s/iter; left time: 1200.5235s
	iters: 800, epoch: 6 | loss: 0.2176018
	speed: 0.0118s/iter; left time: 1190.6442s
	iters: 900, epoch: 6 | loss: 0.2760965
	speed: 0.0120s/iter; left time: 1205.7516s
	iters: 1000, epoch: 6 | loss: 0.1906321
	speed: 0.0116s/iter; left time: 1159.8487s
Epoch: 6 cost time: 12.730966567993164
Epoch: 6, Steps: 1067 | Train Loss: 0.2339824 Vali Loss: 0.3697313
EarlyStopping counter: 1 out of 6
Updating learning rate to 1.5625e-05
	iters: 100, epoch: 7 | loss: 0.2201824
	speed: 0.0365s/iter; left time: 3653.5959s
	iters: 200, epoch: 7 | loss: 0.2775978
	speed: 0.0116s/iter; left time: 1166.0862s
	iters: 300, epoch: 7 | loss: 0.2083747
	speed: 0.0117s/iter; left time: 1171.9162s
	iters: 400, epoch: 7 | loss: 0.2669167
	speed: 0.0120s/iter; left time: 1195.1770s
	iters: 500, epoch: 7 | loss: 0.2908327
	speed: 0.0118s/iter; left time: 1180.3117s
	iters: 600, epoch: 7 | loss: 0.2789149
	speed: 0.0118s/iter; left time: 1171.4794s
	iters: 700, epoch: 7 | loss: 0.2162312
	speed: 0.0121s/iter; left time: 1201.5357s
	iters: 800, epoch: 7 | loss: 0.2717666
	speed: 0.0117s/iter; left time: 1162.8996s
	iters: 900, epoch: 7 | loss: 0.2539280
	speed: 0.0117s/iter; left time: 1158.8356s
	iters: 1000, epoch: 7 | loss: 0.2138241
	speed: 0.0119s/iter; left time: 1179.8769s
Epoch: 7 cost time: 12.60861873626709
Epoch: 7, Steps: 1067 | Train Loss: 0.2331148 Vali Loss: 0.3686485
Validation loss decreased (0.368760 --> 0.368649).  Saving model ...
Updating learning rate to 7.8125e-06
	iters: 100, epoch: 8 | loss: 0.2098718
	speed: 0.0373s/iter; left time: 3699.7694s
	iters: 200, epoch: 8 | loss: 0.1877012
	speed: 0.0115s/iter; left time: 1136.2893s
	iters: 300, epoch: 8 | loss: 0.2652790
	speed: 0.0113s/iter; left time: 1118.0103s
	iters: 400, epoch: 8 | loss: 0.2200512
	speed: 0.0114s/iter; left time: 1125.7497s
	iters: 500, epoch: 8 | loss: 0.2472195
	speed: 0.0116s/iter; left time: 1146.0848s
	iters: 600, epoch: 8 | loss: 0.2391428
	speed: 0.0116s/iter; left time: 1140.8666s
	iters: 700, epoch: 8 | loss: 0.2810824
	speed: 0.0113s/iter; left time: 1110.8189s
	iters: 800, epoch: 8 | loss: 0.2801660
	speed: 0.0115s/iter; left time: 1134.2525s
	iters: 900, epoch: 8 | loss: 0.2427069
	speed: 0.0113s/iter; left time: 1112.1368s
	iters: 1000, epoch: 8 | loss: 0.2216286
	speed: 0.0113s/iter; left time: 1112.5769s
Epoch: 8 cost time: 12.197575092315674
Epoch: 8, Steps: 1067 | Train Loss: 0.2325407 Vali Loss: 0.3687228
EarlyStopping counter: 1 out of 6
Updating learning rate to 3.90625e-06
	iters: 100, epoch: 9 | loss: 0.2571976
	speed: 0.0366s/iter; left time: 3592.7724s
	iters: 200, epoch: 9 | loss: 0.2168476
	speed: 0.0114s/iter; left time: 1113.3065s
	iters: 300, epoch: 9 | loss: 0.2410405
	speed: 0.0113s/iter; left time: 1104.2693s
	iters: 400, epoch: 9 | loss: 0.2221152
	speed: 0.0114s/iter; left time: 1113.6755s
	iters: 500, epoch: 9 | loss: 0.2293939
	speed: 0.0117s/iter; left time: 1139.1368s
	iters: 600, epoch: 9 | loss: 0.2067607
	speed: 0.0113s/iter; left time: 1107.1515s
	iters: 700, epoch: 9 | loss: 0.2337992
	speed: 0.0112s/iter; left time: 1089.8790s
	iters: 800, epoch: 9 | loss: 0.2202782
	speed: 0.0114s/iter; left time: 1105.7515s
	iters: 900, epoch: 9 | loss: 0.2219036
	speed: 0.0113s/iter; left time: 1097.5066s
	iters: 1000, epoch: 9 | loss: 0.2129438
	speed: 0.0113s/iter; left time: 1102.1032s
Epoch: 9 cost time: 12.152627229690552
Epoch: 9, Steps: 1067 | Train Loss: 0.2322011 Vali Loss: 0.3689841
EarlyStopping counter: 2 out of 6
Updating learning rate to 1.953125e-06
	iters: 100, epoch: 10 | loss: 0.2344037
	speed: 0.0363s/iter; left time: 3522.7620s
	iters: 200, epoch: 10 | loss: 0.2488316
	speed: 0.0114s/iter; left time: 1100.1763s
	iters: 300, epoch: 10 | loss: 0.2297457
	speed: 0.0116s/iter; left time: 1118.6215s
	iters: 400, epoch: 10 | loss: 0.2365069
	speed: 0.0119s/iter; left time: 1148.9015s
	iters: 500, epoch: 10 | loss: 0.1637017
	speed: 0.0116s/iter; left time: 1118.4703s
	iters: 600, epoch: 10 | loss: 0.2380289
	speed: 0.0117s/iter; left time: 1131.7150s
	iters: 700, epoch: 10 | loss: 0.2400759
	speed: 0.0122s/iter; left time: 1179.6026s
	iters: 800, epoch: 10 | loss: 0.1902536
	speed: 0.0118s/iter; left time: 1139.4718s
	iters: 900, epoch: 10 | loss: 0.2083936
	speed: 0.0122s/iter; left time: 1174.1633s
	iters: 1000, epoch: 10 | loss: 0.2124966
	speed: 0.0120s/iter; left time: 1150.8391s
Epoch: 10 cost time: 12.60906720161438
Epoch: 10, Steps: 1067 | Train Loss: 0.2320121 Vali Loss: 0.3690322
EarlyStopping counter: 3 out of 6
Updating learning rate to 9.765625e-07
	iters: 100, epoch: 11 | loss: 0.2293062
	speed: 0.0372s/iter; left time: 3566.4442s
	iters: 200, epoch: 11 | loss: 0.2674172
	speed: 0.0120s/iter; left time: 1154.2549s
	iters: 300, epoch: 11 | loss: 0.2001504
	speed: 0.0118s/iter; left time: 1132.8988s
	iters: 400, epoch: 11 | loss: 0.2731279
	speed: 0.0121s/iter; left time: 1159.2989s
	iters: 500, epoch: 11 | loss: 0.2274941
	speed: 0.0120s/iter; left time: 1143.3066s
	iters: 600, epoch: 11 | loss: 0.2255239
	speed: 0.0118s/iter; left time: 1124.4686s
	iters: 700, epoch: 11 | loss: 0.2123566
	speed: 0.0119s/iter; left time: 1137.1637s
	iters: 800, epoch: 11 | loss: 0.2390903
	speed: 0.0115s/iter; left time: 1097.5099s
	iters: 900, epoch: 11 | loss: 0.2669699
	speed: 0.0120s/iter; left time: 1137.6088s
	iters: 1000, epoch: 11 | loss: 0.1740865
	speed: 0.0120s/iter; left time: 1144.2788s
Epoch: 11 cost time: 12.685275554656982
Epoch: 11, Steps: 1067 | Train Loss: 0.2320804 Vali Loss: 0.3689299
EarlyStopping counter: 4 out of 6
Updating learning rate to 4.8828125e-07
	iters: 100, epoch: 12 | loss: 0.2297583
	speed: 0.0369s/iter; left time: 3504.2355s
	iters: 200, epoch: 12 | loss: 0.2755362
	speed: 0.0117s/iter; left time: 1112.5626s
	iters: 300, epoch: 12 | loss: 0.1998021
	speed: 0.0123s/iter; left time: 1164.1955s
	iters: 400, epoch: 12 | loss: 0.1738928
	speed: 0.0117s/iter; left time: 1105.8803s
	iters: 500, epoch: 12 | loss: 0.2932823
	speed: 0.0116s/iter; left time: 1094.7431s
	iters: 600, epoch: 12 | loss: 0.2739298
	speed: 0.0117s/iter; left time: 1103.2656s
	iters: 700, epoch: 12 | loss: 0.2713389
	speed: 0.0119s/iter; left time: 1119.9723s
	iters: 800, epoch: 12 | loss: 0.2291452
	speed: 0.0122s/iter; left time: 1152.4461s
	iters: 900, epoch: 12 | loss: 0.2653214
	speed: 0.0119s/iter; left time: 1123.9243s
	iters: 1000, epoch: 12 | loss: 0.2477891
	speed: 0.0117s/iter; left time: 1094.9864s
Epoch: 12 cost time: 12.674031734466553
Epoch: 12, Steps: 1067 | Train Loss: 0.2320206 Vali Loss: 0.3689187
EarlyStopping counter: 5 out of 6
Updating learning rate to 2.44140625e-07
	iters: 100, epoch: 13 | loss: 0.2660346
	speed: 0.0374s/iter; left time: 3504.8587s
	iters: 200, epoch: 13 | loss: 0.2197838
	speed: 0.0122s/iter; left time: 1142.3548s
	iters: 300, epoch: 13 | loss: 0.2684386
	speed: 0.0120s/iter; left time: 1122.6042s
	iters: 400, epoch: 13 | loss: 0.2395335
	speed: 0.0119s/iter; left time: 1110.6360s
	iters: 500, epoch: 13 | loss: 0.2057494
	speed: 0.0120s/iter; left time: 1118.2712s
	iters: 600, epoch: 13 | loss: 0.2018270
	speed: 0.0117s/iter; left time: 1087.0602s
	iters: 700, epoch: 13 | loss: 0.2003780
	speed: 0.0114s/iter; left time: 1061.3402s
	iters: 800, epoch: 13 | loss: 0.2660336
	speed: 0.0114s/iter; left time: 1065.7194s
	iters: 900, epoch: 13 | loss: 0.1916667
	speed: 0.0121s/iter; left time: 1124.2431s
	iters: 1000, epoch: 13 | loss: 0.2343476
	speed: 0.0122s/iter; left time: 1134.3450s
Epoch: 13 cost time: 12.673792362213135
Epoch: 13, Steps: 1067 | Train Loss: 0.2319245 Vali Loss: 0.3689275
EarlyStopping counter: 6 out of 6
Early stopping
VALIDATION_RESULT {"best_epoch": 7, "best_mae": 0.40246001372675705, "best_mse": 0.3686485294522103, "epochs_ran": 13, "metric_version": "element_weighted_v1"}
>>>>>>>test skipped (validation-only run)<<<<<<<<<<<<<<<<<<<<<<<<
Record: /home/cwh/Time-Series-Library/logs/timerole_ablation_multiseed/validation/ab3_ettm1_p96_gg_s2023.json

=== TimeRoleConcat | ETTm1 | H=720 | seed=2023 ===
Command: /home/cwh/Time-Series-Library/.venv/bin/python -u /home/cwh/Time-Series-Library/run.py --task_name long_term_forecast --is_training 1 --root_path /home/cwh/Time-Series-Library/dataset/ETT-small --data_path ETTm1.csv --model_id ETTm1_96_720_ab3_ettm1_p720_cat_s2023 --model TimeRoleConcat --seed 2023 --data ETTm1 --features M --target OT --seq_len 336 --label_len 48 --pred_len 720 --enc_in 7 --dec_in 7 --c_out 7 --patch_len 4 --stride 2 --d_model 64 --d_ff 128 --d_state 32 --d_conv 2 --e_layers 1 --expand 2 --mamba_version 1 --mamba_bidirectional 1 --use_graph 1 --use_time_mamba 1 --use_patch 1 --use_decomp 1 --moving_avg 25 --dual_scale_scan_mode independent_shared --periodic_period 24 --periodic_local_patch 0 --periodic_local_stride 0 --periodic_period_stride 12 --periodic_use_adapter 1 --graph_alpha 0.5 --graph_top_k 2 --graph_sample_size 2000 --graph_sample_method uniform --static_graph_mode weighted --graph_cache 0 --gc_graph_dim 16 --gc_temperature 1.0 --gc_residual_init 0.5 --gc_dynamic_graph 1 --gc_symmetric_graph 1 --gc_input_modulation 1 --gc_direction_fusion 1 --gc_parallel_residual 1 --af_hidden_dim 32 --af_rank 16 --af_mode variable_scale_residual --dropout 0.1 --batch_size 32 --learning_rate 0.0005 --lradj type1 --train_epochs 100 --patience 6 --num_workers 0 --gpu 0 --des ab3_ettm1_p720_cat_s2023 --itr 1 --test_after_train 0
Log: /home/cwh/Time-Series-Library/logs/timerole_ablation_multiseed/validation/ab3_ettm1_p720_cat_s2023.log
Using GPU
Args in experiment:
[1mBasic Config[0m
  Task Name:          long_term_forecast  Is Training:        1                   
  Model ID:           ETTm1_96_720_ab3_ettm1_p720_cat_s2023Model:              TimeRoleConcat      

[1mData Loader[0m
  Data:               ETTm1               Root Path:          /home/cwh/Time-Series-Library/dataset/ETT-small
  Data Path:          ETTm1.csv           Features:           M                   
  Target:             OT                  Freq:               h                   
  Checkpoints:        ./checkpoints/      

[1mForecasting Task[0m
  Seq Len:            336                 Label Len:          48                  
  Pred Len:           720                 Seasonal Patterns:  Monthly             
  Inverse:            0                   

[1mModel Parameters[0m
  Top k:              5                   Num Kernels:        6                   
  Enc In:             7                   Dec In:             7                   
  C Out:              7                   d model:            64                  
  n heads:            8                   e layers:           1                   
  d layers:           1                   d FF:               128                 
  Moving Avg:         25                  Factor:             1                   
  Distil:             1                   Dropout:            0.1                 
  Embed:              timeF               Activation:         gelu                

[1mRun Parameters[0m
  Num Workers:        0                   Itr:                1                   
  Train Epochs:       100                 Batch Size:         32                  
  Patience:           6                   Learning Rate:      0.0005              
  Des:                ab3_ettm1_p720_cat_s2023Loss:               MSE                 
  Lradj:              type1               Use Amp:            0                   

[1mGPU[0m
  Use GPU:            1                   GPU:                0                   
  Use Multi GPU:      0                   Devices:            0,1,2,3             

[1mDe-stationary Projector Params[0m
  P Hidden Dims:      128, 128            P Hidden Layers:    2                   

Use GPU: cuda:0
🚀 Lazy Loading: TimeRoleConcat ...
[GraphMamba] Building 7x7 static graph from 2000 training samples
>>>>>>>start training : long_term_forecast_ETTm1_96_720_ab3_ettm1_p720_cat_s2023_TimeRoleConcat_ETTm1_ftM_sl336_ll48_pl720_dm64_nh8_el1_dl1_df128_expand2_dc2_fc1_ebtimeF_dtTrue_ab3_ettm1_p720_cat_s2023_0>>>>>>>>>>>>>>>>>>>>>>>>>>
train 33505
val 10801
	iters: 100, epoch: 1 | loss: 0.5126020
	speed: 0.0140s/iter; left time: 1462.5328s
	iters: 200, epoch: 1 | loss: 0.5121000
	speed: 0.0116s/iter; left time: 1214.2191s
	iters: 300, epoch: 1 | loss: 0.4174944
	speed: 0.0116s/iter; left time: 1211.3648s
	iters: 400, epoch: 1 | loss: 0.4561501
	speed: 0.0118s/iter; left time: 1228.7164s
	iters: 500, epoch: 1 | loss: 0.3818651
	speed: 0.0117s/iter; left time: 1218.4291s
	iters: 600, epoch: 1 | loss: 0.4543867
	speed: 0.0117s/iter; left time: 1220.5204s
	iters: 700, epoch: 1 | loss: 0.4644210
	speed: 0.0119s/iter; left time: 1236.7737s
	iters: 800, epoch: 1 | loss: 0.4081308
	speed: 0.0116s/iter; left time: 1205.2728s
	iters: 900, epoch: 1 | loss: 0.4273252
	speed: 0.0117s/iter; left time: 1215.0809s
	iters: 1000, epoch: 1 | loss: 0.3874738
	speed: 0.0118s/iter; left time: 1227.3754s
Epoch: 1 cost time: 12.514729261398315
Epoch: 1, Steps: 1048 | Train Loss: 0.4635692 Vali Loss: 0.9663047
Validation loss decreased (inf --> 0.966305).  Saving model ...
Updating learning rate to 0.0005
	iters: 100, epoch: 2 | loss: 0.3757867
	speed: 0.0346s/iter; left time: 3587.0678s
	iters: 200, epoch: 2 | loss: 0.4728000
	speed: 0.0116s/iter; left time: 1201.6544s
	iters: 300, epoch: 2 | loss: 0.4074904
	speed: 0.0117s/iter; left time: 1213.2867s
	iters: 400, epoch: 2 | loss: 0.4548757
	speed: 0.0115s/iter; left time: 1189.6241s
	iters: 500, epoch: 2 | loss: 0.4368056
	speed: 0.0117s/iter; left time: 1204.9906s
	iters: 600, epoch: 2 | loss: 0.3646925
	speed: 0.0118s/iter; left time: 1214.7154s
	iters: 700, epoch: 2 | loss: 0.4597230
	speed: 0.0119s/iter; left time: 1229.5138s
	iters: 800, epoch: 2 | loss: 0.3844891
	speed: 0.0117s/iter; left time: 1202.4466s
	iters: 900, epoch: 2 | loss: 0.4125976
	speed: 0.0116s/iter; left time: 1197.9287s
	iters: 1000, epoch: 2 | loss: 0.4700330
	speed: 0.0117s/iter; left time: 1197.4017s
Epoch: 2 cost time: 12.236259460449219
Epoch: 2, Steps: 1048 | Train Loss: 0.4182483 Vali Loss: 0.9463030
Validation loss decreased (0.966305 --> 0.946303).  Saving model ...
Updating learning rate to 0.00025
	iters: 100, epoch: 3 | loss: 0.3974352
	speed: 0.0339s/iter; left time: 3477.1070s
	iters: 200, epoch: 3 | loss: 0.4317864
	speed: 0.0119s/iter; left time: 1214.7419s
	iters: 300, epoch: 3 | loss: 0.4954413
	speed: 0.0117s/iter; left time: 1193.9946s
	iters: 400, epoch: 3 | loss: 0.3737399
	speed: 0.0116s/iter; left time: 1183.1316s
	iters: 500, epoch: 3 | loss: 0.3681175
	speed: 0.0121s/iter; left time: 1232.7264s
	iters: 600, epoch: 3 | loss: 0.4096468
	speed: 0.0120s/iter; left time: 1223.5385s
	iters: 700, epoch: 3 | loss: 0.4151370
	speed: 0.0119s/iter; left time: 1209.3781s
	iters: 800, epoch: 3 | loss: 0.4049597
	speed: 0.0119s/iter; left time: 1213.3299s
	iters: 900, epoch: 3 | loss: 0.3638268
	speed: 0.0120s/iter; left time: 1222.8904s
	iters: 1000, epoch: 3 | loss: 0.5372251
	speed: 0.0117s/iter; left time: 1187.8913s
Epoch: 3 cost time: 12.388782024383545
Epoch: 3, Steps: 1048 | Train Loss: 0.4079919 Vali Loss: 0.9416024
Validation loss decreased (0.946303 --> 0.941602).  Saving model ...
Updating learning rate to 0.000125
	iters: 100, epoch: 4 | loss: 0.4663675
	speed: 0.0350s/iter; left time: 3551.1693s
	iters: 200, epoch: 4 | loss: 0.4652075
	speed: 0.0115s/iter; left time: 1171.0468s
	iters: 300, epoch: 4 | loss: 0.3428819
	speed: 0.0116s/iter; left time: 1171.4785s
	iters: 400, epoch: 4 | loss: 0.4157409
	speed: 0.0116s/iter; left time: 1170.2488s
	iters: 500, epoch: 4 | loss: 0.3960268
	speed: 0.0116s/iter; left time: 1177.0416s
	iters: 600, epoch: 4 | loss: 0.3777138
	speed: 0.0119s/iter; left time: 1207.3379s
	iters: 700, epoch: 4 | loss: 0.4132208
	speed: 0.0119s/iter; left time: 1196.5712s
	iters: 800, epoch: 4 | loss: 0.3980999
	speed: 0.0116s/iter; left time: 1167.9491s
	iters: 900, epoch: 4 | loss: 0.4321965
	speed: 0.0114s/iter; left time: 1147.8218s
	iters: 1000, epoch: 4 | loss: 0.4768318
	speed: 0.0115s/iter; left time: 1157.1359s
Epoch: 4 cost time: 12.183189153671265
Epoch: 4, Steps: 1048 | Train Loss: 0.4016731 Vali Loss: 0.9419312
EarlyStopping counter: 1 out of 6
Updating learning rate to 6.25e-05
	iters: 100, epoch: 5 | loss: 0.4169174
	speed: 0.0342s/iter; left time: 3442.2065s
	iters: 200, epoch: 5 | loss: 0.4084132
	speed: 0.0119s/iter; left time: 1189.9960s
	iters: 300, epoch: 5 | loss: 0.3853797
	speed: 0.0116s/iter; left time: 1168.4123s
	iters: 400, epoch: 5 | loss: 0.3922657
	speed: 0.0117s/iter; left time: 1168.7379s
	iters: 500, epoch: 5 | loss: 0.3784410
	speed: 0.0119s/iter; left time: 1186.8618s
	iters: 600, epoch: 5 | loss: 0.3803100
	speed: 0.0115s/iter; left time: 1145.5263s
	iters: 700, epoch: 5 | loss: 0.3851764
	speed: 0.0121s/iter; left time: 1212.9079s
	iters: 800, epoch: 5 | loss: 0.3624254
	speed: 0.0115s/iter; left time: 1149.1205s
	iters: 900, epoch: 5 | loss: 0.3950174
	speed: 0.0117s/iter; left time: 1167.7885s
	iters: 1000, epoch: 5 | loss: 0.3679521
	speed: 0.0117s/iter; left time: 1168.1707s
Epoch: 5 cost time: 12.276946067810059
Epoch: 5, Steps: 1048 | Train Loss: 0.3974485 Vali Loss: 0.9438654
EarlyStopping counter: 2 out of 6
Updating learning rate to 3.125e-05
	iters: 100, epoch: 6 | loss: 0.3897981
	speed: 0.0334s/iter; left time: 3320.3898s
	iters: 200, epoch: 6 | loss: 0.3705871
	speed: 0.0116s/iter; left time: 1149.9989s
	iters: 300, epoch: 6 | loss: 0.4016750
	speed: 0.0115s/iter; left time: 1136.6915s
	iters: 400, epoch: 6 | loss: 0.4415538
	speed: 0.0116s/iter; left time: 1147.1058s
	iters: 500, epoch: 6 | loss: 0.3537117
	speed: 0.0114s/iter; left time: 1129.9282s
	iters: 600, epoch: 6 | loss: 0.3189533
	speed: 0.0119s/iter; left time: 1173.9682s
	iters: 700, epoch: 6 | loss: 0.4093502
	speed: 0.0117s/iter; left time: 1161.0854s
	iters: 800, epoch: 6 | loss: 0.3595487
	speed: 0.0117s/iter; left time: 1156.8822s
	iters: 900, epoch: 6 | loss: 0.4075075
	speed: 0.0118s/iter; left time: 1162.7577s
	iters: 1000, epoch: 6 | loss: 0.3956112
	speed: 0.0117s/iter; left time: 1154.7845s
Epoch: 6 cost time: 12.197799444198608
Epoch: 6, Steps: 1048 | Train Loss: 0.3950386 Vali Loss: 0.9435882
EarlyStopping counter: 3 out of 6
Updating learning rate to 1.5625e-05
	iters: 100, epoch: 7 | loss: 0.4193726
	speed: 0.0335s/iter; left time: 3294.7943s
	iters: 200, epoch: 7 | loss: 0.3793139
	speed: 0.0116s/iter; left time: 1139.1483s
	iters: 300, epoch: 7 | loss: 0.4058194
	speed: 0.0115s/iter; left time: 1131.7963s
	iters: 400, epoch: 7 | loss: 0.4479183
	speed: 0.0116s/iter; left time: 1134.8456s
	iters: 500, epoch: 7 | loss: 0.3838231
	speed: 0.0116s/iter; left time: 1134.7220s
	iters: 600, epoch: 7 | loss: 0.3895625
	speed: 0.0115s/iter; left time: 1121.2502s
	iters: 700, epoch: 7 | loss: 0.3815086
	speed: 0.0115s/iter; left time: 1120.9376s
	iters: 800, epoch: 7 | loss: 0.4530383
	speed: 0.0116s/iter; left time: 1129.9305s
	iters: 900, epoch: 7 | loss: 0.3469560
	speed: 0.0118s/iter; left time: 1146.9578s
	iters: 1000, epoch: 7 | loss: 0.4298065
	speed: 0.0119s/iter; left time: 1163.0328s
Epoch: 7 cost time: 12.173956394195557
Epoch: 7, Steps: 1048 | Train Loss: 0.3938204 Vali Loss: 0.9442345
EarlyStopping counter: 4 out of 6
Updating learning rate to 7.8125e-06
	iters: 100, epoch: 8 | loss: 0.4189138
	speed: 0.0339s/iter; left time: 3303.9667s
	iters: 200, epoch: 8 | loss: 0.4297848
	speed: 0.0118s/iter; left time: 1146.1631s
	iters: 300, epoch: 8 | loss: 0.3618607
	speed: 0.0117s/iter; left time: 1137.5846s
	iters: 400, epoch: 8 | loss: 0.3447590
	speed: 0.0116s/iter; left time: 1130.3900s
	iters: 500, epoch: 8 | loss: 0.3999821
	speed: 0.0118s/iter; left time: 1142.9223s
	iters: 600, epoch: 8 | loss: 0.4601935
	speed: 0.0121s/iter; left time: 1167.7659s
	iters: 700, epoch: 8 | loss: 0.3449492
	speed: 0.0122s/iter; left time: 1181.4332s
	iters: 800, epoch: 8 | loss: 0.4580525
	speed: 0.0117s/iter; left time: 1131.9686s
	iters: 900, epoch: 8 | loss: 0.4130842
	speed: 0.0117s/iter; left time: 1133.5649s
	iters: 1000, epoch: 8 | loss: 0.3682931
	speed: 0.0119s/iter; left time: 1143.9287s
Epoch: 8 cost time: 12.367941617965698
Epoch: 8, Steps: 1048 | Train Loss: 0.3929585 Vali Loss: 0.9436621
EarlyStopping counter: 5 out of 6
Updating learning rate to 3.90625e-06
	iters: 100, epoch: 9 | loss: 0.4287542
	speed: 0.0345s/iter; left time: 3322.5579s
	iters: 200, epoch: 9 | loss: 0.4115611
	speed: 0.0117s/iter; left time: 1127.8442s
	iters: 300, epoch: 9 | loss: 0.4440627
	speed: 0.0119s/iter; left time: 1145.1366s
	iters: 400, epoch: 9 | loss: 0.3945061
	speed: 0.0119s/iter; left time: 1140.1872s
	iters: 500, epoch: 9 | loss: 0.3442266
	speed: 0.0115s/iter; left time: 1102.0346s
	iters: 600, epoch: 9 | loss: 0.4035970
	speed: 0.0120s/iter; left time: 1145.4606s
	iters: 700, epoch: 9 | loss: 0.3916156
	speed: 0.0116s/iter; left time: 1107.1377s
	iters: 800, epoch: 9 | loss: 0.3919268
	speed: 0.0114s/iter; left time: 1093.8964s
	iters: 900, epoch: 9 | loss: 0.3696637
	speed: 0.0113s/iter; left time: 1076.6869s
	iters: 1000, epoch: 9 | loss: 0.4412014
	speed: 0.0115s/iter; left time: 1096.8190s
Epoch: 9 cost time: 12.190633296966553
Epoch: 9, Steps: 1048 | Train Loss: 0.3928474 Vali Loss: 0.9439503
EarlyStopping counter: 6 out of 6
Early stopping
VALIDATION_RESULT {"best_epoch": 3, "best_mae": 0.6390905309486886, "best_mse": 0.9416024093785683, "epochs_ran": 9, "metric_version": "element_weighted_v1"}
>>>>>>>test skipped (validation-only run)<<<<<<<<<<<<<<<<<<<<<<<<
Record: /home/cwh/Time-Series-Library/logs/timerole_ablation_multiseed/validation/ab3_ettm1_p720_cat_s2023.json

=== TimeRoleNoDiff | ETTm1 | H=720 | seed=2023 ===
Command: /home/cwh/Time-Series-Library/.venv/bin/python -u /home/cwh/Time-Series-Library/run.py --task_name long_term_forecast --is_training 1 --root_path /home/cwh/Time-Series-Library/dataset/ETT-small --data_path ETTm1.csv --model_id ETTm1_96_720_ab3_ettm1_p720_nd_s2023 --model TimeRoleNoDiff --seed 2023 --data ETTm1 --features M --target OT --seq_len 336 --label_len 48 --pred_len 720 --enc_in 7 --dec_in 7 --c_out 7 --patch_len 4 --stride 2 --d_model 64 --d_ff 128 --d_state 32 --d_conv 2 --e_layers 1 --expand 2 --mamba_version 1 --mamba_bidirectional 1 --use_graph 1 --use_time_mamba 1 --use_patch 1 --use_decomp 1 --moving_avg 25 --dual_scale_scan_mode independent_shared --periodic_period 24 --periodic_local_patch 0 --periodic_local_stride 0 --periodic_period_stride 12 --periodic_use_adapter 1 --graph_alpha 0.5 --graph_top_k 2 --graph_sample_size 2000 --graph_sample_method uniform --static_graph_mode weighted --graph_cache 0 --gc_graph_dim 16 --gc_temperature 1.0 --gc_residual_init 0.5 --gc_dynamic_graph 1 --gc_symmetric_graph 1 --gc_input_modulation 1 --gc_direction_fusion 1 --gc_parallel_residual 1 --af_hidden_dim 32 --af_rank 16 --af_mode variable_scale_residual --dropout 0.1 --batch_size 32 --learning_rate 0.0005 --lradj type1 --train_epochs 100 --patience 6 --num_workers 0 --gpu 0 --des ab3_ettm1_p720_nd_s2023 --itr 1 --test_after_train 0
Log: /home/cwh/Time-Series-Library/logs/timerole_ablation_multiseed/validation/ab3_ettm1_p720_nd_s2023.log
Using GPU
Args in experiment:
[1mBasic Config[0m
  Task Name:          long_term_forecast  Is Training:        1                   
  Model ID:           ETTm1_96_720_ab3_ettm1_p720_nd_s2023Model:              TimeRoleNoDiff      

[1mData Loader[0m
  Data:               ETTm1               Root Path:          /home/cwh/Time-Series-Library/dataset/ETT-small
  Data Path:          ETTm1.csv           Features:           M                   
  Target:             OT                  Freq:               h                   
  Checkpoints:        ./checkpoints/      

[1mForecasting Task[0m
  Seq Len:            336                 Label Len:          48                  
  Pred Len:           720                 Seasonal Patterns:  Monthly             
  Inverse:            0                   

[1mModel Parameters[0m
  Top k:              5                   Num Kernels:        6                   
  Enc In:             7                   Dec In:             7                   
  C Out:              7                   d model:            64                  
  n heads:            8                   e layers:           1                   
  d layers:           1                   d FF:               128                 
  Moving Avg:         25                  Factor:             1                   
  Distil:             1                   Dropout:            0.1                 
  Embed:              timeF               Activation:         gelu                

[1mRun Parameters[0m
  Num Workers:        0                   Itr:                1                   
  Train Epochs:       100                 Batch Size:         32                  
  Patience:           6                   Learning Rate:      0.0005              
  Des:                ab3_ettm1_p720_nd_s2023Loss:               MSE                 
  Lradj:              type1               Use Amp:            0                   

[1mGPU[0m
  Use GPU:            1                   GPU:                0                   
  Use Multi GPU:      0                   Devices:            0,1,2,3             

[1mDe-stationary Projector Params[0m
  P Hidden Dims:      128, 128            P Hidden Layers:    2                   

Use GPU: cuda:0
🚀 Lazy Loading: TimeRoleNoDiff ...
[GraphMamba] Building 7x7 static graph from 2000 training samples
>>>>>>>start training : long_term_forecast_ETTm1_96_720_ab3_ettm1_p720_nd_s2023_TimeRoleNoDiff_ETTm1_ftM_sl336_ll48_pl720_dm64_nh8_el1_dl1_df128_expand2_dc2_fc1_ebtimeF_dtTrue_ab3_ettm1_p720_nd_s2023_0>>>>>>>>>>>>>>>>>>>>>>>>>>
train 33505
val 10801
	iters: 100, epoch: 1 | loss: 0.5135247
	speed: 0.0142s/iter; left time: 1484.7206s
	iters: 200, epoch: 1 | loss: 0.5418096
	speed: 0.0118s/iter; left time: 1235.2513s
	iters: 300, epoch: 1 | loss: 0.4238122
	speed: 0.0117s/iter; left time: 1224.1193s
	iters: 400, epoch: 1 | loss: 0.4721215
	speed: 0.0115s/iter; left time: 1202.3189s
	iters: 500, epoch: 1 | loss: 0.3931225
	speed: 0.0116s/iter; left time: 1211.6779s
	iters: 600, epoch: 1 | loss: 0.4665178
	speed: 0.0118s/iter; left time: 1232.6671s
	iters: 700, epoch: 1 | loss: 0.4782721
	speed: 0.0120s/iter; left time: 1251.2964s
	iters: 800, epoch: 1 | loss: 0.4329193
	speed: 0.0118s/iter; left time: 1225.1124s
	iters: 900, epoch: 1 | loss: 0.4450348
	speed: 0.0117s/iter; left time: 1213.0264s
	iters: 1000, epoch: 1 | loss: 0.3853545
	speed: 0.0116s/iter; left time: 1208.8933s
Epoch: 1 cost time: 12.535117864608765
Epoch: 1, Steps: 1048 | Train Loss: 0.4750086 Vali Loss: 0.9812639
Validation loss decreased (inf --> 0.981264).  Saving model ...
Updating learning rate to 0.0005
	iters: 100, epoch: 2 | loss: 0.3756985
	speed: 0.0352s/iter; left time: 3648.0476s
	iters: 200, epoch: 2 | loss: 0.4861173
	speed: 0.0115s/iter; left time: 1194.8725s
	iters: 300, epoch: 2 | loss: 0.4112673
	speed: 0.0116s/iter; left time: 1195.5234s
	iters: 400, epoch: 2 | loss: 0.4644183
	speed: 0.0116s/iter; left time: 1196.1762s
	iters: 500, epoch: 2 | loss: 0.4457705
	speed: 0.0115s/iter; left time: 1191.0035s
	iters: 600, epoch: 2 | loss: 0.3706450
	speed: 0.0117s/iter; left time: 1211.8635s
	iters: 700, epoch: 2 | loss: 0.4738002
	speed: 0.0114s/iter; left time: 1174.3146s
	iters: 800, epoch: 2 | loss: 0.3789999
	speed: 0.0115s/iter; left time: 1187.7789s
	iters: 900, epoch: 2 | loss: 0.4183333
	speed: 0.0116s/iter; left time: 1190.7670s
	iters: 1000, epoch: 2 | loss: 0.4760061
	speed: 0.0115s/iter; left time: 1185.1477s
Epoch: 2 cost time: 12.115602970123291
Epoch: 2, Steps: 1048 | Train Loss: 0.4227480 Vali Loss: 0.9554292
Validation loss decreased (0.981264 --> 0.955429).  Saving model ...
Updating learning rate to 0.00025
	iters: 100, epoch: 3 | loss: 0.3971687
	speed: 0.0345s/iter; left time: 3542.6391s
	iters: 200, epoch: 3 | loss: 0.4273526
	speed: 0.0116s/iter; left time: 1191.9336s
	iters: 300, epoch: 3 | loss: 0.4978424
	speed: 0.0115s/iter; left time: 1175.6485s
	iters: 400, epoch: 3 | loss: 0.3773680
	speed: 0.0115s/iter; left time: 1177.3801s
	iters: 500, epoch: 3 | loss: 0.3654100
	speed: 0.0119s/iter; left time: 1212.7789s
	iters: 600, epoch: 3 | loss: 0.4151284
	speed: 0.0117s/iter; left time: 1198.7125s
	iters: 700, epoch: 3 | loss: 0.4203939
	speed: 0.0113s/iter; left time: 1153.0093s
	iters: 800, epoch: 3 | loss: 0.4013436
	speed: 0.0116s/iter; left time: 1177.6121s
	iters: 900, epoch: 3 | loss: 0.3593678
	speed: 0.0116s/iter; left time: 1185.3360s
	iters: 1000, epoch: 3 | loss: 0.5341222
	speed: 0.0113s/iter; left time: 1146.7358s
Epoch: 3 cost time: 12.131783962249756
Epoch: 3, Steps: 1048 | Train Loss: 0.4100226 Vali Loss: 0.9446779
Validation loss decreased (0.955429 --> 0.944678).  Saving model ...
Updating learning rate to 0.000125
	iters: 100, epoch: 4 | loss: 0.4764414
	speed: 0.0344s/iter; left time: 3493.3965s
	iters: 200, epoch: 4 | loss: 0.4711065
	speed: 0.0116s/iter; left time: 1176.8016s
	iters: 300, epoch: 4 | loss: 0.3448509
	speed: 0.0115s/iter; left time: 1170.4498s
	iters: 400, epoch: 4 | loss: 0.4160563
	speed: 0.0117s/iter; left time: 1186.5647s
	iters: 500, epoch: 4 | loss: 0.3894726
	speed: 0.0116s/iter; left time: 1172.4298s
	iters: 600, epoch: 4 | loss: 0.3784571
	speed: 0.0117s/iter; left time: 1181.5940s
	iters: 700, epoch: 4 | loss: 0.4275127
	speed: 0.0117s/iter; left time: 1182.1778s
	iters: 800, epoch: 4 | loss: 0.4018643
	speed: 0.0118s/iter; left time: 1191.6144s
	iters: 900, epoch: 4 | loss: 0.4294888
	speed: 0.0117s/iter; left time: 1177.1579s
	iters: 1000, epoch: 4 | loss: 0.4897675
	speed: 0.0114s/iter; left time: 1147.6829s
Epoch: 4 cost time: 12.179074048995972
Epoch: 4, Steps: 1048 | Train Loss: 0.4029963 Vali Loss: 0.9407035
Validation loss decreased (0.944678 --> 0.940703).  Saving model ...
Updating learning rate to 6.25e-05
	iters: 100, epoch: 5 | loss: 0.4209681
	speed: 0.0334s/iter; left time: 3352.8216s
	iters: 200, epoch: 5 | loss: 0.4095892
	speed: 0.0116s/iter; left time: 1164.9674s
	iters: 300, epoch: 5 | loss: 0.3795514
	speed: 0.0115s/iter; left time: 1158.3070s
	iters: 400, epoch: 5 | loss: 0.3978181
	speed: 0.0116s/iter; left time: 1161.3276s
	iters: 500, epoch: 5 | loss: 0.3833782
	speed: 0.0114s/iter; left time: 1145.2157s
	iters: 600, epoch: 5 | loss: 0.3872353
	speed: 0.0115s/iter; left time: 1149.0602s
	iters: 700, epoch: 5 | loss: 0.3906254
	speed: 0.0118s/iter; left time: 1174.6205s
	iters: 800, epoch: 5 | loss: 0.3647788
	speed: 0.0114s/iter; left time: 1140.2426s
	iters: 900, epoch: 5 | loss: 0.3993508
	speed: 0.0117s/iter; left time: 1163.7812s
	iters: 1000, epoch: 5 | loss: 0.3633482
	speed: 0.0117s/iter; left time: 1169.5619s
Epoch: 5 cost time: 12.153737545013428
Epoch: 5, Steps: 1048 | Train Loss: 0.3989360 Vali Loss: 0.9386706
Validation loss decreased (0.940703 --> 0.938671).  Saving model ...
Updating learning rate to 3.125e-05
	iters: 100, epoch: 6 | loss: 0.3825164
	speed: 0.0353s/iter; left time: 3512.3752s
	iters: 200, epoch: 6 | loss: 0.3715039
	speed: 0.0120s/iter; left time: 1192.5929s
	iters: 300, epoch: 6 | loss: 0.3990366
	speed: 0.0116s/iter; left time: 1150.0108s
	iters: 400, epoch: 6 | loss: 0.4381515
	speed: 0.0115s/iter; left time: 1136.7143s
	iters: 500, epoch: 6 | loss: 0.3460574
	speed: 0.0116s/iter; left time: 1151.9586s
	iters: 600, epoch: 6 | loss: 0.3214870
	speed: 0.0118s/iter; left time: 1167.2939s
	iters: 700, epoch: 6 | loss: 0.4054472
	speed: 0.0114s/iter; left time: 1131.0097s
	iters: 800, epoch: 6 | loss: 0.3604422
	speed: 0.0115s/iter; left time: 1138.6751s
	iters: 900, epoch: 6 | loss: 0.4116075
	speed: 0.0115s/iter; left time: 1129.7936s
	iters: 1000, epoch: 6 | loss: 0.3991859
	speed: 0.0116s/iter; left time: 1139.8550s
Epoch: 6 cost time: 12.184028148651123
Epoch: 6, Steps: 1048 | Train Loss: 0.3965954 Vali Loss: 0.9392453
EarlyStopping counter: 1 out of 6
Updating learning rate to 1.5625e-05
	iters: 100, epoch: 7 | loss: 0.4259272
	speed: 0.0339s/iter; left time: 3337.7079s
	iters: 200, epoch: 7 | loss: 0.3778985
	speed: 0.0116s/iter; left time: 1140.0261s
	iters: 300, epoch: 7 | loss: 0.4094052
	speed: 0.0116s/iter; left time: 1142.0745s
	iters: 400, epoch: 7 | loss: 0.4508499
	speed: 0.0118s/iter; left time: 1159.7983s
	iters: 500, epoch: 7 | loss: 0.3877012
	speed: 0.0118s/iter; left time: 1154.9102s
	iters: 600, epoch: 7 | loss: 0.3891439
	speed: 0.0117s/iter; left time: 1142.2190s
	iters: 700, epoch: 7 | loss: 0.3884749
	speed: 0.0116s/iter; left time: 1132.5843s
	iters: 800, epoch: 7 | loss: 0.4540319
	speed: 0.0115s/iter; left time: 1119.2092s
	iters: 900, epoch: 7 | loss: 0.3552447
	speed: 0.0117s/iter; left time: 1139.2855s
	iters: 1000, epoch: 7 | loss: 0.4318536
	speed: 0.0115s/iter; left time: 1126.0575s
Epoch: 7 cost time: 12.201476097106934
Epoch: 7, Steps: 1048 | Train Loss: 0.3957336 Vali Loss: 0.9398197
EarlyStopping counter: 2 out of 6
Updating learning rate to 7.8125e-06
	iters: 100, epoch: 8 | loss: 0.4202325
	speed: 0.0337s/iter; left time: 3278.0645s
	iters: 200, epoch: 8 | loss: 0.4285948
	speed: 0.0116s/iter; left time: 1132.7952s
	iters: 300, epoch: 8 | loss: 0.3617533
	speed: 0.0117s/iter; left time: 1138.0961s
	iters: 400, epoch: 8 | loss: 0.3439773
	speed: 0.0116s/iter; left time: 1129.2303s
	iters: 500, epoch: 8 | loss: 0.3957864
	speed: 0.0119s/iter; left time: 1154.0831s
	iters: 600, epoch: 8 | loss: 0.4664409
	speed: 0.0116s/iter; left time: 1122.8142s
	iters: 700, epoch: 8 | loss: 0.3446245
	speed: 0.0117s/iter; left time: 1132.7906s
	iters: 800, epoch: 8 | loss: 0.4443959
	speed: 0.0118s/iter; left time: 1144.9015s
	iters: 900, epoch: 8 | loss: 0.4170158
	speed: 0.0115s/iter; left time: 1110.6194s
	iters: 1000, epoch: 8 | loss: 0.3691969
	speed: 0.0116s/iter; left time: 1114.6735s
Epoch: 8 cost time: 12.27209734916687
Epoch: 8, Steps: 1048 | Train Loss: 0.3947729 Vali Loss: 0.9392785
EarlyStopping counter: 3 out of 6
Updating learning rate to 3.90625e-06
	iters: 100, epoch: 9 | loss: 0.4367491
	speed: 0.0349s/iter; left time: 3358.7292s
	iters: 200, epoch: 9 | loss: 0.4129870
	speed: 0.0116s/iter; left time: 1117.3737s
	iters: 300, epoch: 9 | loss: 0.4422102
	speed: 0.0118s/iter; left time: 1135.8627s
	iters: 400, epoch: 9 | loss: 0.4007590
	speed: 0.0116s/iter; left time: 1114.6248s
	iters: 500, epoch: 9 | loss: 0.3422836
	speed: 0.0115s/iter; left time: 1101.4533s
	iters: 600, epoch: 9 | loss: 0.4070672
	speed: 0.0118s/iter; left time: 1130.7576s
	iters: 700, epoch: 9 | loss: 0.3941629
	speed: 0.0116s/iter; left time: 1106.0112s
	iters: 800, epoch: 9 | loss: 0.3952021
	speed: 0.0118s/iter; left time: 1127.4347s
	iters: 900, epoch: 9 | loss: 0.3732276
	speed: 0.0119s/iter; left time: 1133.2692s
	iters: 1000, epoch: 9 | loss: 0.4337986
	speed: 0.0119s/iter; left time: 1134.0096s
Epoch: 9 cost time: 12.265265941619873
Epoch: 9, Steps: 1048 | Train Loss: 0.3946228 Vali Loss: 0.9393604
EarlyStopping counter: 4 out of 6
Updating learning rate to 1.953125e-06
	iters: 100, epoch: 10 | loss: 0.3937857
	speed: 0.0346s/iter; left time: 3295.1377s
	iters: 200, epoch: 10 | loss: 0.3949215
	speed: 0.0115s/iter; left time: 1093.9796s
	iters: 300, epoch: 10 | loss: 0.4038984
	speed: 0.0118s/iter; left time: 1117.3771s
	iters: 400, epoch: 10 | loss: 0.3904154
	speed: 0.0113s/iter; left time: 1077.4609s
	iters: 500, epoch: 10 | loss: 0.4119143
	speed: 0.0115s/iter; left time: 1090.4496s
	iters: 600, epoch: 10 | loss: 0.4006997
	speed: 0.0114s/iter; left time: 1083.7957s
	iters: 700, epoch: 10 | loss: 0.3753759
	speed: 0.0116s/iter; left time: 1095.8759s
	iters: 800, epoch: 10 | loss: 0.3602856
	speed: 0.0116s/iter; left time: 1094.7771s
	iters: 900, epoch: 10 | loss: 0.3637798
	speed: 0.0114s/iter; left time: 1077.2550s
	iters: 1000, epoch: 10 | loss: 0.4003968
	speed: 0.0114s/iter; left time: 1072.1915s
Epoch: 10 cost time: 12.071407079696655
Epoch: 10, Steps: 1048 | Train Loss: 0.3943054 Vali Loss: 0.9394032
EarlyStopping counter: 5 out of 6
Updating learning rate to 9.765625e-07
	iters: 100, epoch: 11 | loss: 0.3436714
	speed: 0.0332s/iter; left time: 3126.4595s
	iters: 200, epoch: 11 | loss: 0.3661434
	speed: 0.0114s/iter; left time: 1076.6574s
	iters: 300, epoch: 11 | loss: 0.4245988
	speed: 0.0115s/iter; left time: 1083.4061s
	iters: 400, epoch: 11 | loss: 0.3628401
	speed: 0.0117s/iter; left time: 1100.1839s
	iters: 500, epoch: 11 | loss: 0.3730811
	speed: 0.0116s/iter; left time: 1092.1727s
	iters: 600, epoch: 11 | loss: 0.3251816
	speed: 0.0115s/iter; left time: 1074.0739s
	iters: 700, epoch: 11 | loss: 0.4462009
	speed: 0.0116s/iter; left time: 1082.9582s
	iters: 800, epoch: 11 | loss: 0.3890790
	speed: 0.0116s/iter; left time: 1085.8636s
	iters: 900, epoch: 11 | loss: 0.4499048
	speed: 0.0117s/iter; left time: 1089.5654s
	iters: 1000, epoch: 11 | loss: 0.3961416
	speed: 0.0113s/iter; left time: 1056.2767s
Epoch: 11 cost time: 12.102466106414795
Epoch: 11, Steps: 1048 | Train Loss: 0.3942668 Vali Loss: 0.9393366
EarlyStopping counter: 6 out of 6
Early stopping
VALIDATION_RESULT {"best_epoch": 5, "best_mae": 0.6402707541105055, "best_mse": 0.9386705563895466, "epochs_ran": 11, "metric_version": "element_weighted_v1"}
>>>>>>>test skipped (validation-only run)<<<<<<<<<<<<<<<<<<<<<<<<
Record: /home/cwh/Time-Series-Library/logs/timerole_ablation_multiseed/validation/ab3_ettm1_p720_nd_s2023.json

=== TimeRoleGlobalGate | ETTm1 | H=720 | seed=2023 ===
Command: /home/cwh/Time-Series-Library/.venv/bin/python -u /home/cwh/Time-Series-Library/run.py --task_name long_term_forecast --is_training 1 --root_path /home/cwh/Time-Series-Library/dataset/ETT-small --data_path ETTm1.csv --model_id ETTm1_96_720_ab3_ettm1_p720_gg_s2023 --model TimeRoleGlobalGate --seed 2023 --data ETTm1 --features M --target OT --seq_len 336 --label_len 48 --pred_len 720 --enc_in 7 --dec_in 7 --c_out 7 --patch_len 4 --stride 2 --d_model 64 --d_ff 128 --d_state 32 --d_conv 2 --e_layers 1 --expand 2 --mamba_version 1 --mamba_bidirectional 1 --use_graph 1 --use_time_mamba 1 --use_patch 1 --use_decomp 1 --moving_avg 25 --dual_scale_scan_mode independent_shared --periodic_period 24 --periodic_local_patch 0 --periodic_local_stride 0 --periodic_period_stride 12 --periodic_use_adapter 1 --graph_alpha 0.5 --graph_top_k 2 --graph_sample_size 2000 --graph_sample_method uniform --static_graph_mode weighted --graph_cache 0 --gc_graph_dim 16 --gc_temperature 1.0 --gc_residual_init 0.5 --gc_dynamic_graph 1 --gc_symmetric_graph 1 --gc_input_modulation 1 --gc_direction_fusion 1 --gc_parallel_residual 1 --af_hidden_dim 32 --af_rank 16 --af_mode variable_scale_residual --dropout 0.1 --batch_size 32 --learning_rate 0.0005 --lradj type1 --train_epochs 100 --patience 6 --num_workers 0 --gpu 0 --des ab3_ettm1_p720_gg_s2023 --itr 1 --test_after_train 0
Log: /home/cwh/Time-Series-Library/logs/timerole_ablation_multiseed/validation/ab3_ettm1_p720_gg_s2023.log
Using GPU
Args in experiment:
[1mBasic Config[0m
  Task Name:          long_term_forecast  Is Training:        1                   
  Model ID:           ETTm1_96_720_ab3_ettm1_p720_gg_s2023Model:              TimeRoleGlobalGate  

[1mData Loader[0m
  Data:               ETTm1               Root Path:          /home/cwh/Time-Series-Library/dataset/ETT-small
  Data Path:          ETTm1.csv           Features:           M                   
  Target:             OT                  Freq:               h                   
  Checkpoints:        ./checkpoints/      

[1mForecasting Task[0m
  Seq Len:            336                 Label Len:          48                  
  Pred Len:           720                 Seasonal Patterns:  Monthly             
  Inverse:            0                   

[1mModel Parameters[0m
  Top k:              5                   Num Kernels:        6                   
  Enc In:             7                   Dec In:             7                   
  C Out:              7                   d model:            64                  
  n heads:            8                   e layers:           1                   
  d layers:           1                   d FF:               128                 
  Moving Avg:         25                  Factor:             1                   
  Distil:             1                   Dropout:            0.1                 
  Embed:              timeF               Activation:         gelu                

[1mRun Parameters[0m
  Num Workers:        0                   Itr:                1                   
  Train Epochs:       100                 Batch Size:         32                  
  Patience:           6                   Learning Rate:      0.0005              
  Des:                ab3_ettm1_p720_gg_s2023Loss:               MSE                 
  Lradj:              type1               Use Amp:            0                   

[1mGPU[0m
  Use GPU:            1                   GPU:                0                   
  Use Multi GPU:      0                   Devices:            0,1,2,3             

[1mDe-stationary Projector Params[0m
  P Hidden Dims:      128, 128            P Hidden Layers:    2                   

Use GPU: cuda:0
🚀 Lazy Loading: TimeRoleGlobalGate ...
[GraphMamba] Building 7x7 static graph from 2000 training samples
>>>>>>>start training : long_term_forecast_ETTm1_96_720_ab3_ettm1_p720_gg_s2023_TimeRoleGlobalGate_ETTm1_ftM_sl336_ll48_pl720_dm64_nh8_el1_dl1_df128_expand2_dc2_fc1_ebtimeF_dtTrue_ab3_ettm1_p720_gg_s2023_0>>>>>>>>>>>>>>>>>>>>>>>>>>
train 33505
val 10801
	iters: 100, epoch: 1 | loss: 0.5116866
	speed: 0.0144s/iter; left time: 1509.0302s
	iters: 200, epoch: 1 | loss: 0.5098531
	speed: 0.0119s/iter; left time: 1240.6770s
	iters: 300, epoch: 1 | loss: 0.4152932
	speed: 0.0119s/iter; left time: 1243.2615s
	iters: 400, epoch: 1 | loss: 0.4535655
	speed: 0.0120s/iter; left time: 1247.9227s
	iters: 500, epoch: 1 | loss: 0.3855132
	speed: 0.0120s/iter; left time: 1256.5614s
	iters: 600, epoch: 1 | loss: 0.4583253
	speed: 0.0119s/iter; left time: 1245.0113s
	iters: 700, epoch: 1 | loss: 0.4718305
	speed: 0.0119s/iter; left time: 1242.5815s
	iters: 800, epoch: 1 | loss: 0.4151450
	speed: 0.0117s/iter; left time: 1221.0759s
	iters: 900, epoch: 1 | loss: 0.4306330
	speed: 0.0118s/iter; left time: 1227.8083s
	iters: 1000, epoch: 1 | loss: 0.3877600
	speed: 0.0118s/iter; left time: 1225.0860s
Epoch: 1 cost time: 12.710721731185913
Epoch: 1, Steps: 1048 | Train Loss: 0.4656275 Vali Loss: 0.9747332
Validation loss decreased (inf --> 0.974733).  Saving model ...
Updating learning rate to 0.0005
	iters: 100, epoch: 2 | loss: 0.3760026
	speed: 0.0343s/iter; left time: 3557.7752s
	iters: 200, epoch: 2 | loss: 0.4811949
	speed: 0.0119s/iter; left time: 1229.8625s
	iters: 300, epoch: 2 | loss: 0.4046539
	speed: 0.0119s/iter; left time: 1235.9560s
	iters: 400, epoch: 2 | loss: 0.4562933
	speed: 0.0118s/iter; left time: 1221.5114s
	iters: 500, epoch: 2 | loss: 0.4403240
	speed: 0.0118s/iter; left time: 1221.8467s
	iters: 600, epoch: 2 | loss: 0.3698117
	speed: 0.0120s/iter; left time: 1234.2980s
	iters: 700, epoch: 2 | loss: 0.4652833
	speed: 0.0118s/iter; left time: 1217.4999s
	iters: 800, epoch: 2 | loss: 0.3798242
	speed: 0.0121s/iter; left time: 1242.9520s
	iters: 900, epoch: 2 | loss: 0.4175534
	speed: 0.0115s/iter; left time: 1182.4960s
	iters: 1000, epoch: 2 | loss: 0.4740810
	speed: 0.0115s/iter; left time: 1184.0964s
Epoch: 2 cost time: 12.370663404464722
Epoch: 2, Steps: 1048 | Train Loss: 0.4193882 Vali Loss: 0.9525317
Validation loss decreased (0.974733 --> 0.952532).  Saving model ...
Updating learning rate to 0.00025
	iters: 100, epoch: 3 | loss: 0.3901791
	speed: 0.0337s/iter; left time: 3459.1084s
	iters: 200, epoch: 3 | loss: 0.4218449
	speed: 0.0117s/iter; left time: 1201.1466s
	iters: 300, epoch: 3 | loss: 0.4983476
	speed: 0.0122s/iter; left time: 1246.4813s
	iters: 400, epoch: 3 | loss: 0.3741972
	speed: 0.0118s/iter; left time: 1211.1783s
	iters: 500, epoch: 3 | loss: 0.3691601
	speed: 0.0120s/iter; left time: 1223.9685s
	iters: 600, epoch: 3 | loss: 0.4093760
	speed: 0.0119s/iter; left time: 1211.1375s
	iters: 700, epoch: 3 | loss: 0.4183429
	speed: 0.0123s/iter; left time: 1251.0624s
	iters: 800, epoch: 3 | loss: 0.4002619
	speed: 0.0119s/iter; left time: 1210.2822s
	iters: 900, epoch: 3 | loss: 0.3660924
	speed: 0.0120s/iter; left time: 1222.4695s
	iters: 1000, epoch: 3 | loss: 0.5239773
	speed: 0.0117s/iter; left time: 1191.2881s
Epoch: 3 cost time: 12.48949408531189
Epoch: 3, Steps: 1048 | Train Loss: 0.4080689 Vali Loss: 0.9487743
Validation loss decreased (0.952532 --> 0.948774).  Saving model ...
Updating learning rate to 0.000125
	iters: 100, epoch: 4 | loss: 0.4779814
	speed: 0.0342s/iter; left time: 3468.2073s
	iters: 200, epoch: 4 | loss: 0.4751541
	speed: 0.0118s/iter; left time: 1195.8724s
	iters: 300, epoch: 4 | loss: 0.3440109
	speed: 0.0120s/iter; left time: 1220.5906s
	iters: 400, epoch: 4 | loss: 0.4132119
	speed: 0.0119s/iter; left time: 1200.8314s
	iters: 500, epoch: 4 | loss: 0.3753704
	speed: 0.0118s/iter; left time: 1195.4029s
	iters: 600, epoch: 4 | loss: 0.3714899
	speed: 0.0121s/iter; left time: 1220.4652s
	iters: 700, epoch: 4 | loss: 0.4269018
	speed: 0.0120s/iter; left time: 1214.1479s
	iters: 800, epoch: 4 | loss: 0.4029244
	speed: 0.0120s/iter; left time: 1213.7373s
	iters: 900, epoch: 4 | loss: 0.4286112
	speed: 0.0118s/iter; left time: 1184.5287s
	iters: 1000, epoch: 4 | loss: 0.4772624
	speed: 0.0122s/iter; left time: 1228.4474s
Epoch: 4 cost time: 12.49245309829712
Epoch: 4, Steps: 1048 | Train Loss: 0.4011062 Vali Loss: 0.9463726
Validation loss decreased (0.948774 --> 0.946373).  Saving model ...
Updating learning rate to 6.25e-05
	iters: 100, epoch: 5 | loss: 0.4264046
	speed: 0.0346s/iter; left time: 3477.4758s
	iters: 200, epoch: 5 | loss: 0.4102058
	speed: 0.0118s/iter; left time: 1185.8566s
	iters: 300, epoch: 5 | loss: 0.3800874
	speed: 0.0118s/iter; left time: 1187.4500s
	iters: 400, epoch: 5 | loss: 0.3985345
	speed: 0.0115s/iter; left time: 1156.5056s
	iters: 500, epoch: 5 | loss: 0.3807986
	speed: 0.0119s/iter; left time: 1186.8067s
	iters: 600, epoch: 5 | loss: 0.3909062
	speed: 0.0119s/iter; left time: 1186.8157s
	iters: 700, epoch: 5 | loss: 0.3931886
	speed: 0.0118s/iter; left time: 1174.4157s
	iters: 800, epoch: 5 | loss: 0.3634179
	speed: 0.0118s/iter; left time: 1179.6014s
	iters: 900, epoch: 5 | loss: 0.4005944
	speed: 0.0117s/iter; left time: 1166.7993s
	iters: 1000, epoch: 5 | loss: 0.3626137
	speed: 0.0120s/iter; left time: 1193.8751s
Epoch: 5 cost time: 12.380688190460205
Epoch: 5, Steps: 1048 | Train Loss: 0.3971423 Vali Loss: 0.9444189
Validation loss decreased (0.946373 --> 0.944419).  Saving model ...
Updating learning rate to 3.125e-05
	iters: 100, epoch: 6 | loss: 0.3853034
	speed: 0.0349s/iter; left time: 3471.9952s
	iters: 200, epoch: 6 | loss: 0.3709673
	speed: 0.0120s/iter; left time: 1189.1702s
	iters: 300, epoch: 6 | loss: 0.3989077
	speed: 0.0118s/iter; left time: 1170.2107s
	iters: 400, epoch: 6 | loss: 0.4328334
	speed: 0.0122s/iter; left time: 1209.5874s
	iters: 500, epoch: 6 | loss: 0.3525230
	speed: 0.0119s/iter; left time: 1174.7615s
	iters: 600, epoch: 6 | loss: 0.3222190
	speed: 0.0118s/iter; left time: 1170.7491s
	iters: 700, epoch: 6 | loss: 0.4076423
	speed: 0.0121s/iter; left time: 1197.9282s
	iters: 800, epoch: 6 | loss: 0.3573093
	speed: 0.0119s/iter; left time: 1172.7294s
	iters: 900, epoch: 6 | loss: 0.4051176
	speed: 0.0117s/iter; left time: 1157.5425s
	iters: 1000, epoch: 6 | loss: 0.3939601
	speed: 0.0119s/iter; left time: 1172.9418s
Epoch: 6 cost time: 12.49398159980774
Epoch: 6, Steps: 1048 | Train Loss: 0.3948693 Vali Loss: 0.9447935
EarlyStopping counter: 1 out of 6
Updating learning rate to 1.5625e-05
	iters: 100, epoch: 7 | loss: 0.4210348
	speed: 0.0345s/iter; left time: 3395.4851s
	iters: 200, epoch: 7 | loss: 0.3772404
	speed: 0.0122s/iter; left time: 1197.8615s
	iters: 300, epoch: 7 | loss: 0.4118164
	speed: 0.0120s/iter; left time: 1175.0285s
	iters: 400, epoch: 7 | loss: 0.4511012
	speed: 0.0119s/iter; left time: 1164.8605s
	iters: 500, epoch: 7 | loss: 0.3764884
	speed: 0.0118s/iter; left time: 1159.6895s
	iters: 600, epoch: 7 | loss: 0.3882549
	speed: 0.0120s/iter; left time: 1176.1468s
	iters: 700, epoch: 7 | loss: 0.3805245
	speed: 0.0119s/iter; left time: 1160.0096s
	iters: 800, epoch: 7 | loss: 0.4584054
	speed: 0.0117s/iter; left time: 1145.6366s
	iters: 900, epoch: 7 | loss: 0.3556585
	speed: 0.0119s/iter; left time: 1162.4423s
	iters: 1000, epoch: 7 | loss: 0.4298519
	speed: 0.0117s/iter; left time: 1145.6412s
Epoch: 7 cost time: 12.49105453491211
Epoch: 7, Steps: 1048 | Train Loss: 0.3938004 Vali Loss: 0.9449178
EarlyStopping counter: 2 out of 6
Updating learning rate to 7.8125e-06
	iters: 100, epoch: 8 | loss: 0.4184139
	speed: 0.0354s/iter; left time: 3450.4017s
	iters: 200, epoch: 8 | loss: 0.4236408
	speed: 0.0119s/iter; left time: 1159.8266s
	iters: 300, epoch: 8 | loss: 0.3618655
	speed: 0.0116s/iter; left time: 1127.5362s
	iters: 400, epoch: 8 | loss: 0.3465416
	speed: 0.0119s/iter; left time: 1158.9117s
	iters: 500, epoch: 8 | loss: 0.3882787
	speed: 0.0117s/iter; left time: 1136.8521s
	iters: 600, epoch: 8 | loss: 0.4514989
	speed: 0.0119s/iter; left time: 1155.0102s
	iters: 700, epoch: 8 | loss: 0.3389428
	speed: 0.0119s/iter; left time: 1149.5949s
	iters: 800, epoch: 8 | loss: 0.4533145
	speed: 0.0121s/iter; left time: 1164.9644s
	iters: 900, epoch: 8 | loss: 0.4140958
	speed: 0.0119s/iter; left time: 1144.9981s
	iters: 1000, epoch: 8 | loss: 0.3636615
	speed: 0.0118s/iter; left time: 1139.3756s
Epoch: 8 cost time: 12.447612762451172
Epoch: 8, Steps: 1048 | Train Loss: 0.3929442 Vali Loss: 0.9443761
Validation loss decreased (0.944419 --> 0.944376).  Saving model ...
Updating learning rate to 3.90625e-06
	iters: 100, epoch: 9 | loss: 0.4342870
	speed: 0.0356s/iter; left time: 3433.3045s
	iters: 200, epoch: 9 | loss: 0.4075436
	speed: 0.0120s/iter; left time: 1149.8323s
	iters: 300, epoch: 9 | loss: 0.4440762
	speed: 0.0118s/iter; left time: 1136.5687s
	iters: 400, epoch: 9 | loss: 0.3896427
	speed: 0.0121s/iter; left time: 1163.3848s
	iters: 500, epoch: 9 | loss: 0.3452836
	speed: 0.0117s/iter; left time: 1124.0836s
	iters: 600, epoch: 9 | loss: 0.4067292
	speed: 0.0118s/iter; left time: 1135.2454s
	iters: 700, epoch: 9 | loss: 0.3918217
	speed: 0.0121s/iter; left time: 1158.9069s
	iters: 800, epoch: 9 | loss: 0.3973253
	speed: 0.0119s/iter; left time: 1133.3279s
	iters: 900, epoch: 9 | loss: 0.3700895
	speed: 0.0119s/iter; left time: 1134.2705s
	iters: 1000, epoch: 9 | loss: 0.4438682
	speed: 0.0120s/iter; left time: 1143.2994s
Epoch: 9 cost time: 12.504841804504395
Epoch: 9, Steps: 1048 | Train Loss: 0.3928751 Vali Loss: 0.9444691
EarlyStopping counter: 1 out of 6
Updating learning rate to 1.953125e-06
	iters: 100, epoch: 10 | loss: 0.3919177
	speed: 0.0354s/iter; left time: 3369.6202s
	iters: 200, epoch: 10 | loss: 0.3910297
	speed: 0.0120s/iter; left time: 1144.8963s
	iters: 300, epoch: 10 | loss: 0.4074932
	speed: 0.0120s/iter; left time: 1141.1241s
	iters: 400, epoch: 10 | loss: 0.3834456
	speed: 0.0118s/iter; left time: 1120.9200s
	iters: 500, epoch: 10 | loss: 0.4079551
	speed: 0.0119s/iter; left time: 1124.2134s
	iters: 600, epoch: 10 | loss: 0.3984142
	speed: 0.0119s/iter; left time: 1123.1963s
	iters: 700, epoch: 10 | loss: 0.3753457
	speed: 0.0119s/iter; left time: 1125.0778s
	iters: 800, epoch: 10 | loss: 0.3567140
	speed: 0.0119s/iter; left time: 1128.8515s
	iters: 900, epoch: 10 | loss: 0.3625014
	speed: 0.0118s/iter; left time: 1115.6413s
	iters: 1000, epoch: 10 | loss: 0.4014336
	speed: 0.0118s/iter; left time: 1113.4854s
Epoch: 10 cost time: 12.43607234954834
Epoch: 10, Steps: 1048 | Train Loss: 0.3924887 Vali Loss: 0.9445718
EarlyStopping counter: 2 out of 6
Updating learning rate to 9.765625e-07
	iters: 100, epoch: 11 | loss: 0.3430933
	speed: 0.0358s/iter; left time: 3372.9354s
	iters: 200, epoch: 11 | loss: 0.3647484
	speed: 0.0120s/iter; left time: 1130.5352s
	iters: 300, epoch: 11 | loss: 0.4250990
	speed: 0.0118s/iter; left time: 1104.9027s
	iters: 400, epoch: 11 | loss: 0.3574656
	speed: 0.0119s/iter; left time: 1122.0267s
	iters: 500, epoch: 11 | loss: 0.3722828
	speed: 0.0120s/iter; left time: 1123.2327s
	iters: 600, epoch: 11 | loss: 0.3243444
	speed: 0.0117s/iter; left time: 1097.2805s
	iters: 700, epoch: 11 | loss: 0.4451958
	speed: 0.0119s/iter; left time: 1116.8383s
	iters: 800, epoch: 11 | loss: 0.3899944
	speed: 0.0119s/iter; left time: 1112.1731s
	iters: 900, epoch: 11 | loss: 0.4461186
	speed: 0.0121s/iter; left time: 1125.7252s
	iters: 1000, epoch: 11 | loss: 0.3959891
	speed: 0.0120s/iter; left time: 1120.1077s
Epoch: 11 cost time: 12.497852325439453
Epoch: 11, Steps: 1048 | Train Loss: 0.3923876 Vali Loss: 0.9445964
EarlyStopping counter: 3 out of 6
Updating learning rate to 4.8828125e-07
	iters: 100, epoch: 12 | loss: 0.3460199
	speed: 0.0347s/iter; left time: 3233.4297s
	iters: 200, epoch: 12 | loss: 0.3378390
	speed: 0.0119s/iter; left time: 1111.8848s
	iters: 300, epoch: 12 | loss: 0.4040065
	speed: 0.0119s/iter; left time: 1103.0673s
	iters: 400, epoch: 12 | loss: 0.4345242
	speed: 0.0118s/iter; left time: 1099.4257s
	iters: 500, epoch: 12 | loss: 0.3402606
	speed: 0.0122s/iter; left time: 1129.8247s
	iters: 600, epoch: 12 | loss: 0.4236138
	speed: 0.0119s/iter; left time: 1106.8862s
	iters: 700, epoch: 12 | loss: 0.4561076
	speed: 0.0118s/iter; left time: 1088.9029s
	iters: 800, epoch: 12 | loss: 0.3846124
	speed: 0.0118s/iter; left time: 1086.9987s
	iters: 900, epoch: 12 | loss: 0.3918389
	speed: 0.0118s/iter; left time: 1092.2401s
	iters: 1000, epoch: 12 | loss: 0.4301799
	speed: 0.0123s/iter; left time: 1134.6930s
Epoch: 12 cost time: 12.4988534450531
Epoch: 12, Steps: 1048 | Train Loss: 0.3925204 Vali Loss: 0.9446190
EarlyStopping counter: 4 out of 6
Updating learning rate to 2.44140625e-07
	iters: 100, epoch: 13 | loss: 0.3220322
	speed: 0.0346s/iter; left time: 3191.6611s
	iters: 200, epoch: 13 | loss: 0.3838332
	speed: 0.0120s/iter; left time: 1101.1029s
	iters: 300, epoch: 13 | loss: 0.3793076
	speed: 0.0120s/iter; left time: 1107.5259s
	iters: 400, epoch: 13 | loss: 0.3699848
	speed: 0.0120s/iter; left time: 1101.9057s
	iters: 500, epoch: 13 | loss: 0.2991661
	speed: 0.0119s/iter; left time: 1094.9971s
	iters: 600, epoch: 13 | loss: 0.4033395
	speed: 0.0119s/iter; left time: 1090.9355s
	iters: 700, epoch: 13 | loss: 0.4423465
	speed: 0.0117s/iter; left time: 1073.1294s
	iters: 800, epoch: 13 | loss: 0.3666454
	speed: 0.0117s/iter; left time: 1070.8612s
	iters: 900, epoch: 13 | loss: 0.4329883
	speed: 0.0119s/iter; left time: 1091.2324s
	iters: 1000, epoch: 13 | loss: 0.4777916
	speed: 0.0119s/iter; left time: 1087.2416s
Epoch: 13 cost time: 12.463922262191772
Epoch: 13, Steps: 1048 | Train Loss: 0.3925269 Vali Loss: 0.9446293
EarlyStopping counter: 5 out of 6
Updating learning rate to 1.220703125e-07
	iters: 100, epoch: 14 | loss: 0.4020173
	speed: 0.0347s/iter; left time: 3164.1135s
	iters: 200, epoch: 14 | loss: 0.4206781
	speed: 0.0120s/iter; left time: 1091.1278s
	iters: 300, epoch: 14 | loss: 0.3007252
	speed: 0.0121s/iter; left time: 1102.2488s
	iters: 400, epoch: 14 | loss: 0.4009841
	speed: 0.0123s/iter; left time: 1118.6647s
	iters: 500, epoch: 14 | loss: 0.4129869
	speed: 0.0121s/iter; left time: 1093.5180s
	iters: 600, epoch: 14 | loss: 0.4070413
	speed: 0.0120s/iter; left time: 1090.0286s
	iters: 700, epoch: 14 | loss: 0.4163463
	speed: 0.0122s/iter; left time: 1108.2543s
	iters: 800, epoch: 14 | loss: 0.3994708
	speed: 0.0118s/iter; left time: 1065.4461s
	iters: 900, epoch: 14 | loss: 0.4476527
	speed: 0.0121s/iter; left time: 1092.7002s
	iters: 1000, epoch: 14 | loss: 0.3660768
	speed: 0.0121s/iter; left time: 1091.9600s
Epoch: 14 cost time: 12.665432929992676
Epoch: 14, Steps: 1048 | Train Loss: 0.3924652 Vali Loss: 0.9446364
EarlyStopping counter: 6 out of 6
Early stopping
VALIDATION_RESULT {"best_epoch": 8, "best_mae": 0.6431171463458061, "best_mse": 0.944376136174928, "epochs_ran": 14, "metric_version": "element_weighted_v1"}
>>>>>>>test skipped (validation-only run)<<<<<<<<<<<<<<<<<<<<<<<<
Record: /home/cwh/Time-Series-Library/logs/timerole_ablation_multiseed/validation/ab3_ettm1_p720_gg_s2023.json

=== TimeRoleConcat | ETTm2 | H=96 | seed=2023 ===
Command: /home/cwh/Time-Series-Library/.venv/bin/python -u /home/cwh/Time-Series-Library/run.py --task_name long_term_forecast --is_training 1 --root_path /home/cwh/Time-Series-Library/dataset/ETT-small --data_path ETTm2.csv --model_id ETTm2_96_96_ab3_ettm2_p96_cat_s2023 --model TimeRoleConcat --seed 2023 --data ETTm2 --features M --target OT --seq_len 336 --label_len 48 --pred_len 96 --enc_in 7 --dec_in 7 --c_out 7 --patch_len 4 --stride 2 --d_model 64 --d_ff 128 --d_state 32 --d_conv 2 --e_layers 1 --expand 2 --mamba_version 1 --mamba_bidirectional 1 --use_graph 1 --use_time_mamba 1 --use_patch 1 --use_decomp 1 --moving_avg 25 --dual_scale_scan_mode independent_shared --periodic_period 24 --periodic_local_patch 0 --periodic_local_stride 0 --periodic_period_stride 12 --periodic_use_adapter 1 --graph_alpha 0.5 --graph_top_k 2 --graph_sample_size 2000 --graph_sample_method uniform --static_graph_mode weighted --graph_cache 0 --gc_graph_dim 16 --gc_temperature 1.0 --gc_residual_init 0.5 --gc_dynamic_graph 1 --gc_symmetric_graph 1 --gc_input_modulation 1 --gc_direction_fusion 1 --gc_parallel_residual 1 --af_hidden_dim 32 --af_rank 16 --af_mode variable_scale_residual --dropout 0.1 --batch_size 32 --learning_rate 0.0005 --lradj type1 --train_epochs 100 --patience 6 --num_workers 0 --gpu 0 --des ab3_ettm2_p96_cat_s2023 --itr 1 --test_after_train 0
Log: /home/cwh/Time-Series-Library/logs/timerole_ablation_multiseed/validation/ab3_ettm2_p96_cat_s2023.log
Using GPU
Args in experiment:
[1mBasic Config[0m
  Task Name:          long_term_forecast  Is Training:        1                   
  Model ID:           ETTm2_96_96_ab3_ettm2_p96_cat_s2023Model:              TimeRoleConcat      

[1mData Loader[0m
  Data:               ETTm2               Root Path:          /home/cwh/Time-Series-Library/dataset/ETT-small
  Data Path:          ETTm2.csv           Features:           M                   
  Target:             OT                  Freq:               h                   
  Checkpoints:        ./checkpoints/      

[1mForecasting Task[0m
  Seq Len:            336                 Label Len:          48                  
  Pred Len:           96                  Seasonal Patterns:  Monthly             
  Inverse:            0                   

[1mModel Parameters[0m
  Top k:              5                   Num Kernels:        6                   
  Enc In:             7                   Dec In:             7                   
  C Out:              7                   d model:            64                  
  n heads:            8                   e layers:           1                   
  d layers:           1                   d FF:               128                 
  Moving Avg:         25                  Factor:             1                   
  Distil:             1                   Dropout:            0.1                 
  Embed:              timeF               Activation:         gelu                

[1mRun Parameters[0m
  Num Workers:        0                   Itr:                1                   
  Train Epochs:       100                 Batch Size:         32                  
  Patience:           6                   Learning Rate:      0.0005              
  Des:                ab3_ettm2_p96_cat_s2023Loss:               MSE                 
  Lradj:              type1               Use Amp:            0                   

[1mGPU[0m
  Use GPU:            1                   GPU:                0                   
  Use Multi GPU:      0                   Devices:            0,1,2,3             

[1mDe-stationary Projector Params[0m
  P Hidden Dims:      128, 128            P Hidden Layers:    2                   

Use GPU: cuda:0
🚀 Lazy Loading: TimeRoleConcat ...
[GraphMamba] Building 7x7 static graph from 2000 training samples
>>>>>>>start training : long_term_forecast_ETTm2_96_96_ab3_ettm2_p96_cat_s2023_TimeRoleConcat_ETTm2_ftM_sl336_ll48_pl96_dm64_nh8_el1_dl1_df128_expand2_dc2_fc1_ebtimeF_dtTrue_ab3_ettm2_p96_cat_s2023_0>>>>>>>>>>>>>>>>>>>>>>>>>>
train 34129
val 11425
	iters: 100, epoch: 1 | loss: 0.2544006
	speed: 0.0136s/iter; left time: 1449.8818s
	iters: 200, epoch: 1 | loss: 0.2448892
	speed: 0.0113s/iter; left time: 1199.5590s
	iters: 300, epoch: 1 | loss: 0.3866337
	speed: 0.0112s/iter; left time: 1190.9067s
	iters: 400, epoch: 1 | loss: 0.1622495
	speed: 0.0111s/iter; left time: 1183.7943s
	iters: 500, epoch: 1 | loss: 0.2523294
	speed: 0.0112s/iter; left time: 1185.3246s
	iters: 600, epoch: 1 | loss: 0.2553587
	speed: 0.0113s/iter; left time: 1198.7560s
	iters: 700, epoch: 1 | loss: 0.1706752
	speed: 0.0111s/iter; left time: 1176.2466s
	iters: 800, epoch: 1 | loss: 0.1154417
	speed: 0.0112s/iter; left time: 1186.4251s
	iters: 900, epoch: 1 | loss: 0.2121737
	speed: 0.0113s/iter; left time: 1195.4240s
	iters: 1000, epoch: 1 | loss: 0.1574309
	speed: 0.0113s/iter; left time: 1192.2345s
Epoch: 1 cost time: 12.191734790802002
Epoch: 1, Steps: 1067 | Train Loss: 0.2407629 Vali Loss: 0.1326958
Validation loss decreased (inf --> 0.132696).  Saving model ...
Updating learning rate to 0.0005
	iters: 100, epoch: 2 | loss: 0.4673283
	speed: 0.0362s/iter; left time: 3821.4139s
	iters: 200, epoch: 2 | loss: 0.1561932
	speed: 0.0112s/iter; left time: 1177.9085s
	iters: 300, epoch: 2 | loss: 0.1070563
	speed: 0.0114s/iter; left time: 1198.4980s
	iters: 400, epoch: 2 | loss: 0.1676813
	speed: 0.0112s/iter; left time: 1183.2686s
	iters: 500, epoch: 2 | loss: 0.1963470
	speed: 0.0115s/iter; left time: 1204.7137s
	iters: 600, epoch: 2 | loss: 0.2379021
	speed: 0.0112s/iter; left time: 1180.5387s
	iters: 700, epoch: 2 | loss: 0.2764715
	speed: 0.0111s/iter; left time: 1160.2480s
	iters: 800, epoch: 2 | loss: 0.1342893
	speed: 0.0112s/iter; left time: 1172.5875s
	iters: 900, epoch: 2 | loss: 0.2000373
	speed: 0.0113s/iter; left time: 1184.8095s
	iters: 1000, epoch: 2 | loss: 0.2749207
	speed: 0.0113s/iter; left time: 1180.4836s
Epoch: 2 cost time: 12.028022050857544
Epoch: 2, Steps: 1067 | Train Loss: 0.2105838 Vali Loss: 0.1280797
Validation loss decreased (0.132696 --> 0.128080).  Saving model ...
Updating learning rate to 0.00025
	iters: 100, epoch: 3 | loss: 0.2817177
	speed: 0.0361s/iter; left time: 3772.0845s
	iters: 200, epoch: 3 | loss: 0.1315388
	speed: 0.0112s/iter; left time: 1173.4990s
	iters: 300, epoch: 3 | loss: 0.1153330
	speed: 0.0114s/iter; left time: 1184.7221s
	iters: 400, epoch: 3 | loss: 0.3687774
	speed: 0.0114s/iter; left time: 1182.5212s
	iters: 500, epoch: 3 | loss: 0.2614947
	speed: 0.0114s/iter; left time: 1189.7202s
	iters: 600, epoch: 3 | loss: 0.1347374
	speed: 0.0111s/iter; left time: 1151.3114s
	iters: 700, epoch: 3 | loss: 0.1937715
	speed: 0.0112s/iter; left time: 1163.5250s
	iters: 800, epoch: 3 | loss: 0.1255946
	speed: 0.0112s/iter; left time: 1159.1703s
	iters: 900, epoch: 3 | loss: 0.3752962
	speed: 0.0114s/iter; left time: 1182.7204s
	iters: 1000, epoch: 3 | loss: 0.1670682
	speed: 0.0111s/iter; left time: 1147.6654s
Epoch: 3 cost time: 12.017908334732056
Epoch: 3, Steps: 1067 | Train Loss: 0.1989080 Vali Loss: 0.1262124
Validation loss decreased (0.128080 --> 0.126212).  Saving model ...
Updating learning rate to 0.000125
	iters: 100, epoch: 4 | loss: 0.0968050
	speed: 0.0360s/iter; left time: 3720.5450s
	iters: 200, epoch: 4 | loss: 0.1504463
	speed: 0.0114s/iter; left time: 1175.6779s
	iters: 300, epoch: 4 | loss: 0.1593519
	speed: 0.0111s/iter; left time: 1147.6280s
	iters: 400, epoch: 4 | loss: 0.1347080
	speed: 0.0112s/iter; left time: 1153.6061s
	iters: 500, epoch: 4 | loss: 0.2345764
	speed: 0.0115s/iter; left time: 1185.2388s
	iters: 600, epoch: 4 | loss: 0.1838798
	speed: 0.0113s/iter; left time: 1162.7049s
	iters: 700, epoch: 4 | loss: 0.1591161
	speed: 0.0112s/iter; left time: 1153.4067s
	iters: 800, epoch: 4 | loss: 0.2105649
	speed: 0.0112s/iter; left time: 1149.8464s
	iters: 900, epoch: 4 | loss: 0.1361333
	speed: 0.0113s/iter; left time: 1159.1668s
	iters: 1000, epoch: 4 | loss: 0.1542106
	speed: 0.0114s/iter; left time: 1169.0089s
Epoch: 4 cost time: 12.034546852111816
Epoch: 4, Steps: 1067 | Train Loss: 0.1940734 Vali Loss: 0.1301844
EarlyStopping counter: 1 out of 6
Updating learning rate to 6.25e-05
	iters: 100, epoch: 5 | loss: 0.2834064
	speed: 0.0356s/iter; left time: 3647.5550s
	iters: 200, epoch: 5 | loss: 0.1598990
	speed: 0.0112s/iter; left time: 1143.2090s
	iters: 300, epoch: 5 | loss: 0.4117536
	speed: 0.0114s/iter; left time: 1163.0778s
	iters: 400, epoch: 5 | loss: 0.1296279
	speed: 0.0112s/iter; left time: 1139.5010s
	iters: 500, epoch: 5 | loss: 0.4473411
	speed: 0.0112s/iter; left time: 1145.4069s
	iters: 600, epoch: 5 | loss: 0.2520657
	speed: 0.0111s/iter; left time: 1133.8258s
	iters: 700, epoch: 5 | loss: 0.1476894
	speed: 0.0109s/iter; left time: 1103.8230s
	iters: 800, epoch: 5 | loss: 0.1430069
	speed: 0.0111s/iter; left time: 1128.4771s
	iters: 900, epoch: 5 | loss: 0.1185713
	speed: 0.0110s/iter; left time: 1118.3749s
	iters: 1000, epoch: 5 | loss: 0.1294381
	speed: 0.0111s/iter; left time: 1127.2448s
Epoch: 5 cost time: 11.89745545387268
Epoch: 5, Steps: 1067 | Train Loss: 0.1912456 Vali Loss: 0.1289634
EarlyStopping counter: 2 out of 6
Updating learning rate to 3.125e-05
	iters: 100, epoch: 6 | loss: 0.2113307
	speed: 0.0357s/iter; left time: 3614.4508s
	iters: 200, epoch: 6 | loss: 0.1905395
	speed: 0.0112s/iter; left time: 1130.6756s
	iters: 300, epoch: 6 | loss: 0.0991678
	speed: 0.0115s/iter; left time: 1163.8550s
	iters: 400, epoch: 6 | loss: 0.1035397
	speed: 0.0115s/iter; left time: 1158.1018s
	iters: 500, epoch: 6 | loss: 0.2095720
	speed: 0.0112s/iter; left time: 1125.9233s
	iters: 600, epoch: 6 | loss: 0.1460273
	speed: 0.0112s/iter; left time: 1132.4749s
	iters: 700, epoch: 6 | loss: 0.1594805
	speed: 0.0109s/iter; left time: 1102.0861s
	iters: 800, epoch: 6 | loss: 0.2849259
	speed: 0.0114s/iter; left time: 1145.1628s
	iters: 900, epoch: 6 | loss: 0.1967531
	speed: 0.0109s/iter; left time: 1098.8706s
	iters: 1000, epoch: 6 | loss: 0.3312317
	speed: 0.0110s/iter; left time: 1103.1740s
Epoch: 6 cost time: 11.953810453414917
Epoch: 6, Steps: 1067 | Train Loss: 0.1894822 Vali Loss: 0.1292140
EarlyStopping counter: 3 out of 6
Updating learning rate to 1.5625e-05
	iters: 100, epoch: 7 | loss: 0.3078349
	speed: 0.0350s/iter; left time: 3503.3563s
	iters: 200, epoch: 7 | loss: 0.2088026
	speed: 0.0112s/iter; left time: 1119.8235s
	iters: 300, epoch: 7 | loss: 0.0998254
	speed: 0.0111s/iter; left time: 1108.6649s
	iters: 400, epoch: 7 | loss: 0.1823664
	speed: 0.0113s/iter; left time: 1126.3756s
	iters: 500, epoch: 7 | loss: 0.2294831
	speed: 0.0115s/iter; left time: 1143.5480s
	iters: 600, epoch: 7 | loss: 0.4027320
	speed: 0.0111s/iter; left time: 1102.7676s
	iters: 700, epoch: 7 | loss: 0.2374616
	speed: 0.0113s/iter; left time: 1123.8244s
	iters: 800, epoch: 7 | loss: 0.1325224
	speed: 0.0114s/iter; left time: 1131.8920s
	iters: 900, epoch: 7 | loss: 0.1209535
	speed: 0.0115s/iter; left time: 1140.7353s
	iters: 1000, epoch: 7 | loss: 0.1475379
	speed: 0.0114s/iter; left time: 1134.3184s
Epoch: 7 cost time: 12.032642364501953
Epoch: 7, Steps: 1067 | Train Loss: 0.1886316 Vali Loss: 0.1294122
EarlyStopping counter: 4 out of 6
Updating learning rate to 7.8125e-06
	iters: 100, epoch: 8 | loss: 0.1541755
	speed: 0.0354s/iter; left time: 3511.7334s
	iters: 200, epoch: 8 | loss: 0.1325358
	speed: 0.0112s/iter; left time: 1112.2409s
	iters: 300, epoch: 8 | loss: 0.1102179
	speed: 0.0115s/iter; left time: 1136.3010s
	iters: 400, epoch: 8 | loss: 0.1560159
	speed: 0.0114s/iter; left time: 1124.2843s
	iters: 500, epoch: 8 | loss: 0.2121867
	speed: 0.0112s/iter; left time: 1103.6334s
	iters: 600, epoch: 8 | loss: 0.2346383
	speed: 0.0113s/iter; left time: 1116.2605s
	iters: 700, epoch: 8 | loss: 0.2521607
	speed: 0.0115s/iter; left time: 1134.7642s
	iters: 800, epoch: 8 | loss: 0.2056226
	speed: 0.0112s/iter; left time: 1106.8099s
	iters: 900, epoch: 8 | loss: 0.4605533
	speed: 0.0112s/iter; left time: 1102.0556s
	iters: 1000, epoch: 8 | loss: 0.1462674
	speed: 0.0114s/iter; left time: 1121.4785s
Epoch: 8 cost time: 12.101120233535767
Epoch: 8, Steps: 1067 | Train Loss: 0.1880708 Vali Loss: 0.1295254
EarlyStopping counter: 5 out of 6
Updating learning rate to 3.90625e-06
	iters: 100, epoch: 9 | loss: 0.1632750
	speed: 0.0359s/iter; left time: 3516.5868s
	iters: 200, epoch: 9 | loss: 0.1847741
	speed: 0.0110s/iter; left time: 1082.4745s
	iters: 300, epoch: 9 | loss: 0.2737164
	speed: 0.0114s/iter; left time: 1117.3964s
	iters: 400, epoch: 9 | loss: 0.1809783
	speed: 0.0112s/iter; left time: 1093.3426s
	iters: 500, epoch: 9 | loss: 0.1681232
	speed: 0.0113s/iter; left time: 1106.1837s
	iters: 600, epoch: 9 | loss: 0.4740241
	speed: 0.0114s/iter; left time: 1112.9496s
	iters: 700, epoch: 9 | loss: 0.0954279
	speed: 0.0113s/iter; left time: 1099.7931s
	iters: 800, epoch: 9 | loss: 0.1483568
	speed: 0.0116s/iter; left time: 1125.5690s
	iters: 900, epoch: 9 | loss: 0.2474772
	speed: 0.0112s/iter; left time: 1091.8399s
	iters: 1000, epoch: 9 | loss: 0.1343104
	speed: 0.0112s/iter; left time: 1090.2726s
Epoch: 9 cost time: 12.037755489349365
Epoch: 9, Steps: 1067 | Train Loss: 0.1877019 Vali Loss: 0.1297114
EarlyStopping counter: 6 out of 6
Early stopping
VALIDATION_RESULT {"best_epoch": 3, "best_mae": 0.2443863584429594, "best_mse": 0.12621238914395144, "epochs_ran": 9, "metric_version": "element_weighted_v1"}
>>>>>>>test skipped (validation-only run)<<<<<<<<<<<<<<<<<<<<<<<<
Record: /home/cwh/Time-Series-Library/logs/timerole_ablation_multiseed/validation/ab3_ettm2_p96_cat_s2023.json

=== TimeRoleNoDiff | ETTm2 | H=96 | seed=2023 ===
Command: /home/cwh/Time-Series-Library/.venv/bin/python -u /home/cwh/Time-Series-Library/run.py --task_name long_term_forecast --is_training 1 --root_path /home/cwh/Time-Series-Library/dataset/ETT-small --data_path ETTm2.csv --model_id ETTm2_96_96_ab3_ettm2_p96_nd_s2023 --model TimeRoleNoDiff --seed 2023 --data ETTm2 --features M --target OT --seq_len 336 --label_len 48 --pred_len 96 --enc_in 7 --dec_in 7 --c_out 7 --patch_len 4 --stride 2 --d_model 64 --d_ff 128 --d_state 32 --d_conv 2 --e_layers 1 --expand 2 --mamba_version 1 --mamba_bidirectional 1 --use_graph 1 --use_time_mamba 1 --use_patch 1 --use_decomp 1 --moving_avg 25 --dual_scale_scan_mode independent_shared --periodic_period 24 --periodic_local_patch 0 --periodic_local_stride 0 --periodic_period_stride 12 --periodic_use_adapter 1 --graph_alpha 0.5 --graph_top_k 2 --graph_sample_size 2000 --graph_sample_method uniform --static_graph_mode weighted --graph_cache 0 --gc_graph_dim 16 --gc_temperature 1.0 --gc_residual_init 0.5 --gc_dynamic_graph 1 --gc_symmetric_graph 1 --gc_input_modulation 1 --gc_direction_fusion 1 --gc_parallel_residual 1 --af_hidden_dim 32 --af_rank 16 --af_mode variable_scale_residual --dropout 0.1 --batch_size 32 --learning_rate 0.0005 --lradj type1 --train_epochs 100 --patience 6 --num_workers 0 --gpu 0 --des ab3_ettm2_p96_nd_s2023 --itr 1 --test_after_train 0
Log: /home/cwh/Time-Series-Library/logs/timerole_ablation_multiseed/validation/ab3_ettm2_p96_nd_s2023.log
Using GPU
Args in experiment:
[1mBasic Config[0m
  Task Name:          long_term_forecast  Is Training:        1                   
  Model ID:           ETTm2_96_96_ab3_ettm2_p96_nd_s2023Model:              TimeRoleNoDiff      

[1mData Loader[0m
  Data:               ETTm2               Root Path:          /home/cwh/Time-Series-Library/dataset/ETT-small
  Data Path:          ETTm2.csv           Features:           M                   
  Target:             OT                  Freq:               h                   
  Checkpoints:        ./checkpoints/      

[1mForecasting Task[0m
  Seq Len:            336                 Label Len:          48                  
  Pred Len:           96                  Seasonal Patterns:  Monthly             
  Inverse:            0                   

[1mModel Parameters[0m
  Top k:              5                   Num Kernels:        6                   
  Enc In:             7                   Dec In:             7                   
  C Out:              7                   d model:            64                  
  n heads:            8                   e layers:           1                   
  d layers:           1                   d FF:               128                 
  Moving Avg:         25                  Factor:             1                   
  Distil:             1                   Dropout:            0.1                 
  Embed:              timeF               Activation:         gelu                

[1mRun Parameters[0m
  Num Workers:        0                   Itr:                1                   
  Train Epochs:       100                 Batch Size:         32                  
  Patience:           6                   Learning Rate:      0.0005              
  Des:                ab3_ettm2_p96_nd_s2023Loss:               MSE                 
  Lradj:              type1               Use Amp:            0                   

[1mGPU[0m
  Use GPU:            1                   GPU:                0                   
  Use Multi GPU:      0                   Devices:            0,1,2,3             

[1mDe-stationary Projector Params[0m
  P Hidden Dims:      128, 128            P Hidden Layers:    2                   

Use GPU: cuda:0
🚀 Lazy Loading: TimeRoleNoDiff ...
[GraphMamba] Building 7x7 static graph from 2000 training samples
>>>>>>>start training : long_term_forecast_ETTm2_96_96_ab3_ettm2_p96_nd_s2023_TimeRoleNoDiff_ETTm2_ftM_sl336_ll48_pl96_dm64_nh8_el1_dl1_df128_expand2_dc2_fc1_ebtimeF_dtTrue_ab3_ettm2_p96_nd_s2023_0>>>>>>>>>>>>>>>>>>>>>>>>>>
train 34129
val 11425
	iters: 100, epoch: 1 | loss: 0.2542755
	speed: 0.0134s/iter; left time: 1427.3505s
	iters: 200, epoch: 1 | loss: 0.2553009
	speed: 0.0111s/iter; left time: 1181.4355s
	iters: 300, epoch: 1 | loss: 0.3666571
	speed: 0.0112s/iter; left time: 1193.9313s
	iters: 400, epoch: 1 | loss: 0.1528929
	speed: 0.0109s/iter; left time: 1157.5989s
	iters: 500, epoch: 1 | loss: 0.2478981
	speed: 0.0112s/iter; left time: 1191.1577s
	iters: 600, epoch: 1 | loss: 0.2561619
	speed: 0.0109s/iter; left time: 1151.4478s
	iters: 700, epoch: 1 | loss: 0.1654924
	speed: 0.0112s/iter; left time: 1187.3066s
	iters: 800, epoch: 1 | loss: 0.1135402
	speed: 0.0110s/iter; left time: 1160.1442s
	iters: 900, epoch: 1 | loss: 0.2148512
	speed: 0.0110s/iter; left time: 1168.6089s
	iters: 1000, epoch: 1 | loss: 0.1535798
	speed: 0.0112s/iter; left time: 1182.3992s
Epoch: 1 cost time: 12.071223258972168
Epoch: 1, Steps: 1067 | Train Loss: 0.2403313 Vali Loss: 0.1312444
Validation loss decreased (inf --> 0.131244).  Saving model ...
Updating learning rate to 0.0005
	iters: 100, epoch: 2 | loss: 0.4639513
	speed: 0.0349s/iter; left time: 3683.8064s
	iters: 200, epoch: 2 | loss: 0.1385352
	speed: 0.0113s/iter; left time: 1188.8941s
	iters: 300, epoch: 2 | loss: 0.1097685
	speed: 0.0111s/iter; left time: 1173.6795s
	iters: 400, epoch: 2 | loss: 0.1740714
	speed: 0.0111s/iter; left time: 1166.6406s
	iters: 500, epoch: 2 | loss: 0.2102668
	speed: 0.0110s/iter; left time: 1161.5460s
	iters: 600, epoch: 2 | loss: 0.2391300
	speed: 0.0111s/iter; left time: 1162.8980s
	iters: 700, epoch: 2 | loss: 0.2814517
	speed: 0.0113s/iter; left time: 1188.7808s
	iters: 800, epoch: 2 | loss: 0.1309297
	speed: 0.0111s/iter; left time: 1162.0187s
	iters: 900, epoch: 2 | loss: 0.1895411
	speed: 0.0111s/iter; left time: 1157.7240s
	iters: 1000, epoch: 2 | loss: 0.2764786
	speed: 0.0112s/iter; left time: 1172.3023s
Epoch: 2 cost time: 11.876157999038696
Epoch: 2, Steps: 1067 | Train Loss: 0.2132684 Vali Loss: 0.1259496
Validation loss decreased (0.131244 --> 0.125950).  Saving model ...
Updating learning rate to 0.00025
	iters: 100, epoch: 3 | loss: 0.2900100
	speed: 0.0351s/iter; left time: 3663.4193s
	iters: 200, epoch: 3 | loss: 0.1420439
	speed: 0.0113s/iter; left time: 1175.0860s
	iters: 300, epoch: 3 | loss: 0.1140510
	speed: 0.0112s/iter; left time: 1162.5800s
	iters: 400, epoch: 3 | loss: 0.3830326
	speed: 0.0110s/iter; left time: 1148.8392s
	iters: 500, epoch: 3 | loss: 0.2595032
	speed: 0.0111s/iter; left time: 1151.3966s
	iters: 600, epoch: 3 | loss: 0.1308917
	speed: 0.0110s/iter; left time: 1139.8469s
	iters: 700, epoch: 3 | loss: 0.1921186
	speed: 0.0110s/iter; left time: 1145.2495s
	iters: 800, epoch: 3 | loss: 0.1220632
	speed: 0.0109s/iter; left time: 1128.8410s
	iters: 900, epoch: 3 | loss: 0.4002037
	speed: 0.0111s/iter; left time: 1150.5817s
	iters: 1000, epoch: 3 | loss: 0.1696943
	speed: 0.0109s/iter; left time: 1131.7043s
Epoch: 3 cost time: 11.781240463256836
Epoch: 3, Steps: 1067 | Train Loss: 0.2014430 Vali Loss: 0.1251707
Validation loss decreased (0.125950 --> 0.125171).  Saving model ...
Updating learning rate to 0.000125
	iters: 100, epoch: 4 | loss: 0.0983958
	speed: 0.0346s/iter; left time: 3581.7619s
	iters: 200, epoch: 4 | loss: 0.1523642
	speed: 0.0111s/iter; left time: 1146.6900s
	iters: 300, epoch: 4 | loss: 0.1530301
	speed: 0.0112s/iter; left time: 1150.9477s
	iters: 400, epoch: 4 | loss: 0.1407654
	speed: 0.0114s/iter; left time: 1175.3858s
	iters: 500, epoch: 4 | loss: 0.2525465
	speed: 0.0114s/iter; left time: 1170.6811s
	iters: 600, epoch: 4 | loss: 0.1834334
	speed: 0.0111s/iter; left time: 1141.9026s
	iters: 700, epoch: 4 | loss: 0.1530714
	speed: 0.0114s/iter; left time: 1174.0632s
	iters: 800, epoch: 4 | loss: 0.2140127
	speed: 0.0114s/iter; left time: 1165.9146s
	iters: 900, epoch: 4 | loss: 0.1425310
	speed: 0.0112s/iter; left time: 1149.8148s
	iters: 1000, epoch: 4 | loss: 0.1628019
	speed: 0.0113s/iter; left time: 1160.6299s
Epoch: 4 cost time: 12.006980180740356
Epoch: 4, Steps: 1067 | Train Loss: 0.1957007 Vali Loss: 0.1315932
EarlyStopping counter: 1 out of 6
Updating learning rate to 6.25e-05
	iters: 100, epoch: 5 | loss: 0.2866607
	speed: 0.0355s/iter; left time: 3632.9961s
	iters: 200, epoch: 5 | loss: 0.1589516
	speed: 0.0108s/iter; left time: 1105.9931s
	iters: 300, epoch: 5 | loss: 0.4364786
	speed: 0.0111s/iter; left time: 1131.2519s
	iters: 400, epoch: 5 | loss: 0.1269191
	speed: 0.0114s/iter; left time: 1159.6130s
	iters: 500, epoch: 5 | loss: 0.4636824
	speed: 0.0111s/iter; left time: 1132.8638s
	iters: 600, epoch: 5 | loss: 0.2555184
	speed: 0.0113s/iter; left time: 1155.1883s
	iters: 700, epoch: 5 | loss: 0.1473354
	speed: 0.0115s/iter; left time: 1168.6771s
	iters: 800, epoch: 5 | loss: 0.1490528
	speed: 0.0113s/iter; left time: 1148.5688s
	iters: 900, epoch: 5 | loss: 0.1173242
	speed: 0.0112s/iter; left time: 1132.9894s
	iters: 1000, epoch: 5 | loss: 0.1320665
	speed: 0.0112s/iter; left time: 1133.7373s
Epoch: 5 cost time: 11.922582149505615
Epoch: 5, Steps: 1067 | Train Loss: 0.1926305 Vali Loss: 0.1290570
EarlyStopping counter: 2 out of 6
Updating learning rate to 3.125e-05
	iters: 100, epoch: 6 | loss: 0.2159151
	speed: 0.0355s/iter; left time: 3592.2215s
	iters: 200, epoch: 6 | loss: 0.1959102
	speed: 0.0110s/iter; left time: 1115.4140s
	iters: 300, epoch: 6 | loss: 0.0976116
	speed: 0.0110s/iter; left time: 1112.3042s
	iters: 400, epoch: 6 | loss: 0.1018204
	speed: 0.0110s/iter; left time: 1109.9950s
	iters: 500, epoch: 6 | loss: 0.2172504
	speed: 0.0110s/iter; left time: 1111.5404s
	iters: 600, epoch: 6 | loss: 0.1546631
	speed: 0.0111s/iter; left time: 1116.0486s
	iters: 700, epoch: 6 | loss: 0.1655511
	speed: 0.0114s/iter; left time: 1145.8083s
	iters: 800, epoch: 6 | loss: 0.2853599
	speed: 0.0111s/iter; left time: 1117.1775s
	iters: 900, epoch: 6 | loss: 0.2144845
	speed: 0.0112s/iter; left time: 1129.4547s
	iters: 1000, epoch: 6 | loss: 0.3340539
	speed: 0.0112s/iter; left time: 1122.6839s
Epoch: 6 cost time: 11.884045362472534
Epoch: 6, Steps: 1067 | Train Loss: 0.1907974 Vali Loss: 0.1306875
EarlyStopping counter: 3 out of 6
Updating learning rate to 1.5625e-05
	iters: 100, epoch: 7 | loss: 0.3090079
	speed: 0.0347s/iter; left time: 3472.6234s
	iters: 200, epoch: 7 | loss: 0.2075395
	speed: 0.0112s/iter; left time: 1116.9602s
	iters: 300, epoch: 7 | loss: 0.0985056
	speed: 0.0110s/iter; left time: 1101.3031s
	iters: 400, epoch: 7 | loss: 0.1794959
	speed: 0.0110s/iter; left time: 1099.5094s
	iters: 500, epoch: 7 | loss: 0.2278306
	speed: 0.0110s/iter; left time: 1094.4216s
	iters: 600, epoch: 7 | loss: 0.4184736
	speed: 0.0113s/iter; left time: 1121.6477s
	iters: 700, epoch: 7 | loss: 0.2400116
	speed: 0.0108s/iter; left time: 1077.7683s
	iters: 800, epoch: 7 | loss: 0.1198448
	speed: 0.0109s/iter; left time: 1088.9972s
	iters: 900, epoch: 7 | loss: 0.1154369
	speed: 0.0112s/iter; left time: 1117.5349s
	iters: 1000, epoch: 7 | loss: 0.1450096
	speed: 0.0111s/iter; left time: 1102.2964s
Epoch: 7 cost time: 11.78676724433899
Epoch: 7, Steps: 1067 | Train Loss: 0.1899365 Vali Loss: 0.1309068
EarlyStopping counter: 4 out of 6
Updating learning rate to 7.8125e-06
	iters: 100, epoch: 8 | loss: 0.1636927
	speed: 0.0347s/iter; left time: 3438.2168s
	iters: 200, epoch: 8 | loss: 0.1329281
	speed: 0.0112s/iter; left time: 1111.7694s
	iters: 300, epoch: 8 | loss: 0.1172898
	speed: 0.0109s/iter; left time: 1079.1194s
	iters: 400, epoch: 8 | loss: 0.1425848
	speed: 0.0111s/iter; left time: 1098.7548s
	iters: 500, epoch: 8 | loss: 0.2152334
	speed: 0.0111s/iter; left time: 1099.5629s
	iters: 600, epoch: 8 | loss: 0.2209510
	speed: 0.0111s/iter; left time: 1097.7202s
	iters: 700, epoch: 8 | loss: 0.2524501
	speed: 0.0111s/iter; left time: 1093.1645s
	iters: 800, epoch: 8 | loss: 0.2103379
	speed: 0.0109s/iter; left time: 1074.7423s
	iters: 900, epoch: 8 | loss: 0.4668069
	speed: 0.0109s/iter; left time: 1075.0371s
	iters: 1000, epoch: 8 | loss: 0.1379222
	speed: 0.0112s/iter; left time: 1096.8700s
Epoch: 8 cost time: 11.800337076187134
Epoch: 8, Steps: 1067 | Train Loss: 0.1894403 Vali Loss: 0.1313335
EarlyStopping counter: 5 out of 6
Updating learning rate to 3.90625e-06
	iters: 100, epoch: 9 | loss: 0.1696412
	speed: 0.0355s/iter; left time: 3482.4931s
	iters: 200, epoch: 9 | loss: 0.1855800
	speed: 0.0108s/iter; left time: 1057.1652s
	iters: 300, epoch: 9 | loss: 0.2817996
	speed: 0.0110s/iter; left time: 1071.6558s
	iters: 400, epoch: 9 | loss: 0.1810785
	speed: 0.0107s/iter; left time: 1047.6711s
	iters: 500, epoch: 9 | loss: 0.1668822
	speed: 0.0112s/iter; left time: 1089.7066s
	iters: 600, epoch: 9 | loss: 0.4756986
	speed: 0.0108s/iter; left time: 1053.2600s
	iters: 700, epoch: 9 | loss: 0.1011349
	speed: 0.0110s/iter; left time: 1076.4975s
	iters: 800, epoch: 9 | loss: 0.1577440
	speed: 0.0110s/iter; left time: 1068.1622s
	iters: 900, epoch: 9 | loss: 0.2480782
	speed: 0.0112s/iter; left time: 1085.9966s
	iters: 1000, epoch: 9 | loss: 0.1312765
	speed: 0.0111s/iter; left time: 1075.6477s
Epoch: 9 cost time: 11.727336645126343
Epoch: 9, Steps: 1067 | Train Loss: 0.1889859 Vali Loss: 0.1316470
EarlyStopping counter: 6 out of 6
Early stopping
VALIDATION_RESULT {"best_epoch": 3, "best_mae": 0.2430951537680499, "best_mse": 0.1251707215113877, "epochs_ran": 9, "metric_version": "element_weighted_v1"}
>>>>>>>test skipped (validation-only run)<<<<<<<<<<<<<<<<<<<<<<<<
Record: /home/cwh/Time-Series-Library/logs/timerole_ablation_multiseed/validation/ab3_ettm2_p96_nd_s2023.json

=== TimeRoleGlobalGate | ETTm2 | H=96 | seed=2023 ===
Command: /home/cwh/Time-Series-Library/.venv/bin/python -u /home/cwh/Time-Series-Library/run.py --task_name long_term_forecast --is_training 1 --root_path /home/cwh/Time-Series-Library/dataset/ETT-small --data_path ETTm2.csv --model_id ETTm2_96_96_ab3_ettm2_p96_gg_s2023 --model TimeRoleGlobalGate --seed 2023 --data ETTm2 --features M --target OT --seq_len 336 --label_len 48 --pred_len 96 --enc_in 7 --dec_in 7 --c_out 7 --patch_len 4 --stride 2 --d_model 64 --d_ff 128 --d_state 32 --d_conv 2 --e_layers 1 --expand 2 --mamba_version 1 --mamba_bidirectional 1 --use_graph 1 --use_time_mamba 1 --use_patch 1 --use_decomp 1 --moving_avg 25 --dual_scale_scan_mode independent_shared --periodic_period 24 --periodic_local_patch 0 --periodic_local_stride 0 --periodic_period_stride 12 --periodic_use_adapter 1 --graph_alpha 0.5 --graph_top_k 2 --graph_sample_size 2000 --graph_sample_method uniform --static_graph_mode weighted --graph_cache 0 --gc_graph_dim 16 --gc_temperature 1.0 --gc_residual_init 0.5 --gc_dynamic_graph 1 --gc_symmetric_graph 1 --gc_input_modulation 1 --gc_direction_fusion 1 --gc_parallel_residual 1 --af_hidden_dim 32 --af_rank 16 --af_mode variable_scale_residual --dropout 0.1 --batch_size 32 --learning_rate 0.0005 --lradj type1 --train_epochs 100 --patience 6 --num_workers 0 --gpu 0 --des ab3_ettm2_p96_gg_s2023 --itr 1 --test_after_train 0
Log: /home/cwh/Time-Series-Library/logs/timerole_ablation_multiseed/validation/ab3_ettm2_p96_gg_s2023.log
Using GPU
Args in experiment:
[1mBasic Config[0m
  Task Name:          long_term_forecast  Is Training:        1                   
  Model ID:           ETTm2_96_96_ab3_ettm2_p96_gg_s2023Model:              TimeRoleGlobalGate  

[1mData Loader[0m
  Data:               ETTm2               Root Path:          /home/cwh/Time-Series-Library/dataset/ETT-small
  Data Path:          ETTm2.csv           Features:           M                   
  Target:             OT                  Freq:               h                   
  Checkpoints:        ./checkpoints/      

[1mForecasting Task[0m
  Seq Len:            336                 Label Len:          48                  
  Pred Len:           96                  Seasonal Patterns:  Monthly             
  Inverse:            0                   

[1mModel Parameters[0m
  Top k:              5                   Num Kernels:        6                   
  Enc In:             7                   Dec In:             7                   
  C Out:              7                   d model:            64                  
  n heads:            8                   e layers:           1                   
  d layers:           1                   d FF:               128                 
  Moving Avg:         25                  Factor:             1                   
  Distil:             1                   Dropout:            0.1                 
  Embed:              timeF               Activation:         gelu                

[1mRun Parameters[0m
  Num Workers:        0                   Itr:                1                   
  Train Epochs:       100                 Batch Size:         32                  
  Patience:           6                   Learning Rate:      0.0005              
  Des:                ab3_ettm2_p96_gg_s2023Loss:               MSE                 
  Lradj:              type1               Use Amp:            0                   

[1mGPU[0m
  Use GPU:            1                   GPU:                0                   
  Use Multi GPU:      0                   Devices:            0,1,2,3             

[1mDe-stationary Projector Params[0m
  P Hidden Dims:      128, 128            P Hidden Layers:    2                   

Use GPU: cuda:0
🚀 Lazy Loading: TimeRoleGlobalGate ...
[GraphMamba] Building 7x7 static graph from 2000 training samples
>>>>>>>start training : long_term_forecast_ETTm2_96_96_ab3_ettm2_p96_gg_s2023_TimeRoleGlobalGate_ETTm2_ftM_sl336_ll48_pl96_dm64_nh8_el1_dl1_df128_expand2_dc2_fc1_ebtimeF_dtTrue_ab3_ettm2_p96_gg_s2023_0>>>>>>>>>>>>>>>>>>>>>>>>>>
train 34129
val 11425
	iters: 100, epoch: 1 | loss: 0.2546058
	speed: 0.0138s/iter; left time: 1466.7049s
	iters: 200, epoch: 1 | loss: 0.2438360
	speed: 0.0116s/iter; left time: 1233.9986s
	iters: 300, epoch: 1 | loss: 0.3855645
	speed: 0.0115s/iter; left time: 1224.5223s
	iters: 400, epoch: 1 | loss: 0.1599081
	speed: 0.0114s/iter; left time: 1210.8466s
	iters: 500, epoch: 1 | loss: 0.2552643
	speed: 0.0113s/iter; left time: 1200.0524s
	iters: 600, epoch: 1 | loss: 0.2569894
	speed: 0.0118s/iter; left time: 1252.0705s
	iters: 700, epoch: 1 | loss: 0.1656934
	speed: 0.0116s/iter; left time: 1224.4121s
	iters: 800, epoch: 1 | loss: 0.1179164
	speed: 0.0115s/iter; left time: 1221.1788s
	iters: 900, epoch: 1 | loss: 0.2094569
	speed: 0.0115s/iter; left time: 1213.6738s
	iters: 1000, epoch: 1 | loss: 0.1602717
	speed: 0.0116s/iter; left time: 1223.5430s
Epoch: 1 cost time: 12.528514385223389
Epoch: 1, Steps: 1067 | Train Loss: 0.2389670 Vali Loss: 0.1285025
Validation loss decreased (inf --> 0.128502).  Saving model ...
Updating learning rate to 0.0005
	iters: 100, epoch: 2 | loss: 0.4470572
	speed: 0.0363s/iter; left time: 3834.1613s
	iters: 200, epoch: 2 | loss: 0.1464857
	speed: 0.0115s/iter; left time: 1217.6154s
	iters: 300, epoch: 2 | loss: 0.1048295
	speed: 0.0117s/iter; left time: 1228.0281s
	iters: 400, epoch: 2 | loss: 0.1664056
	speed: 0.0114s/iter; left time: 1199.8268s
	iters: 500, epoch: 2 | loss: 0.1898569
	speed: 0.0113s/iter; left time: 1191.2631s
	iters: 600, epoch: 2 | loss: 0.2441506
	speed: 0.0113s/iter; left time: 1190.6547s
	iters: 700, epoch: 2 | loss: 0.2806031
	speed: 0.0113s/iter; left time: 1182.4982s
	iters: 800, epoch: 2 | loss: 0.1329660
	speed: 0.0113s/iter; left time: 1187.7814s
	iters: 900, epoch: 2 | loss: 0.1847477
	speed: 0.0113s/iter; left time: 1186.1265s
	iters: 1000, epoch: 2 | loss: 0.2551477
	speed: 0.0114s/iter; left time: 1191.2456s
Epoch: 2 cost time: 12.18615174293518
Epoch: 2, Steps: 1067 | Train Loss: 0.2073471 Vali Loss: 0.1276582
Validation loss decreased (0.128502 --> 0.127658).  Saving model ...
Updating learning rate to 0.00025
	iters: 100, epoch: 3 | loss: 0.2784531
	speed: 0.0368s/iter; left time: 3839.5911s
	iters: 200, epoch: 3 | loss: 0.1388005
	speed: 0.0113s/iter; left time: 1180.0818s
	iters: 300, epoch: 3 | loss: 0.1177723
	speed: 0.0111s/iter; left time: 1154.9542s
	iters: 400, epoch: 3 | loss: 0.3716195
	speed: 0.0115s/iter; left time: 1197.1897s
	iters: 500, epoch: 3 | loss: 0.2524743
	speed: 0.0117s/iter; left time: 1218.2053s
	iters: 600, epoch: 3 | loss: 0.1308424
	speed: 0.0113s/iter; left time: 1179.4375s
	iters: 700, epoch: 3 | loss: 0.1860609
	speed: 0.0114s/iter; left time: 1182.0463s
	iters: 800, epoch: 3 | loss: 0.1304825
	speed: 0.0116s/iter; left time: 1206.6579s
	iters: 900, epoch: 3 | loss: 0.3749681
	speed: 0.0115s/iter; left time: 1194.7463s
	iters: 1000, epoch: 3 | loss: 0.1667366
	speed: 0.0117s/iter; left time: 1210.8502s
Epoch: 3 cost time: 12.227009773254395
Epoch: 3, Steps: 1067 | Train Loss: 0.1962827 Vali Loss: 0.1259493
Validation loss decreased (0.127658 --> 0.125949).  Saving model ...
Updating learning rate to 0.000125
	iters: 100, epoch: 4 | loss: 0.1013534
	speed: 0.0356s/iter; left time: 3682.4673s
	iters: 200, epoch: 4 | loss: 0.1492518
	speed: 0.0113s/iter; left time: 1172.1801s
	iters: 300, epoch: 4 | loss: 0.1577601
	speed: 0.0111s/iter; left time: 1149.4916s
	iters: 400, epoch: 4 | loss: 0.1348598
	speed: 0.0112s/iter; left time: 1154.4731s
	iters: 500, epoch: 4 | loss: 0.2384885
	speed: 0.0114s/iter; left time: 1172.1481s
	iters: 600, epoch: 4 | loss: 0.1820476
	speed: 0.0112s/iter; left time: 1156.3674s
	iters: 700, epoch: 4 | loss: 0.1553664
	speed: 0.0119s/iter; left time: 1224.0808s
	iters: 800, epoch: 4 | loss: 0.2090976
	speed: 0.0112s/iter; left time: 1152.2710s
	iters: 900, epoch: 4 | loss: 0.1335979
	speed: 0.0116s/iter; left time: 1186.8355s
	iters: 1000, epoch: 4 | loss: 0.1596448
	speed: 0.0115s/iter; left time: 1177.4507s
Epoch: 4 cost time: 12.154775142669678
Epoch: 4, Steps: 1067 | Train Loss: 0.1910435 Vali Loss: 0.1306777
EarlyStopping counter: 1 out of 6
Updating learning rate to 6.25e-05
	iters: 100, epoch: 5 | loss: 0.2742987
	speed: 0.0364s/iter; left time: 3723.7029s
	iters: 200, epoch: 5 | loss: 0.1580263
	speed: 0.0115s/iter; left time: 1170.7570s
	iters: 300, epoch: 5 | loss: 0.4082772
	speed: 0.0113s/iter; left time: 1156.2113s
	iters: 400, epoch: 5 | loss: 0.1243217
	speed: 0.0116s/iter; left time: 1185.9756s
	iters: 500, epoch: 5 | loss: 0.4421643
	speed: 0.0115s/iter; left time: 1168.9888s
	iters: 600, epoch: 5 | loss: 0.2505929
	speed: 0.0117s/iter; left time: 1189.4874s
	iters: 700, epoch: 5 | loss: 0.1478295
	speed: 0.0114s/iter; left time: 1159.7376s
	iters: 800, epoch: 5 | loss: 0.1437881
	speed: 0.0116s/iter; left time: 1181.6410s
	iters: 900, epoch: 5 | loss: 0.1196074
	speed: 0.0117s/iter; left time: 1183.4326s
	iters: 1000, epoch: 5 | loss: 0.1286310
	speed: 0.0116s/iter; left time: 1174.5806s
Epoch: 5 cost time: 12.319600343704224
Epoch: 5, Steps: 1067 | Train Loss: 0.1879449 Vali Loss: 0.1289034
EarlyStopping counter: 2 out of 6
Updating learning rate to 3.125e-05
	iters: 100, epoch: 6 | loss: 0.2097340
	speed: 0.0363s/iter; left time: 3674.3813s
	iters: 200, epoch: 6 | loss: 0.1775673
	speed: 0.0114s/iter; left time: 1155.3936s
	iters: 300, epoch: 6 | loss: 0.0943832
	speed: 0.0112s/iter; left time: 1134.3935s
	iters: 400, epoch: 6 | loss: 0.1023243
	speed: 0.0115s/iter; left time: 1156.6603s
	iters: 500, epoch: 6 | loss: 0.2133094
	speed: 0.0113s/iter; left time: 1142.7826s
	iters: 600, epoch: 6 | loss: 0.1443471
	speed: 0.0115s/iter; left time: 1160.2470s
	iters: 700, epoch: 6 | loss: 0.1658695
	speed: 0.0113s/iter; left time: 1134.7186s
	iters: 800, epoch: 6 | loss: 0.2647791
	speed: 0.0114s/iter; left time: 1145.9840s
	iters: 900, epoch: 6 | loss: 0.1772185
	speed: 0.0115s/iter; left time: 1158.0797s
	iters: 1000, epoch: 6 | loss: 0.3154995
	speed: 0.0116s/iter; left time: 1162.5479s
Epoch: 6 cost time: 12.184573888778687
Epoch: 6, Steps: 1067 | Train Loss: 0.1860177 Vali Loss: 0.1297881
EarlyStopping counter: 3 out of 6
Updating learning rate to 1.5625e-05
	iters: 100, epoch: 7 | loss: 0.2898052
	speed: 0.0357s/iter; left time: 3577.7218s
	iters: 200, epoch: 7 | loss: 0.2180770
	speed: 0.0113s/iter; left time: 1127.3106s
	iters: 300, epoch: 7 | loss: 0.1025676
	speed: 0.0116s/iter; left time: 1158.9166s
	iters: 400, epoch: 7 | loss: 0.1839542
	speed: 0.0115s/iter; left time: 1149.2985s
	iters: 500, epoch: 7 | loss: 0.2347726
	speed: 0.0113s/iter; left time: 1131.5425s
	iters: 600, epoch: 7 | loss: 0.3939111
	speed: 0.0118s/iter; left time: 1173.9189s
	iters: 700, epoch: 7 | loss: 0.2248097
	speed: 0.0114s/iter; left time: 1137.4571s
	iters: 800, epoch: 7 | loss: 0.1239583
	speed: 0.0115s/iter; left time: 1147.1102s
	iters: 900, epoch: 7 | loss: 0.1186610
	speed: 0.0116s/iter; left time: 1149.3886s
	iters: 1000, epoch: 7 | loss: 0.1473213
	speed: 0.0117s/iter; left time: 1161.2299s
Epoch: 7 cost time: 12.257872343063354
Epoch: 7, Steps: 1067 | Train Loss: 0.1852215 Vali Loss: 0.1302970
EarlyStopping counter: 4 out of 6
Updating learning rate to 7.8125e-06
	iters: 100, epoch: 8 | loss: 0.1561386
	speed: 0.0358s/iter; left time: 3553.7262s
	iters: 200, epoch: 8 | loss: 0.1349835
	speed: 0.0114s/iter; left time: 1129.5422s
	iters: 300, epoch: 8 | loss: 0.1118394
	speed: 0.0115s/iter; left time: 1134.0354s
	iters: 400, epoch: 8 | loss: 0.1416251
	speed: 0.0114s/iter; left time: 1130.8691s
	iters: 500, epoch: 8 | loss: 0.2099330
	speed: 0.0114s/iter; left time: 1123.6507s
	iters: 600, epoch: 8 | loss: 0.2069928
	speed: 0.0113s/iter; left time: 1118.7028s
	iters: 700, epoch: 8 | loss: 0.2538599
	speed: 0.0116s/iter; left time: 1140.5138s
	iters: 800, epoch: 8 | loss: 0.2117869
	speed: 0.0115s/iter; left time: 1131.2943s
	iters: 900, epoch: 8 | loss: 0.4545739
	speed: 0.0116s/iter; left time: 1142.6483s
	iters: 1000, epoch: 8 | loss: 0.1376352
	speed: 0.0119s/iter; left time: 1168.8058s
Epoch: 8 cost time: 12.303424596786499
Epoch: 8, Steps: 1067 | Train Loss: 0.1847323 Vali Loss: 0.1304580
EarlyStopping counter: 5 out of 6
Updating learning rate to 3.90625e-06
	iters: 100, epoch: 9 | loss: 0.1684141
	speed: 0.0369s/iter; left time: 3616.6753s
	iters: 200, epoch: 9 | loss: 0.1835321
	speed: 0.0117s/iter; left time: 1143.9539s
	iters: 300, epoch: 9 | loss: 0.2638007
	speed: 0.0113s/iter; left time: 1109.7469s
	iters: 400, epoch: 9 | loss: 0.1796738
	speed: 0.0114s/iter; left time: 1110.7189s
	iters: 500, epoch: 9 | loss: 0.1653277
	speed: 0.0116s/iter; left time: 1136.1021s
	iters: 600, epoch: 9 | loss: 0.4561660
	speed: 0.0116s/iter; left time: 1130.8913s
	iters: 700, epoch: 9 | loss: 0.0971755
	speed: 0.0114s/iter; left time: 1109.2753s
	iters: 800, epoch: 9 | loss: 0.1490224
	speed: 0.0112s/iter; left time: 1093.6099s
	iters: 900, epoch: 9 | loss: 0.2436799
	speed: 0.0115s/iter; left time: 1116.7713s
	iters: 1000, epoch: 9 | loss: 0.1292091
	speed: 0.0112s/iter; left time: 1090.2592s
Epoch: 9 cost time: 12.243032693862915
Epoch: 9, Steps: 1067 | Train Loss: 0.1843700 Vali Loss: 0.1306400
EarlyStopping counter: 6 out of 6
Early stopping
VALIDATION_RESULT {"best_epoch": 3, "best_mae": 0.24300985112517678, "best_mse": 0.1259492526422556, "epochs_ran": 9, "metric_version": "element_weighted_v1"}
>>>>>>>test skipped (validation-only run)<<<<<<<<<<<<<<<<<<<<<<<<
Record: /home/cwh/Time-Series-Library/logs/timerole_ablation_multiseed/validation/ab3_ettm2_p96_gg_s2023.json

=== TimeRoleConcat | ETTm2 | H=720 | seed=2023 ===
Command: /home/cwh/Time-Series-Library/.venv/bin/python -u /home/cwh/Time-Series-Library/run.py --task_name long_term_forecast --is_training 1 --root_path /home/cwh/Time-Series-Library/dataset/ETT-small --data_path ETTm2.csv --model_id ETTm2_96_720_ab3_ettm2_p720_cat_s2023 --model TimeRoleConcat --seed 2023 --data ETTm2 --features M --target OT --seq_len 336 --label_len 48 --pred_len 720 --enc_in 7 --dec_in 7 --c_out 7 --patch_len 4 --stride 2 --d_model 64 --d_ff 128 --d_state 32 --d_conv 2 --e_layers 1 --expand 2 --mamba_version 1 --mamba_bidirectional 1 --use_graph 1 --use_time_mamba 1 --use_patch 1 --use_decomp 1 --moving_avg 25 --dual_scale_scan_mode independent_shared --periodic_period 24 --periodic_local_patch 0 --periodic_local_stride 0 --periodic_period_stride 12 --periodic_use_adapter 1 --graph_alpha 0.5 --graph_top_k 2 --graph_sample_size 2000 --graph_sample_method uniform --static_graph_mode weighted --graph_cache 0 --gc_graph_dim 16 --gc_temperature 1.0 --gc_residual_init 0.5 --gc_dynamic_graph 1 --gc_symmetric_graph 1 --gc_input_modulation 1 --gc_direction_fusion 1 --gc_parallel_residual 1 --af_hidden_dim 32 --af_rank 16 --af_mode variable_scale_residual --dropout 0.1 --batch_size 32 --learning_rate 0.0005 --lradj type1 --train_epochs 100 --patience 6 --num_workers 0 --gpu 0 --des ab3_ettm2_p720_cat_s2023 --itr 1 --test_after_train 0
Log: /home/cwh/Time-Series-Library/logs/timerole_ablation_multiseed/validation/ab3_ettm2_p720_cat_s2023.log
Using GPU
Args in experiment:
[1mBasic Config[0m
  Task Name:          long_term_forecast  Is Training:        1                   
  Model ID:           ETTm2_96_720_ab3_ettm2_p720_cat_s2023Model:              TimeRoleConcat      

[1mData Loader[0m
  Data:               ETTm2               Root Path:          /home/cwh/Time-Series-Library/dataset/ETT-small
  Data Path:          ETTm2.csv           Features:           M                   
  Target:             OT                  Freq:               h                   
  Checkpoints:        ./checkpoints/      

[1mForecasting Task[0m
  Seq Len:            336                 Label Len:          48                  
  Pred Len:           720                 Seasonal Patterns:  Monthly             
  Inverse:            0                   

[1mModel Parameters[0m
  Top k:              5                   Num Kernels:        6                   
  Enc In:             7                   Dec In:             7                   
  C Out:              7                   d model:            64                  
  n heads:            8                   e layers:           1                   
  d layers:           1                   d FF:               128                 
  Moving Avg:         25                  Factor:             1                   
  Distil:             1                   Dropout:            0.1                 
  Embed:              timeF               Activation:         gelu                

[1mRun Parameters[0m
  Num Workers:        0                   Itr:                1                   
  Train Epochs:       100                 Batch Size:         32                  
  Patience:           6                   Learning Rate:      0.0005              
  Des:                ab3_ettm2_p720_cat_s2023Loss:               MSE                 
  Lradj:              type1               Use Amp:            0                   

[1mGPU[0m
  Use GPU:            1                   GPU:                0                   
  Use Multi GPU:      0                   Devices:            0,1,2,3             

[1mDe-stationary Projector Params[0m
  P Hidden Dims:      128, 128            P Hidden Layers:    2                   

Use GPU: cuda:0
🚀 Lazy Loading: TimeRoleConcat ...
[GraphMamba] Building 7x7 static graph from 2000 training samples
>>>>>>>start training : long_term_forecast_ETTm2_96_720_ab3_ettm2_p720_cat_s2023_TimeRoleConcat_ETTm2_ftM_sl336_ll48_pl720_dm64_nh8_el1_dl1_df128_expand2_dc2_fc1_ebtimeF_dtTrue_ab3_ettm2_p720_cat_s2023_0>>>>>>>>>>>>>>>>>>>>>>>>>>
train 33505
val 10801
	iters: 100, epoch: 1 | loss: 0.3333088
	speed: 0.0138s/iter; left time: 1441.7179s
	iters: 200, epoch: 1 | loss: 0.6109223
	speed: 0.0117s/iter; left time: 1222.9175s
	iters: 300, epoch: 1 | loss: 0.3448707
	speed: 0.0118s/iter; left time: 1230.7121s
	iters: 400, epoch: 1 | loss: 0.7393126
	speed: 0.0115s/iter; left time: 1200.1979s
	iters: 500, epoch: 1 | loss: 0.3197182
	speed: 0.0114s/iter; left time: 1189.4717s
	iters: 600, epoch: 1 | loss: 0.4788186
	speed: 0.0115s/iter; left time: 1196.2218s
	iters: 700, epoch: 1 | loss: 0.4199208
	speed: 0.0117s/iter; left time: 1222.3818s
	iters: 800, epoch: 1 | loss: 0.5123578
	speed: 0.0115s/iter; left time: 1196.6610s
	iters: 900, epoch: 1 | loss: 0.4985481
	speed: 0.0116s/iter; left time: 1204.9765s
	iters: 1000, epoch: 1 | loss: 0.9462169
	speed: 0.0117s/iter; left time: 1210.6089s
Epoch: 1 cost time: 12.385804653167725
Epoch: 1, Steps: 1048 | Train Loss: 0.5509968 Vali Loss: 0.2756984
Validation loss decreased (inf --> 0.275698).  Saving model ...
Updating learning rate to 0.0005
	iters: 100, epoch: 2 | loss: 0.3460337
	speed: 0.0345s/iter; left time: 3570.9197s
	iters: 200, epoch: 2 | loss: 0.7779702
	speed: 0.0118s/iter; left time: 1223.4367s
	iters: 300, epoch: 2 | loss: 0.6505415
	speed: 0.0116s/iter; left time: 1201.3789s
	iters: 400, epoch: 2 | loss: 0.5414899
	speed: 0.0116s/iter; left time: 1201.6111s
	iters: 500, epoch: 2 | loss: 0.3873101
	speed: 0.0113s/iter; left time: 1171.1338s
	iters: 600, epoch: 2 | loss: 0.7153351
	speed: 0.0118s/iter; left time: 1221.1365s
	iters: 700, epoch: 2 | loss: 0.5859759
	speed: 0.0115s/iter; left time: 1189.2339s
	iters: 800, epoch: 2 | loss: 0.6970060
	speed: 0.0114s/iter; left time: 1176.5408s
	iters: 900, epoch: 2 | loss: 0.3396842
	speed: 0.0116s/iter; left time: 1191.3634s
	iters: 1000, epoch: 2 | loss: 0.4734433
	speed: 0.0117s/iter; left time: 1199.3586s
Epoch: 2 cost time: 12.143423318862915
Epoch: 2, Steps: 1048 | Train Loss: 0.5120160 Vali Loss: 0.2799540
EarlyStopping counter: 1 out of 6
Updating learning rate to 0.00025
	iters: 100, epoch: 3 | loss: 0.5474283
	speed: 0.0344s/iter; left time: 3533.0677s
	iters: 200, epoch: 3 | loss: 0.3353142
	speed: 0.0116s/iter; left time: 1190.8773s
	iters: 300, epoch: 3 | loss: 0.2449520
	speed: 0.0115s/iter; left time: 1181.6190s
	iters: 400, epoch: 3 | loss: 0.5756193
	speed: 0.0118s/iter; left time: 1212.2522s
	iters: 500, epoch: 3 | loss: 0.2408260
	speed: 0.0119s/iter; left time: 1219.2338s
	iters: 600, epoch: 3 | loss: 0.3934213
	speed: 0.0115s/iter; left time: 1174.3393s
	iters: 700, epoch: 3 | loss: 0.5550420
	speed: 0.0120s/iter; left time: 1219.0450s
	iters: 800, epoch: 3 | loss: 0.6478180
	speed: 0.0120s/iter; left time: 1225.1310s
	iters: 900, epoch: 3 | loss: 0.7368841
	speed: 0.0120s/iter; left time: 1225.0052s
	iters: 1000, epoch: 3 | loss: 0.2789096
	speed: 0.0119s/iter; left time: 1206.9166s
Epoch: 3 cost time: 12.392059087753296
Epoch: 3, Steps: 1048 | Train Loss: 0.5002084 Vali Loss: 0.2868295
EarlyStopping counter: 2 out of 6
Updating learning rate to 0.000125
	iters: 100, epoch: 4 | loss: 0.5651977
	speed: 0.0346s/iter; left time: 3517.9228s
	iters: 200, epoch: 4 | loss: 0.7272798
	speed: 0.0118s/iter; left time: 1196.9510s
	iters: 300, epoch: 4 | loss: 0.2354279
	speed: 0.0116s/iter; left time: 1174.5934s
	iters: 400, epoch: 4 | loss: 0.7793488
	speed: 0.0115s/iter; left time: 1163.2483s
	iters: 500, epoch: 4 | loss: 0.4557239
	speed: 0.0118s/iter; left time: 1189.3045s
	iters: 600, epoch: 4 | loss: 0.3663460
	speed: 0.0118s/iter; left time: 1189.0937s
	iters: 700, epoch: 4 | loss: 0.4548468
	speed: 0.0118s/iter; left time: 1189.0144s
	iters: 800, epoch: 4 | loss: 0.4587909
	speed: 0.0117s/iter; left time: 1183.9237s
	iters: 900, epoch: 4 | loss: 0.5662081
	speed: 0.0121s/iter; left time: 1218.9438s
	iters: 1000, epoch: 4 | loss: 0.4295737
	speed: 0.0121s/iter; left time: 1213.7618s
Epoch: 4 cost time: 12.34767198562622
Epoch: 4, Steps: 1048 | Train Loss: 0.4823058 Vali Loss: 0.2942240
EarlyStopping counter: 3 out of 6
Updating learning rate to 6.25e-05
	iters: 100, epoch: 5 | loss: 0.3050150
	speed: 0.0343s/iter; left time: 3442.6546s
	iters: 200, epoch: 5 | loss: 0.6246181
	speed: 0.0119s/iter; left time: 1190.9856s
	iters: 300, epoch: 5 | loss: 0.6786878
	speed: 0.0118s/iter; left time: 1184.9533s
	iters: 400, epoch: 5 | loss: 0.2788911
	speed: 0.0119s/iter; left time: 1191.3688s
	iters: 500, epoch: 5 | loss: 0.6783469
	speed: 0.0120s/iter; left time: 1198.6866s
	iters: 600, epoch: 5 | loss: 0.4236001
	speed: 0.0119s/iter; left time: 1188.4793s
	iters: 700, epoch: 5 | loss: 0.5361830
	speed: 0.0118s/iter; left time: 1174.8228s
	iters: 800, epoch: 5 | loss: 0.5821392
	speed: 0.0120s/iter; left time: 1193.0390s
	iters: 900, epoch: 5 | loss: 0.4747881
	speed: 0.0116s/iter; left time: 1156.6865s
	iters: 1000, epoch: 5 | loss: 0.4333113
	speed: 0.0117s/iter; left time: 1164.0007s
Epoch: 5 cost time: 12.358958959579468
Epoch: 5, Steps: 1048 | Train Loss: 0.4755781 Vali Loss: 0.3034384
EarlyStopping counter: 4 out of 6
Updating learning rate to 3.125e-05
	iters: 100, epoch: 6 | loss: 0.7085810
	speed: 0.0349s/iter; left time: 3471.8467s
	iters: 200, epoch: 6 | loss: 0.4632938
	speed: 0.0119s/iter; left time: 1183.7991s
	iters: 300, epoch: 6 | loss: 0.8200638
	speed: 0.0116s/iter; left time: 1152.8900s
	iters: 400, epoch: 6 | loss: 0.3120665
	speed: 0.0121s/iter; left time: 1201.2026s
	iters: 500, epoch: 6 | loss: 0.3193318
	speed: 0.0120s/iter; left time: 1185.8648s
	iters: 600, epoch: 6 | loss: 0.4649403
	speed: 0.0118s/iter; left time: 1168.5383s
	iters: 700, epoch: 6 | loss: 0.4002115
	speed: 0.0117s/iter; left time: 1161.4446s
	iters: 800, epoch: 6 | loss: 0.8420596
	speed: 0.0115s/iter; left time: 1139.0464s
	iters: 900, epoch: 6 | loss: 0.3472626
	speed: 0.0117s/iter; left time: 1151.1116s
	iters: 1000, epoch: 6 | loss: 0.2439020
	speed: 0.0116s/iter; left time: 1144.9519s
Epoch: 6 cost time: 12.334367275238037
Epoch: 6, Steps: 1048 | Train Loss: 0.4721402 Vali Loss: 0.3034185
EarlyStopping counter: 5 out of 6
Updating learning rate to 1.5625e-05
	iters: 100, epoch: 7 | loss: 0.3206625
	speed: 0.0340s/iter; left time: 3348.1069s
	iters: 200, epoch: 7 | loss: 0.3155701
	speed: 0.0118s/iter; left time: 1163.5222s
	iters: 300, epoch: 7 | loss: 0.3161364
	speed: 0.0115s/iter; left time: 1131.7322s
	iters: 400, epoch: 7 | loss: 0.3881267
	speed: 0.0119s/iter; left time: 1168.8725s
	iters: 500, epoch: 7 | loss: 0.3378547
	speed: 0.0118s/iter; left time: 1158.0539s
	iters: 600, epoch: 7 | loss: 0.5673192
	speed: 0.0116s/iter; left time: 1131.4981s
	iters: 700, epoch: 7 | loss: 0.5935355
	speed: 0.0119s/iter; left time: 1161.1504s
	iters: 800, epoch: 7 | loss: 0.4579301
	speed: 0.0116s/iter; left time: 1132.4780s
	iters: 900, epoch: 7 | loss: 0.4325407
	speed: 0.0114s/iter; left time: 1112.2456s
	iters: 1000, epoch: 7 | loss: 0.4626880
	speed: 0.0114s/iter; left time: 1116.1202s
Epoch: 7 cost time: 12.21432876586914
Epoch: 7, Steps: 1048 | Train Loss: 0.4702079 Vali Loss: 0.3053764
EarlyStopping counter: 6 out of 6
Early stopping
VALIDATION_RESULT {"best_epoch": 1, "best_mae": 0.35995911242717277, "best_mse": 0.27569838039905825, "epochs_ran": 7, "metric_version": "element_weighted_v1"}
>>>>>>>test skipped (validation-only run)<<<<<<<<<<<<<<<<<<<<<<<<
Record: /home/cwh/Time-Series-Library/logs/timerole_ablation_multiseed/validation/ab3_ettm2_p720_cat_s2023.json

=== TimeRoleNoDiff | ETTm2 | H=720 | seed=2023 ===
Command: /home/cwh/Time-Series-Library/.venv/bin/python -u /home/cwh/Time-Series-Library/run.py --task_name long_term_forecast --is_training 1 --root_path /home/cwh/Time-Series-Library/dataset/ETT-small --data_path ETTm2.csv --model_id ETTm2_96_720_ab3_ettm2_p720_nd_s2023 --model TimeRoleNoDiff --seed 2023 --data ETTm2 --features M --target OT --seq_len 336 --label_len 48 --pred_len 720 --enc_in 7 --dec_in 7 --c_out 7 --patch_len 4 --stride 2 --d_model 64 --d_ff 128 --d_state 32 --d_conv 2 --e_layers 1 --expand 2 --mamba_version 1 --mamba_bidirectional 1 --use_graph 1 --use_time_mamba 1 --use_patch 1 --use_decomp 1 --moving_avg 25 --dual_scale_scan_mode independent_shared --periodic_period 24 --periodic_local_patch 0 --periodic_local_stride 0 --periodic_period_stride 12 --periodic_use_adapter 1 --graph_alpha 0.5 --graph_top_k 2 --graph_sample_size 2000 --graph_sample_method uniform --static_graph_mode weighted --graph_cache 0 --gc_graph_dim 16 --gc_temperature 1.0 --gc_residual_init 0.5 --gc_dynamic_graph 1 --gc_symmetric_graph 1 --gc_input_modulation 1 --gc_direction_fusion 1 --gc_parallel_residual 1 --af_hidden_dim 32 --af_rank 16 --af_mode variable_scale_residual --dropout 0.1 --batch_size 32 --learning_rate 0.0005 --lradj type1 --train_epochs 100 --patience 6 --num_workers 0 --gpu 0 --des ab3_ettm2_p720_nd_s2023 --itr 1 --test_after_train 0
Log: /home/cwh/Time-Series-Library/logs/timerole_ablation_multiseed/validation/ab3_ettm2_p720_nd_s2023.log
Using GPU
Args in experiment:
[1mBasic Config[0m
  Task Name:          long_term_forecast  Is Training:        1                   
  Model ID:           ETTm2_96_720_ab3_ettm2_p720_nd_s2023Model:              TimeRoleNoDiff      

[1mData Loader[0m
  Data:               ETTm2               Root Path:          /home/cwh/Time-Series-Library/dataset/ETT-small
  Data Path:          ETTm2.csv           Features:           M                   
  Target:             OT                  Freq:               h                   
  Checkpoints:        ./checkpoints/      

[1mForecasting Task[0m
  Seq Len:            336                 Label Len:          48                  
  Pred Len:           720                 Seasonal Patterns:  Monthly             
  Inverse:            0                   

[1mModel Parameters[0m
  Top k:              5                   Num Kernels:        6                   
  Enc In:             7                   Dec In:             7                   
  C Out:              7                   d model:            64                  
  n heads:            8                   e layers:           1                   
  d layers:           1                   d FF:               128                 
  Moving Avg:         25                  Factor:             1                   
  Distil:             1                   Dropout:            0.1                 
  Embed:              timeF               Activation:         gelu                

[1mRun Parameters[0m
  Num Workers:        0                   Itr:                1                   
  Train Epochs:       100                 Batch Size:         32                  
  Patience:           6                   Learning Rate:      0.0005              
  Des:                ab3_ettm2_p720_nd_s2023Loss:               MSE                 
  Lradj:              type1               Use Amp:            0                   

[1mGPU[0m
  Use GPU:            1                   GPU:                0                   
  Use Multi GPU:      0                   Devices:            0,1,2,3             

[1mDe-stationary Projector Params[0m
  P Hidden Dims:      128, 128            P Hidden Layers:    2                   

Use GPU: cuda:0
🚀 Lazy Loading: TimeRoleNoDiff ...
[GraphMamba] Building 7x7 static graph from 2000 training samples
>>>>>>>start training : long_term_forecast_ETTm2_96_720_ab3_ettm2_p720_nd_s2023_TimeRoleNoDiff_ETTm2_ftM_sl336_ll48_pl720_dm64_nh8_el1_dl1_df128_expand2_dc2_fc1_ebtimeF_dtTrue_ab3_ettm2_p720_nd_s2023_0>>>>>>>>>>>>>>>>>>>>>>>>>>
train 33505
val 10801
	iters: 100, epoch: 1 | loss: 0.3337200
	speed: 0.0143s/iter; left time: 1495.9600s
	iters: 200, epoch: 1 | loss: 0.6105796
	speed: 0.0117s/iter; left time: 1226.9147s
	iters: 300, epoch: 1 | loss: 0.3458482
	speed: 0.0117s/iter; left time: 1220.7917s
	iters: 400, epoch: 1 | loss: 0.7340663
	speed: 0.0114s/iter; left time: 1194.1352s
	iters: 500, epoch: 1 | loss: 0.3173894
	speed: 0.0115s/iter; left time: 1202.8463s
	iters: 600, epoch: 1 | loss: 0.4754848
	speed: 0.0119s/iter; left time: 1239.9197s
	iters: 700, epoch: 1 | loss: 0.4215932
	speed: 0.0117s/iter; left time: 1216.6256s
	iters: 800, epoch: 1 | loss: 0.5077498
	speed: 0.0116s/iter; left time: 1211.3632s
	iters: 900, epoch: 1 | loss: 0.4812854
	speed: 0.0117s/iter; left time: 1215.2826s
	iters: 1000, epoch: 1 | loss: 0.9501042
	speed: 0.0118s/iter; left time: 1223.3390s
Epoch: 1 cost time: 12.511692762374878
Epoch: 1, Steps: 1048 | Train Loss: 0.5493425 Vali Loss: 0.2753143
Validation loss decreased (inf --> 0.275314).  Saving model ...
Updating learning rate to 0.0005
	iters: 100, epoch: 2 | loss: 0.3484708
	speed: 0.0345s/iter; left time: 3573.0932s
	iters: 200, epoch: 2 | loss: 0.7683584
	speed: 0.0116s/iter; left time: 1197.7999s
	iters: 300, epoch: 2 | loss: 0.6494687
	speed: 0.0116s/iter; left time: 1197.6276s
	iters: 400, epoch: 2 | loss: 0.5416630
	speed: 0.0117s/iter; left time: 1208.5143s
	iters: 500, epoch: 2 | loss: 0.3871316
	speed: 0.0116s/iter; left time: 1195.6638s
	iters: 600, epoch: 2 | loss: 0.7122425
	speed: 0.0115s/iter; left time: 1184.7417s
	iters: 700, epoch: 2 | loss: 0.5844436
	speed: 0.0117s/iter; left time: 1210.3658s
	iters: 800, epoch: 2 | loss: 0.6949707
	speed: 0.0116s/iter; left time: 1198.0327s
	iters: 900, epoch: 2 | loss: 0.3362182
	speed: 0.0115s/iter; left time: 1185.8663s
	iters: 1000, epoch: 2 | loss: 0.4694049
	speed: 0.0117s/iter; left time: 1198.1405s
Epoch: 2 cost time: 12.172011613845825
Epoch: 2, Steps: 1048 | Train Loss: 0.5082797 Vali Loss: 0.2805634
EarlyStopping counter: 1 out of 6
Updating learning rate to 0.00025
	iters: 100, epoch: 3 | loss: 0.5326103
	speed: 0.0344s/iter; left time: 3527.6081s
	iters: 200, epoch: 3 | loss: 0.3329395
	speed: 0.0116s/iter; left time: 1188.3330s
	iters: 300, epoch: 3 | loss: 0.2440668
	speed: 0.0118s/iter; left time: 1210.4529s
	iters: 400, epoch: 3 | loss: 0.5714722
	speed: 0.0116s/iter; left time: 1186.1037s
	iters: 500, epoch: 3 | loss: 0.2384245
	speed: 0.0115s/iter; left time: 1175.5408s
	iters: 600, epoch: 3 | loss: 0.3878214
	speed: 0.0116s/iter; left time: 1185.7991s
	iters: 700, epoch: 3 | loss: 0.5500339
	speed: 0.0117s/iter; left time: 1191.7895s
	iters: 800, epoch: 3 | loss: 0.6397173
	speed: 0.0117s/iter; left time: 1193.5262s
	iters: 900, epoch: 3 | loss: 0.7448430
	speed: 0.0117s/iter; left time: 1193.4290s
	iters: 1000, epoch: 3 | loss: 0.2797487
	speed: 0.0118s/iter; left time: 1196.5897s
Epoch: 3 cost time: 12.210718870162964
Epoch: 3, Steps: 1048 | Train Loss: 0.4957783 Vali Loss: 0.2874333
EarlyStopping counter: 2 out of 6
Updating learning rate to 0.000125
	iters: 100, epoch: 4 | loss: 0.5569836
	speed: 0.0345s/iter; left time: 3500.3642s
	iters: 200, epoch: 4 | loss: 0.7207372
	speed: 0.0116s/iter; left time: 1176.7992s
	iters: 300, epoch: 4 | loss: 0.2387041
	speed: 0.0116s/iter; left time: 1177.8719s
	iters: 400, epoch: 4 | loss: 0.7655253
	speed: 0.0119s/iter; left time: 1203.6265s
	iters: 500, epoch: 4 | loss: 0.4612433
	speed: 0.0117s/iter; left time: 1184.1821s
	iters: 600, epoch: 4 | loss: 0.3622057
	speed: 0.0120s/iter; left time: 1212.1304s
	iters: 700, epoch: 4 | loss: 0.4515360
	speed: 0.0116s/iter; left time: 1172.2882s
	iters: 800, epoch: 4 | loss: 0.4454823
	speed: 0.0117s/iter; left time: 1175.1913s
	iters: 900, epoch: 4 | loss: 0.5398433
	speed: 0.0115s/iter; left time: 1161.8838s
	iters: 1000, epoch: 4 | loss: 0.4293668
	speed: 0.0114s/iter; left time: 1147.9891s
Epoch: 4 cost time: 12.223518371582031
Epoch: 4, Steps: 1048 | Train Loss: 0.4774654 Vali Loss: 0.2977422
EarlyStopping counter: 3 out of 6
Updating learning rate to 6.25e-05
	iters: 100, epoch: 5 | loss: 0.3011965
	speed: 0.0347s/iter; left time: 3485.5761s
	iters: 200, epoch: 5 | loss: 0.6202145
	speed: 0.0117s/iter; left time: 1177.4709s
	iters: 300, epoch: 5 | loss: 0.6796921
	speed: 0.0119s/iter; left time: 1191.4308s
	iters: 400, epoch: 5 | loss: 0.2704783
	speed: 0.0121s/iter; left time: 1210.8940s
	iters: 500, epoch: 5 | loss: 0.6775506
	speed: 0.0118s/iter; left time: 1177.0440s
	iters: 600, epoch: 5 | loss: 0.4159530
	speed: 0.0117s/iter; left time: 1174.0291s
	iters: 700, epoch: 5 | loss: 0.5213115
	speed: 0.0119s/iter; left time: 1186.3134s
	iters: 800, epoch: 5 | loss: 0.5826384
	speed: 0.0117s/iter; left time: 1169.0792s
	iters: 900, epoch: 5 | loss: 0.4531842
	speed: 0.0115s/iter; left time: 1148.3852s
	iters: 1000, epoch: 5 | loss: 0.4341260
	speed: 0.0119s/iter; left time: 1188.7415s
Epoch: 5 cost time: 12.372585535049438
Epoch: 5, Steps: 1048 | Train Loss: 0.4706083 Vali Loss: 0.3050595
EarlyStopping counter: 4 out of 6
Updating learning rate to 3.125e-05
	iters: 100, epoch: 6 | loss: 0.7082268
	speed: 0.0350s/iter; left time: 3480.8438s
	iters: 200, epoch: 6 | loss: 0.4646403
	speed: 0.0115s/iter; left time: 1138.5291s
	iters: 300, epoch: 6 | loss: 0.8018869
	speed: 0.0117s/iter; left time: 1158.7747s
	iters: 400, epoch: 6 | loss: 0.3111002
	speed: 0.0116s/iter; left time: 1154.4175s
	iters: 500, epoch: 6 | loss: 0.3211081
	speed: 0.0117s/iter; left time: 1163.7768s
	iters: 600, epoch: 6 | loss: 0.4370880
	speed: 0.0119s/iter; left time: 1177.7558s
	iters: 700, epoch: 6 | loss: 0.3919684
	speed: 0.0118s/iter; left time: 1167.0671s
	iters: 800, epoch: 6 | loss: 0.8456151
	speed: 0.0117s/iter; left time: 1157.9455s
	iters: 900, epoch: 6 | loss: 0.3452927
	speed: 0.0118s/iter; left time: 1164.7799s
	iters: 1000, epoch: 6 | loss: 0.2372165
	speed: 0.0116s/iter; left time: 1148.0380s
Epoch: 6 cost time: 12.262925863265991
Epoch: 6, Steps: 1048 | Train Loss: 0.4667353 Vali Loss: 0.3044169
EarlyStopping counter: 5 out of 6
Updating learning rate to 1.5625e-05
	iters: 100, epoch: 7 | loss: 0.3173202
	speed: 0.0334s/iter; left time: 3287.2867s
	iters: 200, epoch: 7 | loss: 0.3053814
	speed: 0.0117s/iter; left time: 1152.0872s
	iters: 300, epoch: 7 | loss: 0.3199064
	speed: 0.0114s/iter; left time: 1120.6745s
	iters: 400, epoch: 7 | loss: 0.3894363
	speed: 0.0114s/iter; left time: 1116.6029s
	iters: 500, epoch: 7 | loss: 0.3372707
	speed: 0.0115s/iter; left time: 1129.0443s
	iters: 600, epoch: 7 | loss: 0.5566784
	speed: 0.0116s/iter; left time: 1138.5028s
	iters: 700, epoch: 7 | loss: 0.5789601
	speed: 0.0116s/iter; left time: 1139.4496s
	iters: 800, epoch: 7 | loss: 0.4543651
	speed: 0.0117s/iter; left time: 1144.4604s
	iters: 900, epoch: 7 | loss: 0.4212196
	speed: 0.0119s/iter; left time: 1162.0881s
	iters: 1000, epoch: 7 | loss: 0.4688586
	speed: 0.0115s/iter; left time: 1123.5327s
Epoch: 7 cost time: 12.160501480102539
Epoch: 7, Steps: 1048 | Train Loss: 0.4647126 Vali Loss: 0.3072892
EarlyStopping counter: 6 out of 6
Early stopping
VALIDATION_RESULT {"best_epoch": 1, "best_mae": 0.3589262543883264, "best_mse": 0.27531431992783545, "epochs_ran": 7, "metric_version": "element_weighted_v1"}
>>>>>>>test skipped (validation-only run)<<<<<<<<<<<<<<<<<<<<<<<<
Record: /home/cwh/Time-Series-Library/logs/timerole_ablation_multiseed/validation/ab3_ettm2_p720_nd_s2023.json

=== TimeRoleGlobalGate | ETTm2 | H=720 | seed=2023 ===
Command: /home/cwh/Time-Series-Library/.venv/bin/python -u /home/cwh/Time-Series-Library/run.py --task_name long_term_forecast --is_training 1 --root_path /home/cwh/Time-Series-Library/dataset/ETT-small --data_path ETTm2.csv --model_id ETTm2_96_720_ab3_ettm2_p720_gg_s2023 --model TimeRoleGlobalGate --seed 2023 --data ETTm2 --features M --target OT --seq_len 336 --label_len 48 --pred_len 720 --enc_in 7 --dec_in 7 --c_out 7 --patch_len 4 --stride 2 --d_model 64 --d_ff 128 --d_state 32 --d_conv 2 --e_layers 1 --expand 2 --mamba_version 1 --mamba_bidirectional 1 --use_graph 1 --use_time_mamba 1 --use_patch 1 --use_decomp 1 --moving_avg 25 --dual_scale_scan_mode independent_shared --periodic_period 24 --periodic_local_patch 0 --periodic_local_stride 0 --periodic_period_stride 12 --periodic_use_adapter 1 --graph_alpha 0.5 --graph_top_k 2 --graph_sample_size 2000 --graph_sample_method uniform --static_graph_mode weighted --graph_cache 0 --gc_graph_dim 16 --gc_temperature 1.0 --gc_residual_init 0.5 --gc_dynamic_graph 1 --gc_symmetric_graph 1 --gc_input_modulation 1 --gc_direction_fusion 1 --gc_parallel_residual 1 --af_hidden_dim 32 --af_rank 16 --af_mode variable_scale_residual --dropout 0.1 --batch_size 32 --learning_rate 0.0005 --lradj type1 --train_epochs 100 --patience 6 --num_workers 0 --gpu 0 --des ab3_ettm2_p720_gg_s2023 --itr 1 --test_after_train 0
Log: /home/cwh/Time-Series-Library/logs/timerole_ablation_multiseed/validation/ab3_ettm2_p720_gg_s2023.log
Using GPU
Args in experiment:
[1mBasic Config[0m
  Task Name:          long_term_forecast  Is Training:        1                   
  Model ID:           ETTm2_96_720_ab3_ettm2_p720_gg_s2023Model:              TimeRoleGlobalGate  

[1mData Loader[0m
  Data:               ETTm2               Root Path:          /home/cwh/Time-Series-Library/dataset/ETT-small
  Data Path:          ETTm2.csv           Features:           M                   
  Target:             OT                  Freq:               h                   
  Checkpoints:        ./checkpoints/      

[1mForecasting Task[0m
  Seq Len:            336                 Label Len:          48                  
  Pred Len:           720                 Seasonal Patterns:  Monthly             
  Inverse:            0                   

[1mModel Parameters[0m
  Top k:              5                   Num Kernels:        6                   
  Enc In:             7                   Dec In:             7                   
  C Out:              7                   d model:            64                  
  n heads:            8                   e layers:           1                   
  d layers:           1                   d FF:               128                 
  Moving Avg:         25                  Factor:             1                   
  Distil:             1                   Dropout:            0.1                 
  Embed:              timeF               Activation:         gelu                

[1mRun Parameters[0m
  Num Workers:        0                   Itr:                1                   
  Train Epochs:       100                 Batch Size:         32                  
  Patience:           6                   Learning Rate:      0.0005              
  Des:                ab3_ettm2_p720_gg_s2023Loss:               MSE                 
  Lradj:              type1               Use Amp:            0                   

[1mGPU[0m
  Use GPU:            1                   GPU:                0                   
  Use Multi GPU:      0                   Devices:            0,1,2,3             

[1mDe-stationary Projector Params[0m
  P Hidden Dims:      128, 128            P Hidden Layers:    2                   

Use GPU: cuda:0
🚀 Lazy Loading: TimeRoleGlobalGate ...
[GraphMamba] Building 7x7 static graph from 2000 training samples
>>>>>>>start training : long_term_forecast_ETTm2_96_720_ab3_ettm2_p720_gg_s2023_TimeRoleGlobalGate_ETTm2_ftM_sl336_ll48_pl720_dm64_nh8_el1_dl1_df128_expand2_dc2_fc1_ebtimeF_dtTrue_ab3_ettm2_p720_gg_s2023_0>>>>>>>>>>>>>>>>>>>>>>>>>>
train 33505
val 10801
	iters: 100, epoch: 1 | loss: 0.3331831
	speed: 0.0142s/iter; left time: 1491.7765s
	iters: 200, epoch: 1 | loss: 0.6092393
	speed: 0.0117s/iter; left time: 1218.8405s
	iters: 300, epoch: 1 | loss: 0.3474166
	speed: 0.0120s/iter; left time: 1252.5084s
	iters: 400, epoch: 1 | loss: 0.7398988
	speed: 0.0117s/iter; left time: 1216.9561s
	iters: 500, epoch: 1 | loss: 0.3238948
	speed: 0.0116s/iter; left time: 1207.9774s
	iters: 600, epoch: 1 | loss: 0.4742453
	speed: 0.0117s/iter; left time: 1217.6639s
	iters: 700, epoch: 1 | loss: 0.4293842
	speed: 0.0118s/iter; left time: 1227.3060s
	iters: 800, epoch: 1 | loss: 0.5064362
	speed: 0.0117s/iter; left time: 1219.9147s
	iters: 900, epoch: 1 | loss: 0.4829579
	speed: 0.0118s/iter; left time: 1231.0296s
	iters: 1000, epoch: 1 | loss: 0.9857509
	speed: 0.0118s/iter; left time: 1227.0945s
Epoch: 1 cost time: 12.595510721206665
Epoch: 1, Steps: 1048 | Train Loss: 0.5523934 Vali Loss: 0.2727850
Validation loss decreased (inf --> 0.272785).  Saving model ...
Updating learning rate to 0.0005
	iters: 100, epoch: 2 | loss: 0.3475037
	speed: 0.0354s/iter; left time: 3671.0070s
	iters: 200, epoch: 2 | loss: 0.7813883
	speed: 0.0118s/iter; left time: 1220.7592s
	iters: 300, epoch: 2 | loss: 0.6607863
	speed: 0.0116s/iter; left time: 1199.6427s
	iters: 400, epoch: 2 | loss: 0.5609259
	speed: 0.0117s/iter; left time: 1211.1069s
	iters: 500, epoch: 2 | loss: 0.3838600
	speed: 0.0119s/iter; left time: 1233.0176s
	iters: 600, epoch: 2 | loss: 0.7200997
	speed: 0.0120s/iter; left time: 1235.7087s
	iters: 700, epoch: 2 | loss: 0.5684963
	speed: 0.0122s/iter; left time: 1252.7491s
	iters: 800, epoch: 2 | loss: 0.6916614
	speed: 0.0119s/iter; left time: 1225.9792s
	iters: 900, epoch: 2 | loss: 0.3406699
	speed: 0.0120s/iter; left time: 1238.9715s
	iters: 1000, epoch: 2 | loss: 0.4792904
	speed: 0.0119s/iter; left time: 1227.4076s
Epoch: 2 cost time: 12.4532949924469
Epoch: 2, Steps: 1048 | Train Loss: 0.5126894 Vali Loss: 0.2778305
EarlyStopping counter: 1 out of 6
Updating learning rate to 0.00025
	iters: 100, epoch: 3 | loss: 0.5561122
	speed: 0.0350s/iter; left time: 3591.0091s
	iters: 200, epoch: 3 | loss: 0.3368927
	speed: 0.0117s/iter; left time: 1198.1365s
	iters: 300, epoch: 3 | loss: 0.2460764
	speed: 0.0119s/iter; left time: 1220.0032s
	iters: 400, epoch: 3 | loss: 0.5808476
	speed: 0.0123s/iter; left time: 1257.4337s
	iters: 500, epoch: 3 | loss: 0.2332670
	speed: 0.0124s/iter; left time: 1264.0599s
	iters: 600, epoch: 3 | loss: 0.4029838
	speed: 0.0121s/iter; left time: 1235.3014s
	iters: 700, epoch: 3 | loss: 0.5444804
	speed: 0.0122s/iter; left time: 1240.3558s
	iters: 800, epoch: 3 | loss: 0.6466366
	speed: 0.0120s/iter; left time: 1225.7926s
	iters: 900, epoch: 3 | loss: 0.7472950
	speed: 0.0122s/iter; left time: 1245.7187s
	iters: 1000, epoch: 3 | loss: 0.2818227
	speed: 0.0119s/iter; left time: 1212.1079s
Epoch: 3 cost time: 12.614301443099976
Epoch: 3, Steps: 1048 | Train Loss: 0.4992604 Vali Loss: 0.2861014
EarlyStopping counter: 2 out of 6
Updating learning rate to 0.000125
	iters: 100, epoch: 4 | loss: 0.5543252
	speed: 0.0347s/iter; left time: 3526.1272s
	iters: 200, epoch: 4 | loss: 0.7139778
	speed: 0.0120s/iter; left time: 1215.5816s
	iters: 300, epoch: 4 | loss: 0.2389967
	speed: 0.0121s/iter; left time: 1224.4222s
	iters: 400, epoch: 4 | loss: 0.7877635
	speed: 0.0117s/iter; left time: 1184.6626s
	iters: 500, epoch: 4 | loss: 0.4585027
	speed: 0.0118s/iter; left time: 1195.6962s
	iters: 600, epoch: 4 | loss: 0.3735880
	speed: 0.0119s/iter; left time: 1203.5713s
	iters: 700, epoch: 4 | loss: 0.4353663
	speed: 0.0120s/iter; left time: 1212.4367s
	iters: 800, epoch: 4 | loss: 0.4516009
	speed: 0.0120s/iter; left time: 1209.3260s
	iters: 900, epoch: 4 | loss: 0.5559918
	speed: 0.0120s/iter; left time: 1210.1787s
	iters: 1000, epoch: 4 | loss: 0.4154218
	speed: 0.0122s/iter; left time: 1231.7666s
Epoch: 4 cost time: 12.53872537612915
Epoch: 4, Steps: 1048 | Train Loss: 0.4800310 Vali Loss: 0.2938415
EarlyStopping counter: 3 out of 6
Updating learning rate to 6.25e-05
	iters: 100, epoch: 5 | loss: 0.2975688
	speed: 0.0346s/iter; left time: 3481.2316s
	iters: 200, epoch: 5 | loss: 0.5952444
	speed: 0.0121s/iter; left time: 1210.5628s
	iters: 300, epoch: 5 | loss: 0.6888911
	speed: 0.0118s/iter; left time: 1188.2227s
	iters: 400, epoch: 5 | loss: 0.2787528
	speed: 0.0117s/iter; left time: 1167.8097s
	iters: 500, epoch: 5 | loss: 0.6778001
	speed: 0.0119s/iter; left time: 1188.4027s
	iters: 600, epoch: 5 | loss: 0.4332213
	speed: 0.0122s/iter; left time: 1219.2343s
	iters: 700, epoch: 5 | loss: 0.5308017
	speed: 0.0120s/iter; left time: 1198.8852s
	iters: 800, epoch: 5 | loss: 0.5728042
	speed: 0.0119s/iter; left time: 1183.1421s
	iters: 900, epoch: 5 | loss: 0.4665194
	speed: 0.0121s/iter; left time: 1210.0165s
	iters: 1000, epoch: 5 | loss: 0.4549834
	speed: 0.0118s/iter; left time: 1179.0675s
Epoch: 5 cost time: 12.528696775436401
Epoch: 5, Steps: 1048 | Train Loss: 0.4729400 Vali Loss: 0.3043369
EarlyStopping counter: 4 out of 6
Updating learning rate to 3.125e-05
	iters: 100, epoch: 6 | loss: 0.7317802
	speed: 0.0348s/iter; left time: 3459.7363s
	iters: 200, epoch: 6 | loss: 0.4584680
	speed: 0.0121s/iter; left time: 1201.3710s
	iters: 300, epoch: 6 | loss: 0.8070700
	speed: 0.0118s/iter; left time: 1170.4404s
	iters: 400, epoch: 6 | loss: 0.3123558
	speed: 0.0119s/iter; left time: 1178.1866s
	iters: 500, epoch: 6 | loss: 0.3155538
	speed: 0.0117s/iter; left time: 1160.4476s
	iters: 600, epoch: 6 | loss: 0.4573999
	speed: 0.0121s/iter; left time: 1196.9574s
	iters: 700, epoch: 6 | loss: 0.3919786
	speed: 0.0122s/iter; left time: 1210.2908s
	iters: 800, epoch: 6 | loss: 0.8550593
	speed: 0.0119s/iter; left time: 1172.5272s
	iters: 900, epoch: 6 | loss: 0.3437725
	speed: 0.0120s/iter; left time: 1187.3536s
	iters: 1000, epoch: 6 | loss: 0.2399151
	speed: 0.0120s/iter; left time: 1186.8051s
Epoch: 6 cost time: 12.549601316452026
Epoch: 6, Steps: 1048 | Train Loss: 0.4691879 Vali Loss: 0.3046381
EarlyStopping counter: 5 out of 6
Updating learning rate to 1.5625e-05
	iters: 100, epoch: 7 | loss: 0.3170515
	speed: 0.0350s/iter; left time: 3448.1195s
	iters: 200, epoch: 7 | loss: 0.3112061
	speed: 0.0118s/iter; left time: 1157.2934s
	iters: 300, epoch: 7 | loss: 0.3235284
	speed: 0.0119s/iter; left time: 1164.6342s
	iters: 400, epoch: 7 | loss: 0.3853228
	speed: 0.0121s/iter; left time: 1186.9018s
	iters: 500, epoch: 7 | loss: 0.3379582
	speed: 0.0123s/iter; left time: 1210.1471s
	iters: 600, epoch: 7 | loss: 0.5636079
	speed: 0.0120s/iter; left time: 1176.1534s
	iters: 700, epoch: 7 | loss: 0.5747200
	speed: 0.0114s/iter; left time: 1119.1916s
	iters: 800, epoch: 7 | loss: 0.4457864
	speed: 0.0119s/iter; left time: 1160.7952s
	iters: 900, epoch: 7 | loss: 0.4156733
	speed: 0.0122s/iter; left time: 1194.4989s
	iters: 1000, epoch: 7 | loss: 0.4620117
	speed: 0.0121s/iter; left time: 1180.8040s
Epoch: 7 cost time: 12.543132066726685
Epoch: 7, Steps: 1048 | Train Loss: 0.4671830 Vali Loss: 0.3062131
EarlyStopping counter: 6 out of 6
Early stopping
VALIDATION_RESULT {"best_epoch": 1, "best_mae": 0.35770676324256884, "best_mse": 0.27278504877061877, "epochs_ran": 7, "metric_version": "element_weighted_v1"}
>>>>>>>test skipped (validation-only run)<<<<<<<<<<<<<<<<<<<<<<<<
Record: /home/cwh/Time-Series-Library/logs/timerole_ablation_multiseed/validation/ab3_ettm2_p720_gg_s2023.json

ALL_VALIDATION_JOBS_COMPLETED
