=== w/o Decomp | ETTm1-96 ===
Using GPU
Args in experiment:
[1mBasic Config[0m
  Task Name:          long_term_forecast  Is Training:        1                   
  Model ID:           ETTm1_96_96_cmrhm_backbone_ettm1_p96_no_decomp_s2021Model:              GraphMambaCMRHM     

[1mData Loader[0m
  Data:               ETTm1               Root Path:          /home/cwh/Time-Series-Library/dataset/ETT-small
  Data Path:          ETTm1.csv           Features:           M                   
  Target:             OT                  Freq:               h                   
  Checkpoints:        /home/cwh/Time-Series-Library/logs/cmrhm_backbone_ablation/checkpoints

[1mForecasting Task[0m
  Seq Len:            336                 Label Len:          48                  
  Pred Len:           96                  Seasonal Patterns:  Monthly             
  Inverse:            0                   

[1mModel Parameters[0m
  Top k:              5                   Num Kernels:        6                   
  Enc In:             7                   Dec In:             7                   
  C Out:              7                   d model:            64                  
  n heads:            8                   e layers:           1                   
  d layers:           1                   d FF:               128                 
  Moving Avg:         25                  Factor:             1                   
  Distil:             1                   Dropout:            0.1                 
  Embed:              timeF               Activation:         gelu                

[1mRun Parameters[0m
  Num Workers:        0                   Itr:                1                   
  Train Epochs:       100                 Batch Size:         32                  
  Patience:           6                   Learning Rate:      0.0005              
  Des:                cmrhm_backbone_ettm1_p96_no_decomp_s2021Loss:               MSE                 
  Lradj:              type1               Use Amp:            0                   

[1mGPU[0m
  Use GPU:            1                   GPU:                0                   
  Use Multi GPU:      0                   Devices:            0,1,2,3             

[1mDe-stationary Projector Params[0m
  P Hidden Dims:      128, 128            P Hidden Layers:    2                   

Use GPU: cuda:0
🚀 Lazy Loading: GraphMambaCMRHM ...
[GraphMamba] Building 7x7 static graph from 2000 training samples
>>>>>>>start training : long_term_forecast_ETTm1_96_96_cmrhm_backbone_ettm1_p96_no_decomp_s2021_GraphMambaCMRHM_ETTm1_ftM_sl336_ll48_pl96_dm64_nh8_el1_dl1_df128_expand2_dc2_fc1_ebtimeF_dtTrue_cmrhm_backbone_ettm1_p96_no_decomp_s2021_0>>>>>>>>>>>>>>>>>>>>>>>>>>
train 34129
val 11425
	iters: 100, epoch: 1 | loss: 0.3933468
	speed: 0.0146s/iter; left time: 1559.7219s
	iters: 200, epoch: 1 | loss: 0.2818210
	speed: 0.0122s/iter; left time: 1300.2530s
	iters: 300, epoch: 1 | loss: 0.2630252
	speed: 0.0119s/iter; left time: 1268.5520s
	iters: 400, epoch: 1 | loss: 0.3032802
	speed: 0.0122s/iter; left time: 1296.3737s
	iters: 500, epoch: 1 | loss: 0.2294975
	speed: 0.0122s/iter; left time: 1296.6830s
	iters: 600, epoch: 1 | loss: 0.2969976
	speed: 0.0119s/iter; left time: 1260.4702s
	iters: 700, epoch: 1 | loss: 0.2755665
	speed: 0.0121s/iter; left time: 1279.1811s
	iters: 800, epoch: 1 | loss: 0.2713523
	speed: 0.0119s/iter; left time: 1261.3188s
	iters: 900, epoch: 1 | loss: 0.2581808
	speed: 0.0121s/iter; left time: 1279.6145s
	iters: 1000, epoch: 1 | loss: 0.2640738
	speed: 0.0118s/iter; left time: 1243.2440s
Epoch: 1 cost time: 13.083359479904175
Epoch: 1, Steps: 1067 | Train Loss: 0.3000534 Vali Loss: 0.3835348
Validation loss decreased (inf --> 0.383535).  Saving model ...
Updating learning rate to 0.0005
	iters: 100, epoch: 2 | loss: 0.2311981
	speed: 0.0372s/iter; left time: 3921.1373s
	iters: 200, epoch: 2 | loss: 0.3074960
	speed: 0.0121s/iter; left time: 1271.0191s
	iters: 300, epoch: 2 | loss: 0.2676087
	speed: 0.0122s/iter; left time: 1280.7729s
	iters: 400, epoch: 2 | loss: 0.2405518
	speed: 0.0122s/iter; left time: 1289.1144s
	iters: 500, epoch: 2 | loss: 0.2659159
	speed: 0.0123s/iter; left time: 1289.6021s
	iters: 600, epoch: 2 | loss: 0.2633909
	speed: 0.0121s/iter; left time: 1274.4997s
	iters: 700, epoch: 2 | loss: 0.2106289
	speed: 0.0120s/iter; left time: 1258.3379s
	iters: 800, epoch: 2 | loss: 0.2584170
	speed: 0.0120s/iter; left time: 1255.2992s
	iters: 900, epoch: 2 | loss: 0.2280759
	speed: 0.0121s/iter; left time: 1262.2119s
	iters: 1000, epoch: 2 | loss: 0.2572521
	speed: 0.0121s/iter; left time: 1262.8284s
Epoch: 2 cost time: 12.90598726272583
Epoch: 2, Steps: 1067 | Train Loss: 0.2558079 Vali Loss: 0.3754338
Validation loss decreased (0.383535 --> 0.375434).  Saving model ...
Updating learning rate to 0.00025
	iters: 100, epoch: 3 | loss: 0.2595498
	speed: 0.0366s/iter; left time: 3820.6113s
	iters: 200, epoch: 3 | loss: 0.2612211
	speed: 0.0120s/iter; left time: 1250.5022s
	iters: 300, epoch: 3 | loss: 0.1873693
	speed: 0.0119s/iter; left time: 1243.2879s
	iters: 400, epoch: 3 | loss: 0.2596016
	speed: 0.0117s/iter; left time: 1218.9949s
	iters: 500, epoch: 3 | loss: 0.2597190
	speed: 0.0118s/iter; left time: 1228.7809s
	iters: 600, epoch: 3 | loss: 0.2889472
	speed: 0.0121s/iter; left time: 1253.2011s
	iters: 700, epoch: 3 | loss: 0.2859562
	speed: 0.0118s/iter; left time: 1227.3139s
	iters: 800, epoch: 3 | loss: 0.2524166
	speed: 0.0119s/iter; left time: 1239.9453s
	iters: 900, epoch: 3 | loss: 0.2206470
	speed: 0.0118s/iter; left time: 1223.8050s
	iters: 1000, epoch: 3 | loss: 0.2253072
	speed: 0.0118s/iter; left time: 1224.0841s
Epoch: 3 cost time: 12.683581113815308
Epoch: 3, Steps: 1067 | Train Loss: 0.2423113 Vali Loss: 0.3695832
Validation loss decreased (0.375434 --> 0.369583).  Saving model ...
Updating learning rate to 0.000125
	iters: 100, epoch: 4 | loss: 0.1750020
	speed: 0.0360s/iter; left time: 3723.9219s
	iters: 200, epoch: 4 | loss: 0.1963608
	speed: 0.0119s/iter; left time: 1232.2895s
	iters: 300, epoch: 4 | loss: 0.2325250
	speed: 0.0122s/iter; left time: 1258.5880s
	iters: 400, epoch: 4 | loss: 0.2192730
	speed: 0.0122s/iter; left time: 1256.0005s
	iters: 500, epoch: 4 | loss: 0.2680991
	speed: 0.0120s/iter; left time: 1235.8498s
	iters: 600, epoch: 4 | loss: 0.2053507
	speed: 0.0124s/iter; left time: 1272.1026s
	iters: 700, epoch: 4 | loss: 0.2612541
	speed: 0.0124s/iter; left time: 1277.2337s
	iters: 800, epoch: 4 | loss: 0.2487233
	speed: 0.0127s/iter; left time: 1302.9920s
	iters: 900, epoch: 4 | loss: 0.2564669
	speed: 0.0121s/iter; left time: 1246.2137s
	iters: 1000, epoch: 4 | loss: 0.2556128
	speed: 0.0123s/iter; left time: 1256.0179s
Epoch: 4 cost time: 13.060194969177246
Epoch: 4, Steps: 1067 | Train Loss: 0.2364509 Vali Loss: 0.3663453
Validation loss decreased (0.369583 --> 0.366345).  Saving model ...
Updating learning rate to 6.25e-05
	iters: 100, epoch: 5 | loss: 0.2263917
	speed: 0.0373s/iter; left time: 3812.6685s
	iters: 200, epoch: 5 | loss: 0.2695789
	speed: 0.0121s/iter; left time: 1236.7873s
	iters: 300, epoch: 5 | loss: 0.2237521
	speed: 0.0121s/iter; left time: 1231.1813s
	iters: 400, epoch: 5 | loss: 0.2386197
	speed: 0.0122s/iter; left time: 1248.5098s
	iters: 500, epoch: 5 | loss: 0.2149899
	speed: 0.0118s/iter; left time: 1202.2695s
	iters: 600, epoch: 5 | loss: 0.2031391
	speed: 0.0123s/iter; left time: 1251.0919s
	iters: 700, epoch: 5 | loss: 0.2122618
	speed: 0.0124s/iter; left time: 1265.4486s
	iters: 800, epoch: 5 | loss: 0.2792870
	speed: 0.0121s/iter; left time: 1228.7935s
	iters: 900, epoch: 5 | loss: 0.2363477
	speed: 0.0120s/iter; left time: 1219.7829s
	iters: 1000, epoch: 5 | loss: 0.2717058
	speed: 0.0121s/iter; left time: 1228.7908s
Epoch: 5 cost time: 12.927200078964233
Epoch: 5, Steps: 1067 | Train Loss: 0.2332272 Vali Loss: 0.3664988
EarlyStopping counter: 1 out of 6
Updating learning rate to 3.125e-05
	iters: 100, epoch: 6 | loss: 0.2909816
	speed: 0.0370s/iter; left time: 3748.3491s
	iters: 200, epoch: 6 | loss: 0.2180672
	speed: 0.0121s/iter; left time: 1220.2823s
	iters: 300, epoch: 6 | loss: 0.2694460
	speed: 0.0121s/iter; left time: 1220.2743s
	iters: 400, epoch: 6 | loss: 0.2076358
	speed: 0.0121s/iter; left time: 1217.8667s
	iters: 500, epoch: 6 | loss: 0.1952344
	speed: 0.0119s/iter; left time: 1199.9070s
	iters: 600, epoch: 6 | loss: 0.2839126
	speed: 0.0119s/iter; left time: 1195.4263s
	iters: 700, epoch: 6 | loss: 0.1991547
	speed: 0.0119s/iter; left time: 1199.3117s
	iters: 800, epoch: 6 | loss: 0.2315582
	speed: 0.0117s/iter; left time: 1177.7063s
	iters: 900, epoch: 6 | loss: 0.2187530
	speed: 0.0118s/iter; left time: 1186.5614s
	iters: 1000, epoch: 6 | loss: 0.2158544
	speed: 0.0119s/iter; left time: 1198.5268s
Epoch: 6 cost time: 12.762572765350342
Epoch: 6, Steps: 1067 | Train Loss: 0.2316707 Vali Loss: 0.3658537
Validation loss decreased (0.366345 --> 0.365854).  Saving model ...
Updating learning rate to 1.5625e-05
	iters: 100, epoch: 7 | loss: 0.2505341
	speed: 0.0369s/iter; left time: 3700.0465s
	iters: 200, epoch: 7 | loss: 0.2419363
	speed: 0.0120s/iter; left time: 1198.9356s
	iters: 300, epoch: 7 | loss: 0.2141478
	speed: 0.0117s/iter; left time: 1174.8120s
	iters: 400, epoch: 7 | loss: 0.2126154
	speed: 0.0121s/iter; left time: 1211.2674s
	iters: 500, epoch: 7 | loss: 0.2149190
	speed: 0.0124s/iter; left time: 1232.9130s
	iters: 600, epoch: 7 | loss: 0.2128926
	speed: 0.0121s/iter; left time: 1210.6159s
	iters: 700, epoch: 7 | loss: 0.2211687
	speed: 0.0124s/iter; left time: 1237.1325s
	iters: 800, epoch: 7 | loss: 0.2817193
	speed: 0.0122s/iter; left time: 1215.2303s
	iters: 900, epoch: 7 | loss: 0.2078035
	speed: 0.0124s/iter; left time: 1229.2341s
	iters: 1000, epoch: 7 | loss: 0.2050750
	speed: 0.0124s/iter; left time: 1231.1750s
Epoch: 7 cost time: 12.961354732513428
Epoch: 7, Steps: 1067 | Train Loss: 0.2308862 Vali Loss: 0.3649988
Validation loss decreased (0.365854 --> 0.364999).  Saving model ...
Updating learning rate to 7.8125e-06
	iters: 100, epoch: 8 | loss: 0.2433091
	speed: 0.0366s/iter; left time: 3624.7019s
	iters: 200, epoch: 8 | loss: 0.2300511
	speed: 0.0123s/iter; left time: 1213.2045s
	iters: 300, epoch: 8 | loss: 0.2371470
	speed: 0.0124s/iter; left time: 1225.3866s
	iters: 400, epoch: 8 | loss: 0.2097964
	speed: 0.0122s/iter; left time: 1203.2376s
	iters: 500, epoch: 8 | loss: 0.2197735
	speed: 0.0122s/iter; left time: 1208.5449s
	iters: 600, epoch: 8 | loss: 0.1973485
	speed: 0.0119s/iter; left time: 1172.8468s
	iters: 700, epoch: 8 | loss: 0.2595405
	speed: 0.0118s/iter; left time: 1160.4781s
	iters: 800, epoch: 8 | loss: 0.2391334
	speed: 0.0123s/iter; left time: 1207.1925s
	iters: 900, epoch: 8 | loss: 0.2304943
	speed: 0.0117s/iter; left time: 1146.0010s
	iters: 1000, epoch: 8 | loss: 0.2017765
	speed: 0.0118s/iter; left time: 1157.7425s
Epoch: 8 cost time: 12.80649733543396
Epoch: 8, Steps: 1067 | Train Loss: 0.2303837 Vali Loss: 0.3656931
EarlyStopping counter: 1 out of 6
Updating learning rate to 3.90625e-06
	iters: 100, epoch: 9 | loss: 0.2254507
	speed: 0.0371s/iter; left time: 3640.0619s
	iters: 200, epoch: 9 | loss: 0.1947310
	speed: 0.0121s/iter; left time: 1183.6444s
	iters: 300, epoch: 9 | loss: 0.1880921
	speed: 0.0120s/iter; left time: 1170.5570s
	iters: 400, epoch: 9 | loss: 0.1980312
	speed: 0.0120s/iter; left time: 1177.6540s
	iters: 500, epoch: 9 | loss: 0.2213769
	speed: 0.0117s/iter; left time: 1146.9222s
	iters: 600, epoch: 9 | loss: 0.1851772
	speed: 0.0119s/iter; left time: 1156.3857s
	iters: 700, epoch: 9 | loss: 0.2000299
	speed: 0.0120s/iter; left time: 1166.8919s
	iters: 800, epoch: 9 | loss: 0.2927263
	speed: 0.0118s/iter; left time: 1152.5372s
	iters: 900, epoch: 9 | loss: 0.2360224
	speed: 0.0118s/iter; left time: 1143.5589s
	iters: 1000, epoch: 9 | loss: 0.2529439
	speed: 0.0117s/iter; left time: 1134.1190s
Epoch: 9 cost time: 12.671979427337646
Epoch: 9, Steps: 1067 | Train Loss: 0.2300554 Vali Loss: 0.3656241
EarlyStopping counter: 2 out of 6
Updating learning rate to 1.953125e-06
	iters: 100, epoch: 10 | loss: 0.2464425
	speed: 0.0367s/iter; left time: 3557.7569s
	iters: 200, epoch: 10 | loss: 0.2900602
	speed: 0.0120s/iter; left time: 1163.6410s
	iters: 300, epoch: 10 | loss: 0.2156219
	speed: 0.0121s/iter; left time: 1169.4516s
	iters: 400, epoch: 10 | loss: 0.2297370
	speed: 0.0121s/iter; left time: 1166.7264s
	iters: 500, epoch: 10 | loss: 0.2487225
	speed: 0.0118s/iter; left time: 1138.0953s
	iters: 600, epoch: 10 | loss: 0.2108002
	speed: 0.0119s/iter; left time: 1143.5993s
	iters: 700, epoch: 10 | loss: 0.2714840
	speed: 0.0119s/iter; left time: 1147.5293s
	iters: 800, epoch: 10 | loss: 0.2367158
	speed: 0.0120s/iter; left time: 1159.5406s
	iters: 900, epoch: 10 | loss: 0.2585764
	speed: 0.0121s/iter; left time: 1159.7191s
	iters: 1000, epoch: 10 | loss: 0.2137456
	speed: 0.0119s/iter; left time: 1140.4106s
Epoch: 10 cost time: 12.768567085266113
Epoch: 10, Steps: 1067 | Train Loss: 0.2298562 Vali Loss: 0.3654748
EarlyStopping counter: 3 out of 6
Updating learning rate to 9.765625e-07
	iters: 100, epoch: 11 | loss: 0.2238412
	speed: 0.0363s/iter; left time: 3484.7770s
	iters: 200, epoch: 11 | loss: 0.2209198
	speed: 0.0122s/iter; left time: 1173.7156s
	iters: 300, epoch: 11 | loss: 0.2086037
	speed: 0.0120s/iter; left time: 1149.2221s
	iters: 400, epoch: 11 | loss: 0.2385754
	speed: 0.0120s/iter; left time: 1146.8422s
	iters: 500, epoch: 11 | loss: 0.2118443
	speed: 0.0124s/iter; left time: 1187.0087s
	iters: 600, epoch: 11 | loss: 0.2533062
	speed: 0.0122s/iter; left time: 1160.4187s
	iters: 700, epoch: 11 | loss: 0.2054684
	speed: 0.0123s/iter; left time: 1176.8225s
	iters: 800, epoch: 11 | loss: 0.2667578
	speed: 0.0121s/iter; left time: 1154.9945s
	iters: 900, epoch: 11 | loss: 0.2214509
	speed: 0.0122s/iter; left time: 1158.4102s
	iters: 1000, epoch: 11 | loss: 0.1919429
	speed: 0.0120s/iter; left time: 1136.6853s
Epoch: 11 cost time: 12.930831670761108
Epoch: 11, Steps: 1067 | Train Loss: 0.2299307 Vali Loss: 0.3654184
EarlyStopping counter: 4 out of 6
Updating learning rate to 4.8828125e-07
	iters: 100, epoch: 12 | loss: 0.2350058
	speed: 0.0367s/iter; left time: 3483.2472s
	iters: 200, epoch: 12 | loss: 0.2611441
	speed: 0.0121s/iter; left time: 1147.7459s
	iters: 300, epoch: 12 | loss: 0.2011945
	speed: 0.0119s/iter; left time: 1129.6129s
	iters: 400, epoch: 12 | loss: 0.2145421
	speed: 0.0119s/iter; left time: 1128.5995s
	iters: 500, epoch: 12 | loss: 0.2056246
	speed: 0.0119s/iter; left time: 1126.9049s
	iters: 600, epoch: 12 | loss: 0.2235415
	speed: 0.0118s/iter; left time: 1117.6086s
	iters: 700, epoch: 12 | loss: 0.2767988
	speed: 0.0120s/iter; left time: 1130.7527s
	iters: 800, epoch: 12 | loss: 0.2472684
	speed: 0.0118s/iter; left time: 1115.3400s
	iters: 900, epoch: 12 | loss: 0.2093924
	speed: 0.0120s/iter; left time: 1128.3623s
	iters: 1000, epoch: 12 | loss: 0.2130168
	speed: 0.0122s/iter; left time: 1144.0977s
Epoch: 12 cost time: 12.777417421340942
Epoch: 12, Steps: 1067 | Train Loss: 0.2297514 Vali Loss: 0.3654416
EarlyStopping counter: 5 out of 6
Updating learning rate to 2.44140625e-07
	iters: 100, epoch: 13 | loss: 0.2705325
	speed: 0.0369s/iter; left time: 3457.8283s
	iters: 200, epoch: 13 | loss: 0.2382376
	speed: 0.0124s/iter; left time: 1163.2068s
	iters: 300, epoch: 13 | loss: 0.1959673
	speed: 0.0121s/iter; left time: 1133.7941s
	iters: 400, epoch: 13 | loss: 0.2180571
	speed: 0.0122s/iter; left time: 1136.7370s
	iters: 500, epoch: 13 | loss: 0.2988994
	speed: 0.0121s/iter; left time: 1134.3052s
	iters: 600, epoch: 13 | loss: 0.2068917
	speed: 0.0124s/iter; left time: 1152.8473s
	iters: 700, epoch: 13 | loss: 0.2705940
	speed: 0.0121s/iter; left time: 1131.4927s
	iters: 800, epoch: 13 | loss: 0.2146863
	speed: 0.0123s/iter; left time: 1147.7649s
	iters: 900, epoch: 13 | loss: 0.2175144
	speed: 0.0125s/iter; left time: 1158.7014s
	iters: 1000, epoch: 13 | loss: 0.2467651
	speed: 0.0127s/iter; left time: 1181.9250s
Epoch: 13 cost time: 13.115210771560669
Epoch: 13, Steps: 1067 | Train Loss: 0.2298944 Vali Loss: 0.3654564
EarlyStopping counter: 6 out of 6
Early stopping
VALIDATION_RESULT {"best_epoch": 7, "best_mae": 0.4004253932407924, "best_mse": 0.36499884983518666, "epochs_ran": 13, "metric_version": "element_weighted_v1"}
>>>>>>>test skipped (validation-only run)<<<<<<<<<<<<<<<<<<<<<<<<
Using GPU
Args in experiment:
[1mBasic Config[0m
  Task Name:          long_term_forecast  Is Training:        0                   
  Model ID:           ETTm1_96_96_cmrhm_backbone_ettm1_p96_no_decomp_s2021Model:              GraphMambaCMRHM     

[1mData Loader[0m
  Data:               ETTm1               Root Path:          /home/cwh/Time-Series-Library/dataset/ETT-small
  Data Path:          ETTm1.csv           Features:           M                   
  Target:             OT                  Freq:               h                   
  Checkpoints:        /home/cwh/Time-Series-Library/logs/cmrhm_backbone_ablation/checkpoints

[1mForecasting Task[0m
  Seq Len:            336                 Label Len:          48                  
  Pred Len:           96                  Seasonal Patterns:  Monthly             
  Inverse:            0                   

[1mModel Parameters[0m
  Top k:              5                   Num Kernels:        6                   
  Enc In:             7                   Dec In:             7                   
  C Out:              7                   d model:            64                  
  n heads:            8                   e layers:           1                   
  d layers:           1                   d FF:               128                 
  Moving Avg:         25                  Factor:             1                   
  Distil:             1                   Dropout:            0.1                 
  Embed:              timeF               Activation:         gelu                

[1mRun Parameters[0m
  Num Workers:        0                   Itr:                1                   
  Train Epochs:       100                 Batch Size:         32                  
  Patience:           6                   Learning Rate:      0.0005              
  Des:                cmrhm_backbone_ettm1_p96_no_decomp_s2021Loss:               MSE                 
  Lradj:              type1               Use Amp:            0                   

[1mGPU[0m
  Use GPU:            1                   GPU:                0                   
  Use Multi GPU:      0                   Devices:            0,1,2,3             

[1mDe-stationary Projector Params[0m
  P Hidden Dims:      128, 128            P Hidden Layers:    2                   

Use GPU: cuda:0
🚀 Lazy Loading: GraphMambaCMRHM ...
[GraphMamba] Building 7x7 static graph from 2000 training samples
>>>>>>>evaluating validation checkpoint : long_term_forecast_ETTm1_96_96_cmrhm_backbone_ettm1_p96_no_decomp_s2021_GraphMambaCMRHM_ETTm1_ftM_sl336_ll48_pl96_dm64_nh8_el1_dl1_df128_expand2_dc2_fc1_ebtimeF_dtTrue_cmrhm_backbone_ettm1_p96_no_decomp_s2021_0<<<<<<<<<<<<<<<<<<<<<<<<<<<<<<<<<
val 11425
EVALUATION_RESULT {"batches": 358, "cmrhm_intervention": "intact", "elapsed_seconds": 1.8237548389006406, "elements": 7677600, "gate_abs_mean": 0.20424692332744598, "gate_max": 0.2643786370754242, "gate_mean": 0.20424692332744598, "gate_min": 0.1403447836637497, "gate_values": [0.23666581511497498, 0.18564465641975403, 0.23493163287639618, 0.18565183877944946, 0.2643786370754242, 0.1403447836637497, 0.18211109936237335], "mae": 0.4004253914282448, "memory_correction_mae": 0.20727100945890378, "memory_correction_rms": 0.31599407064022095, "metric_version": "element_weighted_v1", "milliseconds_per_batch": 5.094287259498996, "mse": 0.3649988507454353, "parameter_count": 994701, "peak_cuda_memory_bytes": 138878464, "split": "val"}
=== w/o Decomp | ETTm1-720 ===
Using GPU
Args in experiment:
[1mBasic Config[0m
  Task Name:          long_term_forecast  Is Training:        1                   
  Model ID:           ETTm1_96_720_cmrhm_backbone_ettm1_p720_no_decomp_s2021Model:              GraphMambaCMRHM     

[1mData Loader[0m
  Data:               ETTm1               Root Path:          /home/cwh/Time-Series-Library/dataset/ETT-small
  Data Path:          ETTm1.csv           Features:           M                   
  Target:             OT                  Freq:               h                   
  Checkpoints:        /home/cwh/Time-Series-Library/logs/cmrhm_backbone_ablation/checkpoints

[1mForecasting Task[0m
  Seq Len:            336                 Label Len:          48                  
  Pred Len:           720                 Seasonal Patterns:  Monthly             
  Inverse:            0                   

[1mModel Parameters[0m
  Top k:              5                   Num Kernels:        6                   
  Enc In:             7                   Dec In:             7                   
  C Out:              7                   d model:            64                  
  n heads:            8                   e layers:           1                   
  d layers:           1                   d FF:               128                 
  Moving Avg:         25                  Factor:             1                   
  Distil:             1                   Dropout:            0.1                 
  Embed:              timeF               Activation:         gelu                

[1mRun Parameters[0m
  Num Workers:        0                   Itr:                1                   
  Train Epochs:       100                 Batch Size:         32                  
  Patience:           6                   Learning Rate:      0.0005              
  Des:                cmrhm_backbone_ettm1_p720_no_decomp_s2021Loss:               MSE                 
  Lradj:              type1               Use Amp:            0                   

[1mGPU[0m
  Use GPU:            1                   GPU:                0                   
  Use Multi GPU:      0                   Devices:            0,1,2,3             

[1mDe-stationary Projector Params[0m
  P Hidden Dims:      128, 128            P Hidden Layers:    2                   

Use GPU: cuda:0
🚀 Lazy Loading: GraphMambaCMRHM ...
[GraphMamba] Building 7x7 static graph from 2000 training samples
>>>>>>>start training : long_term_forecast_ETTm1_96_720_cmrhm_backbone_ettm1_p720_no_decomp_s2021_GraphMambaCMRHM_ETTm1_ftM_sl336_ll48_pl720_dm64_nh8_el1_dl1_df128_expand2_dc2_fc1_ebtimeF_dtTrue_cmrhm_backbone_ettm1_p720_no_decomp_s2021_0>>>>>>>>>>>>>>>>>>>>>>>>>>
train 33505
val 10801
	iters: 100, epoch: 1 | loss: 0.6596221
	speed: 0.0152s/iter; left time: 1586.9459s
	iters: 200, epoch: 1 | loss: 0.4409523
	speed: 0.0128s/iter; left time: 1341.7784s
	iters: 300, epoch: 1 | loss: 0.4277511
	speed: 0.0126s/iter; left time: 1316.9149s
	iters: 400, epoch: 1 | loss: 0.4329726
	speed: 0.0130s/iter; left time: 1356.4458s
	iters: 500, epoch: 1 | loss: 0.5755845
	speed: 0.0127s/iter; left time: 1328.8678s
	iters: 600, epoch: 1 | loss: 0.3821828
	speed: 0.0126s/iter; left time: 1317.6628s
	iters: 700, epoch: 1 | loss: 0.4587980
	speed: 0.0125s/iter; left time: 1296.8260s
	iters: 800, epoch: 1 | loss: 0.4357295
	speed: 0.0130s/iter; left time: 1347.9896s
	iters: 900, epoch: 1 | loss: 0.4563226
	speed: 0.0126s/iter; left time: 1308.6227s
	iters: 1000, epoch: 1 | loss: 0.4274176
	speed: 0.0127s/iter; left time: 1313.1169s
Epoch: 1 cost time: 13.579468011856079
Epoch: 1, Steps: 1048 | Train Loss: 0.4527514 Vali Loss: 0.9556166
Validation loss decreased (inf --> 0.955617).  Saving model ...
Updating learning rate to 0.0005
	iters: 100, epoch: 2 | loss: 0.4003397
	speed: 0.0372s/iter; left time: 3851.1104s
	iters: 200, epoch: 2 | loss: 0.3666582
	speed: 0.0123s/iter; left time: 1271.2471s
	iters: 300, epoch: 2 | loss: 0.4822100
	speed: 0.0125s/iter; left time: 1292.3219s
	iters: 400, epoch: 2 | loss: 0.4425300
	speed: 0.0127s/iter; left time: 1313.2634s
	iters: 500, epoch: 2 | loss: 0.3361458
	speed: 0.0125s/iter; left time: 1285.9532s
	iters: 600, epoch: 2 | loss: 0.3498248
	speed: 0.0128s/iter; left time: 1317.5712s
	iters: 700, epoch: 2 | loss: 0.4523387
	speed: 0.0125s/iter; left time: 1291.8015s
	iters: 800, epoch: 2 | loss: 0.3907485
	speed: 0.0124s/iter; left time: 1277.6516s
	iters: 900, epoch: 2 | loss: 0.3160888
	speed: 0.0124s/iter; left time: 1272.7705s
	iters: 1000, epoch: 2 | loss: 0.4816945
	speed: 0.0123s/iter; left time: 1263.3548s
Epoch: 2 cost time: 13.063706398010254
Epoch: 2, Steps: 1048 | Train Loss: 0.4123339 Vali Loss: 0.9345971
Validation loss decreased (0.955617 --> 0.934597).  Saving model ...
Updating learning rate to 0.00025
	iters: 100, epoch: 3 | loss: 0.4521782
	speed: 0.0353s/iter; left time: 3617.4528s
	iters: 200, epoch: 3 | loss: 0.4349267
	speed: 0.0123s/iter; left time: 1258.1816s
	iters: 300, epoch: 3 | loss: 0.5067599
	speed: 0.0124s/iter; left time: 1273.8600s
	iters: 400, epoch: 3 | loss: 0.4540826
	speed: 0.0124s/iter; left time: 1263.8028s
	iters: 500, epoch: 3 | loss: 0.3630972
	speed: 0.0125s/iter; left time: 1276.9168s
	iters: 600, epoch: 3 | loss: 0.3798914
	speed: 0.0122s/iter; left time: 1242.9438s
	iters: 700, epoch: 3 | loss: 0.3698476
	speed: 0.0124s/iter; left time: 1263.9439s
	iters: 800, epoch: 3 | loss: 0.4416066
	speed: 0.0123s/iter; left time: 1248.8554s
	iters: 900, epoch: 3 | loss: 0.3394630
	speed: 0.0123s/iter; left time: 1253.3853s
	iters: 1000, epoch: 3 | loss: 0.3340074
	speed: 0.0125s/iter; left time: 1267.6825s
Epoch: 3 cost time: 12.932080507278442
Epoch: 3, Steps: 1048 | Train Loss: 0.3997472 Vali Loss: 0.9267076
Validation loss decreased (0.934597 --> 0.926708).  Saving model ...
Updating learning rate to 0.000125
	iters: 100, epoch: 4 | loss: 0.4143271
	speed: 0.0356s/iter; left time: 3616.1386s
	iters: 200, epoch: 4 | loss: 0.3635079
	speed: 0.0125s/iter; left time: 1265.3928s
	iters: 300, epoch: 4 | loss: 0.3480468
	speed: 0.0126s/iter; left time: 1278.8647s
	iters: 400, epoch: 4 | loss: 0.4396578
	speed: 0.0127s/iter; left time: 1288.1596s
	iters: 500, epoch: 4 | loss: 0.3680455
	speed: 0.0127s/iter; left time: 1285.0402s
	iters: 600, epoch: 4 | loss: 0.3564192
	speed: 0.0126s/iter; left time: 1275.6476s
	iters: 700, epoch: 4 | loss: 0.3303825
	speed: 0.0124s/iter; left time: 1251.7684s
	iters: 800, epoch: 4 | loss: 0.3933309
	speed: 0.0126s/iter; left time: 1274.1211s
	iters: 900, epoch: 4 | loss: 0.3358799
	speed: 0.0126s/iter; left time: 1273.6117s
	iters: 1000, epoch: 4 | loss: 0.3095560
	speed: 0.0130s/iter; left time: 1311.0709s
Epoch: 4 cost time: 13.220280885696411
Epoch: 4, Steps: 1048 | Train Loss: 0.3929469 Vali Loss: 0.9326885
EarlyStopping counter: 1 out of 6
Updating learning rate to 6.25e-05
	iters: 100, epoch: 5 | loss: 0.3900604
	speed: 0.0359s/iter; left time: 3609.5304s
	iters: 200, epoch: 5 | loss: 0.4600931
	speed: 0.0128s/iter; left time: 1289.8813s
	iters: 300, epoch: 5 | loss: 0.3773984
	speed: 0.0126s/iter; left time: 1259.0479s
	iters: 400, epoch: 5 | loss: 0.3779041
	speed: 0.0126s/iter; left time: 1259.2864s
	iters: 500, epoch: 5 | loss: 0.3466816
	speed: 0.0126s/iter; left time: 1258.7601s
	iters: 600, epoch: 5 | loss: 0.3980784
	speed: 0.0127s/iter; left time: 1272.1515s
	iters: 700, epoch: 5 | loss: 0.3848053
	speed: 0.0126s/iter; left time: 1255.9507s
	iters: 800, epoch: 5 | loss: 0.3331468
	speed: 0.0128s/iter; left time: 1273.1469s
	iters: 900, epoch: 5 | loss: 0.4466285
	speed: 0.0128s/iter; left time: 1276.3674s
	iters: 1000, epoch: 5 | loss: 0.3470506
	speed: 0.0128s/iter; left time: 1279.7390s
Epoch: 5 cost time: 13.265891790390015
Epoch: 5, Steps: 1048 | Train Loss: 0.3894234 Vali Loss: 0.9301042
EarlyStopping counter: 2 out of 6
Updating learning rate to 3.125e-05
	iters: 100, epoch: 6 | loss: 0.3887290
	speed: 0.0353s/iter; left time: 3510.8808s
	iters: 200, epoch: 6 | loss: 0.3599626
	speed: 0.0128s/iter; left time: 1267.0274s
	iters: 300, epoch: 6 | loss: 0.3645150
	speed: 0.0128s/iter; left time: 1269.7584s
	iters: 400, epoch: 6 | loss: 0.3854114
	speed: 0.0128s/iter; left time: 1266.7614s
	iters: 500, epoch: 6 | loss: 0.4606060
	speed: 0.0125s/iter; left time: 1236.4361s
	iters: 600, epoch: 6 | loss: 0.3899250
	speed: 0.0125s/iter; left time: 1236.8646s
	iters: 700, epoch: 6 | loss: 0.3746916
	speed: 0.0126s/iter; left time: 1248.9270s
	iters: 800, epoch: 6 | loss: 0.4207048
	speed: 0.0125s/iter; left time: 1236.6934s
	iters: 900, epoch: 6 | loss: 0.3818741
	speed: 0.0126s/iter; left time: 1239.8373s
	iters: 1000, epoch: 6 | loss: 0.3647233
	speed: 0.0126s/iter; left time: 1239.3270s
Epoch: 6 cost time: 13.22701096534729
Epoch: 6, Steps: 1048 | Train Loss: 0.3874890 Vali Loss: 0.9324216
EarlyStopping counter: 3 out of 6
Updating learning rate to 1.5625e-05
	iters: 100, epoch: 7 | loss: 0.4057582
	speed: 0.0355s/iter; left time: 3494.8337s
	iters: 200, epoch: 7 | loss: 0.4458252
	speed: 0.0124s/iter; left time: 1219.1841s
	iters: 300, epoch: 7 | loss: 0.3496388
	speed: 0.0126s/iter; left time: 1233.9377s
	iters: 400, epoch: 7 | loss: 0.3659718
	speed: 0.0125s/iter; left time: 1221.9131s
	iters: 500, epoch: 7 | loss: 0.4990033
	speed: 0.0129s/iter; left time: 1265.5220s
	iters: 600, epoch: 7 | loss: 0.3553343
	speed: 0.0125s/iter; left time: 1221.6353s
	iters: 700, epoch: 7 | loss: 0.4002293
	speed: 0.0125s/iter; left time: 1223.2698s
	iters: 800, epoch: 7 | loss: 0.3583399
	speed: 0.0129s/iter; left time: 1258.2225s
	iters: 900, epoch: 7 | loss: 0.3380815
	speed: 0.0128s/iter; left time: 1252.6231s
	iters: 1000, epoch: 7 | loss: 0.3556972
	speed: 0.0126s/iter; left time: 1230.9001s
Epoch: 7 cost time: 13.198091983795166
Epoch: 7, Steps: 1048 | Train Loss: 0.3861500 Vali Loss: 0.9318237
EarlyStopping counter: 4 out of 6
Updating learning rate to 7.8125e-06
	iters: 100, epoch: 8 | loss: 0.3519628
	speed: 0.0360s/iter; left time: 3500.4939s
	iters: 200, epoch: 8 | loss: 0.4034351
	speed: 0.0130s/iter; left time: 1266.4659s
	iters: 300, epoch: 8 | loss: 0.4383347
	speed: 0.0129s/iter; left time: 1250.5418s
	iters: 400, epoch: 8 | loss: 0.3732695
	speed: 0.0126s/iter; left time: 1222.4717s
	iters: 500, epoch: 8 | loss: 0.4354537
	speed: 0.0128s/iter; left time: 1237.8216s
	iters: 600, epoch: 8 | loss: 0.3806273
	speed: 0.0127s/iter; left time: 1232.9277s
	iters: 700, epoch: 8 | loss: 0.4493548
	speed: 0.0129s/iter; left time: 1247.0990s
	iters: 800, epoch: 8 | loss: 0.4108334
	speed: 0.0126s/iter; left time: 1221.4759s
	iters: 900, epoch: 8 | loss: 0.3325432
	speed: 0.0127s/iter; left time: 1222.0285s
	iters: 1000, epoch: 8 | loss: 0.3324832
	speed: 0.0126s/iter; left time: 1218.0328s
Epoch: 8 cost time: 13.34713363647461
Epoch: 8, Steps: 1048 | Train Loss: 0.3860786 Vali Loss: 0.9315579
EarlyStopping counter: 5 out of 6
Updating learning rate to 3.90625e-06
	iters: 100, epoch: 9 | loss: 0.4469345
	speed: 0.0363s/iter; left time: 3498.8679s
	iters: 200, epoch: 9 | loss: 0.4127564
	speed: 0.0128s/iter; left time: 1228.6741s
	iters: 300, epoch: 9 | loss: 0.4165023
	speed: 0.0126s/iter; left time: 1214.9543s
	iters: 400, epoch: 9 | loss: 0.4551884
	speed: 0.0127s/iter; left time: 1219.2742s
	iters: 500, epoch: 9 | loss: 0.3284403
	speed: 0.0125s/iter; left time: 1202.5659s
	iters: 600, epoch: 9 | loss: 0.3140992
	speed: 0.0125s/iter; left time: 1193.5349s
	iters: 700, epoch: 9 | loss: 0.3710358
	speed: 0.0125s/iter; left time: 1192.6832s
	iters: 800, epoch: 9 | loss: 0.4168490
	speed: 0.0126s/iter; left time: 1203.8338s
	iters: 900, epoch: 9 | loss: 0.3476343
	speed: 0.0123s/iter; left time: 1175.3105s
	iters: 1000, epoch: 9 | loss: 0.3793403
	speed: 0.0125s/iter; left time: 1194.7322s
Epoch: 9 cost time: 13.180278062820435
Epoch: 9, Steps: 1048 | Train Loss: 0.3855217 Vali Loss: 0.9306806
EarlyStopping counter: 6 out of 6
Early stopping
VALIDATION_RESULT {"best_epoch": 3, "best_mae": 0.6365046683976572, "best_mse": 0.9267076387120792, "epochs_ran": 9, "metric_version": "element_weighted_v1"}
>>>>>>>test skipped (validation-only run)<<<<<<<<<<<<<<<<<<<<<<<<
Using GPU
Args in experiment:
[1mBasic Config[0m
  Task Name:          long_term_forecast  Is Training:        0                   
  Model ID:           ETTm1_96_720_cmrhm_backbone_ettm1_p720_no_decomp_s2021Model:              GraphMambaCMRHM     

[1mData Loader[0m
  Data:               ETTm1               Root Path:          /home/cwh/Time-Series-Library/dataset/ETT-small
  Data Path:          ETTm1.csv           Features:           M                   
  Target:             OT                  Freq:               h                   
  Checkpoints:        /home/cwh/Time-Series-Library/logs/cmrhm_backbone_ablation/checkpoints

[1mForecasting Task[0m
  Seq Len:            336                 Label Len:          48                  
  Pred Len:           720                 Seasonal Patterns:  Monthly             
  Inverse:            0                   

[1mModel Parameters[0m
  Top k:              5                   Num Kernels:        6                   
  Enc In:             7                   Dec In:             7                   
  C Out:              7                   d model:            64                  
  n heads:            8                   e layers:           1                   
  d layers:           1                   d FF:               128                 
  Moving Avg:         25                  Factor:             1                   
  Distil:             1                   Dropout:            0.1                 
  Embed:              timeF               Activation:         gelu                

[1mRun Parameters[0m
  Num Workers:        0                   Itr:                1                   
  Train Epochs:       100                 Batch Size:         32                  
  Patience:           6                   Learning Rate:      0.0005              
  Des:                cmrhm_backbone_ettm1_p720_no_decomp_s2021Loss:               MSE                 
  Lradj:              type1               Use Amp:            0                   

[1mGPU[0m
  Use GPU:            1                   GPU:                0                   
  Use Multi GPU:      0                   Devices:            0,1,2,3             

[1mDe-stationary Projector Params[0m
  P Hidden Dims:      128, 128            P Hidden Layers:    2                   

Use GPU: cuda:0
🚀 Lazy Loading: GraphMambaCMRHM ...
[GraphMamba] Building 7x7 static graph from 2000 training samples
>>>>>>>evaluating validation checkpoint : long_term_forecast_ETTm1_96_720_cmrhm_backbone_ettm1_p720_no_decomp_s2021_GraphMambaCMRHM_ETTm1_ftM_sl336_ll48_pl720_dm64_nh8_el1_dl1_df128_expand2_dc2_fc1_ebtimeF_dtTrue_cmrhm_backbone_ettm1_p720_no_decomp_s2021_0<<<<<<<<<<<<<<<<<<<<<<<<<<<<<<<<<
val 10801
EVALUATION_RESULT {"batches": 338, "cmrhm_intervention": "intact", "elapsed_seconds": 1.8829005099833012, "elements": 54437040, "gate_abs_mean": 0.19562183320522308, "gate_max": -0.13621832430362701, "gate_mean": -0.19562183320522308, "gate_min": -0.23751497268676758, "gate_values": [-0.23243975639343262, -0.18534411489963531, -0.23751497268676758, -0.1719827651977539, -0.17393118143081665, -0.13621832430362701, -0.2319217026233673], "mae": 0.6365046683976572, "memory_correction_mae": 0.25396311342539013, "memory_correction_rms": 0.3793285431850519, "metric_version": "element_weighted_v1", "milliseconds_per_batch": 5.570711567997932, "mse": 0.9267076397884373, "parameter_count": 6766077, "peak_cuda_memory_bytes": 165511168, "split": "val"}
=== w/o Decomp | ETTm2-96 ===
Using GPU
Args in experiment:
[1mBasic Config[0m
  Task Name:          long_term_forecast  Is Training:        1                   
  Model ID:           ETTm2_96_96_cmrhm_backbone_ettm2_p96_no_decomp_s2021Model:              GraphMambaCMRHM     

[1mData Loader[0m
  Data:               ETTm2               Root Path:          /home/cwh/Time-Series-Library/dataset/ETT-small
  Data Path:          ETTm2.csv           Features:           M                   
  Target:             OT                  Freq:               h                   
  Checkpoints:        /home/cwh/Time-Series-Library/logs/cmrhm_backbone_ablation/checkpoints

[1mForecasting Task[0m
  Seq Len:            336                 Label Len:          48                  
  Pred Len:           96                  Seasonal Patterns:  Monthly             
  Inverse:            0                   

[1mModel Parameters[0m
  Top k:              5                   Num Kernels:        6                   
  Enc In:             7                   Dec In:             7                   
  C Out:              7                   d model:            64                  
  n heads:            8                   e layers:           1                   
  d layers:           1                   d FF:               128                 
  Moving Avg:         25                  Factor:             1                   
  Distil:             1                   Dropout:            0.1                 
  Embed:              timeF               Activation:         gelu                

[1mRun Parameters[0m
  Num Workers:        0                   Itr:                1                   
  Train Epochs:       100                 Batch Size:         32                  
  Patience:           6                   Learning Rate:      0.0005              
  Des:                cmrhm_backbone_ettm2_p96_no_decomp_s2021Loss:               MSE                 
  Lradj:              type1               Use Amp:            0                   

[1mGPU[0m
  Use GPU:            1                   GPU:                0                   
  Use Multi GPU:      0                   Devices:            0,1,2,3             

[1mDe-stationary Projector Params[0m
  P Hidden Dims:      128, 128            P Hidden Layers:    2                   

Use GPU: cuda:0
🚀 Lazy Loading: GraphMambaCMRHM ...
[GraphMamba] Building 7x7 static graph from 2000 training samples
>>>>>>>start training : long_term_forecast_ETTm2_96_96_cmrhm_backbone_ettm2_p96_no_decomp_s2021_GraphMambaCMRHM_ETTm2_ftM_sl336_ll48_pl96_dm64_nh8_el1_dl1_df128_expand2_dc2_fc1_ebtimeF_dtTrue_cmrhm_backbone_ettm2_p96_no_decomp_s2021_0>>>>>>>>>>>>>>>>>>>>>>>>>>
train 34129
val 11425
	iters: 100, epoch: 1 | loss: 0.2196120
	speed: 0.0142s/iter; left time: 1508.7371s
	iters: 200, epoch: 1 | loss: 0.2911184
	speed: 0.0118s/iter; left time: 1260.0654s
	iters: 300, epoch: 1 | loss: 0.2354356
	speed: 0.0120s/iter; left time: 1274.7387s
	iters: 400, epoch: 1 | loss: 0.3546042
	speed: 0.0125s/iter; left time: 1333.0216s
	iters: 500, epoch: 1 | loss: 0.2080445
	speed: 0.0122s/iter; left time: 1295.5816s
	iters: 600, epoch: 1 | loss: 0.1931479
	speed: 0.0122s/iter; left time: 1290.1083s
	iters: 700, epoch: 1 | loss: 0.5343528
	speed: 0.0120s/iter; left time: 1273.0351s
	iters: 800, epoch: 1 | loss: 0.2565921
	speed: 0.0123s/iter; left time: 1299.8653s
	iters: 900, epoch: 1 | loss: 0.1531651
	speed: 0.0118s/iter; left time: 1245.0785s
	iters: 1000, epoch: 1 | loss: 0.1011441
	speed: 0.0118s/iter; left time: 1250.4026s
Epoch: 1 cost time: 13.090489149093628
Epoch: 1, Steps: 1067 | Train Loss: 0.2324096 Vali Loss: 0.1250564
Validation loss decreased (inf --> 0.125056).  Saving model ...
Updating learning rate to 0.0005
	iters: 100, epoch: 2 | loss: 0.3176340
	speed: 0.0372s/iter; left time: 3928.0760s
	iters: 200, epoch: 2 | loss: 0.1697970
	speed: 0.0122s/iter; left time: 1286.6704s
	iters: 300, epoch: 2 | loss: 0.1970285
	speed: 0.0120s/iter; left time: 1265.2813s
	iters: 400, epoch: 2 | loss: 0.3947077
	speed: 0.0119s/iter; left time: 1254.2043s
	iters: 500, epoch: 2 | loss: 0.2155905
	speed: 0.0122s/iter; left time: 1279.3121s
	iters: 600, epoch: 2 | loss: 0.1808026
	speed: 0.0118s/iter; left time: 1242.5030s
	iters: 700, epoch: 2 | loss: 0.1288635
	speed: 0.0119s/iter; left time: 1248.4595s
	iters: 800, epoch: 2 | loss: 0.2254316
	speed: 0.0121s/iter; left time: 1264.0159s
	iters: 900, epoch: 2 | loss: 0.2030272
	speed: 0.0119s/iter; left time: 1241.4412s
	iters: 1000, epoch: 2 | loss: 0.2533658
	speed: 0.0120s/iter; left time: 1255.2882s
Epoch: 2 cost time: 12.799375057220459
Epoch: 2, Steps: 1067 | Train Loss: 0.2011896 Vali Loss: 0.1246682
Validation loss decreased (0.125056 --> 0.124668).  Saving model ...
Updating learning rate to 0.00025
	iters: 100, epoch: 3 | loss: 0.2119035
	speed: 0.0365s/iter; left time: 3815.3012s
	iters: 200, epoch: 3 | loss: 0.1244053
	speed: 0.0123s/iter; left time: 1282.6496s
	iters: 300, epoch: 3 | loss: 0.1306842
	speed: 0.0119s/iter; left time: 1241.4200s
	iters: 400, epoch: 3 | loss: 0.1757680
	speed: 0.0122s/iter; left time: 1266.4100s
	iters: 500, epoch: 3 | loss: 0.1678666
	speed: 0.0122s/iter; left time: 1272.0765s
	iters: 600, epoch: 3 | loss: 0.1050861
	speed: 0.0119s/iter; left time: 1233.1796s
	iters: 700, epoch: 3 | loss: 0.3029612
	speed: 0.0121s/iter; left time: 1252.8100s
	iters: 800, epoch: 3 | loss: 0.2678780
	speed: 0.0120s/iter; left time: 1246.8171s
	iters: 900, epoch: 3 | loss: 0.1865551
	speed: 0.0121s/iter; left time: 1250.3161s
	iters: 1000, epoch: 3 | loss: 0.1296216
	speed: 0.0119s/iter; left time: 1235.1522s
Epoch: 3 cost time: 12.854465007781982
Epoch: 3, Steps: 1067 | Train Loss: 0.1902631 Vali Loss: 0.1259487
EarlyStopping counter: 1 out of 6
Updating learning rate to 0.000125
	iters: 100, epoch: 4 | loss: 0.1524861
	speed: 0.0357s/iter; left time: 3687.5687s
	iters: 200, epoch: 4 | loss: 0.2261112
	speed: 0.0114s/iter; left time: 1178.0331s
	iters: 300, epoch: 4 | loss: 0.2180196
	speed: 0.0117s/iter; left time: 1207.6480s
	iters: 400, epoch: 4 | loss: 0.1141035
	speed: 0.0120s/iter; left time: 1242.2817s
	iters: 500, epoch: 4 | loss: 0.1632781
	speed: 0.0119s/iter; left time: 1222.3365s
	iters: 600, epoch: 4 | loss: 0.2300441
	speed: 0.0123s/iter; left time: 1267.4114s
	iters: 700, epoch: 4 | loss: 0.2933406
	speed: 0.0123s/iter; left time: 1263.9489s
	iters: 800, epoch: 4 | loss: 0.1334044
	speed: 0.0122s/iter; left time: 1247.9337s
	iters: 900, epoch: 4 | loss: 0.1777057
	speed: 0.0117s/iter; left time: 1197.6283s
	iters: 1000, epoch: 4 | loss: 0.1385540
	speed: 0.0122s/iter; left time: 1255.3556s
Epoch: 4 cost time: 12.779391765594482
Epoch: 4, Steps: 1067 | Train Loss: 0.1854561 Vali Loss: 0.1245832
Validation loss decreased (0.124668 --> 0.124583).  Saving model ...
Updating learning rate to 6.25e-05
	iters: 100, epoch: 5 | loss: 0.1930988
	speed: 0.0372s/iter; left time: 3811.4020s
	iters: 200, epoch: 5 | loss: 0.1344949
	speed: 0.0120s/iter; left time: 1228.8615s
	iters: 300, epoch: 5 | loss: 0.1642335
	speed: 0.0118s/iter; left time: 1202.3463s
	iters: 400, epoch: 5 | loss: 0.1546905
	speed: 0.0116s/iter; left time: 1185.0177s
	iters: 500, epoch: 5 | loss: 0.1953426
	speed: 0.0118s/iter; left time: 1200.1789s
	iters: 600, epoch: 5 | loss: 0.1125771
	speed: 0.0125s/iter; left time: 1277.4410s
	iters: 700, epoch: 5 | loss: 0.1400862
	speed: 0.0119s/iter; left time: 1211.7256s
	iters: 800, epoch: 5 | loss: 0.1392132
	speed: 0.0117s/iter; left time: 1184.9992s
	iters: 900, epoch: 5 | loss: 0.2306165
	speed: 0.0115s/iter; left time: 1169.7260s
	iters: 1000, epoch: 5 | loss: 0.1183687
	speed: 0.0119s/iter; left time: 1209.1582s
Epoch: 5 cost time: 12.64962887763977
Epoch: 5, Steps: 1067 | Train Loss: 0.1827312 Vali Loss: 0.1255587
EarlyStopping counter: 1 out of 6
Updating learning rate to 3.125e-05
	iters: 100, epoch: 6 | loss: 0.1949732
	speed: 0.0361s/iter; left time: 3650.8936s
	iters: 200, epoch: 6 | loss: 0.1466668
	speed: 0.0118s/iter; left time: 1192.2586s
	iters: 300, epoch: 6 | loss: 0.0903847
	speed: 0.0121s/iter; left time: 1219.7437s
	iters: 400, epoch: 6 | loss: 0.0865690
	speed: 0.0119s/iter; left time: 1205.8862s
	iters: 500, epoch: 6 | loss: 0.1100119
	speed: 0.0123s/iter; left time: 1238.6888s
	iters: 600, epoch: 6 | loss: 0.5096065
	speed: 0.0120s/iter; left time: 1211.6721s
	iters: 700, epoch: 6 | loss: 0.1345627
	speed: 0.0122s/iter; left time: 1223.6839s
	iters: 800, epoch: 6 | loss: 0.2120634
	speed: 0.0120s/iter; left time: 1209.3317s
	iters: 900, epoch: 6 | loss: 0.2101730
	speed: 0.0121s/iter; left time: 1215.6588s
	iters: 1000, epoch: 6 | loss: 0.1198019
	speed: 0.0119s/iter; left time: 1194.0401s
Epoch: 6 cost time: 12.819968223571777
Epoch: 6, Steps: 1067 | Train Loss: 0.1812746 Vali Loss: 0.1260422
EarlyStopping counter: 2 out of 6
Updating learning rate to 1.5625e-05
	iters: 100, epoch: 7 | loss: 0.1791490
	speed: 0.0367s/iter; left time: 3673.8366s
	iters: 200, epoch: 7 | loss: 0.0958290
	speed: 0.0120s/iter; left time: 1197.0445s
	iters: 300, epoch: 7 | loss: 0.1958138
	speed: 0.0118s/iter; left time: 1178.4645s
	iters: 400, epoch: 7 | loss: 0.3217833
	speed: 0.0118s/iter; left time: 1174.8631s
	iters: 500, epoch: 7 | loss: 0.2373226
	speed: 0.0119s/iter; left time: 1188.2189s
	iters: 600, epoch: 7 | loss: 0.1864564
	speed: 0.0120s/iter; left time: 1199.9578s
	iters: 700, epoch: 7 | loss: 0.1885238
	speed: 0.0122s/iter; left time: 1211.0546s
	iters: 800, epoch: 7 | loss: 0.1409985
	speed: 0.0119s/iter; left time: 1187.3576s
	iters: 900, epoch: 7 | loss: 0.1583896
	speed: 0.0119s/iter; left time: 1178.3310s
	iters: 1000, epoch: 7 | loss: 0.1979243
	speed: 0.0118s/iter; left time: 1175.6760s
Epoch: 7 cost time: 12.731144905090332
Epoch: 7, Steps: 1067 | Train Loss: 0.1804815 Vali Loss: 0.1265767
EarlyStopping counter: 3 out of 6
Updating learning rate to 7.8125e-06
	iters: 100, epoch: 8 | loss: 0.1807050
	speed: 0.0357s/iter; left time: 3538.5812s
	iters: 200, epoch: 8 | loss: 0.2432150
	speed: 0.0117s/iter; left time: 1159.6607s
	iters: 300, epoch: 8 | loss: 0.2453458
	speed: 0.0120s/iter; left time: 1185.2506s
	iters: 400, epoch: 8 | loss: 0.1361388
	speed: 0.0119s/iter; left time: 1176.3424s
	iters: 500, epoch: 8 | loss: 0.1584053
	speed: 0.0120s/iter; left time: 1184.9502s
	iters: 600, epoch: 8 | loss: 0.1773000
	speed: 0.0121s/iter; left time: 1195.9227s
	iters: 700, epoch: 8 | loss: 0.1672130
	speed: 0.0117s/iter; left time: 1154.8676s
	iters: 800, epoch: 8 | loss: 0.3619625
	speed: 0.0120s/iter; left time: 1183.8280s
	iters: 900, epoch: 8 | loss: 0.1286639
	speed: 0.0124s/iter; left time: 1218.1054s
	iters: 1000, epoch: 8 | loss: 0.1240066
	speed: 0.0120s/iter; left time: 1175.2235s
Epoch: 8 cost time: 12.751214027404785
Epoch: 8, Steps: 1067 | Train Loss: 0.1800415 Vali Loss: 0.1266919
EarlyStopping counter: 4 out of 6
Updating learning rate to 3.90625e-06
	iters: 100, epoch: 9 | loss: 0.2071551
	speed: 0.0374s/iter; left time: 3665.0512s
	iters: 200, epoch: 9 | loss: 0.1679868
	speed: 0.0121s/iter; left time: 1185.6750s
	iters: 300, epoch: 9 | loss: 0.1593954
	speed: 0.0119s/iter; left time: 1168.7991s
	iters: 400, epoch: 9 | loss: 0.1080852
	speed: 0.0122s/iter; left time: 1194.7180s
	iters: 500, epoch: 9 | loss: 0.1810488
	speed: 0.0121s/iter; left time: 1178.6261s
	iters: 600, epoch: 9 | loss: 0.2010052
	speed: 0.0119s/iter; left time: 1164.9103s
	iters: 700, epoch: 9 | loss: 0.1252249
	speed: 0.0119s/iter; left time: 1162.2767s
	iters: 800, epoch: 9 | loss: 0.1833849
	speed: 0.0123s/iter; left time: 1196.3829s
	iters: 900, epoch: 9 | loss: 0.2047204
	speed: 0.0123s/iter; left time: 1191.5599s
	iters: 1000, epoch: 9 | loss: 0.2153222
	speed: 0.0120s/iter; left time: 1168.4280s
Epoch: 9 cost time: 12.902289867401123
Epoch: 9, Steps: 1067 | Train Loss: 0.1798818 Vali Loss: 0.1267486
EarlyStopping counter: 5 out of 6
Updating learning rate to 1.953125e-06
	iters: 100, epoch: 10 | loss: 0.2268301
	speed: 0.0378s/iter; left time: 3669.7599s
	iters: 200, epoch: 10 | loss: 0.2030587
	speed: 0.0122s/iter; left time: 1183.7298s
	iters: 300, epoch: 10 | loss: 0.1287343
	speed: 0.0122s/iter; left time: 1178.0866s
	iters: 400, epoch: 10 | loss: 0.1736754
	speed: 0.0119s/iter; left time: 1151.8608s
	iters: 500, epoch: 10 | loss: 0.2286996
	speed: 0.0122s/iter; left time: 1175.9374s
	iters: 600, epoch: 10 | loss: 0.1835683
	speed: 0.0124s/iter; left time: 1200.8651s
	iters: 700, epoch: 10 | loss: 0.2108923
	speed: 0.0122s/iter; left time: 1180.4994s
	iters: 800, epoch: 10 | loss: 0.1354505
	speed: 0.0121s/iter; left time: 1166.9569s
	iters: 900, epoch: 10 | loss: 0.0971688
	speed: 0.0121s/iter; left time: 1162.2688s
	iters: 1000, epoch: 10 | loss: 0.0936436
	speed: 0.0121s/iter; left time: 1160.3806s
Epoch: 10 cost time: 12.966827869415283
Epoch: 10, Steps: 1067 | Train Loss: 0.1797027 Vali Loss: 0.1267830
EarlyStopping counter: 6 out of 6
Early stopping
VALIDATION_RESULT {"best_epoch": 4, "best_mae": 0.24196533524295719, "best_mse": 0.12458324228262695, "epochs_ran": 10, "metric_version": "element_weighted_v1"}
>>>>>>>test skipped (validation-only run)<<<<<<<<<<<<<<<<<<<<<<<<
Using GPU
Args in experiment:
[1mBasic Config[0m
  Task Name:          long_term_forecast  Is Training:        0                   
  Model ID:           ETTm2_96_96_cmrhm_backbone_ettm2_p96_no_decomp_s2021Model:              GraphMambaCMRHM     

[1mData Loader[0m
  Data:               ETTm2               Root Path:          /home/cwh/Time-Series-Library/dataset/ETT-small
  Data Path:          ETTm2.csv           Features:           M                   
  Target:             OT                  Freq:               h                   
  Checkpoints:        /home/cwh/Time-Series-Library/logs/cmrhm_backbone_ablation/checkpoints

[1mForecasting Task[0m
  Seq Len:            336                 Label Len:          48                  
  Pred Len:           96                  Seasonal Patterns:  Monthly             
  Inverse:            0                   

[1mModel Parameters[0m
  Top k:              5                   Num Kernels:        6                   
  Enc In:             7                   Dec In:             7                   
  C Out:              7                   d model:            64                  
  n heads:            8                   e layers:           1                   
  d layers:           1                   d FF:               128                 
  Moving Avg:         25                  Factor:             1                   
  Distil:             1                   Dropout:            0.1                 
  Embed:              timeF               Activation:         gelu                

[1mRun Parameters[0m
  Num Workers:        0                   Itr:                1                   
  Train Epochs:       100                 Batch Size:         32                  
  Patience:           6                   Learning Rate:      0.0005              
  Des:                cmrhm_backbone_ettm2_p96_no_decomp_s2021Loss:               MSE                 
  Lradj:              type1               Use Amp:            0                   

[1mGPU[0m
  Use GPU:            1                   GPU:                0                   
  Use Multi GPU:      0                   Devices:            0,1,2,3             

[1mDe-stationary Projector Params[0m
  P Hidden Dims:      128, 128            P Hidden Layers:    2                   

Use GPU: cuda:0
🚀 Lazy Loading: GraphMambaCMRHM ...
[GraphMamba] Building 7x7 static graph from 2000 training samples
>>>>>>>evaluating validation checkpoint : long_term_forecast_ETTm2_96_96_cmrhm_backbone_ettm2_p96_no_decomp_s2021_GraphMambaCMRHM_ETTm2_ftM_sl336_ll48_pl96_dm64_nh8_el1_dl1_df128_expand2_dc2_fc1_ebtimeF_dtTrue_cmrhm_backbone_ettm2_p96_no_decomp_s2021_0<<<<<<<<<<<<<<<<<<<<<<<<<<<<<<<<<
val 11425
EVALUATION_RESULT {"batches": 358, "cmrhm_intervention": "intact", "elapsed_seconds": 1.8770286310464144, "elements": 7677600, "gate_abs_mean": 0.15199516713619232, "gate_max": 0.24786430597305298, "gate_mean": 0.15061055123806, "gate_min": -0.004846144467592239, "gate_values": [0.24317820370197296, 0.24786430597305298, 0.09437127411365509, 0.2459951788187027, 0.07408740371465683, -0.004846144467592239, 0.15362362563610077], "mae": 0.24196533484546867, "memory_correction_mae": 0.06045062530384817, "memory_correction_rms": 0.10165897482632388, "metric_version": "element_weighted_v1", "milliseconds_per_batch": 5.243096734766521, "mse": 0.12458324228660184, "parameter_count": 994701, "peak_cuda_memory_bytes": 138878464, "split": "val"}
=== w/o Decomp | ETTm2-720 ===
Using GPU
Args in experiment:
[1mBasic Config[0m
  Task Name:          long_term_forecast  Is Training:        1                   
  Model ID:           ETTm2_96_720_cmrhm_backbone_ettm2_p720_no_decomp_s2021Model:              GraphMambaCMRHM     

[1mData Loader[0m
  Data:               ETTm2               Root Path:          /home/cwh/Time-Series-Library/dataset/ETT-small
  Data Path:          ETTm2.csv           Features:           M                   
  Target:             OT                  Freq:               h                   
  Checkpoints:        /home/cwh/Time-Series-Library/logs/cmrhm_backbone_ablation/checkpoints

[1mForecasting Task[0m
  Seq Len:            336                 Label Len:          48                  
  Pred Len:           720                 Seasonal Patterns:  Monthly             
  Inverse:            0                   

[1mModel Parameters[0m
  Top k:              5                   Num Kernels:        6                   
  Enc In:             7                   Dec In:             7                   
  C Out:              7                   d model:            64                  
  n heads:            8                   e layers:           1                   
  d layers:           1                   d FF:               128                 
  Moving Avg:         25                  Factor:             1                   
  Distil:             1                   Dropout:            0.1                 
  Embed:              timeF               Activation:         gelu                

[1mRun Parameters[0m
  Num Workers:        0                   Itr:                1                   
  Train Epochs:       100                 Batch Size:         32                  
  Patience:           6                   Learning Rate:      0.0005              
  Des:                cmrhm_backbone_ettm2_p720_no_decomp_s2021Loss:               MSE                 
  Lradj:              type1               Use Amp:            0                   

[1mGPU[0m
  Use GPU:            1                   GPU:                0                   
  Use Multi GPU:      0                   Devices:            0,1,2,3             

[1mDe-stationary Projector Params[0m
  P Hidden Dims:      128, 128            P Hidden Layers:    2                   

Use GPU: cuda:0
🚀 Lazy Loading: GraphMambaCMRHM ...
[GraphMamba] Building 7x7 static graph from 2000 training samples
>>>>>>>start training : long_term_forecast_ETTm2_96_720_cmrhm_backbone_ettm2_p720_no_decomp_s2021_GraphMambaCMRHM_ETTm2_ftM_sl336_ll48_pl720_dm64_nh8_el1_dl1_df128_expand2_dc2_fc1_ebtimeF_dtTrue_cmrhm_backbone_ettm2_p720_no_decomp_s2021_0>>>>>>>>>>>>>>>>>>>>>>>>>>
train 33505
val 10801
	iters: 100, epoch: 1 | loss: 0.4776078
	speed: 0.0152s/iter; left time: 1586.6027s
	iters: 200, epoch: 1 | loss: 0.4750245
	speed: 0.0127s/iter; left time: 1332.6631s
	iters: 300, epoch: 1 | loss: 0.7278888
	speed: 0.0128s/iter; left time: 1334.2602s
	iters: 400, epoch: 1 | loss: 0.3407010
	speed: 0.0129s/iter; left time: 1344.2068s
	iters: 500, epoch: 1 | loss: 0.6555597
	speed: 0.0126s/iter; left time: 1312.1890s
	iters: 600, epoch: 1 | loss: 0.3284515
	speed: 0.0127s/iter; left time: 1321.1066s
	iters: 700, epoch: 1 | loss: 0.7963762
	speed: 0.0126s/iter; left time: 1316.7802s
	iters: 800, epoch: 1 | loss: 0.6437488
	speed: 0.0127s/iter; left time: 1324.6230s
	iters: 900, epoch: 1 | loss: 0.5648222
	speed: 0.0127s/iter; left time: 1318.3457s
	iters: 1000, epoch: 1 | loss: 0.5233699
	speed: 0.0127s/iter; left time: 1320.4305s
Epoch: 1 cost time: 13.571425914764404
Epoch: 1, Steps: 1048 | Train Loss: 0.5448946 Vali Loss: 0.2812773
Validation loss decreased (inf --> 0.281277).  Saving model ...
Updating learning rate to 0.0005
	iters: 100, epoch: 2 | loss: 0.5074276
	speed: 0.0363s/iter; left time: 3764.8939s
	iters: 200, epoch: 2 | loss: 0.3438464
	speed: 0.0128s/iter; left time: 1321.0889s
	iters: 300, epoch: 2 | loss: 0.8046610
	speed: 0.0127s/iter; left time: 1315.4477s
	iters: 400, epoch: 2 | loss: 1.2448486
	speed: 0.0127s/iter; left time: 1314.8530s
	iters: 500, epoch: 2 | loss: 0.2240483
	speed: 0.0127s/iter; left time: 1307.8772s
	iters: 600, epoch: 2 | loss: 0.3026916
	speed: 0.0128s/iter; left time: 1315.4490s
	iters: 700, epoch: 2 | loss: 0.4581381
	speed: 0.0125s/iter; left time: 1288.7438s
	iters: 800, epoch: 2 | loss: 0.4185562
	speed: 0.0126s/iter; left time: 1292.4154s
	iters: 900, epoch: 2 | loss: 0.4776317
	speed: 0.0125s/iter; left time: 1283.8744s
	iters: 1000, epoch: 2 | loss: 0.4836625
	speed: 0.0127s/iter; left time: 1304.8183s
Epoch: 2 cost time: 13.27411961555481
Epoch: 2, Steps: 1048 | Train Loss: 0.5060838 Vali Loss: 0.2773083
Validation loss decreased (0.281277 --> 0.277308).  Saving model ...
Updating learning rate to 0.00025
	iters: 100, epoch: 3 | loss: 0.8259405
	speed: 0.0366s/iter; left time: 3754.1175s
	iters: 200, epoch: 3 | loss: 0.3795802
	speed: 0.0129s/iter; left time: 1320.2665s
	iters: 300, epoch: 3 | loss: 0.5111553
	speed: 0.0125s/iter; left time: 1281.1031s
	iters: 400, epoch: 3 | loss: 0.4665371
	speed: 0.0125s/iter; left time: 1276.0368s
	iters: 500, epoch: 3 | loss: 0.4258399
	speed: 0.0128s/iter; left time: 1308.9104s
	iters: 600, epoch: 3 | loss: 0.3383223
	speed: 0.0131s/iter; left time: 1333.9429s
	iters: 700, epoch: 3 | loss: 0.7347907
	speed: 0.0125s/iter; left time: 1277.6341s
	iters: 800, epoch: 3 | loss: 0.4061280
	speed: 0.0125s/iter; left time: 1274.0477s
	iters: 900, epoch: 3 | loss: 0.8818111
	speed: 0.0127s/iter; left time: 1294.6060s
	iters: 1000, epoch: 3 | loss: 0.3848327
	speed: 0.0128s/iter; left time: 1299.4908s
Epoch: 3 cost time: 13.345060110092163
Epoch: 3, Steps: 1048 | Train Loss: 0.4866087 Vali Loss: 0.2908147
EarlyStopping counter: 1 out of 6
Updating learning rate to 0.000125
	iters: 100, epoch: 4 | loss: 0.3019216
	speed: 0.0361s/iter; left time: 3665.4451s
	iters: 200, epoch: 4 | loss: 0.6020324
	speed: 0.0128s/iter; left time: 1298.3436s
	iters: 300, epoch: 4 | loss: 0.6221726
	speed: 0.0125s/iter; left time: 1263.6864s
	iters: 400, epoch: 4 | loss: 0.4168885
	speed: 0.0127s/iter; left time: 1283.3532s
	iters: 500, epoch: 4 | loss: 0.6047068
	speed: 0.0128s/iter; left time: 1298.4480s
	iters: 600, epoch: 4 | loss: 0.6927784
	speed: 0.0128s/iter; left time: 1288.9288s
	iters: 700, epoch: 4 | loss: 0.3461210
	speed: 0.0129s/iter; left time: 1307.1918s
	iters: 800, epoch: 4 | loss: 0.4345351
	speed: 0.0126s/iter; left time: 1274.6980s
	iters: 900, epoch: 4 | loss: 0.3706414
	speed: 0.0129s/iter; left time: 1300.8931s
	iters: 1000, epoch: 4 | loss: 0.6490353
	speed: 0.0125s/iter; left time: 1260.3553s
Epoch: 4 cost time: 13.314634323120117
Epoch: 4, Steps: 1048 | Train Loss: 0.4760250 Vali Loss: 0.2878470
EarlyStopping counter: 2 out of 6
Updating learning rate to 6.25e-05
	iters: 100, epoch: 5 | loss: 0.6740684
	speed: 0.0353s/iter; left time: 3544.5184s
	iters: 200, epoch: 5 | loss: 0.2961920
	speed: 0.0125s/iter; left time: 1250.5221s
	iters: 300, epoch: 5 | loss: 0.3890438
	speed: 0.0127s/iter; left time: 1271.0779s
	iters: 400, epoch: 5 | loss: 0.4766931
	speed: 0.0126s/iter; left time: 1267.4062s
	iters: 500, epoch: 5 | loss: 0.3071066
	speed: 0.0125s/iter; left time: 1253.3886s
	iters: 600, epoch: 5 | loss: 1.0549121
	speed: 0.0126s/iter; left time: 1263.4499s
	iters: 700, epoch: 5 | loss: 0.3001001
	speed: 0.0126s/iter; left time: 1259.0197s
	iters: 800, epoch: 5 | loss: 0.4343922
	speed: 0.0126s/iter; left time: 1260.0099s
	iters: 900, epoch: 5 | loss: 0.3298014
	speed: 0.0130s/iter; left time: 1299.6580s
	iters: 1000, epoch: 5 | loss: 0.3798116
	speed: 0.0128s/iter; left time: 1273.2898s
Epoch: 5 cost time: 13.217299699783325
Epoch: 5, Steps: 1048 | Train Loss: 0.4699276 Vali Loss: 0.2900544
EarlyStopping counter: 3 out of 6
Updating learning rate to 3.125e-05
	iters: 100, epoch: 6 | loss: 0.3254874
	speed: 0.0350s/iter; left time: 3480.5315s
	iters: 200, epoch: 6 | loss: 0.4466833
	speed: 0.0123s/iter; left time: 1226.5511s
	iters: 300, epoch: 6 | loss: 0.2718193
	speed: 0.0124s/iter; left time: 1234.6835s
	iters: 400, epoch: 6 | loss: 0.3149408
	speed: 0.0125s/iter; left time: 1244.3149s
	iters: 500, epoch: 6 | loss: 0.4437393
	speed: 0.0126s/iter; left time: 1246.9421s
	iters: 600, epoch: 6 | loss: 0.4624297
	speed: 0.0124s/iter; left time: 1225.8534s
	iters: 700, epoch: 6 | loss: 0.4359491
	speed: 0.0127s/iter; left time: 1255.6785s
	iters: 800, epoch: 6 | loss: 0.3699467
	speed: 0.0126s/iter; left time: 1240.6499s
	iters: 900, epoch: 6 | loss: 0.5519583
	speed: 0.0124s/iter; left time: 1221.6301s
	iters: 1000, epoch: 6 | loss: 0.4104193
	speed: 0.0124s/iter; left time: 1220.3435s
Epoch: 6 cost time: 13.08302092552185
Epoch: 6, Steps: 1048 | Train Loss: 0.4671290 Vali Loss: 0.2883089
EarlyStopping counter: 4 out of 6
Updating learning rate to 1.5625e-05
	iters: 100, epoch: 7 | loss: 0.5424646
	speed: 0.0350s/iter; left time: 3440.4397s
	iters: 200, epoch: 7 | loss: 0.5155452
	speed: 0.0124s/iter; left time: 1220.8190s
	iters: 300, epoch: 7 | loss: 0.3365187
	speed: 0.0123s/iter; left time: 1211.8271s
	iters: 400, epoch: 7 | loss: 0.5344003
	speed: 0.0124s/iter; left time: 1214.9212s
	iters: 500, epoch: 7 | loss: 0.4875875
	speed: 0.0122s/iter; left time: 1197.9134s
	iters: 600, epoch: 7 | loss: 0.3494499
	speed: 0.0124s/iter; left time: 1218.6740s
	iters: 700, epoch: 7 | loss: 0.3917800
	speed: 0.0126s/iter; left time: 1234.9344s
	iters: 800, epoch: 7 | loss: 0.4059566
	speed: 0.0127s/iter; left time: 1243.5832s
	iters: 900, epoch: 7 | loss: 0.5499372
	speed: 0.0126s/iter; left time: 1233.5415s
	iters: 1000, epoch: 7 | loss: 0.4776879
	speed: 0.0124s/iter; left time: 1206.9028s
Epoch: 7 cost time: 13.040831327438354
Epoch: 7, Steps: 1048 | Train Loss: 0.4653114 Vali Loss: 0.2905371
EarlyStopping counter: 5 out of 6
Updating learning rate to 7.8125e-06
	iters: 100, epoch: 8 | loss: 0.4308360
	speed: 0.0353s/iter; left time: 3436.2864s
	iters: 200, epoch: 8 | loss: 0.3802139
	speed: 0.0126s/iter; left time: 1224.7809s
	iters: 300, epoch: 8 | loss: 0.4873490
	speed: 0.0128s/iter; left time: 1242.5947s
	iters: 400, epoch: 8 | loss: 0.3019509
	speed: 0.0129s/iter; left time: 1247.5822s
	iters: 500, epoch: 8 | loss: 0.3681670
	speed: 0.0122s/iter; left time: 1184.2004s
	iters: 600, epoch: 8 | loss: 0.5412567
	speed: 0.0125s/iter; left time: 1211.1617s
	iters: 700, epoch: 8 | loss: 0.4287911
	speed: 0.0124s/iter; left time: 1201.4313s
	iters: 800, epoch: 8 | loss: 0.3599935
	speed: 0.0126s/iter; left time: 1213.9131s
	iters: 900, epoch: 8 | loss: 0.4952458
	speed: 0.0125s/iter; left time: 1208.9446s
	iters: 1000, epoch: 8 | loss: 0.3833790
	speed: 0.0124s/iter; left time: 1200.1918s
Epoch: 8 cost time: 13.155487298965454
Epoch: 8, Steps: 1048 | Train Loss: 0.4645814 Vali Loss: 0.2911960
EarlyStopping counter: 6 out of 6
Early stopping
VALIDATION_RESULT {"best_epoch": 2, "best_mae": 0.36145051890162927, "best_mse": 0.27730829673687024, "epochs_ran": 8, "metric_version": "element_weighted_v1"}
>>>>>>>test skipped (validation-only run)<<<<<<<<<<<<<<<<<<<<<<<<
Using GPU
Args in experiment:
[1mBasic Config[0m
  Task Name:          long_term_forecast  Is Training:        0                   
  Model ID:           ETTm2_96_720_cmrhm_backbone_ettm2_p720_no_decomp_s2021Model:              GraphMambaCMRHM     

[1mData Loader[0m
  Data:               ETTm2               Root Path:          /home/cwh/Time-Series-Library/dataset/ETT-small
  Data Path:          ETTm2.csv           Features:           M                   
  Target:             OT                  Freq:               h                   
  Checkpoints:        /home/cwh/Time-Series-Library/logs/cmrhm_backbone_ablation/checkpoints

[1mForecasting Task[0m
  Seq Len:            336                 Label Len:          48                  
  Pred Len:           720                 Seasonal Patterns:  Monthly             
  Inverse:            0                   

[1mModel Parameters[0m
  Top k:              5                   Num Kernels:        6                   
  Enc In:             7                   Dec In:             7                   
  C Out:              7                   d model:            64                  
  n heads:            8                   e layers:           1                   
  d layers:           1                   d FF:               128                 
  Moving Avg:         25                  Factor:             1                   
  Distil:             1                   Dropout:            0.1                 
  Embed:              timeF               Activation:         gelu                

[1mRun Parameters[0m
  Num Workers:        0                   Itr:                1                   
  Train Epochs:       100                 Batch Size:         32                  
  Patience:           6                   Learning Rate:      0.0005              
  Des:                cmrhm_backbone_ettm2_p720_no_decomp_s2021Loss:               MSE                 
  Lradj:              type1               Use Amp:            0                   

[1mGPU[0m
  Use GPU:            1                   GPU:                0                   
  Use Multi GPU:      0                   Devices:            0,1,2,3             

[1mDe-stationary Projector Params[0m
  P Hidden Dims:      128, 128            P Hidden Layers:    2                   

Use GPU: cuda:0
🚀 Lazy Loading: GraphMambaCMRHM ...
[GraphMamba] Building 7x7 static graph from 2000 training samples
>>>>>>>evaluating validation checkpoint : long_term_forecast_ETTm2_96_720_cmrhm_backbone_ettm2_p720_no_decomp_s2021_GraphMambaCMRHM_ETTm2_ftM_sl336_ll48_pl720_dm64_nh8_el1_dl1_df128_expand2_dc2_fc1_ebtimeF_dtTrue_cmrhm_backbone_ettm2_p720_no_decomp_s2021_0<<<<<<<<<<<<<<<<<<<<<<<<<<<<<<<<<
val 10801
EVALUATION_RESULT {"batches": 338, "cmrhm_intervention": "intact", "elapsed_seconds": 1.9624456020537764, "elements": 54437040, "gate_abs_mean": 0.11677130311727524, "gate_max": 0.010576684027910233, "gate_mean": -0.11374939978122711, "gate_min": -0.18152692914009094, "gate_values": [-0.16655606031417847, -0.18152692914009094, -0.08246642351150513, -0.17026832699775696, -0.038622867316007614, 0.010576684027910233, -0.16738183796405792], "mae": 0.36145051771763537, "memory_correction_mae": 0.09194749641124982, "memory_correction_rms": 0.15088009918099948, "metric_version": "element_weighted_v1", "milliseconds_per_batch": 5.806052077082179, "mse": 0.2773082955887549, "parameter_count": 6766077, "peak_cuda_memory_bytes": 165511168, "split": "val"}
=== w/o Patch | ETTm1-96 ===
Using GPU
Args in experiment:
[1mBasic Config[0m
  Task Name:          long_term_forecast  Is Training:        1                   
  Model ID:           ETTm1_96_96_cmrhm_backbone_ettm1_p96_no_patch_s2021Model:              GraphMambaCMRHM     

[1mData Loader[0m
  Data:               ETTm1               Root Path:          /home/cwh/Time-Series-Library/dataset/ETT-small
  Data Path:          ETTm1.csv           Features:           M                   
  Target:             OT                  Freq:               h                   
  Checkpoints:        /home/cwh/Time-Series-Library/logs/cmrhm_backbone_ablation/checkpoints

[1mForecasting Task[0m
  Seq Len:            336                 Label Len:          48                  
  Pred Len:           96                  Seasonal Patterns:  Monthly             
  Inverse:            0                   

[1mModel Parameters[0m
  Top k:              5                   Num Kernels:        6                   
  Enc In:             7                   Dec In:             7                   
  C Out:              7                   d model:            64                  
  n heads:            8                   e layers:           1                   
  d layers:           1                   d FF:               128                 
  Moving Avg:         25                  Factor:             1                   
  Distil:             1                   Dropout:            0.1                 
  Embed:              timeF               Activation:         gelu                

[1mRun Parameters[0m
  Num Workers:        0                   Itr:                1                   
  Train Epochs:       100                 Batch Size:         32                  
  Patience:           6                   Learning Rate:      0.0005              
  Des:                cmrhm_backbone_ettm1_p96_no_patch_s2021Loss:               MSE                 
  Lradj:              type1               Use Amp:            0                   

[1mGPU[0m
  Use GPU:            1                   GPU:                0                   
  Use Multi GPU:      0                   Devices:            0,1,2,3             

[1mDe-stationary Projector Params[0m
  P Hidden Dims:      128, 128            P Hidden Layers:    2                   

Use GPU: cuda:0
🚀 Lazy Loading: GraphMambaCMRHM ...
[GraphMamba] Building 7x7 static graph from 2000 training samples
>>>>>>>start training : long_term_forecast_ETTm1_96_96_cmrhm_backbone_ettm1_p96_no_patch_s2021_GraphMambaCMRHM_ETTm1_ftM_sl336_ll48_pl96_dm64_nh8_el1_dl1_df128_expand2_dc2_fc1_ebtimeF_dtTrue_cmrhm_backbone_ettm1_p96_no_patch_s2021_0>>>>>>>>>>>>>>>>>>>>>>>>>>
train 34129
val 11425
	iters: 100, epoch: 1 | loss: 0.3414306
	speed: 0.0105s/iter; left time: 1121.7435s
	iters: 200, epoch: 1 | loss: 0.3660701
	speed: 0.0082s/iter; left time: 869.5331s
	iters: 300, epoch: 1 | loss: 0.3252573
	speed: 0.0082s/iter; left time: 869.3389s
	iters: 400, epoch: 1 | loss: 0.2439421
	speed: 0.0082s/iter; left time: 871.1417s
	iters: 500, epoch: 1 | loss: 0.2759717
	speed: 0.0082s/iter; left time: 869.6302s
	iters: 600, epoch: 1 | loss: 0.3094074
	speed: 0.0081s/iter; left time: 855.8677s
	iters: 700, epoch: 1 | loss: 0.3587014
	speed: 0.0078s/iter; left time: 829.4215s
	iters: 800, epoch: 1 | loss: 0.2752964
	speed: 0.0078s/iter; left time: 824.8658s
	iters: 900, epoch: 1 | loss: 0.2141396
	speed: 0.0080s/iter; left time: 844.7017s
	iters: 1000, epoch: 1 | loss: 0.2656356
	speed: 0.0082s/iter; left time: 861.5302s
Epoch: 1 cost time: 8.860080480575562
Epoch: 1, Steps: 1067 | Train Loss: 0.2867664 Vali Loss: 0.3755328
Validation loss decreased (inf --> 0.375533).  Saving model ...
Updating learning rate to 0.0005
	iters: 100, epoch: 2 | loss: 0.3182240
	speed: 0.0265s/iter; left time: 2794.1438s
	iters: 200, epoch: 2 | loss: 0.2796700
	speed: 0.0082s/iter; left time: 868.8110s
	iters: 300, epoch: 2 | loss: 0.2260515
	speed: 0.0080s/iter; left time: 843.0120s
	iters: 400, epoch: 2 | loss: 0.2604758
	speed: 0.0084s/iter; left time: 885.0256s
	iters: 500, epoch: 2 | loss: 0.2746527
	speed: 0.0082s/iter; left time: 866.5507s
	iters: 600, epoch: 2 | loss: 0.2671576
	speed: 0.0082s/iter; left time: 865.7961s
	iters: 700, epoch: 2 | loss: 0.2340250
	speed: 0.0085s/iter; left time: 894.9704s
	iters: 800, epoch: 2 | loss: 0.2974430
	speed: 0.0086s/iter; left time: 906.0863s
	iters: 900, epoch: 2 | loss: 0.2734431
	speed: 0.0087s/iter; left time: 911.9066s
	iters: 1000, epoch: 2 | loss: 0.2797032
	speed: 0.0081s/iter; left time: 844.5991s
Epoch: 2 cost time: 8.881533861160278
Epoch: 2, Steps: 1067 | Train Loss: 0.2459584 Vali Loss: 0.3718398
Validation loss decreased (0.375533 --> 0.371840).  Saving model ...
Updating learning rate to 0.00025
	iters: 100, epoch: 3 | loss: 0.1951631
	speed: 0.0257s/iter; left time: 2685.2863s
	iters: 200, epoch: 3 | loss: 0.2329951
	speed: 0.0084s/iter; left time: 874.5316s
	iters: 300, epoch: 3 | loss: 0.3843836
	speed: 0.0079s/iter; left time: 823.0025s
	iters: 400, epoch: 3 | loss: 0.2538136
	speed: 0.0080s/iter; left time: 832.4143s
	iters: 500, epoch: 3 | loss: 0.2319345
	speed: 0.0081s/iter; left time: 843.7123s
	iters: 600, epoch: 3 | loss: 0.2351744
	speed: 0.0078s/iter; left time: 808.6286s
	iters: 700, epoch: 3 | loss: 0.2429198
	speed: 0.0089s/iter; left time: 921.9172s
	iters: 800, epoch: 3 | loss: 0.2853996
	speed: 0.0083s/iter; left time: 861.7519s
	iters: 900, epoch: 3 | loss: 0.2678208
	speed: 0.0081s/iter; left time: 841.4229s
	iters: 1000, epoch: 3 | loss: 0.2798356
	speed: 0.0080s/iter; left time: 833.3221s
Epoch: 3 cost time: 8.740352153778076
Epoch: 3, Steps: 1067 | Train Loss: 0.2351617 Vali Loss: 0.3712898
Validation loss decreased (0.371840 --> 0.371290).  Saving model ...
Updating learning rate to 0.000125
	iters: 100, epoch: 4 | loss: 0.2483617
	speed: 0.0270s/iter; left time: 2791.7406s
	iters: 200, epoch: 4 | loss: 0.2216471
	speed: 0.0082s/iter; left time: 849.4703s
	iters: 300, epoch: 4 | loss: 0.2467182
	speed: 0.0083s/iter; left time: 861.2252s
	iters: 400, epoch: 4 | loss: 0.2387418
	speed: 0.0082s/iter; left time: 850.2346s
	iters: 500, epoch: 4 | loss: 0.2191464
	speed: 0.0086s/iter; left time: 887.5746s
	iters: 600, epoch: 4 | loss: 0.2528982
	speed: 0.0085s/iter; left time: 872.6863s
	iters: 700, epoch: 4 | loss: 0.2544025
	speed: 0.0085s/iter; left time: 872.2477s
	iters: 800, epoch: 4 | loss: 0.1928391
	speed: 0.0083s/iter; left time: 854.8389s
	iters: 900, epoch: 4 | loss: 0.2831843
	speed: 0.0081s/iter; left time: 826.8016s
	iters: 1000, epoch: 4 | loss: 0.2178634
	speed: 0.0082s/iter; left time: 836.4193s
Epoch: 4 cost time: 8.896625757217407
Epoch: 4, Steps: 1067 | Train Loss: 0.2286904 Vali Loss: 0.3703715
Validation loss decreased (0.371290 --> 0.370372).  Saving model ...
Updating learning rate to 6.25e-05
	iters: 100, epoch: 5 | loss: 0.2812475
	speed: 0.0262s/iter; left time: 2676.3971s
	iters: 200, epoch: 5 | loss: 0.2412151
	speed: 0.0088s/iter; left time: 901.5746s
	iters: 300, epoch: 5 | loss: 0.2731291
	speed: 0.0083s/iter; left time: 844.5465s
	iters: 400, epoch: 5 | loss: 0.2146572
	speed: 0.0082s/iter; left time: 832.8435s
	iters: 500, epoch: 5 | loss: 0.2245038
	speed: 0.0079s/iter; left time: 801.3210s
	iters: 600, epoch: 5 | loss: 0.2081171
	speed: 0.0080s/iter; left time: 819.3214s
	iters: 700, epoch: 5 | loss: 0.2495612
	speed: 0.0083s/iter; left time: 847.5091s
	iters: 800, epoch: 5 | loss: 0.1727855
	speed: 0.0082s/iter; left time: 830.0282s
	iters: 900, epoch: 5 | loss: 0.2415873
	speed: 0.0080s/iter; left time: 810.2465s
	iters: 1000, epoch: 5 | loss: 0.1844638
	speed: 0.0082s/iter; left time: 831.1554s
Epoch: 5 cost time: 8.750462770462036
Epoch: 5, Steps: 1067 | Train Loss: 0.2246026 Vali Loss: 0.3731790
EarlyStopping counter: 1 out of 6
Updating learning rate to 3.125e-05
	iters: 100, epoch: 6 | loss: 0.2326958
	speed: 0.0258s/iter; left time: 2607.7398s
	iters: 200, epoch: 6 | loss: 0.3002036
	speed: 0.0083s/iter; left time: 840.5673s
	iters: 300, epoch: 6 | loss: 0.2168804
	speed: 0.0080s/iter; left time: 809.8113s
	iters: 400, epoch: 6 | loss: 0.2501205
	speed: 0.0080s/iter; left time: 804.3186s
	iters: 500, epoch: 6 | loss: 0.2482268
	speed: 0.0080s/iter; left time: 807.5703s
	iters: 600, epoch: 6 | loss: 0.2278495
	speed: 0.0081s/iter; left time: 811.9022s
	iters: 700, epoch: 6 | loss: 0.2382665
	speed: 0.0084s/iter; left time: 844.7677s
	iters: 800, epoch: 6 | loss: 0.2313682
	speed: 0.0081s/iter; left time: 812.2996s
	iters: 900, epoch: 6 | loss: 0.2468108
	speed: 0.0083s/iter; left time: 830.3596s
	iters: 1000, epoch: 6 | loss: 0.2113251
	speed: 0.0080s/iter; left time: 802.4893s
Epoch: 6 cost time: 8.678768634796143
Epoch: 6, Steps: 1067 | Train Loss: 0.2224029 Vali Loss: 0.3714063
EarlyStopping counter: 2 out of 6
Updating learning rate to 1.5625e-05
	iters: 100, epoch: 7 | loss: 0.2516634
	speed: 0.0266s/iter; left time: 2666.0259s
	iters: 200, epoch: 7 | loss: 0.2142930
	speed: 0.0083s/iter; left time: 831.3044s
	iters: 300, epoch: 7 | loss: 0.2208591
	speed: 0.0082s/iter; left time: 819.5535s
	iters: 400, epoch: 7 | loss: 0.1742127
	speed: 0.0081s/iter; left time: 811.0827s
	iters: 500, epoch: 7 | loss: 0.2184046
	speed: 0.0083s/iter; left time: 825.1592s
	iters: 600, epoch: 7 | loss: 0.2085596
	speed: 0.0083s/iter; left time: 826.4374s
	iters: 700, epoch: 7 | loss: 0.2622376
	speed: 0.0081s/iter; left time: 806.9682s
	iters: 800, epoch: 7 | loss: 0.2083353
	speed: 0.0079s/iter; left time: 782.1575s
	iters: 900, epoch: 7 | loss: 0.2723684
	speed: 0.0083s/iter; left time: 827.8725s
	iters: 1000, epoch: 7 | loss: 0.2584505
	speed: 0.0086s/iter; left time: 856.9915s
Epoch: 7 cost time: 8.795928001403809
Epoch: 7, Steps: 1067 | Train Loss: 0.2210231 Vali Loss: 0.3714558
EarlyStopping counter: 3 out of 6
Updating learning rate to 7.8125e-06
	iters: 100, epoch: 8 | loss: 0.1734446
	speed: 0.0260s/iter; left time: 2582.0237s
	iters: 200, epoch: 8 | loss: 0.1827586
	speed: 0.0080s/iter; left time: 789.5515s
	iters: 300, epoch: 8 | loss: 0.2624719
	speed: 0.0083s/iter; left time: 817.8647s
	iters: 400, epoch: 8 | loss: 0.1826984
	speed: 0.0080s/iter; left time: 792.1525s
	iters: 500, epoch: 8 | loss: 0.2556778
	speed: 0.0081s/iter; left time: 797.7935s
	iters: 600, epoch: 8 | loss: 0.2403134
	speed: 0.0083s/iter; left time: 823.5681s
	iters: 700, epoch: 8 | loss: 0.2327836
	speed: 0.0081s/iter; left time: 797.9339s
	iters: 800, epoch: 8 | loss: 0.2315745
	speed: 0.0084s/iter; left time: 823.9593s
	iters: 900, epoch: 8 | loss: 0.2655042
	speed: 0.0082s/iter; left time: 811.1994s
	iters: 1000, epoch: 8 | loss: 0.2062385
	speed: 0.0080s/iter; left time: 788.1355s
Epoch: 8 cost time: 8.661470890045166
Epoch: 8, Steps: 1067 | Train Loss: 0.2203866 Vali Loss: 0.3731611
EarlyStopping counter: 4 out of 6
Updating learning rate to 3.90625e-06
	iters: 100, epoch: 9 | loss: 0.2099892
	speed: 0.0263s/iter; left time: 2579.7526s
	iters: 200, epoch: 9 | loss: 0.2256863
	speed: 0.0081s/iter; left time: 795.1780s
	iters: 300, epoch: 9 | loss: 0.1835529
	speed: 0.0081s/iter; left time: 795.9226s
	iters: 400, epoch: 9 | loss: 0.1770785
	speed: 0.0081s/iter; left time: 795.6795s
	iters: 500, epoch: 9 | loss: 0.1933119
	speed: 0.0082s/iter; left time: 799.7690s
	iters: 600, epoch: 9 | loss: 0.2130433
	speed: 0.0082s/iter; left time: 802.5814s
	iters: 700, epoch: 9 | loss: 0.2331640
	speed: 0.0083s/iter; left time: 805.0218s
	iters: 800, epoch: 9 | loss: 0.2628613
	speed: 0.0081s/iter; left time: 790.3353s
	iters: 900, epoch: 9 | loss: 0.1885119
	speed: 0.0083s/iter; left time: 802.9066s
	iters: 1000, epoch: 9 | loss: 0.2024850
	speed: 0.0081s/iter; left time: 789.6838s
Epoch: 9 cost time: 8.717042922973633
Epoch: 9, Steps: 1067 | Train Loss: 0.2199520 Vali Loss: 0.3730785
EarlyStopping counter: 5 out of 6
Updating learning rate to 1.953125e-06
	iters: 100, epoch: 10 | loss: 0.1796398
	speed: 0.0260s/iter; left time: 2526.2898s
	iters: 200, epoch: 10 | loss: 0.1769853
	speed: 0.0083s/iter; left time: 802.0468s
	iters: 300, epoch: 10 | loss: 0.2541618
	speed: 0.0081s/iter; left time: 784.7796s
	iters: 400, epoch: 10 | loss: 0.1855503
	speed: 0.0083s/iter; left time: 806.5896s
	iters: 500, epoch: 10 | loss: 0.2247195
	speed: 0.0085s/iter; left time: 818.5403s
	iters: 600, epoch: 10 | loss: 0.1646456
	speed: 0.0082s/iter; left time: 790.1498s
	iters: 700, epoch: 10 | loss: 0.2268906
	speed: 0.0084s/iter; left time: 807.5016s
	iters: 800, epoch: 10 | loss: 0.1986935
	speed: 0.0085s/iter; left time: 816.5917s
	iters: 900, epoch: 10 | loss: 0.1833711
	speed: 0.0082s/iter; left time: 787.9435s
	iters: 1000, epoch: 10 | loss: 0.2323588
	speed: 0.0084s/iter; left time: 810.3693s
Epoch: 10 cost time: 8.85236406326294
Epoch: 10, Steps: 1067 | Train Loss: 0.2197587 Vali Loss: 0.3732656
EarlyStopping counter: 6 out of 6
Early stopping
VALIDATION_RESULT {"best_epoch": 4, "best_mae": 0.4029812120280813, "best_mse": 0.3703715461873258, "epochs_ran": 10, "metric_version": "element_weighted_v1"}
>>>>>>>test skipped (validation-only run)<<<<<<<<<<<<<<<<<<<<<<<<
Using GPU
Args in experiment:
[1mBasic Config[0m
  Task Name:          long_term_forecast  Is Training:        0                   
  Model ID:           ETTm1_96_96_cmrhm_backbone_ettm1_p96_no_patch_s2021Model:              GraphMambaCMRHM     

[1mData Loader[0m
  Data:               ETTm1               Root Path:          /home/cwh/Time-Series-Library/dataset/ETT-small
  Data Path:          ETTm1.csv           Features:           M                   
  Target:             OT                  Freq:               h                   
  Checkpoints:        /home/cwh/Time-Series-Library/logs/cmrhm_backbone_ablation/checkpoints

[1mForecasting Task[0m
  Seq Len:            336                 Label Len:          48                  
  Pred Len:           96                  Seasonal Patterns:  Monthly             
  Inverse:            0                   

[1mModel Parameters[0m
  Top k:              5                   Num Kernels:        6                   
  Enc In:             7                   Dec In:             7                   
  C Out:              7                   d model:            64                  
  n heads:            8                   e layers:           1                   
  d layers:           1                   d FF:               128                 
  Moving Avg:         25                  Factor:             1                   
  Distil:             1                   Dropout:            0.1                 
  Embed:              timeF               Activation:         gelu                

[1mRun Parameters[0m
  Num Workers:        0                   Itr:                1                   
  Train Epochs:       100                 Batch Size:         32                  
  Patience:           6                   Learning Rate:      0.0005              
  Des:                cmrhm_backbone_ettm1_p96_no_patch_s2021Loss:               MSE                 
  Lradj:              type1               Use Amp:            0                   

[1mGPU[0m
  Use GPU:            1                   GPU:                0                   
  Use Multi GPU:      0                   Devices:            0,1,2,3             

[1mDe-stationary Projector Params[0m
  P Hidden Dims:      128, 128            P Hidden Layers:    2                   

Use GPU: cuda:0
🚀 Lazy Loading: GraphMambaCMRHM ...
[GraphMamba] Building 7x7 static graph from 2000 training samples
>>>>>>>evaluating validation checkpoint : long_term_forecast_ETTm1_96_96_cmrhm_backbone_ettm1_p96_no_patch_s2021_GraphMambaCMRHM_ETTm1_ftM_sl336_ll48_pl96_dm64_nh8_el1_dl1_df128_expand2_dc2_fc1_ebtimeF_dtTrue_cmrhm_backbone_ettm1_p96_no_patch_s2021_0<<<<<<<<<<<<<<<<<<<<<<<<<<<<<<<<<
val 11425
EVALUATION_RESULT {"batches": 358, "cmrhm_intervention": "intact", "elapsed_seconds": 1.4896959490142763, "elements": 7677600, "gate_abs_mean": 0.1816040277481079, "gate_max": 0.23981651663780212, "gate_mean": 0.1816040277481079, "gate_min": 0.11585965752601624, "gate_values": [0.23833511769771576, 0.15964370965957642, 0.23981651663780212, 0.15966522693634033, 0.2146976888179779, 0.11585965752601624, 0.143210306763649], "mae": 0.4029812109727493, "memory_correction_mae": 0.20284245461315564, "memory_correction_rms": 0.31926796698449655, "metric_version": "element_weighted_v1", "milliseconds_per_batch": 4.161161868754962, "mse": 0.3703715461157779, "parameter_count": 708845, "peak_cuda_memory_bytes": 120823296, "split": "val"}
=== w/o Patch | ETTm1-720 ===
Using GPU
Args in experiment:
[1mBasic Config[0m
  Task Name:          long_term_forecast  Is Training:        1                   
  Model ID:           ETTm1_96_720_cmrhm_backbone_ettm1_p720_no_patch_s2021Model:              GraphMambaCMRHM     

[1mData Loader[0m
  Data:               ETTm1               Root Path:          /home/cwh/Time-Series-Library/dataset/ETT-small
  Data Path:          ETTm1.csv           Features:           M                   
  Target:             OT                  Freq:               h                   
  Checkpoints:        /home/cwh/Time-Series-Library/logs/cmrhm_backbone_ablation/checkpoints

[1mForecasting Task[0m
  Seq Len:            336                 Label Len:          48                  
  Pred Len:           720                 Seasonal Patterns:  Monthly             
  Inverse:            0                   

[1mModel Parameters[0m
  Top k:              5                   Num Kernels:        6                   
  Enc In:             7                   Dec In:             7                   
  C Out:              7                   d model:            64                  
  n heads:            8                   e layers:           1                   
  d layers:           1                   d FF:               128                 
  Moving Avg:         25                  Factor:             1                   
  Distil:             1                   Dropout:            0.1                 
  Embed:              timeF               Activation:         gelu                

[1mRun Parameters[0m
  Num Workers:        0                   Itr:                1                   
  Train Epochs:       100                 Batch Size:         32                  
  Patience:           6                   Learning Rate:      0.0005              
  Des:                cmrhm_backbone_ettm1_p720_no_patch_s2021Loss:               MSE                 
  Lradj:              type1               Use Amp:            0                   

[1mGPU[0m
  Use GPU:            1                   GPU:                0                   
  Use Multi GPU:      0                   Devices:            0,1,2,3             

[1mDe-stationary Projector Params[0m
  P Hidden Dims:      128, 128            P Hidden Layers:    2                   

Use GPU: cuda:0
🚀 Lazy Loading: GraphMambaCMRHM ...
[GraphMamba] Building 7x7 static graph from 2000 training samples
>>>>>>>start training : long_term_forecast_ETTm1_96_720_cmrhm_backbone_ettm1_p720_no_patch_s2021_GraphMambaCMRHM_ETTm1_ftM_sl336_ll48_pl720_dm64_nh8_el1_dl1_df128_expand2_dc2_fc1_ebtimeF_dtTrue_cmrhm_backbone_ettm1_p720_no_patch_s2021_0>>>>>>>>>>>>>>>>>>>>>>>>>>
train 33505
val 10801
	iters: 100, epoch: 1 | loss: 0.4471013
	speed: 0.0111s/iter; left time: 1161.9164s
	iters: 200, epoch: 1 | loss: 0.4562120
	speed: 0.0089s/iter; left time: 927.8783s
	iters: 300, epoch: 1 | loss: 0.4493936
	speed: 0.0085s/iter; left time: 883.1027s
	iters: 400, epoch: 1 | loss: 0.4107870
	speed: 0.0087s/iter; left time: 908.0449s
	iters: 500, epoch: 1 | loss: 0.3799881
	speed: 0.0087s/iter; left time: 905.5921s
	iters: 600, epoch: 1 | loss: 0.4407660
	speed: 0.0086s/iter; left time: 896.6557s
	iters: 700, epoch: 1 | loss: 0.4240995
	speed: 0.0088s/iter; left time: 912.1520s
	iters: 800, epoch: 1 | loss: 0.4163107
	speed: 0.0087s/iter; left time: 902.8648s
	iters: 900, epoch: 1 | loss: 0.4533535
	speed: 0.0086s/iter; left time: 890.7953s
	iters: 1000, epoch: 1 | loss: 0.4416108
	speed: 0.0087s/iter; left time: 905.9520s
Epoch: 1 cost time: 9.322605848312378
Epoch: 1, Steps: 1048 | Train Loss: 0.4456920 Vali Loss: 0.9494540
Validation loss decreased (inf --> 0.949454).  Saving model ...
Updating learning rate to 0.0005
	iters: 100, epoch: 2 | loss: 0.3903879
	speed: 0.0256s/iter; left time: 2649.6015s
	iters: 200, epoch: 2 | loss: 0.4811228
	speed: 0.0087s/iter; left time: 898.0048s
	iters: 300, epoch: 2 | loss: 0.4469693
	speed: 0.0088s/iter; left time: 905.3238s
	iters: 400, epoch: 2 | loss: 0.4782710
	speed: 0.0088s/iter; left time: 911.3684s
	iters: 500, epoch: 2 | loss: 0.3586611
	speed: 0.0086s/iter; left time: 884.4911s
	iters: 600, epoch: 2 | loss: 0.4698842
	speed: 0.0086s/iter; left time: 889.0721s
	iters: 700, epoch: 2 | loss: 0.3582661
	speed: 0.0086s/iter; left time: 890.0721s
	iters: 800, epoch: 2 | loss: 0.4374968
	speed: 0.0089s/iter; left time: 918.4325s
	iters: 900, epoch: 2 | loss: 0.3856344
	speed: 0.0087s/iter; left time: 899.3693s
	iters: 1000, epoch: 2 | loss: 0.4435913
	speed: 0.0087s/iter; left time: 894.3728s
Epoch: 2 cost time: 9.132148742675781
Epoch: 2, Steps: 1048 | Train Loss: 0.4053363 Vali Loss: 0.9521464
EarlyStopping counter: 1 out of 6
Updating learning rate to 0.00025
	iters: 100, epoch: 3 | loss: 0.4868893
	speed: 0.0261s/iter; left time: 2678.5393s
	iters: 200, epoch: 3 | loss: 0.3938119
	speed: 0.0085s/iter; left time: 873.9550s
	iters: 300, epoch: 3 | loss: 0.3763598
	speed: 0.0084s/iter; left time: 863.8058s
	iters: 400, epoch: 3 | loss: 0.3559479
	speed: 0.0082s/iter; left time: 840.8737s
	iters: 500, epoch: 3 | loss: 0.4900709
	speed: 0.0081s/iter; left time: 829.7587s
	iters: 600, epoch: 3 | loss: 0.3618675
	speed: 0.0084s/iter; left time: 856.2449s
	iters: 700, epoch: 3 | loss: 0.3452140
	speed: 0.0083s/iter; left time: 851.4920s
	iters: 800, epoch: 3 | loss: 0.3629628
	speed: 0.0084s/iter; left time: 860.8891s
	iters: 900, epoch: 3 | loss: 0.3634472
	speed: 0.0083s/iter; left time: 841.3666s
	iters: 1000, epoch: 3 | loss: 0.3579122
	speed: 0.0081s/iter; left time: 824.1346s
Epoch: 3 cost time: 8.77731442451477
Epoch: 3, Steps: 1048 | Train Loss: 0.3919851 Vali Loss: 0.9523059
EarlyStopping counter: 2 out of 6
Updating learning rate to 0.000125
	iters: 100, epoch: 4 | loss: 0.3867817
	speed: 0.0248s/iter; left time: 2517.8122s
	iters: 200, epoch: 4 | loss: 0.3951960
	speed: 0.0083s/iter; left time: 842.6818s
	iters: 300, epoch: 4 | loss: 0.3524816
	speed: 0.0084s/iter; left time: 850.2989s
	iters: 400, epoch: 4 | loss: 0.3476656
	speed: 0.0088s/iter; left time: 890.7739s
	iters: 500, epoch: 4 | loss: 0.4118535
	speed: 0.0081s/iter; left time: 820.4427s
	iters: 600, epoch: 4 | loss: 0.3444996
	speed: 0.0082s/iter; left time: 828.9779s
	iters: 700, epoch: 4 | loss: 0.4370335
	speed: 0.0085s/iter; left time: 858.1303s
	iters: 800, epoch: 4 | loss: 0.3335702
	speed: 0.0081s/iter; left time: 812.1403s
	iters: 900, epoch: 4 | loss: 0.3834622
	speed: 0.0085s/iter; left time: 854.2030s
	iters: 1000, epoch: 4 | loss: 0.3770585
	speed: 0.0085s/iter; left time: 858.9903s
Epoch: 4 cost time: 8.750935792922974
Epoch: 4, Steps: 1048 | Train Loss: 0.3819286 Vali Loss: 0.9672313
EarlyStopping counter: 3 out of 6
Updating learning rate to 6.25e-05
	iters: 100, epoch: 5 | loss: 0.3641157
	speed: 0.0247s/iter; left time: 2477.7037s
	iters: 200, epoch: 5 | loss: 0.3722002
	speed: 0.0084s/iter; left time: 842.1117s
	iters: 300, epoch: 5 | loss: 0.3308307
	speed: 0.0083s/iter; left time: 829.2289s
	iters: 400, epoch: 5 | loss: 0.3377585
	speed: 0.0084s/iter; left time: 843.5555s
	iters: 500, epoch: 5 | loss: 0.3587364
	speed: 0.0083s/iter; left time: 831.1841s
	iters: 600, epoch: 5 | loss: 0.3774718
	speed: 0.0088s/iter; left time: 880.6303s
	iters: 700, epoch: 5 | loss: 0.4563014
	speed: 0.0086s/iter; left time: 862.6202s
	iters: 800, epoch: 5 | loss: 0.4164318
	speed: 0.0084s/iter; left time: 841.7384s
	iters: 900, epoch: 5 | loss: 0.3611192
	speed: 0.0085s/iter; left time: 845.7111s
	iters: 1000, epoch: 5 | loss: 0.3730784
	speed: 0.0083s/iter; left time: 822.9211s
Epoch: 5 cost time: 8.819703340530396
Epoch: 5, Steps: 1048 | Train Loss: 0.3760287 Vali Loss: 0.9714803
EarlyStopping counter: 4 out of 6
Updating learning rate to 3.125e-05
	iters: 100, epoch: 6 | loss: 0.3702021
	speed: 0.0258s/iter; left time: 2562.4722s
	iters: 200, epoch: 6 | loss: 0.3677425
	speed: 0.0089s/iter; left time: 883.1250s
	iters: 300, epoch: 6 | loss: 0.4060058
	speed: 0.0085s/iter; left time: 844.3209s
	iters: 400, epoch: 6 | loss: 0.3754911
	speed: 0.0084s/iter; left time: 832.4395s
	iters: 500, epoch: 6 | loss: 0.3545204
	speed: 0.0085s/iter; left time: 838.3236s
	iters: 600, epoch: 6 | loss: 0.3362337
	speed: 0.0084s/iter; left time: 833.8969s
	iters: 700, epoch: 6 | loss: 0.3804258
	speed: 0.0084s/iter; left time: 826.8913s
	iters: 800, epoch: 6 | loss: 0.3740086
	speed: 0.0084s/iter; left time: 830.9959s
	iters: 900, epoch: 6 | loss: 0.3317429
	speed: 0.0084s/iter; left time: 830.4932s
	iters: 1000, epoch: 6 | loss: 0.3734396
	speed: 0.0083s/iter; left time: 813.2982s
Epoch: 6 cost time: 8.914963006973267
Epoch: 6, Steps: 1048 | Train Loss: 0.3727457 Vali Loss: 0.9659629
EarlyStopping counter: 5 out of 6
Updating learning rate to 1.5625e-05
	iters: 100, epoch: 7 | loss: 0.3809626
	speed: 0.0258s/iter; left time: 2535.7695s
	iters: 200, epoch: 7 | loss: 0.3440008
	speed: 0.0086s/iter; left time: 844.7449s
	iters: 300, epoch: 7 | loss: 0.3590692
	speed: 0.0079s/iter; left time: 777.8953s
	iters: 400, epoch: 7 | loss: 0.4048483
	speed: 0.0083s/iter; left time: 813.2064s
	iters: 500, epoch: 7 | loss: 0.4088818
	speed: 0.0083s/iter; left time: 809.3039s
	iters: 600, epoch: 7 | loss: 0.2922991
	speed: 0.0083s/iter; left time: 814.9163s
	iters: 700, epoch: 7 | loss: 0.3189484
	speed: 0.0084s/iter; left time: 826.3377s
	iters: 800, epoch: 7 | loss: 0.3707315
	speed: 0.0083s/iter; left time: 807.5613s
	iters: 900, epoch: 7 | loss: 0.3869922
	speed: 0.0086s/iter; left time: 843.5926s
	iters: 1000, epoch: 7 | loss: 0.4356022
	speed: 0.0082s/iter; left time: 798.8182s
Epoch: 7 cost time: 8.739391326904297
Epoch: 7, Steps: 1048 | Train Loss: 0.3709967 Vali Loss: 0.9740652
EarlyStopping counter: 6 out of 6
Early stopping
VALIDATION_RESULT {"best_epoch": 1, "best_mae": 0.6434859865750415, "best_mse": 0.9494539752942115, "epochs_ran": 7, "metric_version": "element_weighted_v1"}
>>>>>>>test skipped (validation-only run)<<<<<<<<<<<<<<<<<<<<<<<<
Using GPU
Args in experiment:
[1mBasic Config[0m
  Task Name:          long_term_forecast  Is Training:        0                   
  Model ID:           ETTm1_96_720_cmrhm_backbone_ettm1_p720_no_patch_s2021Model:              GraphMambaCMRHM     

[1mData Loader[0m
  Data:               ETTm1               Root Path:          /home/cwh/Time-Series-Library/dataset/ETT-small
  Data Path:          ETTm1.csv           Features:           M                   
  Target:             OT                  Freq:               h                   
  Checkpoints:        /home/cwh/Time-Series-Library/logs/cmrhm_backbone_ablation/checkpoints

[1mForecasting Task[0m
  Seq Len:            336                 Label Len:          48                  
  Pred Len:           720                 Seasonal Patterns:  Monthly             
  Inverse:            0                   

[1mModel Parameters[0m
  Top k:              5                   Num Kernels:        6                   
  Enc In:             7                   Dec In:             7                   
  C Out:              7                   d model:            64                  
  n heads:            8                   e layers:           1                   
  d layers:           1                   d FF:               128                 
  Moving Avg:         25                  Factor:             1                   
  Distil:             1                   Dropout:            0.1                 
  Embed:              timeF               Activation:         gelu                

[1mRun Parameters[0m
  Num Workers:        0                   Itr:                1                   
  Train Epochs:       100                 Batch Size:         32                  
  Patience:           6                   Learning Rate:      0.0005              
  Des:                cmrhm_backbone_ettm1_p720_no_patch_s2021Loss:               MSE                 
  Lradj:              type1               Use Amp:            0                   

[1mGPU[0m
  Use GPU:            1                   GPU:                0                   
  Use Multi GPU:      0                   Devices:            0,1,2,3             

[1mDe-stationary Projector Params[0m
  P Hidden Dims:      128, 128            P Hidden Layers:    2                   

Use GPU: cuda:0
🚀 Lazy Loading: GraphMambaCMRHM ...
[GraphMamba] Building 7x7 static graph from 2000 training samples
>>>>>>>evaluating validation checkpoint : long_term_forecast_ETTm1_96_720_cmrhm_backbone_ettm1_p720_no_patch_s2021_GraphMambaCMRHM_ETTm1_ftM_sl336_ll48_pl720_dm64_nh8_el1_dl1_df128_expand2_dc2_fc1_ebtimeF_dtTrue_cmrhm_backbone_ettm1_p720_no_patch_s2021_0<<<<<<<<<<<<<<<<<<<<<<<<<<<<<<<<<
val 10801
EVALUATION_RESULT {"batches": 338, "cmrhm_intervention": "intact", "elapsed_seconds": 1.487842164002359, "elements": 54437040, "gate_abs_mean": 0.17728260159492493, "gate_max": -0.1084427610039711, "gate_mean": -0.17728260159492493, "gate_min": -0.2384299635887146, "gate_values": [-0.22890442609786987, -0.1595231294631958, -0.2384299635887146, -0.15219634771347046, -0.1582196056842804, -0.1084427610039711, -0.19526199996471405], "mae": 0.6434859866467988, "memory_correction_mae": 0.23424423558418359, "memory_correction_rms": 0.35591267303060253, "metric_version": "element_weighted_v1", "milliseconds_per_batch": 4.401899893498103, "mse": 0.9494539814653313, "parameter_count": 4623821, "peak_cuda_memory_bytes": 140716544, "split": "val"}
=== w/o Patch | ETTm2-96 ===
Using GPU
Args in experiment:
[1mBasic Config[0m
  Task Name:          long_term_forecast  Is Training:        1                   
  Model ID:           ETTm2_96_96_cmrhm_backbone_ettm2_p96_no_patch_s2021Model:              GraphMambaCMRHM     

[1mData Loader[0m
  Data:               ETTm2               Root Path:          /home/cwh/Time-Series-Library/dataset/ETT-small
  Data Path:          ETTm2.csv           Features:           M                   
  Target:             OT                  Freq:               h                   
  Checkpoints:        /home/cwh/Time-Series-Library/logs/cmrhm_backbone_ablation/checkpoints

[1mForecasting Task[0m
  Seq Len:            336                 Label Len:          48                  
  Pred Len:           96                  Seasonal Patterns:  Monthly             
  Inverse:            0                   

[1mModel Parameters[0m
  Top k:              5                   Num Kernels:        6                   
  Enc In:             7                   Dec In:             7                   
  C Out:              7                   d model:            64                  
  n heads:            8                   e layers:           1                   
  d layers:           1                   d FF:               128                 
  Moving Avg:         25                  Factor:             1                   
  Distil:             1                   Dropout:            0.1                 
  Embed:              timeF               Activation:         gelu                

[1mRun Parameters[0m
  Num Workers:        0                   Itr:                1                   
  Train Epochs:       100                 Batch Size:         32                  
  Patience:           6                   Learning Rate:      0.0005              
  Des:                cmrhm_backbone_ettm2_p96_no_patch_s2021Loss:               MSE                 
  Lradj:              type1               Use Amp:            0                   

[1mGPU[0m
  Use GPU:            1                   GPU:                0                   
  Use Multi GPU:      0                   Devices:            0,1,2,3             

[1mDe-stationary Projector Params[0m
  P Hidden Dims:      128, 128            P Hidden Layers:    2                   

Use GPU: cuda:0
🚀 Lazy Loading: GraphMambaCMRHM ...
[GraphMamba] Building 7x7 static graph from 2000 training samples
>>>>>>>start training : long_term_forecast_ETTm2_96_96_cmrhm_backbone_ettm2_p96_no_patch_s2021_GraphMambaCMRHM_ETTm2_ftM_sl336_ll48_pl96_dm64_nh8_el1_dl1_df128_expand2_dc2_fc1_ebtimeF_dtTrue_cmrhm_backbone_ettm2_p96_no_patch_s2021_0>>>>>>>>>>>>>>>>>>>>>>>>>>
train 34129
val 11425
	iters: 100, epoch: 1 | loss: 0.1621645
	speed: 0.0104s/iter; left time: 1109.5308s
	iters: 200, epoch: 1 | loss: 0.1714698
	speed: 0.0081s/iter; left time: 863.4322s
	iters: 300, epoch: 1 | loss: 0.4407969
	speed: 0.0079s/iter; left time: 840.7104s
	iters: 400, epoch: 1 | loss: 0.1502429
	speed: 0.0080s/iter; left time: 852.2849s
	iters: 500, epoch: 1 | loss: 0.1592930
	speed: 0.0079s/iter; left time: 836.9967s
	iters: 600, epoch: 1 | loss: 0.1545365
	speed: 0.0080s/iter; left time: 850.7474s
	iters: 700, epoch: 1 | loss: 0.1513343
	speed: 0.0082s/iter; left time: 872.3483s
	iters: 800, epoch: 1 | loss: 0.2470554
	speed: 0.0082s/iter; left time: 870.1843s
	iters: 900, epoch: 1 | loss: 0.1999903
	speed: 0.0081s/iter; left time: 855.0079s
	iters: 1000, epoch: 1 | loss: 0.2726579
	speed: 0.0081s/iter; left time: 853.2310s
Epoch: 1 cost time: 8.844863891601562
Epoch: 1, Steps: 1067 | Train Loss: 0.2283058 Vali Loss: 0.1516033
Validation loss decreased (inf --> 0.151603).  Saving model ...
Updating learning rate to 0.0005
	iters: 100, epoch: 2 | loss: 0.1974500
	speed: 0.0265s/iter; left time: 2793.3265s
	iters: 200, epoch: 2 | loss: 0.1963325
	speed: 0.0079s/iter; left time: 831.6664s
	iters: 300, epoch: 2 | loss: 0.2433101
	speed: 0.0080s/iter; left time: 845.1931s
	iters: 400, epoch: 2 | loss: 0.1230142
	speed: 0.0083s/iter; left time: 875.8364s
	iters: 500, epoch: 2 | loss: 0.1600484
	speed: 0.0080s/iter; left time: 845.6069s
	iters: 600, epoch: 2 | loss: 0.1996304
	speed: 0.0085s/iter; left time: 897.3107s
	iters: 700, epoch: 2 | loss: 0.1216307
	speed: 0.0082s/iter; left time: 860.3902s
	iters: 800, epoch: 2 | loss: 0.1182851
	speed: 0.0084s/iter; left time: 880.8295s
	iters: 900, epoch: 2 | loss: 0.1514663
	speed: 0.0082s/iter; left time: 859.8730s
	iters: 1000, epoch: 2 | loss: 0.1928477
	speed: 0.0085s/iter; left time: 884.6832s
Epoch: 2 cost time: 8.786702394485474
Epoch: 2, Steps: 1067 | Train Loss: 0.1992550 Vali Loss: 0.1253521
Validation loss decreased (0.151603 --> 0.125352).  Saving model ...
Updating learning rate to 0.00025
	iters: 100, epoch: 3 | loss: 0.1826766
	speed: 0.0267s/iter; left time: 2787.1980s
	iters: 200, epoch: 3 | loss: 0.1751723
	speed: 0.0082s/iter; left time: 850.6468s
	iters: 300, epoch: 3 | loss: 0.1467216
	speed: 0.0082s/iter; left time: 856.3084s
	iters: 400, epoch: 3 | loss: 0.2885255
	speed: 0.0079s/iter; left time: 825.5235s
	iters: 500, epoch: 3 | loss: 0.1305104
	speed: 0.0081s/iter; left time: 839.5447s
	iters: 600, epoch: 3 | loss: 0.2642080
	speed: 0.0084s/iter; left time: 868.1473s
	iters: 700, epoch: 3 | loss: 0.1315003
	speed: 0.0085s/iter; left time: 880.8952s
	iters: 800, epoch: 3 | loss: 0.2318061
	speed: 0.0085s/iter; left time: 883.1055s
	iters: 900, epoch: 3 | loss: 0.1252302
	speed: 0.0082s/iter; left time: 850.6015s
	iters: 1000, epoch: 3 | loss: 0.2861796
	speed: 0.0083s/iter; left time: 857.3380s
Epoch: 3 cost time: 8.831957578659058
Epoch: 3, Steps: 1067 | Train Loss: 0.1873879 Vali Loss: 0.1274554
EarlyStopping counter: 1 out of 6
Updating learning rate to 0.000125
	iters: 100, epoch: 4 | loss: 0.2595752
	speed: 0.0259s/iter; left time: 2677.3248s
	iters: 200, epoch: 4 | loss: 0.1444482
	speed: 0.0082s/iter; left time: 843.7299s
	iters: 300, epoch: 4 | loss: 0.1174259
	speed: 0.0083s/iter; left time: 852.6522s
	iters: 400, epoch: 4 | loss: 0.1892433
	speed: 0.0085s/iter; left time: 879.0808s
	iters: 500, epoch: 4 | loss: 0.3398415
	speed: 0.0083s/iter; left time: 857.5099s
	iters: 600, epoch: 4 | loss: 0.1384935
	speed: 0.0081s/iter; left time: 829.7231s
	iters: 700, epoch: 4 | loss: 0.2351890
	speed: 0.0083s/iter; left time: 855.4634s
	iters: 800, epoch: 4 | loss: 0.1253768
	speed: 0.0081s/iter; left time: 831.2666s
	iters: 900, epoch: 4 | loss: 0.1249076
	speed: 0.0085s/iter; left time: 873.0356s
	iters: 1000, epoch: 4 | loss: 0.1660655
	speed: 0.0082s/iter; left time: 845.1246s
Epoch: 4 cost time: 8.863851547241211
Epoch: 4, Steps: 1067 | Train Loss: 0.1816141 Vali Loss: 0.1273956
EarlyStopping counter: 2 out of 6
Updating learning rate to 6.25e-05
	iters: 100, epoch: 5 | loss: 0.2099908
	speed: 0.0270s/iter; left time: 2766.1289s
	iters: 200, epoch: 5 | loss: 0.1655925
	speed: 0.0089s/iter; left time: 910.5273s
	iters: 300, epoch: 5 | loss: 0.1880510
	speed: 0.0084s/iter; left time: 857.8407s
	iters: 400, epoch: 5 | loss: 0.1098978
	speed: 0.0085s/iter; left time: 865.4374s
	iters: 500, epoch: 5 | loss: 0.1656705
	speed: 0.0085s/iter; left time: 868.8901s
	iters: 600, epoch: 5 | loss: 0.1503486
	speed: 0.0083s/iter; left time: 846.9561s
	iters: 700, epoch: 5 | loss: 0.1650327
	speed: 0.0083s/iter; left time: 843.3928s
	iters: 800, epoch: 5 | loss: 0.1295758
	speed: 0.0080s/iter; left time: 808.4923s
	iters: 900, epoch: 5 | loss: 0.1284806
	speed: 0.0081s/iter; left time: 827.0154s
	iters: 1000, epoch: 5 | loss: 0.0947076
	speed: 0.0081s/iter; left time: 820.2196s
Epoch: 5 cost time: 8.918999433517456
Epoch: 5, Steps: 1067 | Train Loss: 0.1782555 Vali Loss: 0.1273403
EarlyStopping counter: 3 out of 6
Updating learning rate to 3.125e-05
	iters: 100, epoch: 6 | loss: 0.1488290
	speed: 0.0272s/iter; left time: 2753.8297s
	iters: 200, epoch: 6 | loss: 0.1706488
	speed: 0.0082s/iter; left time: 826.5215s
	iters: 300, epoch: 6 | loss: 0.1752906
	speed: 0.0084s/iter; left time: 848.0994s
	iters: 400, epoch: 6 | loss: 0.1193775
	speed: 0.0083s/iter; left time: 840.7063s
	iters: 500, epoch: 6 | loss: 0.1252703
	speed: 0.0083s/iter; left time: 841.5097s
	iters: 600, epoch: 6 | loss: 0.1306200
	speed: 0.0080s/iter; left time: 806.1340s
	iters: 700, epoch: 6 | loss: 0.1959267
	speed: 0.0083s/iter; left time: 835.4274s
	iters: 800, epoch: 6 | loss: 0.2433488
	speed: 0.0084s/iter; left time: 844.5390s
	iters: 900, epoch: 6 | loss: 0.1122391
	speed: 0.0082s/iter; left time: 827.9731s
	iters: 1000, epoch: 6 | loss: 0.1541179
	speed: 0.0086s/iter; left time: 858.2116s
Epoch: 6 cost time: 8.860406637191772
Epoch: 6, Steps: 1067 | Train Loss: 0.1763809 Vali Loss: 0.1286949
EarlyStopping counter: 4 out of 6
Updating learning rate to 1.5625e-05
	iters: 100, epoch: 7 | loss: 0.1168646
	speed: 0.0259s/iter; left time: 2592.1375s
	iters: 200, epoch: 7 | loss: 0.3881475
	speed: 0.0084s/iter; left time: 841.6480s
	iters: 300, epoch: 7 | loss: 0.2066519
	speed: 0.0084s/iter; left time: 836.6411s
	iters: 400, epoch: 7 | loss: 0.1657273
	speed: 0.0080s/iter; left time: 799.7064s
	iters: 500, epoch: 7 | loss: 0.2124448
	speed: 0.0081s/iter; left time: 809.5218s
	iters: 600, epoch: 7 | loss: 0.2014919
	speed: 0.0082s/iter; left time: 816.2741s
	iters: 700, epoch: 7 | loss: 0.1687344
	speed: 0.0081s/iter; left time: 802.2873s
	iters: 800, epoch: 7 | loss: 0.1128772
	speed: 0.0081s/iter; left time: 806.4490s
	iters: 900, epoch: 7 | loss: 0.1305078
	speed: 0.0081s/iter; left time: 807.7866s
	iters: 1000, epoch: 7 | loss: 0.0949594
	speed: 0.0083s/iter; left time: 827.7013s
Epoch: 7 cost time: 8.744795322418213
Epoch: 7, Steps: 1067 | Train Loss: 0.1751247 Vali Loss: 0.1294141
EarlyStopping counter: 5 out of 6
Updating learning rate to 7.8125e-06
	iters: 100, epoch: 8 | loss: 0.1865427
	speed: 0.0268s/iter; left time: 2652.4503s
	iters: 200, epoch: 8 | loss: 0.1886300
	speed: 0.0082s/iter; left time: 811.2714s
	iters: 300, epoch: 8 | loss: 0.0784129
	speed: 0.0085s/iter; left time: 838.0801s
	iters: 400, epoch: 8 | loss: 0.1923405
	speed: 0.0082s/iter; left time: 810.5625s
	iters: 500, epoch: 8 | loss: 0.1165165
	speed: 0.0083s/iter; left time: 820.0581s
	iters: 600, epoch: 8 | loss: 0.1340261
	speed: 0.0082s/iter; left time: 810.2213s
	iters: 700, epoch: 8 | loss: 0.1553019
	speed: 0.0081s/iter; left time: 801.3682s
	iters: 800, epoch: 8 | loss: 0.2099399
	speed: 0.0083s/iter; left time: 821.2088s
	iters: 900, epoch: 8 | loss: 0.1504781
	speed: 0.0080s/iter; left time: 787.9332s
	iters: 1000, epoch: 8 | loss: 0.1481208
	speed: 0.0081s/iter; left time: 798.4146s
Epoch: 8 cost time: 8.778879404067993
Epoch: 8, Steps: 1067 | Train Loss: 0.1745239 Vali Loss: 0.1294445
EarlyStopping counter: 6 out of 6
Early stopping
VALIDATION_RESULT {"best_epoch": 2, "best_mae": 0.2420722909116293, "best_mse": 0.12535213738366244, "epochs_ran": 8, "metric_version": "element_weighted_v1"}
>>>>>>>test skipped (validation-only run)<<<<<<<<<<<<<<<<<<<<<<<<
Using GPU
Args in experiment:
[1mBasic Config[0m
  Task Name:          long_term_forecast  Is Training:        0                   
  Model ID:           ETTm2_96_96_cmrhm_backbone_ettm2_p96_no_patch_s2021Model:              GraphMambaCMRHM     

[1mData Loader[0m
  Data:               ETTm2               Root Path:          /home/cwh/Time-Series-Library/dataset/ETT-small
  Data Path:          ETTm2.csv           Features:           M                   
  Target:             OT                  Freq:               h                   
  Checkpoints:        /home/cwh/Time-Series-Library/logs/cmrhm_backbone_ablation/checkpoints

[1mForecasting Task[0m
  Seq Len:            336                 Label Len:          48                  
  Pred Len:           96                  Seasonal Patterns:  Monthly             
  Inverse:            0                   

[1mModel Parameters[0m
  Top k:              5                   Num Kernels:        6                   
  Enc In:             7                   Dec In:             7                   
  C Out:              7                   d model:            64                  
  n heads:            8                   e layers:           1                   
  d layers:           1                   d FF:               128                 
  Moving Avg:         25                  Factor:             1                   
  Distil:             1                   Dropout:            0.1                 
  Embed:              timeF               Activation:         gelu                

[1mRun Parameters[0m
  Num Workers:        0                   Itr:                1                   
  Train Epochs:       100                 Batch Size:         32                  
  Patience:           6                   Learning Rate:      0.0005              
  Des:                cmrhm_backbone_ettm2_p96_no_patch_s2021Loss:               MSE                 
  Lradj:              type1               Use Amp:            0                   

[1mGPU[0m
  Use GPU:            1                   GPU:                0                   
  Use Multi GPU:      0                   Devices:            0,1,2,3             

[1mDe-stationary Projector Params[0m
  P Hidden Dims:      128, 128            P Hidden Layers:    2                   

Use GPU: cuda:0
🚀 Lazy Loading: GraphMambaCMRHM ...
[GraphMamba] Building 7x7 static graph from 2000 training samples
>>>>>>>evaluating validation checkpoint : long_term_forecast_ETTm2_96_96_cmrhm_backbone_ettm2_p96_no_patch_s2021_GraphMambaCMRHM_ETTm2_ftM_sl336_ll48_pl96_dm64_nh8_el1_dl1_df128_expand2_dc2_fc1_ebtimeF_dtTrue_cmrhm_backbone_ettm2_p96_no_patch_s2021_0<<<<<<<<<<<<<<<<<<<<<<<<<<<<<<<<<
val 11425
EVALUATION_RESULT {"batches": 358, "cmrhm_intervention": "intact", "elapsed_seconds": 1.5077881580218673, "elements": 7677600, "gate_abs_mean": 0.1454305648803711, "gate_max": 0.01502025593072176, "gate_mean": -0.14113907516002655, "gate_min": -0.22718220949172974, "gate_values": [-0.2242165207862854, -0.2245824635028839, -0.11247503012418747, -0.22718220949172974, -0.08597182482481003, 0.01502025593072176, -0.1285656988620758], "mae": 0.24207229076853343, "memory_correction_mae": 0.06342285593487365, "memory_correction_rms": 0.10354389197502335, "metric_version": "element_weighted_v1", "milliseconds_per_batch": 4.21169876542421, "mse": 0.12535213795753647, "parameter_count": 708845, "peak_cuda_memory_bytes": 120823296, "split": "val"}
=== w/o Patch | ETTm2-720 ===
Using GPU
Args in experiment:
[1mBasic Config[0m
  Task Name:          long_term_forecast  Is Training:        1                   
  Model ID:           ETTm2_96_720_cmrhm_backbone_ettm2_p720_no_patch_s2021Model:              GraphMambaCMRHM     

[1mData Loader[0m
  Data:               ETTm2               Root Path:          /home/cwh/Time-Series-Library/dataset/ETT-small
  Data Path:          ETTm2.csv           Features:           M                   
  Target:             OT                  Freq:               h                   
  Checkpoints:        /home/cwh/Time-Series-Library/logs/cmrhm_backbone_ablation/checkpoints

[1mForecasting Task[0m
  Seq Len:            336                 Label Len:          48                  
  Pred Len:           720                 Seasonal Patterns:  Monthly             
  Inverse:            0                   

[1mModel Parameters[0m
  Top k:              5                   Num Kernels:        6                   
  Enc In:             7                   Dec In:             7                   
  C Out:              7                   d model:            64                  
  n heads:            8                   e layers:           1                   
  d layers:           1                   d FF:               128                 
  Moving Avg:         25                  Factor:             1                   
  Distil:             1                   Dropout:            0.1                 
  Embed:              timeF               Activation:         gelu                

[1mRun Parameters[0m
  Num Workers:        0                   Itr:                1                   
  Train Epochs:       100                 Batch Size:         32                  
  Patience:           6                   Learning Rate:      0.0005              
  Des:                cmrhm_backbone_ettm2_p720_no_patch_s2021Loss:               MSE                 
  Lradj:              type1               Use Amp:            0                   

[1mGPU[0m
  Use GPU:            1                   GPU:                0                   
  Use Multi GPU:      0                   Devices:            0,1,2,3             

[1mDe-stationary Projector Params[0m
  P Hidden Dims:      128, 128            P Hidden Layers:    2                   

Use GPU: cuda:0
🚀 Lazy Loading: GraphMambaCMRHM ...
[GraphMamba] Building 7x7 static graph from 2000 training samples
>>>>>>>start training : long_term_forecast_ETTm2_96_720_cmrhm_backbone_ettm2_p720_no_patch_s2021_GraphMambaCMRHM_ETTm2_ftM_sl336_ll48_pl720_dm64_nh8_el1_dl1_df128_expand2_dc2_fc1_ebtimeF_dtTrue_cmrhm_backbone_ettm2_p720_no_patch_s2021_0>>>>>>>>>>>>>>>>>>>>>>>>>>
train 33505
val 10801
	iters: 100, epoch: 1 | loss: 0.9125406
	speed: 0.0106s/iter; left time: 1113.2205s
	iters: 200, epoch: 1 | loss: 1.2936317
	speed: 0.0086s/iter; left time: 894.4899s
	iters: 300, epoch: 1 | loss: 0.4696079
	speed: 0.0086s/iter; left time: 899.3279s
	iters: 400, epoch: 1 | loss: 0.5848948
	speed: 0.0084s/iter; left time: 877.6750s
	iters: 500, epoch: 1 | loss: 0.3078534
	speed: 0.0082s/iter; left time: 857.0949s
	iters: 600, epoch: 1 | loss: 0.3487429
	speed: 0.0082s/iter; left time: 853.2820s
	iters: 700, epoch: 1 | loss: 0.4587424
	speed: 0.0083s/iter; left time: 864.5014s
	iters: 800, epoch: 1 | loss: 0.3508724
	speed: 0.0086s/iter; left time: 892.5510s
	iters: 900, epoch: 1 | loss: 0.7373294
	speed: 0.0083s/iter; left time: 863.1647s
	iters: 1000, epoch: 1 | loss: 0.5038626
	speed: 0.0086s/iter; left time: 894.7587s
Epoch: 1 cost time: 9.03295350074768
Epoch: 1, Steps: 1048 | Train Loss: 0.5397365 Vali Loss: 0.2784377
Validation loss decreased (inf --> 0.278438).  Saving model ...
Updating learning rate to 0.0005
	iters: 100, epoch: 2 | loss: 0.4837375
	speed: 0.0256s/iter; left time: 2655.3942s
	iters: 200, epoch: 2 | loss: 0.6121462
	speed: 0.0085s/iter; left time: 880.5322s
	iters: 300, epoch: 2 | loss: 0.4351764
	speed: 0.0086s/iter; left time: 884.9479s
	iters: 400, epoch: 2 | loss: 0.3248082
	speed: 0.0084s/iter; left time: 868.5145s
	iters: 500, epoch: 2 | loss: 0.5043874
	speed: 0.0089s/iter; left time: 916.3074s
	iters: 600, epoch: 2 | loss: 0.3636122
	speed: 0.0087s/iter; left time: 897.8956s
	iters: 700, epoch: 2 | loss: 0.7317896
	speed: 0.0085s/iter; left time: 873.6546s
	iters: 800, epoch: 2 | loss: 0.5517379
	speed: 0.0083s/iter; left time: 856.1635s
	iters: 900, epoch: 2 | loss: 0.2257870
	speed: 0.0085s/iter; left time: 869.2906s
	iters: 1000, epoch: 2 | loss: 0.8160140
	speed: 0.0086s/iter; left time: 885.0630s
Epoch: 2 cost time: 9.000421047210693
Epoch: 2, Steps: 1048 | Train Loss: 0.4953452 Vali Loss: 0.2781983
Validation loss decreased (0.278438 --> 0.278198).  Saving model ...
Updating learning rate to 0.00025
	iters: 100, epoch: 3 | loss: 0.4051791
	speed: 0.0261s/iter; left time: 2680.1488s
	iters: 200, epoch: 3 | loss: 0.6008304
	speed: 0.0086s/iter; left time: 877.7211s
	iters: 300, epoch: 3 | loss: 0.8597359
	speed: 0.0084s/iter; left time: 860.9571s
	iters: 400, epoch: 3 | loss: 0.3259413
	speed: 0.0083s/iter; left time: 850.6881s
	iters: 500, epoch: 3 | loss: 0.3455457
	speed: 0.0083s/iter; left time: 852.5994s
	iters: 600, epoch: 3 | loss: 0.5523688
	speed: 0.0082s/iter; left time: 841.5196s
	iters: 700, epoch: 3 | loss: 0.2495782
	speed: 0.0084s/iter; left time: 856.6529s
	iters: 800, epoch: 3 | loss: 0.7750267
	speed: 0.0082s/iter; left time: 833.5815s
	iters: 900, epoch: 3 | loss: 0.3966732
	speed: 0.0084s/iter; left time: 857.9685s
	iters: 1000, epoch: 3 | loss: 0.4861271
	speed: 0.0083s/iter; left time: 843.5122s
Epoch: 3 cost time: 8.75932765007019
Epoch: 3, Steps: 1048 | Train Loss: 0.4702272 Vali Loss: 0.2821041
EarlyStopping counter: 1 out of 6
Updating learning rate to 0.000125
	iters: 100, epoch: 4 | loss: 0.3148796
	speed: 0.0248s/iter; left time: 2519.8097s
	iters: 200, epoch: 4 | loss: 0.5120611
	speed: 0.0084s/iter; left time: 850.2291s
	iters: 300, epoch: 4 | loss: 0.4483411
	speed: 0.0082s/iter; left time: 836.1740s
	iters: 400, epoch: 4 | loss: 0.3731041
	speed: 0.0082s/iter; left time: 834.2166s
	iters: 500, epoch: 4 | loss: 0.4224684
	speed: 0.0084s/iter; left time: 850.2556s
	iters: 600, epoch: 4 | loss: 0.5512533
	speed: 0.0081s/iter; left time: 821.2108s
	iters: 700, epoch: 4 | loss: 0.5972886
	speed: 0.0086s/iter; left time: 872.0866s
	iters: 800, epoch: 4 | loss: 0.5013979
	speed: 0.0083s/iter; left time: 839.8880s
	iters: 900, epoch: 4 | loss: 0.4208645
	speed: 0.0084s/iter; left time: 841.3376s
	iters: 1000, epoch: 4 | loss: 0.5967323
	speed: 0.0084s/iter; left time: 844.2725s
Epoch: 4 cost time: 8.749101161956787
Epoch: 4, Steps: 1048 | Train Loss: 0.4556683 Vali Loss: 0.2843556
EarlyStopping counter: 2 out of 6
Updating learning rate to 6.25e-05
	iters: 100, epoch: 5 | loss: 0.4243451
	speed: 0.0253s/iter; left time: 2542.5141s
	iters: 200, epoch: 5 | loss: 0.3771029
	speed: 0.0084s/iter; left time: 843.6210s
	iters: 300, epoch: 5 | loss: 0.6352909
	speed: 0.0084s/iter; left time: 839.0936s
	iters: 400, epoch: 5 | loss: 0.4834155
	speed: 0.0085s/iter; left time: 852.4681s
	iters: 500, epoch: 5 | loss: 0.7536739
	speed: 0.0084s/iter; left time: 844.4231s
	iters: 600, epoch: 5 | loss: 0.3371214
	speed: 0.0084s/iter; left time: 843.0291s
	iters: 700, epoch: 5 | loss: 0.3509212
	speed: 0.0083s/iter; left time: 828.9609s
	iters: 800, epoch: 5 | loss: 0.7809383
	speed: 0.0085s/iter; left time: 850.1504s
	iters: 900, epoch: 5 | loss: 0.2883862
	speed: 0.0088s/iter; left time: 873.1213s
	iters: 1000, epoch: 5 | loss: 0.4928417
	speed: 0.0087s/iter; left time: 869.3362s
Epoch: 5 cost time: 8.906156539916992
Epoch: 5, Steps: 1048 | Train Loss: 0.4471817 Vali Loss: 0.2810698
EarlyStopping counter: 3 out of 6
Updating learning rate to 3.125e-05
	iters: 100, epoch: 6 | loss: 0.4447804
	speed: 0.0263s/iter; left time: 2613.0727s
	iters: 200, epoch: 6 | loss: 0.5098012
	speed: 0.0084s/iter; left time: 831.0235s
	iters: 300, epoch: 6 | loss: 0.2907716
	speed: 0.0086s/iter; left time: 853.2008s
	iters: 400, epoch: 6 | loss: 0.2940582
	speed: 0.0087s/iter; left time: 866.1317s
	iters: 500, epoch: 6 | loss: 0.3823509
	speed: 0.0084s/iter; left time: 830.8747s
	iters: 600, epoch: 6 | loss: 0.4193891
	speed: 0.0088s/iter; left time: 874.7551s
	iters: 700, epoch: 6 | loss: 0.2194501
	speed: 0.0084s/iter; left time: 828.1705s
	iters: 800, epoch: 6 | loss: 0.5520865
	speed: 0.0087s/iter; left time: 855.2634s
	iters: 900, epoch: 6 | loss: 0.5304311
	speed: 0.0086s/iter; left time: 852.8630s
	iters: 1000, epoch: 6 | loss: 0.5111473
	speed: 0.0085s/iter; left time: 833.9212s
Epoch: 6 cost time: 9.0088472366333
Epoch: 6, Steps: 1048 | Train Loss: 0.4433762 Vali Loss: 0.2801553
EarlyStopping counter: 4 out of 6
Updating learning rate to 1.5625e-05
	iters: 100, epoch: 7 | loss: 0.8058832
	speed: 0.0265s/iter; left time: 2608.6023s
	iters: 200, epoch: 7 | loss: 0.2647682
	speed: 0.0087s/iter; left time: 851.8921s
	iters: 300, epoch: 7 | loss: 0.4665902
	speed: 0.0087s/iter; left time: 850.5238s
	iters: 400, epoch: 7 | loss: 0.3024944
	speed: 0.0086s/iter; left time: 843.5347s
	iters: 500, epoch: 7 | loss: 0.3235226
	speed: 0.0084s/iter; left time: 823.1067s
	iters: 600, epoch: 7 | loss: 0.4086500
	speed: 0.0085s/iter; left time: 832.6722s
	iters: 700, epoch: 7 | loss: 0.4238865
	speed: 0.0084s/iter; left time: 820.7749s
	iters: 800, epoch: 7 | loss: 0.6344291
	speed: 0.0085s/iter; left time: 826.6915s
	iters: 900, epoch: 7 | loss: 0.3148134
	speed: 0.0082s/iter; left time: 796.3629s
	iters: 1000, epoch: 7 | loss: 0.3920268
	speed: 0.0084s/iter; left time: 822.5813s
Epoch: 7 cost time: 8.953287363052368
Epoch: 7, Steps: 1048 | Train Loss: 0.4410177 Vali Loss: 0.2828475
EarlyStopping counter: 5 out of 6
Updating learning rate to 7.8125e-06
	iters: 100, epoch: 8 | loss: 0.4196908
	speed: 0.0255s/iter; left time: 2485.3071s
	iters: 200, epoch: 8 | loss: 0.5834880
	speed: 0.0083s/iter; left time: 810.1940s
	iters: 300, epoch: 8 | loss: 0.6278744
	speed: 0.0084s/iter; left time: 814.1605s
	iters: 400, epoch: 8 | loss: 0.3967654
	speed: 0.0085s/iter; left time: 824.0008s
	iters: 500, epoch: 8 | loss: 0.3777952
	speed: 0.0086s/iter; left time: 837.4494s
	iters: 600, epoch: 8 | loss: 0.4591085
	speed: 0.0086s/iter; left time: 831.8777s
	iters: 700, epoch: 8 | loss: 0.2769469
	speed: 0.0083s/iter; left time: 804.8045s
	iters: 800, epoch: 8 | loss: 0.3646836
	speed: 0.0085s/iter; left time: 822.9923s
	iters: 900, epoch: 8 | loss: 0.3958045
	speed: 0.0085s/iter; left time: 825.4986s
	iters: 1000, epoch: 8 | loss: 0.4399101
	speed: 0.0084s/iter; left time: 812.4227s
Epoch: 8 cost time: 8.865799188613892
Epoch: 8, Steps: 1048 | Train Loss: 0.4402445 Vali Loss: 0.2828142
EarlyStopping counter: 6 out of 6
Early stopping
VALIDATION_RESULT {"best_epoch": 2, "best_mae": 0.36196612292843255, "best_mse": 0.2781982866410903, "epochs_ran": 8, "metric_version": "element_weighted_v1"}
>>>>>>>test skipped (validation-only run)<<<<<<<<<<<<<<<<<<<<<<<<
Using GPU
Args in experiment:
[1mBasic Config[0m
  Task Name:          long_term_forecast  Is Training:        0                   
  Model ID:           ETTm2_96_720_cmrhm_backbone_ettm2_p720_no_patch_s2021Model:              GraphMambaCMRHM     

[1mData Loader[0m
  Data:               ETTm2               Root Path:          /home/cwh/Time-Series-Library/dataset/ETT-small
  Data Path:          ETTm2.csv           Features:           M                   
  Target:             OT                  Freq:               h                   
  Checkpoints:        /home/cwh/Time-Series-Library/logs/cmrhm_backbone_ablation/checkpoints

[1mForecasting Task[0m
  Seq Len:            336                 Label Len:          48                  
  Pred Len:           720                 Seasonal Patterns:  Monthly             
  Inverse:            0                   

[1mModel Parameters[0m
  Top k:              5                   Num Kernels:        6                   
  Enc In:             7                   Dec In:             7                   
  C Out:              7                   d model:            64                  
  n heads:            8                   e layers:           1                   
  d layers:           1                   d FF:               128                 
  Moving Avg:         25                  Factor:             1                   
  Distil:             1                   Dropout:            0.1                 
  Embed:              timeF               Activation:         gelu                

[1mRun Parameters[0m
  Num Workers:        0                   Itr:                1                   
  Train Epochs:       100                 Batch Size:         32                  
  Patience:           6                   Learning Rate:      0.0005              
  Des:                cmrhm_backbone_ettm2_p720_no_patch_s2021Loss:               MSE                 
  Lradj:              type1               Use Amp:            0                   

[1mGPU[0m
  Use GPU:            1                   GPU:                0                   
  Use Multi GPU:      0                   Devices:            0,1,2,3             

[1mDe-stationary Projector Params[0m
  P Hidden Dims:      128, 128            P Hidden Layers:    2                   

Use GPU: cuda:0
🚀 Lazy Loading: GraphMambaCMRHM ...
[GraphMamba] Building 7x7 static graph from 2000 training samples
>>>>>>>evaluating validation checkpoint : long_term_forecast_ETTm2_96_720_cmrhm_backbone_ettm2_p720_no_patch_s2021_GraphMambaCMRHM_ETTm2_ftM_sl336_ll48_pl720_dm64_nh8_el1_dl1_df128_expand2_dc2_fc1_ebtimeF_dtTrue_cmrhm_backbone_ettm2_p720_no_patch_s2021_0<<<<<<<<<<<<<<<<<<<<<<<<<<<<<<<<<
val 10801
EVALUATION_RESULT {"batches": 338, "cmrhm_intervention": "intact", "elapsed_seconds": 1.5368827609345317, "elements": 54437040, "gate_abs_mean": 0.1049775555729866, "gate_max": 0.0007452173158526421, "gate_mean": -0.10476464033126831, "gate_min": -0.16068072617053986, "gate_values": [-0.14820797741413116, -0.15904688835144043, -0.0690152496099472, -0.16068072617053986, -0.045327167958021164, 0.0007452173158526421, -0.15181967616081238], "mae": 0.36196612303606834, "memory_correction_mae": 0.08184167012055636, "memory_correction_rms": 0.13854979380450744, "metric_version": "element_weighted_v1", "milliseconds_per_batch": 4.54699041696607, "mse": 0.2781982874662982, "parameter_count": 4623821, "peak_cuda_memory_bytes": 140716544, "split": "val"}
=== Uni-Mamba | ETTm1-96 ===
Using GPU
Args in experiment:
[1mBasic Config[0m
  Task Name:          long_term_forecast  Is Training:        1                   
  Model ID:           ETTm1_96_96_cmrhm_backbone_ettm1_p96_uni_mamba_s2021Model:              GraphMambaCMRHM     

[1mData Loader[0m
  Data:               ETTm1               Root Path:          /home/cwh/Time-Series-Library/dataset/ETT-small
  Data Path:          ETTm1.csv           Features:           M                   
  Target:             OT                  Freq:               h                   
  Checkpoints:        /home/cwh/Time-Series-Library/logs/cmrhm_backbone_ablation/checkpoints

[1mForecasting Task[0m
  Seq Len:            336                 Label Len:          48                  
  Pred Len:           96                  Seasonal Patterns:  Monthly             
  Inverse:            0                   

[1mModel Parameters[0m
  Top k:              5                   Num Kernels:        6                   
  Enc In:             7                   Dec In:             7                   
  C Out:              7                   d model:            64                  
  n heads:            8                   e layers:           1                   
  d layers:           1                   d FF:               128                 
  Moving Avg:         25                  Factor:             1                   
  Distil:             1                   Dropout:            0.1                 
  Embed:              timeF               Activation:         gelu                

[1mRun Parameters[0m
  Num Workers:        0                   Itr:                1                   
  Train Epochs:       100                 Batch Size:         32                  
  Patience:           6                   Learning Rate:      0.0005              
  Des:                cmrhm_backbone_ettm1_p96_uni_mamba_s2021Loss:               MSE                 
  Lradj:              type1               Use Amp:            0                   

[1mGPU[0m
  Use GPU:            1                   GPU:                0                   
  Use Multi GPU:      0                   Devices:            0,1,2,3             

[1mDe-stationary Projector Params[0m
  P Hidden Dims:      128, 128            P Hidden Layers:    2                   

Use GPU: cuda:0
🚀 Lazy Loading: GraphMambaCMRHM ...
[GraphMamba] Building 7x7 static graph from 2000 training samples
>>>>>>>start training : long_term_forecast_ETTm1_96_96_cmrhm_backbone_ettm1_p96_uni_mamba_s2021_GraphMambaCMRHM_ETTm1_ftM_sl336_ll48_pl96_dm64_nh8_el1_dl1_df128_expand2_dc2_fc1_ebtimeF_dtTrue_cmrhm_backbone_ettm1_p96_uni_mamba_s2021_0>>>>>>>>>>>>>>>>>>>>>>>>>>
train 34129
val 11425
	iters: 100, epoch: 1 | loss: 0.2721741
	speed: 0.0113s/iter; left time: 1200.4479s
	iters: 200, epoch: 1 | loss: 0.3947169
	speed: 0.0097s/iter; left time: 1037.5513s
	iters: 300, epoch: 1 | loss: 0.3628298
	speed: 0.0096s/iter; left time: 1021.9755s
	iters: 400, epoch: 1 | loss: 0.2672113
	speed: 0.0093s/iter; left time: 990.7635s
	iters: 500, epoch: 1 | loss: 0.2254988
	speed: 0.0092s/iter; left time: 979.6383s
	iters: 600, epoch: 1 | loss: 0.2599851
	speed: 0.0095s/iter; left time: 1003.3154s
	iters: 700, epoch: 1 | loss: 0.4443496
	speed: 0.0096s/iter; left time: 1015.2436s
	iters: 800, epoch: 1 | loss: 0.2639158
	speed: 0.0091s/iter; left time: 964.6541s
	iters: 900, epoch: 1 | loss: 0.3199706
	speed: 0.0096s/iter; left time: 1015.5221s
	iters: 1000, epoch: 1 | loss: 0.2436973
	speed: 0.0095s/iter; left time: 1000.7219s
Epoch: 1 cost time: 10.266169548034668
Epoch: 1, Steps: 1067 | Train Loss: 0.3149460 Vali Loss: 0.3848090
Validation loss decreased (inf --> 0.384809).  Saving model ...
Updating learning rate to 0.0005
	iters: 100, epoch: 2 | loss: 0.2230042
	speed: 0.0289s/iter; left time: 3044.7618s
	iters: 200, epoch: 2 | loss: 0.2619408
	speed: 0.0089s/iter; left time: 937.7549s
	iters: 300, epoch: 2 | loss: 0.2504499
	speed: 0.0089s/iter; left time: 942.3252s
	iters: 400, epoch: 2 | loss: 0.2764722
	speed: 0.0089s/iter; left time: 932.7533s
	iters: 500, epoch: 2 | loss: 0.2772058
	speed: 0.0095s/iter; left time: 999.9504s
	iters: 600, epoch: 2 | loss: 0.2454058
	speed: 0.0096s/iter; left time: 1005.3299s
	iters: 700, epoch: 2 | loss: 0.3310964
	speed: 0.0093s/iter; left time: 979.7834s
	iters: 800, epoch: 2 | loss: 0.2345108
	speed: 0.0093s/iter; left time: 974.8573s
	iters: 900, epoch: 2 | loss: 0.2661661
	speed: 0.0096s/iter; left time: 1009.2410s
	iters: 1000, epoch: 2 | loss: 0.2669352
	speed: 0.0092s/iter; left time: 962.1651s
Epoch: 2 cost time: 9.832599878311157
Epoch: 2, Steps: 1067 | Train Loss: 0.2600747 Vali Loss: 0.3766373
Validation loss decreased (0.384809 --> 0.376637).  Saving model ...
Updating learning rate to 0.00025
	iters: 100, epoch: 3 | loss: 0.2441846
	speed: 0.0299s/iter; left time: 3122.6168s
	iters: 200, epoch: 3 | loss: 0.2379960
	speed: 0.0092s/iter; left time: 963.2719s
	iters: 300, epoch: 3 | loss: 0.2740237
	speed: 0.0093s/iter; left time: 973.4822s
	iters: 400, epoch: 3 | loss: 0.3012918
	speed: 0.0094s/iter; left time: 976.6180s
	iters: 500, epoch: 3 | loss: 0.3298680
	speed: 0.0092s/iter; left time: 953.1817s
	iters: 600, epoch: 3 | loss: 0.2526385
	speed: 0.0091s/iter; left time: 943.5301s
	iters: 700, epoch: 3 | loss: 0.2773782
	speed: 0.0089s/iter; left time: 926.1580s
	iters: 800, epoch: 3 | loss: 0.2482591
	speed: 0.0091s/iter; left time: 940.3422s
	iters: 900, epoch: 3 | loss: 0.2489827
	speed: 0.0091s/iter; left time: 947.6528s
	iters: 1000, epoch: 3 | loss: 0.2307865
	speed: 0.0091s/iter; left time: 945.0231s
Epoch: 3 cost time: 9.80157995223999
Epoch: 3, Steps: 1067 | Train Loss: 0.2472777 Vali Loss: 0.3772524
EarlyStopping counter: 1 out of 6
Updating learning rate to 0.000125
	iters: 100, epoch: 4 | loss: 0.2079554
	speed: 0.0294s/iter; left time: 3042.1859s
	iters: 200, epoch: 4 | loss: 0.2458429
	speed: 0.0092s/iter; left time: 953.2234s
	iters: 300, epoch: 4 | loss: 0.2152415
	speed: 0.0092s/iter; left time: 945.8665s
	iters: 400, epoch: 4 | loss: 0.2109286
	speed: 0.0090s/iter; left time: 930.7965s
	iters: 500, epoch: 4 | loss: 0.2121713
	speed: 0.0094s/iter; left time: 969.1602s
	iters: 600, epoch: 4 | loss: 0.2176138
	speed: 0.0094s/iter; left time: 964.9728s
	iters: 700, epoch: 4 | loss: 0.2275312
	speed: 0.0093s/iter; left time: 960.4429s
	iters: 800, epoch: 4 | loss: 0.2836272
	speed: 0.0091s/iter; left time: 938.6464s
	iters: 900, epoch: 4 | loss: 0.2533151
	speed: 0.0093s/iter; left time: 952.5355s
	iters: 1000, epoch: 4 | loss: 0.1662313
	speed: 0.0093s/iter; left time: 955.4964s
Epoch: 4 cost time: 9.860649347305298
Epoch: 4, Steps: 1067 | Train Loss: 0.2423389 Vali Loss: 0.3783259
EarlyStopping counter: 2 out of 6
Updating learning rate to 6.25e-05
	iters: 100, epoch: 5 | loss: 0.2120688
	speed: 0.0288s/iter; left time: 2950.4977s
	iters: 200, epoch: 5 | loss: 0.2378875
	speed: 0.0094s/iter; left time: 962.3874s
	iters: 300, epoch: 5 | loss: 0.2652370
	speed: 0.0089s/iter; left time: 905.8168s
	iters: 400, epoch: 5 | loss: 0.2375841
	speed: 0.0091s/iter; left time: 932.6921s
	iters: 500, epoch: 5 | loss: 0.2094292
	speed: 0.0091s/iter; left time: 927.3187s
	iters: 600, epoch: 5 | loss: 0.2267680
	speed: 0.0093s/iter; left time: 943.6547s
	iters: 700, epoch: 5 | loss: 0.2111943
	speed: 0.0094s/iter; left time: 960.6545s
	iters: 800, epoch: 5 | loss: 0.2455684
	speed: 0.0095s/iter; left time: 961.5476s
	iters: 900, epoch: 5 | loss: 0.2468235
	speed: 0.0098s/iter; left time: 999.2890s
	iters: 1000, epoch: 5 | loss: 0.2672394
	speed: 0.0096s/iter; left time: 975.3280s
Epoch: 5 cost time: 9.961363554000854
Epoch: 5, Steps: 1067 | Train Loss: 0.2397800 Vali Loss: 0.3762545
Validation loss decreased (0.376637 --> 0.376254).  Saving model ...
Updating learning rate to 3.125e-05
	iters: 100, epoch: 6 | loss: 0.2666482
	speed: 0.0299s/iter; left time: 3032.5812s
	iters: 200, epoch: 6 | loss: 0.2153912
	speed: 0.0092s/iter; left time: 929.6325s
	iters: 300, epoch: 6 | loss: 0.2450679
	speed: 0.0091s/iter; left time: 920.3428s
	iters: 400, epoch: 6 | loss: 0.2185372
	speed: 0.0092s/iter; left time: 927.4328s
	iters: 500, epoch: 6 | loss: 0.2879150
	speed: 0.0092s/iter; left time: 925.7770s
	iters: 600, epoch: 6 | loss: 0.1973696
	speed: 0.0094s/iter; left time: 950.1535s
	iters: 700, epoch: 6 | loss: 0.2667015
	speed: 0.0095s/iter; left time: 960.2768s
	iters: 800, epoch: 6 | loss: 0.2084069
	speed: 0.0092s/iter; left time: 922.4260s
	iters: 900, epoch: 6 | loss: 0.2371190
	speed: 0.0087s/iter; left time: 878.6348s
	iters: 1000, epoch: 6 | loss: 0.2891827
	speed: 0.0093s/iter; left time: 928.9138s
Epoch: 6 cost time: 9.809660911560059
Epoch: 6, Steps: 1067 | Train Loss: 0.2382594 Vali Loss: 0.3761146
Validation loss decreased (0.376254 --> 0.376115).  Saving model ...
Updating learning rate to 1.5625e-05
	iters: 100, epoch: 7 | loss: 0.2647775
	speed: 0.0300s/iter; left time: 3003.3207s
	iters: 200, epoch: 7 | loss: 0.2896699
	speed: 0.0092s/iter; left time: 919.3730s
	iters: 300, epoch: 7 | loss: 0.2515468
	speed: 0.0094s/iter; left time: 940.3204s
	iters: 400, epoch: 7 | loss: 0.2587105
	speed: 0.0091s/iter; left time: 911.0643s
	iters: 500, epoch: 7 | loss: 0.2968716
	speed: 0.0097s/iter; left time: 964.5724s
	iters: 600, epoch: 7 | loss: 0.2355329
	speed: 0.0092s/iter; left time: 915.8023s
	iters: 700, epoch: 7 | loss: 0.2504302
	speed: 0.0094s/iter; left time: 934.1673s
	iters: 800, epoch: 7 | loss: 0.2301821
	speed: 0.0094s/iter; left time: 933.5658s
	iters: 900, epoch: 7 | loss: 0.2532471
	speed: 0.0094s/iter; left time: 937.5128s
	iters: 1000, epoch: 7 | loss: 0.1898834
	speed: 0.0093s/iter; left time: 922.0058s
Epoch: 7 cost time: 9.958364248275757
Epoch: 7, Steps: 1067 | Train Loss: 0.2374393 Vali Loss: 0.3765241
EarlyStopping counter: 1 out of 6
Updating learning rate to 7.8125e-06
	iters: 100, epoch: 8 | loss: 0.2236284
	speed: 0.0286s/iter; left time: 2836.1978s
	iters: 200, epoch: 8 | loss: 0.2609638
	speed: 0.0096s/iter; left time: 951.4163s
	iters: 300, epoch: 8 | loss: 0.2308269
	speed: 0.0095s/iter; left time: 942.8492s
	iters: 400, epoch: 8 | loss: 0.2704816
	speed: 0.0091s/iter; left time: 895.7934s
	iters: 500, epoch: 8 | loss: 0.2559309
	speed: 0.0093s/iter; left time: 918.7074s
	iters: 600, epoch: 8 | loss: 0.1881964
	speed: 0.0092s/iter; left time: 902.5738s
	iters: 700, epoch: 8 | loss: 0.2626063
	speed: 0.0094s/iter; left time: 930.9894s
	iters: 800, epoch: 8 | loss: 0.2427046
	speed: 0.0092s/iter; left time: 909.1461s
	iters: 900, epoch: 8 | loss: 0.2314010
	speed: 0.0090s/iter; left time: 889.1438s
	iters: 1000, epoch: 8 | loss: 0.2471572
	speed: 0.0091s/iter; left time: 894.7724s
Epoch: 8 cost time: 9.875900506973267
Epoch: 8, Steps: 1067 | Train Loss: 0.2369212 Vali Loss: 0.3744914
Validation loss decreased (0.376115 --> 0.374491).  Saving model ...
Updating learning rate to 3.90625e-06
	iters: 100, epoch: 9 | loss: 0.2949145
	speed: 0.0290s/iter; left time: 2844.6522s
	iters: 200, epoch: 9 | loss: 0.2105549
	speed: 0.0093s/iter; left time: 912.9160s
	iters: 300, epoch: 9 | loss: 0.2102324
	speed: 0.0091s/iter; left time: 889.3870s
	iters: 400, epoch: 9 | loss: 0.2477991
	speed: 0.0094s/iter; left time: 919.7001s
	iters: 500, epoch: 9 | loss: 0.2490198
	speed: 0.0092s/iter; left time: 899.8621s
	iters: 600, epoch: 9 | loss: 0.2207833
	speed: 0.0091s/iter; left time: 889.4478s
	iters: 700, epoch: 9 | loss: 0.2264653
	speed: 0.0091s/iter; left time: 890.1995s
	iters: 800, epoch: 9 | loss: 0.2098012
	speed: 0.0096s/iter; left time: 932.1972s
	iters: 900, epoch: 9 | loss: 0.2678938
	speed: 0.0093s/iter; left time: 900.3647s
	iters: 1000, epoch: 9 | loss: 0.2257409
	speed: 0.0094s/iter; left time: 910.7843s
Epoch: 9 cost time: 9.877148389816284
Epoch: 9, Steps: 1067 | Train Loss: 0.2367968 Vali Loss: 0.3755047
EarlyStopping counter: 1 out of 6
Updating learning rate to 1.953125e-06
	iters: 100, epoch: 10 | loss: 0.2140822
	speed: 0.0287s/iter; left time: 2788.3852s
	iters: 200, epoch: 10 | loss: 0.3099512
	speed: 0.0093s/iter; left time: 899.0598s
	iters: 300, epoch: 10 | loss: 0.2735533
	speed: 0.0092s/iter; left time: 886.4416s
	iters: 400, epoch: 10 | loss: 0.1885956
	speed: 0.0094s/iter; left time: 905.3970s
	iters: 500, epoch: 10 | loss: 0.2179291
	speed: 0.0094s/iter; left time: 910.4446s
	iters: 600, epoch: 10 | loss: 0.2218552
	speed: 0.0094s/iter; left time: 906.5622s
	iters: 700, epoch: 10 | loss: 0.2304599
	speed: 0.0092s/iter; left time: 886.7422s
	iters: 800, epoch: 10 | loss: 0.2664987
	speed: 0.0092s/iter; left time: 890.6058s
	iters: 900, epoch: 10 | loss: 0.2467468
	speed: 0.0091s/iter; left time: 877.2402s
	iters: 1000, epoch: 10 | loss: 0.2437631
	speed: 0.0095s/iter; left time: 912.2609s
Epoch: 10 cost time: 9.916769742965698
Epoch: 10, Steps: 1067 | Train Loss: 0.2366701 Vali Loss: 0.3760541
EarlyStopping counter: 2 out of 6
Updating learning rate to 9.765625e-07
	iters: 100, epoch: 11 | loss: 0.2098052
	speed: 0.0298s/iter; left time: 2860.1141s
	iters: 200, epoch: 11 | loss: 0.2164554
	speed: 0.0098s/iter; left time: 940.9586s
	iters: 300, epoch: 11 | loss: 0.2005347
	speed: 0.0093s/iter; left time: 889.4899s
	iters: 400, epoch: 11 | loss: 0.2340382
	speed: 0.0093s/iter; left time: 886.8929s
	iters: 500, epoch: 11 | loss: 0.2645909
	speed: 0.0094s/iter; left time: 896.4864s
	iters: 600, epoch: 11 | loss: 0.2599046
	speed: 0.0095s/iter; left time: 910.6675s
	iters: 700, epoch: 11 | loss: 0.2661977
	speed: 0.0094s/iter; left time: 892.2039s
	iters: 800, epoch: 11 | loss: 0.1904103
	speed: 0.0095s/iter; left time: 902.0029s
	iters: 900, epoch: 11 | loss: 0.2156205
	speed: 0.0090s/iter; left time: 860.4719s
	iters: 1000, epoch: 11 | loss: 0.2360773
	speed: 0.0089s/iter; left time: 847.7293s
Epoch: 11 cost time: 9.965657711029053
Epoch: 11, Steps: 1067 | Train Loss: 0.2365680 Vali Loss: 0.3758145
EarlyStopping counter: 3 out of 6
Updating learning rate to 4.8828125e-07
	iters: 100, epoch: 12 | loss: 0.2346884
	speed: 0.0292s/iter; left time: 2773.2145s
	iters: 200, epoch: 12 | loss: 0.2797888
	speed: 0.0094s/iter; left time: 892.6680s
	iters: 300, epoch: 12 | loss: 0.2593788
	speed: 0.0092s/iter; left time: 872.6795s
	iters: 400, epoch: 12 | loss: 0.2036998
	speed: 0.0093s/iter; left time: 877.6242s
	iters: 500, epoch: 12 | loss: 0.2388359
	speed: 0.0090s/iter; left time: 851.7092s
	iters: 600, epoch: 12 | loss: 0.2264938
	speed: 0.0094s/iter; left time: 891.1485s
	iters: 700, epoch: 12 | loss: 0.2745817
	speed: 0.0090s/iter; left time: 849.8769s
	iters: 800, epoch: 12 | loss: 0.3003555
	speed: 0.0091s/iter; left time: 859.8348s
	iters: 900, epoch: 12 | loss: 0.2901397
	speed: 0.0094s/iter; left time: 887.1945s
	iters: 1000, epoch: 12 | loss: 0.3092144
	speed: 0.0094s/iter; left time: 880.8818s
Epoch: 12 cost time: 9.886320114135742
Epoch: 12, Steps: 1067 | Train Loss: 0.2366594 Vali Loss: 0.3756189
EarlyStopping counter: 4 out of 6
Updating learning rate to 2.44140625e-07
	iters: 100, epoch: 13 | loss: 0.2109871
	speed: 0.0303s/iter; left time: 2845.0654s
	iters: 200, epoch: 13 | loss: 0.2321668
	speed: 0.0093s/iter; left time: 868.3092s
	iters: 300, epoch: 13 | loss: 0.2298065
	speed: 0.0092s/iter; left time: 861.0641s
	iters: 400, epoch: 13 | loss: 0.2407805
	speed: 0.0093s/iter; left time: 871.8015s
	iters: 500, epoch: 13 | loss: 0.1981965
	speed: 0.0092s/iter; left time: 863.2422s
	iters: 600, epoch: 13 | loss: 0.2978089
	speed: 0.0095s/iter; left time: 885.1727s
	iters: 700, epoch: 13 | loss: 0.2626152
	speed: 0.0090s/iter; left time: 838.0998s
	iters: 800, epoch: 13 | loss: 0.2253045
	speed: 0.0094s/iter; left time: 874.6111s
	iters: 900, epoch: 13 | loss: 0.2480457
	speed: 0.0091s/iter; left time: 848.6714s
	iters: 1000, epoch: 13 | loss: 0.2828291
	speed: 0.0093s/iter; left time: 860.1809s
Epoch: 13 cost time: 9.887004137039185
Epoch: 13, Steps: 1067 | Train Loss: 0.2364796 Vali Loss: 0.3756258
EarlyStopping counter: 5 out of 6
Updating learning rate to 1.220703125e-07
	iters: 100, epoch: 14 | loss: 0.2376309
	speed: 0.0294s/iter; left time: 2723.3015s
	iters: 200, epoch: 14 | loss: 0.2173925
	speed: 0.0093s/iter; left time: 860.6081s
	iters: 300, epoch: 14 | loss: 0.2037134
	speed: 0.0093s/iter; left time: 859.7364s
	iters: 400, epoch: 14 | loss: 0.2253668
	speed: 0.0090s/iter; left time: 833.4931s
	iters: 500, epoch: 14 | loss: 0.2440528
	speed: 0.0094s/iter; left time: 863.4376s
	iters: 600, epoch: 14 | loss: 0.3009468
	speed: 0.0091s/iter; left time: 840.9005s
	iters: 700, epoch: 14 | loss: 0.2331096
	speed: 0.0094s/iter; left time: 861.6959s
	iters: 800, epoch: 14 | loss: 0.2213815
	speed: 0.0089s/iter; left time: 820.2118s
	iters: 900, epoch: 14 | loss: 0.2507829
	speed: 0.0091s/iter; left time: 836.7577s
	iters: 1000, epoch: 14 | loss: 0.2260915
	speed: 0.0092s/iter; left time: 845.7968s
Epoch: 14 cost time: 9.820079326629639
Epoch: 14, Steps: 1067 | Train Loss: 0.2365817 Vali Loss: 0.3756265
EarlyStopping counter: 6 out of 6
Early stopping
VALIDATION_RESULT {"best_epoch": 8, "best_mae": 0.40375021656565435, "best_mse": 0.37449135004834383, "epochs_ran": 14, "metric_version": "element_weighted_v1"}
>>>>>>>test skipped (validation-only run)<<<<<<<<<<<<<<<<<<<<<<<<
Using GPU
Args in experiment:
[1mBasic Config[0m
  Task Name:          long_term_forecast  Is Training:        0                   
  Model ID:           ETTm1_96_96_cmrhm_backbone_ettm1_p96_uni_mamba_s2021Model:              GraphMambaCMRHM     

[1mData Loader[0m
  Data:               ETTm1               Root Path:          /home/cwh/Time-Series-Library/dataset/ETT-small
  Data Path:          ETTm1.csv           Features:           M                   
  Target:             OT                  Freq:               h                   
  Checkpoints:        /home/cwh/Time-Series-Library/logs/cmrhm_backbone_ablation/checkpoints

[1mForecasting Task[0m
  Seq Len:            336                 Label Len:          48                  
  Pred Len:           96                  Seasonal Patterns:  Monthly             
  Inverse:            0                   

[1mModel Parameters[0m
  Top k:              5                   Num Kernels:        6                   
  Enc In:             7                   Dec In:             7                   
  C Out:              7                   d model:            64                  
  n heads:            8                   e layers:           1                   
  d layers:           1                   d FF:               128                 
  Moving Avg:         25                  Factor:             1                   
  Distil:             1                   Dropout:            0.1                 
  Embed:              timeF               Activation:         gelu                

[1mRun Parameters[0m
  Num Workers:        0                   Itr:                1                   
  Train Epochs:       100                 Batch Size:         32                  
  Patience:           6                   Learning Rate:      0.0005              
  Des:                cmrhm_backbone_ettm1_p96_uni_mamba_s2021Loss:               MSE                 
  Lradj:              type1               Use Amp:            0                   

[1mGPU[0m
  Use GPU:            1                   GPU:                0                   
  Use Multi GPU:      0                   Devices:            0,1,2,3             

[1mDe-stationary Projector Params[0m
  P Hidden Dims:      128, 128            P Hidden Layers:    2                   

Use GPU: cuda:0
🚀 Lazy Loading: GraphMambaCMRHM ...
[GraphMamba] Building 7x7 static graph from 2000 training samples
>>>>>>>evaluating validation checkpoint : long_term_forecast_ETTm1_96_96_cmrhm_backbone_ettm1_p96_uni_mamba_s2021_GraphMambaCMRHM_ETTm1_ftM_sl336_ll48_pl96_dm64_nh8_el1_dl1_df128_expand2_dc2_fc1_ebtimeF_dtTrue_cmrhm_backbone_ettm1_p96_uni_mamba_s2021_0<<<<<<<<<<<<<<<<<<<<<<<<<<<<<<<<<
val 11425
EVALUATION_RESULT {"batches": 358, "cmrhm_intervention": "intact", "elapsed_seconds": 1.490141642978415, "elements": 7677600, "gate_abs_mean": 0.1929011195898056, "gate_max": 0.24939243495464325, "gate_mean": 0.1929011195898056, "gate_min": 0.12892688810825348, "gate_values": [0.24939243495464325, 0.16544215381145477, 0.24885867536067963, 0.1671043187379837, 0.24752095341682434, 0.12892688810825348, 0.14306233823299408], "mae": 0.40375021812977163, "memory_correction_mae": 0.21911734561616086, "memory_correction_rms": 0.3411581581056188, "metric_version": "element_weighted_v1", "milliseconds_per_batch": 4.162406823962053, "mse": 0.37449135031267367, "parameter_count": 965485, "peak_cuda_memory_bytes": 128009728, "split": "val"}
=== Uni-Mamba | ETTm1-720 ===
Using GPU
Args in experiment:
[1mBasic Config[0m
  Task Name:          long_term_forecast  Is Training:        1                   
  Model ID:           ETTm1_96_720_cmrhm_backbone_ettm1_p720_uni_mamba_s2021Model:              GraphMambaCMRHM     

[1mData Loader[0m
  Data:               ETTm1               Root Path:          /home/cwh/Time-Series-Library/dataset/ETT-small
  Data Path:          ETTm1.csv           Features:           M                   
  Target:             OT                  Freq:               h                   
  Checkpoints:        /home/cwh/Time-Series-Library/logs/cmrhm_backbone_ablation/checkpoints

[1mForecasting Task[0m
  Seq Len:            336                 Label Len:          48                  
  Pred Len:           720                 Seasonal Patterns:  Monthly             
  Inverse:            0                   

[1mModel Parameters[0m
  Top k:              5                   Num Kernels:        6                   
  Enc In:             7                   Dec In:             7                   
  C Out:              7                   d model:            64                  
  n heads:            8                   e layers:           1                   
  d layers:           1                   d FF:               128                 
  Moving Avg:         25                  Factor:             1                   
  Distil:             1                   Dropout:            0.1                 
  Embed:              timeF               Activation:         gelu                

[1mRun Parameters[0m
  Num Workers:        0                   Itr:                1                   
  Train Epochs:       100                 Batch Size:         32                  
  Patience:           6                   Learning Rate:      0.0005              
  Des:                cmrhm_backbone_ettm1_p720_uni_mamba_s2021Loss:               MSE                 
  Lradj:              type1               Use Amp:            0                   

[1mGPU[0m
  Use GPU:            1                   GPU:                0                   
  Use Multi GPU:      0                   Devices:            0,1,2,3             

[1mDe-stationary Projector Params[0m
  P Hidden Dims:      128, 128            P Hidden Layers:    2                   

Use GPU: cuda:0
🚀 Lazy Loading: GraphMambaCMRHM ...
[GraphMamba] Building 7x7 static graph from 2000 training samples
>>>>>>>start training : long_term_forecast_ETTm1_96_720_cmrhm_backbone_ettm1_p720_uni_mamba_s2021_GraphMambaCMRHM_ETTm1_ftM_sl336_ll48_pl720_dm64_nh8_el1_dl1_df128_expand2_dc2_fc1_ebtimeF_dtTrue_cmrhm_backbone_ettm1_p720_uni_mamba_s2021_0>>>>>>>>>>>>>>>>>>>>>>>>>>
train 33505
val 10801
	iters: 100, epoch: 1 | loss: 0.5876324
	speed: 0.0119s/iter; left time: 1250.0426s
	iters: 200, epoch: 1 | loss: 0.4561027
	speed: 0.0098s/iter; left time: 1019.8993s
	iters: 300, epoch: 1 | loss: 0.4564308
	speed: 0.0096s/iter; left time: 999.9732s
	iters: 400, epoch: 1 | loss: 0.4288019
	speed: 0.0097s/iter; left time: 1008.9800s
	iters: 500, epoch: 1 | loss: 0.4376321
	speed: 0.0099s/iter; left time: 1027.8668s
	iters: 600, epoch: 1 | loss: 0.4415368
	speed: 0.0102s/iter; left time: 1061.0205s
	iters: 700, epoch: 1 | loss: 0.4506477
	speed: 0.0101s/iter; left time: 1055.8973s
	iters: 800, epoch: 1 | loss: 0.4194303
	speed: 0.0098s/iter; left time: 1015.7449s
	iters: 900, epoch: 1 | loss: 0.4315551
	speed: 0.0098s/iter; left time: 1017.0643s
	iters: 1000, epoch: 1 | loss: 0.4346209
	speed: 0.0098s/iter; left time: 1020.6099s
Epoch: 1 cost time: 10.511304140090942
Epoch: 1, Steps: 1048 | Train Loss: 0.4645660 Vali Loss: 0.9626460
Validation loss decreased (inf --> 0.962646).  Saving model ...
Updating learning rate to 0.0005
	iters: 100, epoch: 2 | loss: 0.3296632
	speed: 0.0290s/iter; left time: 3007.7429s
	iters: 200, epoch: 2 | loss: 0.4389879
	speed: 0.0097s/iter; left time: 1001.2886s
	iters: 300, epoch: 2 | loss: 0.3722329
	speed: 0.0095s/iter; left time: 986.3437s
	iters: 400, epoch: 2 | loss: 0.3679514
	speed: 0.0097s/iter; left time: 1007.2713s
	iters: 500, epoch: 2 | loss: 0.4280047
	speed: 0.0096s/iter; left time: 991.6279s
	iters: 600, epoch: 2 | loss: 0.3770953
	speed: 0.0095s/iter; left time: 982.7560s
	iters: 700, epoch: 2 | loss: 0.4242464
	speed: 0.0096s/iter; left time: 985.0659s
	iters: 800, epoch: 2 | loss: 0.3510880
	speed: 0.0098s/iter; left time: 1012.7026s
	iters: 900, epoch: 2 | loss: 0.5516257
	speed: 0.0101s/iter; left time: 1034.6632s
	iters: 1000, epoch: 2 | loss: 0.4244307
	speed: 0.0097s/iter; left time: 998.1174s
Epoch: 2 cost time: 10.135878324508667
Epoch: 2, Steps: 1048 | Train Loss: 0.4165340 Vali Loss: 0.9430870
Validation loss decreased (0.962646 --> 0.943087).  Saving model ...
Updating learning rate to 0.00025
	iters: 100, epoch: 3 | loss: 0.3832577
	speed: 0.0297s/iter; left time: 3050.3550s
	iters: 200, epoch: 3 | loss: 0.3524432
	speed: 0.0101s/iter; left time: 1032.5941s
	iters: 300, epoch: 3 | loss: 0.4416771
	speed: 0.0096s/iter; left time: 987.4571s
	iters: 400, epoch: 3 | loss: 0.4400305
	speed: 0.0100s/iter; left time: 1020.1011s
	iters: 500, epoch: 3 | loss: 0.4230392
	speed: 0.0096s/iter; left time: 980.4404s
	iters: 600, epoch: 3 | loss: 0.4349594
	speed: 0.0097s/iter; left time: 986.3575s
	iters: 700, epoch: 3 | loss: 0.3321404
	speed: 0.0094s/iter; left time: 963.0600s
	iters: 800, epoch: 3 | loss: 0.4241853
	speed: 0.0100s/iter; left time: 1024.0407s
	iters: 900, epoch: 3 | loss: 0.4935516
	speed: 0.0092s/iter; left time: 941.2845s
	iters: 1000, epoch: 3 | loss: 0.3521813
	speed: 0.0093s/iter; left time: 950.9301s
Epoch: 3 cost time: 10.13123369216919
Epoch: 3, Steps: 1048 | Train Loss: 0.4058843 Vali Loss: 0.9448184
EarlyStopping counter: 1 out of 6
Updating learning rate to 0.000125
	iters: 100, epoch: 4 | loss: 0.4234708
	speed: 0.0277s/iter; left time: 2813.0986s
	iters: 200, epoch: 4 | loss: 0.4155811
	speed: 0.0090s/iter; left time: 909.6386s
	iters: 300, epoch: 4 | loss: 0.3870743
	speed: 0.0091s/iter; left time: 920.2159s
	iters: 400, epoch: 4 | loss: 0.3530022
	speed: 0.0094s/iter; left time: 954.4784s
	iters: 500, epoch: 4 | loss: 0.3948955
	speed: 0.0095s/iter; left time: 960.0039s
	iters: 600, epoch: 4 | loss: 0.4542745
	speed: 0.0092s/iter; left time: 928.7711s
	iters: 700, epoch: 4 | loss: 0.4006777
	speed: 0.0093s/iter; left time: 938.7411s
	iters: 800, epoch: 4 | loss: 0.4282477
	speed: 0.0093s/iter; left time: 934.3955s
	iters: 900, epoch: 4 | loss: 0.4253566
	speed: 0.0093s/iter; left time: 938.6879s
	iters: 1000, epoch: 4 | loss: 0.3843721
	speed: 0.0094s/iter; left time: 949.9823s
Epoch: 4 cost time: 9.735913515090942
Epoch: 4, Steps: 1048 | Train Loss: 0.3999563 Vali Loss: 0.9431790
EarlyStopping counter: 2 out of 6
Updating learning rate to 6.25e-05
	iters: 100, epoch: 5 | loss: 0.4006214
	speed: 0.0280s/iter; left time: 2814.6744s
	iters: 200, epoch: 5 | loss: 0.4016567
	speed: 0.0096s/iter; left time: 967.4190s
	iters: 300, epoch: 5 | loss: 0.3455441
	speed: 0.0095s/iter; left time: 952.9286s
	iters: 400, epoch: 5 | loss: 0.3618601
	speed: 0.0094s/iter; left time: 937.1512s
	iters: 500, epoch: 5 | loss: 0.3998593
	speed: 0.0093s/iter; left time: 928.2057s
	iters: 600, epoch: 5 | loss: 0.3916200
	speed: 0.0096s/iter; left time: 955.1038s
	iters: 700, epoch: 5 | loss: 0.3646769
	speed: 0.0101s/iter; left time: 1010.4620s
	iters: 800, epoch: 5 | loss: 0.3836305
	speed: 0.0099s/iter; left time: 986.7608s
	iters: 900, epoch: 5 | loss: 0.3698350
	speed: 0.0097s/iter; left time: 962.7887s
	iters: 1000, epoch: 5 | loss: 0.3963381
	speed: 0.0094s/iter; left time: 937.1504s
Epoch: 5 cost time: 10.034917116165161
Epoch: 5, Steps: 1048 | Train Loss: 0.3969894 Vali Loss: 0.9383459
Validation loss decreased (0.943087 --> 0.938346).  Saving model ...
Updating learning rate to 3.125e-05
	iters: 100, epoch: 6 | loss: 0.3705312
	speed: 0.0298s/iter; left time: 2967.7516s
	iters: 200, epoch: 6 | loss: 0.4407858
	speed: 0.0097s/iter; left time: 962.0598s
	iters: 300, epoch: 6 | loss: 0.3438798
	speed: 0.0095s/iter; left time: 946.7914s
	iters: 400, epoch: 6 | loss: 0.3127203
	speed: 0.0095s/iter; left time: 945.4411s
	iters: 500, epoch: 6 | loss: 0.3870942
	speed: 0.0095s/iter; left time: 945.3258s
	iters: 600, epoch: 6 | loss: 0.4111075
	speed: 0.0099s/iter; left time: 975.8905s
	iters: 700, epoch: 6 | loss: 0.3573658
	speed: 0.0099s/iter; left time: 981.3664s
	iters: 800, epoch: 6 | loss: 0.3932849
	speed: 0.0098s/iter; left time: 970.8619s
	iters: 900, epoch: 6 | loss: 0.3770379
	speed: 0.0096s/iter; left time: 946.8904s
	iters: 1000, epoch: 6 | loss: 0.3594023
	speed: 0.0095s/iter; left time: 931.4129s
Epoch: 6 cost time: 10.193099021911621
Epoch: 6, Steps: 1048 | Train Loss: 0.3949740 Vali Loss: 0.9402232
EarlyStopping counter: 1 out of 6
Updating learning rate to 1.5625e-05
	iters: 100, epoch: 7 | loss: 0.3749030
	speed: 0.0287s/iter; left time: 2826.4826s
	iters: 200, epoch: 7 | loss: 0.3829490
	speed: 0.0097s/iter; left time: 957.5815s
	iters: 300, epoch: 7 | loss: 0.3336303
	speed: 0.0094s/iter; left time: 923.1964s
	iters: 400, epoch: 7 | loss: 0.4679916
	speed: 0.0092s/iter; left time: 906.0458s
	iters: 500, epoch: 7 | loss: 0.3918091
	speed: 0.0095s/iter; left time: 935.8460s
	iters: 600, epoch: 7 | loss: 0.4641757
	speed: 0.0093s/iter; left time: 913.9616s
	iters: 700, epoch: 7 | loss: 0.3863154
	speed: 0.0094s/iter; left time: 917.6477s
	iters: 800, epoch: 7 | loss: 0.3999904
	speed: 0.0096s/iter; left time: 938.3039s
	iters: 900, epoch: 7 | loss: 0.3302410
	speed: 0.0094s/iter; left time: 921.8347s
	iters: 1000, epoch: 7 | loss: 0.4061092
	speed: 0.0095s/iter; left time: 929.8744s
Epoch: 7 cost time: 9.938755750656128
Epoch: 7, Steps: 1048 | Train Loss: 0.3942823 Vali Loss: 0.9404755
EarlyStopping counter: 2 out of 6
Updating learning rate to 7.8125e-06
	iters: 100, epoch: 8 | loss: 0.4173953
	speed: 0.0285s/iter; left time: 2778.0184s
	iters: 200, epoch: 8 | loss: 0.3976894
	speed: 0.0096s/iter; left time: 932.9016s
	iters: 300, epoch: 8 | loss: 0.4262211
	speed: 0.0094s/iter; left time: 911.8260s
	iters: 400, epoch: 8 | loss: 0.4012778
	speed: 0.0095s/iter; left time: 925.7365s
	iters: 500, epoch: 8 | loss: 0.3437604
	speed: 0.0095s/iter; left time: 923.0244s
	iters: 600, epoch: 8 | loss: 0.4037514
	speed: 0.0097s/iter; left time: 935.8114s
	iters: 700, epoch: 8 | loss: 0.4231246
	speed: 0.0097s/iter; left time: 940.3107s
	iters: 800, epoch: 8 | loss: 0.4410296
	speed: 0.0092s/iter; left time: 885.0524s
	iters: 900, epoch: 8 | loss: 0.4406380
	speed: 0.0098s/iter; left time: 945.2552s
	iters: 1000, epoch: 8 | loss: 0.4236341
	speed: 0.0095s/iter; left time: 919.9254s
Epoch: 8 cost time: 10.021767377853394
Epoch: 8, Steps: 1048 | Train Loss: 0.3931818 Vali Loss: 0.9400111
EarlyStopping counter: 3 out of 6
Updating learning rate to 3.90625e-06
	iters: 100, epoch: 9 | loss: 0.3629767
	speed: 0.0291s/iter; left time: 2801.0678s
	iters: 200, epoch: 9 | loss: 0.3878167
	speed: 0.0095s/iter; left time: 913.7606s
	iters: 300, epoch: 9 | loss: 0.3809147
	speed: 0.0099s/iter; left time: 955.7251s
	iters: 400, epoch: 9 | loss: 0.3374215
	speed: 0.0097s/iter; left time: 930.0131s
	iters: 500, epoch: 9 | loss: 0.3978597
	speed: 0.0096s/iter; left time: 922.5136s
	iters: 600, epoch: 9 | loss: 0.4004692
	speed: 0.0096s/iter; left time: 919.1038s
	iters: 700, epoch: 9 | loss: 0.3915910
	speed: 0.0095s/iter; left time: 913.4896s
	iters: 800, epoch: 9 | loss: 0.3800350
	speed: 0.0096s/iter; left time: 920.3053s
	iters: 900, epoch: 9 | loss: 0.4433361
	speed: 0.0096s/iter; left time: 918.3663s
	iters: 1000, epoch: 9 | loss: 0.3948700
	speed: 0.0096s/iter; left time: 915.6554s
Epoch: 9 cost time: 10.113953828811646
Epoch: 9, Steps: 1048 | Train Loss: 0.3932501 Vali Loss: 0.9399139
EarlyStopping counter: 4 out of 6
Updating learning rate to 1.953125e-06
	iters: 100, epoch: 10 | loss: 0.4253058
	speed: 0.0297s/iter; left time: 2828.6587s
	iters: 200, epoch: 10 | loss: 0.4507129
	speed: 0.0100s/iter; left time: 950.0994s
	iters: 300, epoch: 10 | loss: 0.4389522
	speed: 0.0099s/iter; left time: 941.1323s
	iters: 400, epoch: 10 | loss: 0.3671432
	speed: 0.0101s/iter; left time: 954.8190s
	iters: 500, epoch: 10 | loss: 0.3750227
	speed: 0.0094s/iter; left time: 896.3324s
	iters: 600, epoch: 10 | loss: 0.3651042
	speed: 0.0096s/iter; left time: 911.9436s
	iters: 700, epoch: 10 | loss: 0.3738580
	speed: 0.0100s/iter; left time: 942.5959s
	iters: 800, epoch: 10 | loss: 0.3796293
	speed: 0.0100s/iter; left time: 941.7927s
	iters: 900, epoch: 10 | loss: 0.3855706
	speed: 0.0096s/iter; left time: 909.3012s
	iters: 1000, epoch: 10 | loss: 0.4413002
	speed: 0.0095s/iter; left time: 899.0234s
Epoch: 10 cost time: 10.262242317199707
Epoch: 10, Steps: 1048 | Train Loss: 0.3930541 Vali Loss: 0.9396978
EarlyStopping counter: 5 out of 6
Updating learning rate to 9.765625e-07
	iters: 100, epoch: 11 | loss: 0.3990382
	speed: 0.0287s/iter; left time: 2706.9845s
	iters: 200, epoch: 11 | loss: 0.4211975
	speed: 0.0093s/iter; left time: 879.6276s
	iters: 300, epoch: 11 | loss: 0.4061528
	speed: 0.0095s/iter; left time: 892.3020s
	iters: 400, epoch: 11 | loss: 0.3541933
	speed: 0.0099s/iter; left time: 931.9385s
	iters: 500, epoch: 11 | loss: 0.4647554
	speed: 0.0101s/iter; left time: 944.9515s
	iters: 600, epoch: 11 | loss: 0.4137553
	speed: 0.0100s/iter; left time: 939.8838s
	iters: 700, epoch: 11 | loss: 0.3924206
	speed: 0.0098s/iter; left time: 915.4155s
	iters: 800, epoch: 11 | loss: 0.4165521
	speed: 0.0095s/iter; left time: 892.6613s
	iters: 900, epoch: 11 | loss: 0.4629788
	speed: 0.0095s/iter; left time: 891.1435s
	iters: 1000, epoch: 11 | loss: 0.3445799
	speed: 0.0096s/iter; left time: 898.3903s
Epoch: 11 cost time: 10.15363097190857
Epoch: 11, Steps: 1048 | Train Loss: 0.3933291 Vali Loss: 0.9398693
EarlyStopping counter: 6 out of 6
Early stopping
VALIDATION_RESULT {"best_epoch": 5, "best_mae": 0.639002809914674, "best_mse": 0.9383458669352246, "epochs_ran": 11, "metric_version": "element_weighted_v1"}
>>>>>>>test skipped (validation-only run)<<<<<<<<<<<<<<<<<<<<<<<<
Using GPU
Args in experiment:
[1mBasic Config[0m
  Task Name:          long_term_forecast  Is Training:        0                   
  Model ID:           ETTm1_96_720_cmrhm_backbone_ettm1_p720_uni_mamba_s2021Model:              GraphMambaCMRHM     

[1mData Loader[0m
  Data:               ETTm1               Root Path:          /home/cwh/Time-Series-Library/dataset/ETT-small
  Data Path:          ETTm1.csv           Features:           M                   
  Target:             OT                  Freq:               h                   
  Checkpoints:        /home/cwh/Time-Series-Library/logs/cmrhm_backbone_ablation/checkpoints

[1mForecasting Task[0m
  Seq Len:            336                 Label Len:          48                  
  Pred Len:           720                 Seasonal Patterns:  Monthly             
  Inverse:            0                   

[1mModel Parameters[0m
  Top k:              5                   Num Kernels:        6                   
  Enc In:             7                   Dec In:             7                   
  C Out:              7                   d model:            64                  
  n heads:            8                   e layers:           1                   
  d layers:           1                   d FF:               128                 
  Moving Avg:         25                  Factor:             1                   
  Distil:             1                   Dropout:            0.1                 
  Embed:              timeF               Activation:         gelu                

[1mRun Parameters[0m
  Num Workers:        0                   Itr:                1                   
  Train Epochs:       100                 Batch Size:         32                  
  Patience:           6                   Learning Rate:      0.0005              
  Des:                cmrhm_backbone_ettm1_p720_uni_mamba_s2021Loss:               MSE                 
  Lradj:              type1               Use Amp:            0                   

[1mGPU[0m
  Use GPU:            1                   GPU:                0                   
  Use Multi GPU:      0                   Devices:            0,1,2,3             

[1mDe-stationary Projector Params[0m
  P Hidden Dims:      128, 128            P Hidden Layers:    2                   

Use GPU: cuda:0
🚀 Lazy Loading: GraphMambaCMRHM ...
[GraphMamba] Building 7x7 static graph from 2000 training samples
>>>>>>>evaluating validation checkpoint : long_term_forecast_ETTm1_96_720_cmrhm_backbone_ettm1_p720_uni_mamba_s2021_GraphMambaCMRHM_ETTm1_ftM_sl336_ll48_pl720_dm64_nh8_el1_dl1_df128_expand2_dc2_fc1_ebtimeF_dtTrue_cmrhm_backbone_ettm1_p720_uni_mamba_s2021_0<<<<<<<<<<<<<<<<<<<<<<<<<<<<<<<<<
val 10801
EVALUATION_RESULT {"batches": 338, "cmrhm_intervention": "intact", "elapsed_seconds": 1.5946426878217608, "elements": 54437040, "gate_abs_mean": 0.22594749927520752, "gate_max": -0.15746955573558807, "gate_mean": -0.22594749927520752, "gate_min": -0.28222179412841797, "gate_values": [-0.27774879336357117, -0.21261818706989288, -0.28222179412841797, -0.1968575417995453, -0.19530676305294037, -0.15746955573558807, -0.2594098150730133], "mae": 0.6390028096994023, "memory_correction_mae": 0.2721785699087538, "memory_correction_rms": 0.40904913459603803, "metric_version": "element_weighted_v1", "milliseconds_per_batch": 4.717877774620594, "mse": 0.9383458690879408, "parameter_count": 6797389, "peak_cuda_memory_bytes": 155443712, "split": "val"}
=== Uni-Mamba | ETTm2-96 ===
Using GPU
Args in experiment:
[1mBasic Config[0m
  Task Name:          long_term_forecast  Is Training:        1                   
  Model ID:           ETTm2_96_96_cmrhm_backbone_ettm2_p96_uni_mamba_s2021Model:              GraphMambaCMRHM     

[1mData Loader[0m
  Data:               ETTm2               Root Path:          /home/cwh/Time-Series-Library/dataset/ETT-small
  Data Path:          ETTm2.csv           Features:           M                   
  Target:             OT                  Freq:               h                   
  Checkpoints:        /home/cwh/Time-Series-Library/logs/cmrhm_backbone_ablation/checkpoints

[1mForecasting Task[0m
  Seq Len:            336                 Label Len:          48                  
  Pred Len:           96                  Seasonal Patterns:  Monthly             
  Inverse:            0                   

[1mModel Parameters[0m
  Top k:              5                   Num Kernels:        6                   
  Enc In:             7                   Dec In:             7                   
  C Out:              7                   d model:            64                  
  n heads:            8                   e layers:           1                   
  d layers:           1                   d FF:               128                 
  Moving Avg:         25                  Factor:             1                   
  Distil:             1                   Dropout:            0.1                 
  Embed:              timeF               Activation:         gelu                

[1mRun Parameters[0m
  Num Workers:        0                   Itr:                1                   
  Train Epochs:       100                 Batch Size:         32                  
  Patience:           6                   Learning Rate:      0.0005              
  Des:                cmrhm_backbone_ettm2_p96_uni_mamba_s2021Loss:               MSE                 
  Lradj:              type1               Use Amp:            0                   

[1mGPU[0m
  Use GPU:            1                   GPU:                0                   
  Use Multi GPU:      0                   Devices:            0,1,2,3             

[1mDe-stationary Projector Params[0m
  P Hidden Dims:      128, 128            P Hidden Layers:    2                   

Use GPU: cuda:0
🚀 Lazy Loading: GraphMambaCMRHM ...
[GraphMamba] Building 7x7 static graph from 2000 training samples
>>>>>>>start training : long_term_forecast_ETTm2_96_96_cmrhm_backbone_ettm2_p96_uni_mamba_s2021_GraphMambaCMRHM_ETTm2_ftM_sl336_ll48_pl96_dm64_nh8_el1_dl1_df128_expand2_dc2_fc1_ebtimeF_dtTrue_cmrhm_backbone_ettm2_p96_uni_mamba_s2021_0>>>>>>>>>>>>>>>>>>>>>>>>>>
train 34129
val 11425
	iters: 100, epoch: 1 | loss: 0.2392371
	speed: 0.0116s/iter; left time: 1238.6893s
	iters: 200, epoch: 1 | loss: 0.6976973
	speed: 0.0094s/iter; left time: 1000.7928s
	iters: 300, epoch: 1 | loss: 0.1955348
	speed: 0.0094s/iter; left time: 1003.7583s
	iters: 400, epoch: 1 | loss: 0.2303882
	speed: 0.0093s/iter; left time: 988.0426s
	iters: 500, epoch: 1 | loss: 0.2242440
	speed: 0.0096s/iter; left time: 1021.0732s
	iters: 600, epoch: 1 | loss: 0.2074602
	speed: 0.0092s/iter; left time: 980.4535s
	iters: 700, epoch: 1 | loss: 0.2592291
	speed: 0.0093s/iter; left time: 990.0857s
	iters: 800, epoch: 1 | loss: 0.3543117
	speed: 0.0091s/iter; left time: 967.9125s
	iters: 900, epoch: 1 | loss: 0.1758086
	speed: 0.0091s/iter; left time: 962.3029s
	iters: 1000, epoch: 1 | loss: 0.1312983
	speed: 0.0092s/iter; left time: 969.6200s
Epoch: 1 cost time: 10.150710582733154
Epoch: 1, Steps: 1067 | Train Loss: 0.2375384 Vali Loss: 0.1219212
Validation loss decreased (inf --> 0.121921).  Saving model ...
Updating learning rate to 0.0005
	iters: 100, epoch: 2 | loss: 0.1770612
	speed: 0.0293s/iter; left time: 3088.5792s
	iters: 200, epoch: 2 | loss: 0.1223059
	speed: 0.0097s/iter; left time: 1022.5505s
	iters: 300, epoch: 2 | loss: 0.1432856
	speed: 0.0093s/iter; left time: 978.7323s
	iters: 400, epoch: 2 | loss: 0.1246570
	speed: 0.0092s/iter; left time: 966.3851s
	iters: 500, epoch: 2 | loss: 0.2681899
	speed: 0.0094s/iter; left time: 987.9248s
	iters: 600, epoch: 2 | loss: 0.3782959
	speed: 0.0093s/iter; left time: 978.6293s
	iters: 700, epoch: 2 | loss: 0.2024729
	speed: 0.0092s/iter; left time: 963.7947s
	iters: 800, epoch: 2 | loss: 0.1867190
	speed: 0.0093s/iter; left time: 978.5420s
	iters: 900, epoch: 2 | loss: 0.1611212
	speed: 0.0095s/iter; left time: 990.5375s
	iters: 1000, epoch: 2 | loss: 0.1880700
	speed: 0.0091s/iter; left time: 956.0909s
Epoch: 2 cost time: 9.945619106292725
Epoch: 2, Steps: 1067 | Train Loss: 0.2064493 Vali Loss: 0.1246907
EarlyStopping counter: 1 out of 6
Updating learning rate to 0.00025
	iters: 100, epoch: 3 | loss: 0.2243402
	speed: 0.0293s/iter; left time: 3057.2149s
	iters: 200, epoch: 3 | loss: 0.2112411
	speed: 0.0093s/iter; left time: 966.9852s
	iters: 300, epoch: 3 | loss: 0.1377760
	speed: 0.0093s/iter; left time: 973.5450s
	iters: 400, epoch: 3 | loss: 0.1958120
	speed: 0.0093s/iter; left time: 967.9599s
	iters: 500, epoch: 3 | loss: 0.1704517
	speed: 0.0089s/iter; left time: 928.6994s
	iters: 600, epoch: 3 | loss: 0.2593823
	speed: 0.0091s/iter; left time: 941.6045s
	iters: 700, epoch: 3 | loss: 0.2031026
	speed: 0.0090s/iter; left time: 932.5853s
	iters: 800, epoch: 3 | loss: 0.1567571
	speed: 0.0093s/iter; left time: 962.1967s
	iters: 900, epoch: 3 | loss: 0.1723679
	speed: 0.0090s/iter; left time: 930.2097s
	iters: 1000, epoch: 3 | loss: 0.2010930
	speed: 0.0091s/iter; left time: 946.7612s
Epoch: 3 cost time: 9.766918182373047
Epoch: 3, Steps: 1067 | Train Loss: 0.1976258 Vali Loss: 0.1234423
EarlyStopping counter: 2 out of 6
Updating learning rate to 0.000125
	iters: 100, epoch: 4 | loss: 0.2091060
	speed: 0.0299s/iter; left time: 3088.8977s
	iters: 200, epoch: 4 | loss: 0.1145899
	speed: 0.0091s/iter; left time: 943.9512s
	iters: 300, epoch: 4 | loss: 0.4455787
	speed: 0.0095s/iter; left time: 975.4223s
	iters: 400, epoch: 4 | loss: 0.2080335
	speed: 0.0093s/iter; left time: 954.4099s
	iters: 500, epoch: 4 | loss: 0.2086579
	speed: 0.0094s/iter; left time: 970.5806s
	iters: 600, epoch: 4 | loss: 0.1672412
	speed: 0.0092s/iter; left time: 942.9787s
	iters: 700, epoch: 4 | loss: 0.1788716
	speed: 0.0093s/iter; left time: 953.9350s
	iters: 800, epoch: 4 | loss: 0.1593552
	speed: 0.0095s/iter; left time: 978.9336s
	iters: 900, epoch: 4 | loss: 0.1130761
	speed: 0.0092s/iter; left time: 947.6170s
	iters: 1000, epoch: 4 | loss: 0.1635481
	speed: 0.0096s/iter; left time: 983.0570s
Epoch: 4 cost time: 9.988845825195312
Epoch: 4, Steps: 1067 | Train Loss: 0.1936006 Vali Loss: 0.1247988
EarlyStopping counter: 3 out of 6
Updating learning rate to 6.25e-05
	iters: 100, epoch: 5 | loss: 0.1463974
	speed: 0.0297s/iter; left time: 3040.4551s
	iters: 200, epoch: 5 | loss: 0.1799105
	speed: 0.0093s/iter; left time: 948.8463s
	iters: 300, epoch: 5 | loss: 0.1688797
	speed: 0.0093s/iter; left time: 946.0512s
	iters: 400, epoch: 5 | loss: 0.1573032
	speed: 0.0091s/iter; left time: 932.8076s
	iters: 500, epoch: 5 | loss: 0.1439122
	speed: 0.0095s/iter; left time: 966.2832s
	iters: 600, epoch: 5 | loss: 0.1881400
	speed: 0.0090s/iter; left time: 912.8548s
	iters: 700, epoch: 5 | loss: 0.1138566
	speed: 0.0092s/iter; left time: 934.4714s
	iters: 800, epoch: 5 | loss: 0.3634085
	speed: 0.0093s/iter; left time: 940.4369s
	iters: 900, epoch: 5 | loss: 0.2181986
	speed: 0.0091s/iter; left time: 920.8092s
	iters: 1000, epoch: 5 | loss: 0.1407809
	speed: 0.0092s/iter; left time: 931.4500s
Epoch: 5 cost time: 9.806853294372559
Epoch: 5, Steps: 1067 | Train Loss: 0.1914561 Vali Loss: 0.1247144
EarlyStopping counter: 4 out of 6
Updating learning rate to 3.125e-05
	iters: 100, epoch: 6 | loss: 0.0968670
	speed: 0.0294s/iter; left time: 2973.8543s
	iters: 200, epoch: 6 | loss: 0.1462701
	speed: 0.0089s/iter; left time: 902.3845s
	iters: 300, epoch: 6 | loss: 0.2405880
	speed: 0.0092s/iter; left time: 930.1702s
	iters: 400, epoch: 6 | loss: 0.2376525
	speed: 0.0094s/iter; left time: 947.2738s
	iters: 500, epoch: 6 | loss: 0.1715177
	speed: 0.0093s/iter; left time: 934.8809s
	iters: 600, epoch: 6 | loss: 0.2693997
	speed: 0.0093s/iter; left time: 942.0417s
	iters: 700, epoch: 6 | loss: 0.1728642
	speed: 0.0089s/iter; left time: 898.8616s
	iters: 800, epoch: 6 | loss: 0.3215650
	speed: 0.0092s/iter; left time: 922.4027s
	iters: 900, epoch: 6 | loss: 0.1883373
	speed: 0.0094s/iter; left time: 945.2452s
	iters: 1000, epoch: 6 | loss: 0.1062137
	speed: 0.0096s/iter; left time: 959.8374s
Epoch: 6 cost time: 9.839219093322754
Epoch: 6, Steps: 1067 | Train Loss: 0.1899179 Vali Loss: 0.1258564
EarlyStopping counter: 5 out of 6
Updating learning rate to 1.5625e-05
	iters: 100, epoch: 7 | loss: 0.2274854
	speed: 0.0294s/iter; left time: 2945.7045s
	iters: 200, epoch: 7 | loss: 0.4288996
	speed: 0.0090s/iter; left time: 904.3755s
	iters: 300, epoch: 7 | loss: 0.1615413
	speed: 0.0089s/iter; left time: 892.5258s
	iters: 400, epoch: 7 | loss: 0.1797373
	speed: 0.0090s/iter; left time: 899.6851s
	iters: 500, epoch: 7 | loss: 0.2394654
	speed: 0.0092s/iter; left time: 914.8737s
	iters: 600, epoch: 7 | loss: 0.1951366
	speed: 0.0094s/iter; left time: 936.4523s
	iters: 700, epoch: 7 | loss: 0.1409622
	speed: 0.0090s/iter; left time: 891.4977s
	iters: 800, epoch: 7 | loss: 0.1939443
	speed: 0.0091s/iter; left time: 909.6320s
	iters: 900, epoch: 7 | loss: 0.2474431
	speed: 0.0092s/iter; left time: 916.8881s
	iters: 1000, epoch: 7 | loss: 0.1593477
	speed: 0.0095s/iter; left time: 948.2173s
Epoch: 7 cost time: 9.78301453590393
Epoch: 7, Steps: 1067 | Train Loss: 0.1891933 Vali Loss: 0.1257686
EarlyStopping counter: 6 out of 6
Early stopping
VALIDATION_RESULT {"best_epoch": 1, "best_mae": 0.24169273209519668, "best_mse": 0.12192120379950462, "epochs_ran": 7, "metric_version": "element_weighted_v1"}
>>>>>>>test skipped (validation-only run)<<<<<<<<<<<<<<<<<<<<<<<<
Using GPU
Args in experiment:
[1mBasic Config[0m
  Task Name:          long_term_forecast  Is Training:        0                   
  Model ID:           ETTm2_96_96_cmrhm_backbone_ettm2_p96_uni_mamba_s2021Model:              GraphMambaCMRHM     

[1mData Loader[0m
  Data:               ETTm2               Root Path:          /home/cwh/Time-Series-Library/dataset/ETT-small
  Data Path:          ETTm2.csv           Features:           M                   
  Target:             OT                  Freq:               h                   
  Checkpoints:        /home/cwh/Time-Series-Library/logs/cmrhm_backbone_ablation/checkpoints

[1mForecasting Task[0m
  Seq Len:            336                 Label Len:          48                  
  Pred Len:           96                  Seasonal Patterns:  Monthly             
  Inverse:            0                   

[1mModel Parameters[0m
  Top k:              5                   Num Kernels:        6                   
  Enc In:             7                   Dec In:             7                   
  C Out:              7                   d model:            64                  
  n heads:            8                   e layers:           1                   
  d layers:           1                   d FF:               128                 
  Moving Avg:         25                  Factor:             1                   
  Distil:             1                   Dropout:            0.1                 
  Embed:              timeF               Activation:         gelu                

[1mRun Parameters[0m
  Num Workers:        0                   Itr:                1                   
  Train Epochs:       100                 Batch Size:         32                  
  Patience:           6                   Learning Rate:      0.0005              
  Des:                cmrhm_backbone_ettm2_p96_uni_mamba_s2021Loss:               MSE                 
  Lradj:              type1               Use Amp:            0                   

[1mGPU[0m
  Use GPU:            1                   GPU:                0                   
  Use Multi GPU:      0                   Devices:            0,1,2,3             

[1mDe-stationary Projector Params[0m
  P Hidden Dims:      128, 128            P Hidden Layers:    2                   

Use GPU: cuda:0
🚀 Lazy Loading: GraphMambaCMRHM ...
[GraphMamba] Building 7x7 static graph from 2000 training samples
>>>>>>>evaluating validation checkpoint : long_term_forecast_ETTm2_96_96_cmrhm_backbone_ettm2_p96_uni_mamba_s2021_GraphMambaCMRHM_ETTm2_ftM_sl336_ll48_pl96_dm64_nh8_el1_dl1_df128_expand2_dc2_fc1_ebtimeF_dtTrue_cmrhm_backbone_ettm2_p96_uni_mamba_s2021_0<<<<<<<<<<<<<<<<<<<<<<<<<<<<<<<<<
val 11425
EVALUATION_RESULT {"batches": 358, "cmrhm_intervention": "intact", "elapsed_seconds": 1.590719895903021, "elements": 7677600, "gate_abs_mean": 0.11457004398107529, "gate_max": 0.1819382607936859, "gate_mean": 0.11112131923437119, "gate_min": -0.01207057200372219, "gate_values": [0.17181921005249023, 0.1819382607936859, 0.08188684284687042, 0.16804064810276031, 0.036600932478904724, -0.01207057200372219, 0.14963391423225403], "mae": 0.24169273202563618, "memory_correction_mae": 0.0516180402715591, "memory_correction_rms": 0.09111602921732445, "metric_version": "element_weighted_v1", "milliseconds_per_batch": 4.443351664533578, "mse": 0.12192120400719236, "parameter_count": 965485, "peak_cuda_memory_bytes": 128009728, "split": "val"}
=== Uni-Mamba | ETTm2-720 ===
Using GPU
Args in experiment:
[1mBasic Config[0m
  Task Name:          long_term_forecast  Is Training:        1                   
  Model ID:           ETTm2_96_720_cmrhm_backbone_ettm2_p720_uni_mamba_s2021Model:              GraphMambaCMRHM     

[1mData Loader[0m
  Data:               ETTm2               Root Path:          /home/cwh/Time-Series-Library/dataset/ETT-small
  Data Path:          ETTm2.csv           Features:           M                   
  Target:             OT                  Freq:               h                   
  Checkpoints:        /home/cwh/Time-Series-Library/logs/cmrhm_backbone_ablation/checkpoints

[1mForecasting Task[0m
  Seq Len:            336                 Label Len:          48                  
  Pred Len:           720                 Seasonal Patterns:  Monthly             
  Inverse:            0                   

[1mModel Parameters[0m
  Top k:              5                   Num Kernels:        6                   
  Enc In:             7                   Dec In:             7                   
  C Out:              7                   d model:            64                  
  n heads:            8                   e layers:           1                   
  d layers:           1                   d FF:               128                 
  Moving Avg:         25                  Factor:             1                   
  Distil:             1                   Dropout:            0.1                 
  Embed:              timeF               Activation:         gelu                

[1mRun Parameters[0m
  Num Workers:        0                   Itr:                1                   
  Train Epochs:       100                 Batch Size:         32                  
  Patience:           6                   Learning Rate:      0.0005              
  Des:                cmrhm_backbone_ettm2_p720_uni_mamba_s2021Loss:               MSE                 
  Lradj:              type1               Use Amp:            0                   

[1mGPU[0m
  Use GPU:            1                   GPU:                0                   
  Use Multi GPU:      0                   Devices:            0,1,2,3             

[1mDe-stationary Projector Params[0m
  P Hidden Dims:      128, 128            P Hidden Layers:    2                   

Use GPU: cuda:0
🚀 Lazy Loading: GraphMambaCMRHM ...
[GraphMamba] Building 7x7 static graph from 2000 training samples
>>>>>>>start training : long_term_forecast_ETTm2_96_720_cmrhm_backbone_ettm2_p720_uni_mamba_s2021_GraphMambaCMRHM_ETTm2_ftM_sl336_ll48_pl720_dm64_nh8_el1_dl1_df128_expand2_dc2_fc1_ebtimeF_dtTrue_cmrhm_backbone_ettm2_p720_uni_mamba_s2021_0>>>>>>>>>>>>>>>>>>>>>>>>>>
train 33505
val 10801
	iters: 100, epoch: 1 | loss: 0.3353178
	speed: 0.0116s/iter; left time: 1214.1625s
	iters: 200, epoch: 1 | loss: 0.6073305
	speed: 0.0096s/iter; left time: 1001.1368s
	iters: 300, epoch: 1 | loss: 0.6446798
	speed: 0.0097s/iter; left time: 1018.8575s
	iters: 400, epoch: 1 | loss: 0.2944623
	speed: 0.0098s/iter; left time: 1023.1490s
	iters: 500, epoch: 1 | loss: 0.2971858
	speed: 0.0101s/iter; left time: 1052.1114s
	iters: 600, epoch: 1 | loss: 0.4289809
	speed: 0.0097s/iter; left time: 1010.0417s
	iters: 700, epoch: 1 | loss: 0.2983299
	speed: 0.0094s/iter; left time: 982.0294s
	iters: 800, epoch: 1 | loss: 0.6942056
	speed: 0.0096s/iter; left time: 1002.7504s
	iters: 900, epoch: 1 | loss: 0.5108232
	speed: 0.0097s/iter; left time: 1002.8251s
	iters: 1000, epoch: 1 | loss: 0.3544879
	speed: 0.0096s/iter; left time: 991.7979s
Epoch: 1 cost time: 10.345373630523682
Epoch: 1, Steps: 1048 | Train Loss: 0.5562047 Vali Loss: 0.2924034
Validation loss decreased (inf --> 0.292403).  Saving model ...
Updating learning rate to 0.0005
	iters: 100, epoch: 2 | loss: 0.3065380
	speed: 0.0291s/iter; left time: 3019.8581s
	iters: 200, epoch: 2 | loss: 0.3702834
	speed: 0.0096s/iter; left time: 997.0476s
	iters: 300, epoch: 2 | loss: 0.5026205
	speed: 0.0097s/iter; left time: 1006.0605s
	iters: 400, epoch: 2 | loss: 0.3449156
	speed: 0.0099s/iter; left time: 1027.6873s
	iters: 500, epoch: 2 | loss: 0.3430032
	speed: 0.0098s/iter; left time: 1016.6375s
	iters: 600, epoch: 2 | loss: 0.4450216
	speed: 0.0103s/iter; left time: 1057.9413s
	iters: 700, epoch: 2 | loss: 0.3140106
	speed: 0.0099s/iter; left time: 1019.2439s
	iters: 800, epoch: 2 | loss: 0.3084292
	speed: 0.0098s/iter; left time: 1010.2111s
	iters: 900, epoch: 2 | loss: 0.5562201
	speed: 0.0100s/iter; left time: 1024.6712s
	iters: 1000, epoch: 2 | loss: 0.3608677
	speed: 0.0098s/iter; left time: 1010.7299s
Epoch: 2 cost time: 10.387061357498169
Epoch: 2, Steps: 1048 | Train Loss: 0.5129686 Vali Loss: 0.2823016
Validation loss decreased (0.292403 --> 0.282302).  Saving model ...
Updating learning rate to 0.00025
	iters: 100, epoch: 3 | loss: 0.6157652
	speed: 0.0300s/iter; left time: 3080.3448s
	iters: 200, epoch: 3 | loss: 0.4814477
	speed: 0.0097s/iter; left time: 992.2552s
	iters: 300, epoch: 3 | loss: 0.4037385
	speed: 0.0101s/iter; left time: 1035.6038s
	iters: 400, epoch: 3 | loss: 0.4966016
	speed: 0.0096s/iter; left time: 984.2840s
	iters: 500, epoch: 3 | loss: 0.5848699
	speed: 0.0095s/iter; left time: 972.6993s
	iters: 600, epoch: 3 | loss: 0.3102836
	speed: 0.0095s/iter; left time: 966.7175s
	iters: 700, epoch: 3 | loss: 0.6079136
	speed: 0.0099s/iter; left time: 1010.1117s
	iters: 800, epoch: 3 | loss: 0.2890501
	speed: 0.0098s/iter; left time: 999.8950s
	iters: 900, epoch: 3 | loss: 0.7084212
	speed: 0.0096s/iter; left time: 974.5829s
	iters: 1000, epoch: 3 | loss: 0.5396430
	speed: 0.0096s/iter; left time: 977.4338s
Epoch: 3 cost time: 10.140812873840332
Epoch: 3, Steps: 1048 | Train Loss: 0.4938002 Vali Loss: 0.2880639
EarlyStopping counter: 1 out of 6
Updating learning rate to 0.000125
	iters: 100, epoch: 4 | loss: 0.8390790
	speed: 0.0301s/iter; left time: 3059.2037s
	iters: 200, epoch: 4 | loss: 0.5215213
	speed: 0.0099s/iter; left time: 1000.4297s
	iters: 300, epoch: 4 | loss: 0.4928882
	speed: 0.0095s/iter; left time: 960.6135s
	iters: 400, epoch: 4 | loss: 0.3666001
	speed: 0.0096s/iter; left time: 971.6646s
	iters: 500, epoch: 4 | loss: 0.4705123
	speed: 0.0093s/iter; left time: 937.4437s
	iters: 600, epoch: 4 | loss: 0.6759002
	speed: 0.0096s/iter; left time: 973.1416s
	iters: 700, epoch: 4 | loss: 0.3663207
	speed: 0.0093s/iter; left time: 934.2703s
	iters: 800, epoch: 4 | loss: 0.4111565
	speed: 0.0094s/iter; left time: 952.5465s
	iters: 900, epoch: 4 | loss: 0.3875777
	speed: 0.0093s/iter; left time: 938.5910s
	iters: 1000, epoch: 4 | loss: 0.5907634
	speed: 0.0094s/iter; left time: 950.3583s
Epoch: 4 cost time: 9.963934898376465
Epoch: 4, Steps: 1048 | Train Loss: 0.4870165 Vali Loss: 0.2866648
EarlyStopping counter: 2 out of 6
Updating learning rate to 6.25e-05
	iters: 100, epoch: 5 | loss: 0.8030343
	speed: 0.0280s/iter; left time: 2811.6654s
	iters: 200, epoch: 5 | loss: 0.5749857
	speed: 0.0094s/iter; left time: 939.8465s
	iters: 300, epoch: 5 | loss: 0.4614022
	speed: 0.0093s/iter; left time: 935.4373s
	iters: 400, epoch: 5 | loss: 0.6261914
	speed: 0.0095s/iter; left time: 955.5378s
	iters: 500, epoch: 5 | loss: 0.3872107
	speed: 0.0094s/iter; left time: 939.6093s
	iters: 600, epoch: 5 | loss: 0.3121915
	speed: 0.0094s/iter; left time: 941.5379s
	iters: 700, epoch: 5 | loss: 0.3550559
	speed: 0.0097s/iter; left time: 967.2065s
	iters: 800, epoch: 5 | loss: 0.5201308
	speed: 0.0095s/iter; left time: 949.2207s
	iters: 900, epoch: 5 | loss: 0.4254172
	speed: 0.0094s/iter; left time: 939.8383s
	iters: 1000, epoch: 5 | loss: 0.4892253
	speed: 0.0095s/iter; left time: 945.8873s
Epoch: 5 cost time: 9.9053373336792
Epoch: 5, Steps: 1048 | Train Loss: 0.4784504 Vali Loss: 0.2888278
EarlyStopping counter: 3 out of 6
Updating learning rate to 3.125e-05
	iters: 100, epoch: 6 | loss: 0.3477882
	speed: 0.0280s/iter; left time: 2788.4251s
	iters: 200, epoch: 6 | loss: 0.7268136
	speed: 0.0096s/iter; left time: 957.5669s
	iters: 300, epoch: 6 | loss: 0.4035357
	speed: 0.0096s/iter; left time: 957.6717s
	iters: 400, epoch: 6 | loss: 0.2886604
	speed: 0.0095s/iter; left time: 939.1807s
	iters: 500, epoch: 6 | loss: 0.5711914
	speed: 0.0094s/iter; left time: 929.3367s
	iters: 600, epoch: 6 | loss: 0.9151192
	speed: 0.0095s/iter; left time: 942.6475s
	iters: 700, epoch: 6 | loss: 0.3771920
	speed: 0.0097s/iter; left time: 954.4705s
	iters: 800, epoch: 6 | loss: 0.4456255
	speed: 0.0095s/iter; left time: 940.6280s
	iters: 900, epoch: 6 | loss: 0.5704395
	speed: 0.0095s/iter; left time: 941.6148s
	iters: 1000, epoch: 6 | loss: 0.5890026
	speed: 0.0094s/iter; left time: 926.9834s
Epoch: 6 cost time: 9.995336294174194
Epoch: 6, Steps: 1048 | Train Loss: 0.4749603 Vali Loss: 0.2900558
EarlyStopping counter: 4 out of 6
Updating learning rate to 1.5625e-05
	iters: 100, epoch: 7 | loss: 0.5554138
	speed: 0.0297s/iter; left time: 2923.7209s
	iters: 200, epoch: 7 | loss: 0.3858250
	speed: 0.0097s/iter; left time: 950.6000s
	iters: 300, epoch: 7 | loss: 0.3774783
	speed: 0.0097s/iter; left time: 953.3122s
	iters: 400, epoch: 7 | loss: 0.4678008
	speed: 0.0097s/iter; left time: 949.8760s
	iters: 500, epoch: 7 | loss: 0.3539123
	speed: 0.0095s/iter; left time: 929.0746s
	iters: 600, epoch: 7 | loss: 0.5015520
	speed: 0.0100s/iter; left time: 983.6686s
	iters: 700, epoch: 7 | loss: 0.3488905
	speed: 0.0095s/iter; left time: 931.7918s
	iters: 800, epoch: 7 | loss: 0.6047865
	speed: 0.0096s/iter; left time: 937.3888s
	iters: 900, epoch: 7 | loss: 0.6486874
	speed: 0.0095s/iter; left time: 924.9898s
	iters: 1000, epoch: 7 | loss: 0.6127200
	speed: 0.0096s/iter; left time: 932.8365s
Epoch: 7 cost time: 10.120250463485718
Epoch: 7, Steps: 1048 | Train Loss: 0.4733847 Vali Loss: 0.2894837
EarlyStopping counter: 5 out of 6
Updating learning rate to 7.8125e-06
	iters: 100, epoch: 8 | loss: 0.6718524
	speed: 0.0295s/iter; left time: 2871.7123s
	iters: 200, epoch: 8 | loss: 0.3812792
	speed: 0.0093s/iter; left time: 902.6632s
	iters: 300, epoch: 8 | loss: 0.5877060
	speed: 0.0093s/iter; left time: 908.4667s
	iters: 400, epoch: 8 | loss: 0.2989287
	speed: 0.0092s/iter; left time: 896.5981s
	iters: 500, epoch: 8 | loss: 0.3776646
	speed: 0.0095s/iter; left time: 917.8318s
	iters: 600, epoch: 8 | loss: 0.6176553
	speed: 0.0094s/iter; left time: 910.6408s
	iters: 700, epoch: 8 | loss: 0.4267390
	speed: 0.0095s/iter; left time: 918.9363s
	iters: 800, epoch: 8 | loss: 0.3520217
	speed: 0.0094s/iter; left time: 912.6298s
	iters: 900, epoch: 8 | loss: 0.3159924
	speed: 0.0096s/iter; left time: 923.1472s
	iters: 1000, epoch: 8 | loss: 0.4561725
	speed: 0.0094s/iter; left time: 907.8256s
Epoch: 8 cost time: 9.883383989334106
Epoch: 8, Steps: 1048 | Train Loss: 0.4726295 Vali Loss: 0.2894979
EarlyStopping counter: 6 out of 6
Early stopping
VALIDATION_RESULT {"best_epoch": 2, "best_mae": 0.3648217516080274, "best_mse": 0.2823015641742392, "epochs_ran": 8, "metric_version": "element_weighted_v1"}
>>>>>>>test skipped (validation-only run)<<<<<<<<<<<<<<<<<<<<<<<<
Using GPU
Args in experiment:
[1mBasic Config[0m
  Task Name:          long_term_forecast  Is Training:        0                   
  Model ID:           ETTm2_96_720_cmrhm_backbone_ettm2_p720_uni_mamba_s2021Model:              GraphMambaCMRHM     

[1mData Loader[0m
  Data:               ETTm2               Root Path:          /home/cwh/Time-Series-Library/dataset/ETT-small
  Data Path:          ETTm2.csv           Features:           M                   
  Target:             OT                  Freq:               h                   
  Checkpoints:        /home/cwh/Time-Series-Library/logs/cmrhm_backbone_ablation/checkpoints

[1mForecasting Task[0m
  Seq Len:            336                 Label Len:          48                  
  Pred Len:           720                 Seasonal Patterns:  Monthly             
  Inverse:            0                   

[1mModel Parameters[0m
  Top k:              5                   Num Kernels:        6                   
  Enc In:             7                   Dec In:             7                   
  C Out:              7                   d model:            64                  
  n heads:            8                   e layers:           1                   
  d layers:           1                   d FF:               128                 
  Moving Avg:         25                  Factor:             1                   
  Distil:             1                   Dropout:            0.1                 
  Embed:              timeF               Activation:         gelu                

[1mRun Parameters[0m
  Num Workers:        0                   Itr:                1                   
  Train Epochs:       100                 Batch Size:         32                  
  Patience:           6                   Learning Rate:      0.0005              
  Des:                cmrhm_backbone_ettm2_p720_uni_mamba_s2021Loss:               MSE                 
  Lradj:              type1               Use Amp:            0                   

[1mGPU[0m
  Use GPU:            1                   GPU:                0                   
  Use Multi GPU:      0                   Devices:            0,1,2,3             

[1mDe-stationary Projector Params[0m
  P Hidden Dims:      128, 128            P Hidden Layers:    2                   

Use GPU: cuda:0
🚀 Lazy Loading: GraphMambaCMRHM ...
[GraphMamba] Building 7x7 static graph from 2000 training samples
>>>>>>>evaluating validation checkpoint : long_term_forecast_ETTm2_96_720_cmrhm_backbone_ettm2_p720_uni_mamba_s2021_GraphMambaCMRHM_ETTm2_ftM_sl336_ll48_pl720_dm64_nh8_el1_dl1_df128_expand2_dc2_fc1_ebtimeF_dtTrue_cmrhm_backbone_ettm2_p720_uni_mamba_s2021_0<<<<<<<<<<<<<<<<<<<<<<<<<<<<<<<<<
val 10801
EVALUATION_RESULT {"batches": 338, "cmrhm_intervention": "intact", "elapsed_seconds": 1.609242278849706, "elements": 54437040, "gate_abs_mean": 0.11502395570278168, "gate_max": 0.1823580116033554, "gate_mean": 0.11194714158773422, "gate_min": -0.010768823325634003, "gate_values": [0.1647985428571701, 0.1823580116033554, 0.07494742423295975, 0.17268125712871552, 0.0421343557536602, -0.010768823325634003, 0.15747924149036407], "mae": 0.36482175139275574, "memory_correction_mae": 0.09202957144462783, "memory_correction_rms": 0.15262487027953048, "metric_version": "element_weighted_v1", "milliseconds_per_batch": 4.76107183091629, "mse": 0.282301562739095, "parameter_count": 6797389, "peak_cuda_memory_bytes": 155443712, "split": "val"}
=== w/o Mamba | ETTm1-96 ===
Using GPU
Args in experiment:
[1mBasic Config[0m
  Task Name:          long_term_forecast  Is Training:        1                   
  Model ID:           ETTm1_96_96_cmrhm_backbone_ettm1_p96_no_mamba_s2021Model:              GraphMambaCMRHM     

[1mData Loader[0m
  Data:               ETTm1               Root Path:          /home/cwh/Time-Series-Library/dataset/ETT-small
  Data Path:          ETTm1.csv           Features:           M                   
  Target:             OT                  Freq:               h                   
  Checkpoints:        /home/cwh/Time-Series-Library/logs/cmrhm_backbone_ablation/checkpoints

[1mForecasting Task[0m
  Seq Len:            336                 Label Len:          48                  
  Pred Len:           96                  Seasonal Patterns:  Monthly             
  Inverse:            0                   

[1mModel Parameters[0m
  Top k:              5                   Num Kernels:        6                   
  Enc In:             7                   Dec In:             7                   
  C Out:              7                   d model:            64                  
  n heads:            8                   e layers:           1                   
  d layers:           1                   d FF:               128                 
  Moving Avg:         25                  Factor:             1                   
  Distil:             1                   Dropout:            0.1                 
  Embed:              timeF               Activation:         gelu                

[1mRun Parameters[0m
  Num Workers:        0                   Itr:                1                   
  Train Epochs:       100                 Batch Size:         32                  
  Patience:           6                   Learning Rate:      0.0005              
  Des:                cmrhm_backbone_ettm1_p96_no_mamba_s2021Loss:               MSE                 
  Lradj:              type1               Use Amp:            0                   

[1mGPU[0m
  Use GPU:            1                   GPU:                0                   
  Use Multi GPU:      0                   Devices:            0,1,2,3             

[1mDe-stationary Projector Params[0m
  P Hidden Dims:      128, 128            P Hidden Layers:    2                   

Use GPU: cuda:0
🚀 Lazy Loading: GraphMambaCMRHM ...
[GraphMamba] Building 7x7 static graph from 2000 training samples
>>>>>>>start training : long_term_forecast_ETTm1_96_96_cmrhm_backbone_ettm1_p96_no_mamba_s2021_GraphMambaCMRHM_ETTm1_ftM_sl336_ll48_pl96_dm64_nh8_el1_dl1_df128_expand2_dc2_fc1_ebtimeF_dtTrue_cmrhm_backbone_ettm1_p96_no_mamba_s2021_0>>>>>>>>>>>>>>>>>>>>>>>>>>
train 34129
val 11425
	iters: 100, epoch: 1 | loss: 0.3023181
	speed: 0.0118s/iter; left time: 1257.4972s
	iters: 200, epoch: 1 | loss: 0.2808097
	speed: 0.0048s/iter; left time: 515.2591s
	iters: 300, epoch: 1 | loss: 0.3029239
	speed: 0.0048s/iter; left time: 512.2005s
	iters: 400, epoch: 1 | loss: 0.3112015
	speed: 0.0049s/iter; left time: 515.6462s
	iters: 500, epoch: 1 | loss: 0.2696728
	speed: 0.0050s/iter; left time: 534.4643s
	iters: 600, epoch: 1 | loss: 0.2988458
	speed: 0.0048s/iter; left time: 509.1351s
	iters: 700, epoch: 1 | loss: 0.2249741
	speed: 0.0049s/iter; left time: 520.5063s
	iters: 800, epoch: 1 | loss: 0.2299740
	speed: 0.0051s/iter; left time: 544.3154s
	iters: 900, epoch: 1 | loss: 0.2844736
	speed: 0.0052s/iter; left time: 553.3259s
	iters: 1000, epoch: 1 | loss: 0.2626737
	speed: 0.0051s/iter; left time: 538.6988s
Epoch: 1 cost time: 5.4362828731536865
Epoch: 1, Steps: 1067 | Train Loss: 0.2923171 Vali Loss: 0.3858285
Validation loss decreased (inf --> 0.385828).  Saving model ...
Updating learning rate to 0.0005
	iters: 100, epoch: 2 | loss: 0.2988380
	speed: 0.0174s/iter; left time: 1841.2537s
	iters: 200, epoch: 2 | loss: 0.2501207
	speed: 0.0052s/iter; left time: 551.8014s
	iters: 300, epoch: 2 | loss: 0.2625729
	speed: 0.0055s/iter; left time: 584.4353s
	iters: 400, epoch: 2 | loss: 0.2091622
	speed: 0.0054s/iter; left time: 570.3957s
	iters: 500, epoch: 2 | loss: 0.2697430
	speed: 0.0053s/iter; left time: 554.0035s
	iters: 600, epoch: 2 | loss: 0.2217165
	speed: 0.0053s/iter; left time: 560.7342s
	iters: 700, epoch: 2 | loss: 0.2945071
	speed: 0.0053s/iter; left time: 559.1223s
	iters: 800, epoch: 2 | loss: 0.2368947
	speed: 0.0052s/iter; left time: 544.6436s
	iters: 900, epoch: 2 | loss: 0.2523545
	speed: 0.0050s/iter; left time: 528.3872s
	iters: 1000, epoch: 2 | loss: 0.2438485
	speed: 0.0051s/iter; left time: 532.2232s
Epoch: 2 cost time: 5.6143035888671875
Epoch: 2, Steps: 1067 | Train Loss: 0.2598854 Vali Loss: 0.3782212
Validation loss decreased (0.385828 --> 0.378221).  Saving model ...
Updating learning rate to 0.00025
	iters: 100, epoch: 3 | loss: 0.2959552
	speed: 0.0174s/iter; left time: 1816.8072s
	iters: 200, epoch: 3 | loss: 0.2747151
	speed: 0.0050s/iter; left time: 519.0018s
	iters: 300, epoch: 3 | loss: 0.2510268
	speed: 0.0054s/iter; left time: 560.3560s
	iters: 400, epoch: 3 | loss: 0.2583423
	speed: 0.0053s/iter; left time: 553.6085s
	iters: 500, epoch: 3 | loss: 0.2725548
	speed: 0.0055s/iter; left time: 571.7864s
	iters: 600, epoch: 3 | loss: 0.2015218
	speed: 0.0056s/iter; left time: 580.0378s
	iters: 700, epoch: 3 | loss: 0.3097636
	speed: 0.0055s/iter; left time: 569.8381s
	iters: 800, epoch: 3 | loss: 0.2412070
	speed: 0.0056s/iter; left time: 576.9628s
	iters: 900, epoch: 3 | loss: 0.2805063
	speed: 0.0054s/iter; left time: 557.4424s
	iters: 1000, epoch: 3 | loss: 0.1882917
	speed: 0.0054s/iter; left time: 554.2643s
Epoch: 3 cost time: 5.7064971923828125
Epoch: 3, Steps: 1067 | Train Loss: 0.2525784 Vali Loss: 0.3732540
Validation loss decreased (0.378221 --> 0.373254).  Saving model ...
Updating learning rate to 0.000125
	iters: 100, epoch: 4 | loss: 0.2433185
	speed: 0.0178s/iter; left time: 1844.0465s
	iters: 200, epoch: 4 | loss: 0.2401986
	speed: 0.0052s/iter; left time: 535.1505s
	iters: 300, epoch: 4 | loss: 0.2164853
	speed: 0.0054s/iter; left time: 560.0839s
	iters: 400, epoch: 4 | loss: 0.2235991
	speed: 0.0056s/iter; left time: 577.8884s
	iters: 500, epoch: 4 | loss: 0.2282339
	speed: 0.0052s/iter; left time: 537.9670s
	iters: 600, epoch: 4 | loss: 0.2496726
	speed: 0.0051s/iter; left time: 523.8315s
	iters: 700, epoch: 4 | loss: 0.3195066
	speed: 0.0051s/iter; left time: 523.2503s
	iters: 800, epoch: 4 | loss: 0.2194812
	speed: 0.0055s/iter; left time: 566.6239s
	iters: 900, epoch: 4 | loss: 0.2197567
	speed: 0.0053s/iter; left time: 538.7577s
	iters: 1000, epoch: 4 | loss: 0.2381194
	speed: 0.0051s/iter; left time: 521.1799s
Epoch: 4 cost time: 5.613288164138794
Epoch: 4, Steps: 1067 | Train Loss: 0.2494199 Vali Loss: 0.3717481
Validation loss decreased (0.373254 --> 0.371748).  Saving model ...
Updating learning rate to 6.25e-05
	iters: 100, epoch: 5 | loss: 0.2449472
	speed: 0.0167s/iter; left time: 1704.8318s
	iters: 200, epoch: 5 | loss: 0.2383519
	speed: 0.0049s/iter; left time: 502.3995s
	iters: 300, epoch: 5 | loss: 0.2064768
	speed: 0.0052s/iter; left time: 530.2707s
	iters: 400, epoch: 5 | loss: 0.2371853
	speed: 0.0051s/iter; left time: 524.9731s
	iters: 500, epoch: 5 | loss: 0.2599421
	speed: 0.0051s/iter; left time: 515.4490s
	iters: 600, epoch: 5 | loss: 0.2702742
	speed: 0.0054s/iter; left time: 545.1497s
	iters: 700, epoch: 5 | loss: 0.2414328
	speed: 0.0050s/iter; left time: 508.3895s
	iters: 800, epoch: 5 | loss: 0.2178091
	speed: 0.0052s/iter; left time: 531.8779s
	iters: 900, epoch: 5 | loss: 0.2728792
	speed: 0.0053s/iter; left time: 538.0450s
	iters: 1000, epoch: 5 | loss: 0.2567011
	speed: 0.0052s/iter; left time: 530.5584s
Epoch: 5 cost time: 5.469775438308716
Epoch: 5, Steps: 1067 | Train Loss: 0.2479405 Vali Loss: 0.3713602
Validation loss decreased (0.371748 --> 0.371360).  Saving model ...
Updating learning rate to 3.125e-05
	iters: 100, epoch: 6 | loss: 0.1934388
	speed: 0.0171s/iter; left time: 1736.5073s
	iters: 200, epoch: 6 | loss: 0.2639121
	speed: 0.0052s/iter; left time: 527.6997s
	iters: 300, epoch: 6 | loss: 0.2559088
	speed: 0.0053s/iter; left time: 534.0452s
	iters: 400, epoch: 6 | loss: 0.2511582
	speed: 0.0052s/iter; left time: 522.7691s
	iters: 500, epoch: 6 | loss: 0.2240834
	speed: 0.0054s/iter; left time: 543.9268s
	iters: 600, epoch: 6 | loss: 0.2688554
	speed: 0.0052s/iter; left time: 524.8867s
	iters: 700, epoch: 6 | loss: 0.2780224
	speed: 0.0049s/iter; left time: 491.8594s
	iters: 800, epoch: 6 | loss: 0.2113293
	speed: 0.0053s/iter; left time: 534.9915s
	iters: 900, epoch: 6 | loss: 0.2898146
	speed: 0.0051s/iter; left time: 508.1484s
	iters: 1000, epoch: 6 | loss: 0.2413985
	speed: 0.0053s/iter; left time: 536.8376s
Epoch: 6 cost time: 5.5480897426605225
Epoch: 6, Steps: 1067 | Train Loss: 0.2472609 Vali Loss: 0.3706230
Validation loss decreased (0.371360 --> 0.370623).  Saving model ...
Updating learning rate to 1.5625e-05
	iters: 100, epoch: 7 | loss: 0.2467385
	speed: 0.0173s/iter; left time: 1728.4539s
	iters: 200, epoch: 7 | loss: 0.2056623
	speed: 0.0048s/iter; left time: 480.6334s
	iters: 300, epoch: 7 | loss: 0.1902204
	speed: 0.0050s/iter; left time: 500.6621s
	iters: 400, epoch: 7 | loss: 0.1997828
	speed: 0.0049s/iter; left time: 490.0767s
	iters: 500, epoch: 7 | loss: 0.2892723
	speed: 0.0050s/iter; left time: 501.1043s
	iters: 600, epoch: 7 | loss: 0.2307958
	speed: 0.0051s/iter; left time: 507.2010s
	iters: 700, epoch: 7 | loss: 0.2154804
	speed: 0.0053s/iter; left time: 522.9549s
	iters: 800, epoch: 7 | loss: 0.2552059
	speed: 0.0051s/iter; left time: 509.3287s
	iters: 900, epoch: 7 | loss: 0.2201398
	speed: 0.0051s/iter; left time: 510.7506s
	iters: 1000, epoch: 7 | loss: 0.2464923
	speed: 0.0053s/iter; left time: 526.4918s
Epoch: 7 cost time: 5.4081220626831055
Epoch: 7, Steps: 1067 | Train Loss: 0.2467498 Vali Loss: 0.3704995
Validation loss decreased (0.370623 --> 0.370500).  Saving model ...
Updating learning rate to 7.8125e-06
	iters: 100, epoch: 8 | loss: 0.1906176
	speed: 0.0175s/iter; left time: 1732.7512s
	iters: 200, epoch: 8 | loss: 0.2350060
	speed: 0.0054s/iter; left time: 537.5943s
	iters: 300, epoch: 8 | loss: 0.2431026
	speed: 0.0050s/iter; left time: 498.9979s
	iters: 400, epoch: 8 | loss: 0.2342863
	speed: 0.0054s/iter; left time: 535.2661s
	iters: 500, epoch: 8 | loss: 0.2501585
	speed: 0.0053s/iter; left time: 522.4416s
	iters: 600, epoch: 8 | loss: 0.2338874
	speed: 0.0052s/iter; left time: 509.1667s
	iters: 700, epoch: 8 | loss: 0.1806232
	speed: 0.0051s/iter; left time: 506.2249s
	iters: 800, epoch: 8 | loss: 0.2378014
	speed: 0.0050s/iter; left time: 490.5944s
	iters: 900, epoch: 8 | loss: 0.2127510
	speed: 0.0051s/iter; left time: 503.5628s
	iters: 1000, epoch: 8 | loss: 0.2503746
	speed: 0.0051s/iter; left time: 504.2058s
Epoch: 8 cost time: 5.544649124145508
Epoch: 8, Steps: 1067 | Train Loss: 0.2465740 Vali Loss: 0.3704114
Validation loss decreased (0.370500 --> 0.370411).  Saving model ...
Updating learning rate to 3.90625e-06
	iters: 100, epoch: 9 | loss: 0.2195764
	speed: 0.0176s/iter; left time: 1727.0013s
	iters: 200, epoch: 9 | loss: 0.2522858
	speed: 0.0049s/iter; left time: 482.4226s
	iters: 300, epoch: 9 | loss: 0.2266324
	speed: 0.0051s/iter; left time: 498.4180s
	iters: 400, epoch: 9 | loss: 0.2531652
	speed: 0.0054s/iter; left time: 528.5200s
	iters: 500, epoch: 9 | loss: 0.2120237
	speed: 0.0055s/iter; left time: 536.6077s
	iters: 600, epoch: 9 | loss: 0.2770981
	speed: 0.0051s/iter; left time: 497.4245s
	iters: 700, epoch: 9 | loss: 0.2794048
	speed: 0.0050s/iter; left time: 485.2294s
	iters: 800, epoch: 9 | loss: 0.2925070
	speed: 0.0054s/iter; left time: 522.7504s
	iters: 900, epoch: 9 | loss: 0.2433990
	speed: 0.0052s/iter; left time: 508.4610s
	iters: 1000, epoch: 9 | loss: 0.3549356
	speed: 0.0051s/iter; left time: 492.3921s
Epoch: 9 cost time: 5.519410610198975
Epoch: 9, Steps: 1067 | Train Loss: 0.2464364 Vali Loss: 0.3704389
EarlyStopping counter: 1 out of 6
Updating learning rate to 1.953125e-06
	iters: 100, epoch: 10 | loss: 0.2603598
	speed: 0.0170s/iter; left time: 1647.0001s
	iters: 200, epoch: 10 | loss: 0.2253457
	speed: 0.0051s/iter; left time: 498.5133s
	iters: 300, epoch: 10 | loss: 0.2409384
	speed: 0.0052s/iter; left time: 499.2550s
	iters: 400, epoch: 10 | loss: 0.3615637
	speed: 0.0054s/iter; left time: 525.6748s
	iters: 500, epoch: 10 | loss: 0.2762572
	speed: 0.0052s/iter; left time: 499.9975s
	iters: 600, epoch: 10 | loss: 0.2491184
	speed: 0.0051s/iter; left time: 490.0202s
	iters: 700, epoch: 10 | loss: 0.2281987
	speed: 0.0053s/iter; left time: 508.2950s
	iters: 800, epoch: 10 | loss: 0.2295573
	speed: 0.0054s/iter; left time: 522.3919s
	iters: 900, epoch: 10 | loss: 0.2582710
	speed: 0.0051s/iter; left time: 486.6773s
	iters: 1000, epoch: 10 | loss: 0.2037159
	speed: 0.0049s/iter; left time: 472.2657s
Epoch: 10 cost time: 5.519683599472046
Epoch: 10, Steps: 1067 | Train Loss: 0.2463697 Vali Loss: 0.3703991
Validation loss decreased (0.370411 --> 0.370399).  Saving model ...
Updating learning rate to 9.765625e-07
	iters: 100, epoch: 11 | loss: 0.2401176
	speed: 0.0177s/iter; left time: 1702.0460s
	iters: 200, epoch: 11 | loss: 0.2062712
	speed: 0.0051s/iter; left time: 484.6298s
	iters: 300, epoch: 11 | loss: 0.2734335
	speed: 0.0048s/iter; left time: 455.1707s
	iters: 400, epoch: 11 | loss: 0.2179850
	speed: 0.0049s/iter; left time: 473.0010s
	iters: 500, epoch: 11 | loss: 0.2054724
	speed: 0.0049s/iter; left time: 465.8685s
	iters: 600, epoch: 11 | loss: 0.1947408
	speed: 0.0050s/iter; left time: 473.3119s
	iters: 700, epoch: 11 | loss: 0.2256744
	speed: 0.0050s/iter; left time: 474.8742s
	iters: 800, epoch: 11 | loss: 0.2496517
	speed: 0.0052s/iter; left time: 499.0714s
	iters: 900, epoch: 11 | loss: 0.2247090
	speed: 0.0050s/iter; left time: 478.8340s
	iters: 1000, epoch: 11 | loss: 0.2740578
	speed: 0.0050s/iter; left time: 471.5713s
Epoch: 11 cost time: 5.3208911418914795
Epoch: 11, Steps: 1067 | Train Loss: 0.2464525 Vali Loss: 0.3704930
EarlyStopping counter: 1 out of 6
Updating learning rate to 4.8828125e-07
	iters: 100, epoch: 12 | loss: 0.2971990
	speed: 0.0170s/iter; left time: 1616.7831s
	iters: 200, epoch: 12 | loss: 0.3050165
	speed: 0.0048s/iter; left time: 451.4583s
	iters: 300, epoch: 12 | loss: 0.2895453
	speed: 0.0050s/iter; left time: 474.5221s
	iters: 400, epoch: 12 | loss: 0.2365378
	speed: 0.0050s/iter; left time: 469.1793s
	iters: 500, epoch: 12 | loss: 0.2788896
	speed: 0.0050s/iter; left time: 471.0770s
	iters: 600, epoch: 12 | loss: 0.3378703
	speed: 0.0051s/iter; left time: 484.8538s
	iters: 700, epoch: 12 | loss: 0.2961200
	speed: 0.0048s/iter; left time: 452.1978s
	iters: 800, epoch: 12 | loss: 0.2261757
	speed: 0.0050s/iter; left time: 469.1097s
	iters: 900, epoch: 12 | loss: 0.2313045
	speed: 0.0049s/iter; left time: 463.7021s
	iters: 1000, epoch: 12 | loss: 0.3184168
	speed: 0.0049s/iter; left time: 456.5148s
Epoch: 12 cost time: 5.274179697036743
Epoch: 12, Steps: 1067 | Train Loss: 0.2463141 Vali Loss: 0.3704813
EarlyStopping counter: 2 out of 6
Updating learning rate to 2.44140625e-07
	iters: 100, epoch: 13 | loss: 0.2712615
	speed: 0.0170s/iter; left time: 1591.8680s
	iters: 200, epoch: 13 | loss: 0.2831332
	speed: 0.0048s/iter; left time: 453.7247s
	iters: 300, epoch: 13 | loss: 0.3278041
	speed: 0.0049s/iter; left time: 456.6272s
	iters: 400, epoch: 13 | loss: 0.2505328
	speed: 0.0051s/iter; left time: 478.4296s
	iters: 500, epoch: 13 | loss: 0.2217446
	speed: 0.0050s/iter; left time: 463.7088s
	iters: 600, epoch: 13 | loss: 0.2502476
	speed: 0.0048s/iter; left time: 444.9660s
	iters: 700, epoch: 13 | loss: 0.2337646
	speed: 0.0051s/iter; left time: 478.5455s
	iters: 800, epoch: 13 | loss: 0.2196645
	speed: 0.0049s/iter; left time: 457.5883s
	iters: 900, epoch: 13 | loss: 0.2234303
	speed: 0.0051s/iter; left time: 474.3421s
	iters: 1000, epoch: 13 | loss: 0.3241069
	speed: 0.0050s/iter; left time: 460.5833s
Epoch: 13 cost time: 5.3003082275390625
Epoch: 13, Steps: 1067 | Train Loss: 0.2464187 Vali Loss: 0.3704854
EarlyStopping counter: 3 out of 6
Updating learning rate to 1.220703125e-07
	iters: 100, epoch: 14 | loss: 0.2061082
	speed: 0.0167s/iter; left time: 1551.0011s
	iters: 200, epoch: 14 | loss: 0.2922047
	speed: 0.0049s/iter; left time: 449.8943s
	iters: 300, epoch: 14 | loss: 0.2359076
	speed: 0.0051s/iter; left time: 469.7653s
	iters: 400, epoch: 14 | loss: 0.2478765
	speed: 0.0050s/iter; left time: 458.3482s
	iters: 500, epoch: 14 | loss: 0.2051013
	speed: 0.0051s/iter; left time: 473.0022s
	iters: 600, epoch: 14 | loss: 0.2775865
	speed: 0.0050s/iter; left time: 461.6228s
	iters: 700, epoch: 14 | loss: 0.2410326
	speed: 0.0050s/iter; left time: 465.1619s
	iters: 800, epoch: 14 | loss: 0.2773178
	speed: 0.0048s/iter; left time: 438.4106s
	iters: 900, epoch: 14 | loss: 0.2077502
	speed: 0.0049s/iter; left time: 451.9145s
	iters: 1000, epoch: 14 | loss: 0.2675166
	speed: 0.0050s/iter; left time: 462.8950s
Epoch: 14 cost time: 5.316758394241333
Epoch: 14, Steps: 1067 | Train Loss: 0.2463275 Vali Loss: 0.3704816
EarlyStopping counter: 4 out of 6
Updating learning rate to 6.103515625e-08
	iters: 100, epoch: 15 | loss: 0.1952582
	speed: 0.0171s/iter; left time: 1570.7793s
	iters: 200, epoch: 15 | loss: 0.2352175
	speed: 0.0050s/iter; left time: 458.4524s
	iters: 300, epoch: 15 | loss: 0.2191412
	speed: 0.0049s/iter; left time: 450.7999s
	iters: 400, epoch: 15 | loss: 0.3153674
	speed: 0.0047s/iter; left time: 432.1832s
	iters: 500, epoch: 15 | loss: 0.2054962
	speed: 0.0050s/iter; left time: 457.7776s
	iters: 600, epoch: 15 | loss: 0.2501501
	speed: 0.0051s/iter; left time: 468.8084s
	iters: 700, epoch: 15 | loss: 0.2085342
	speed: 0.0049s/iter; left time: 449.4851s
	iters: 800, epoch: 15 | loss: 0.2330137
	speed: 0.0055s/iter; left time: 499.8343s
	iters: 900, epoch: 15 | loss: 0.2179130
	speed: 0.0050s/iter; left time: 451.2392s
	iters: 1000, epoch: 15 | loss: 0.2929298
	speed: 0.0052s/iter; left time: 474.7961s
Epoch: 15 cost time: 5.378454208374023
Epoch: 15, Steps: 1067 | Train Loss: 0.2463791 Vali Loss: 0.3704783
EarlyStopping counter: 5 out of 6
Updating learning rate to 3.0517578125e-08
	iters: 100, epoch: 16 | loss: 0.2017565
	speed: 0.0165s/iter; left time: 1499.0385s
	iters: 200, epoch: 16 | loss: 0.2283329
	speed: 0.0048s/iter; left time: 432.9363s
	iters: 300, epoch: 16 | loss: 0.2224235
	speed: 0.0047s/iter; left time: 429.1598s
	iters: 400, epoch: 16 | loss: 0.2486384
	speed: 0.0050s/iter; left time: 447.7722s
	iters: 500, epoch: 16 | loss: 0.2116006
	speed: 0.0048s/iter; left time: 432.7565s
	iters: 600, epoch: 16 | loss: 0.2681440
	speed: 0.0052s/iter; left time: 464.7225s
	iters: 700, epoch: 16 | loss: 0.2833076
	speed: 0.0052s/iter; left time: 463.6396s
	iters: 800, epoch: 16 | loss: 0.2606895
	speed: 0.0051s/iter; left time: 459.5753s
	iters: 900, epoch: 16 | loss: 0.2366898
	speed: 0.0053s/iter; left time: 471.4623s
	iters: 1000, epoch: 16 | loss: 0.2064647
	speed: 0.0051s/iter; left time: 456.5903s
Epoch: 16 cost time: 5.344871520996094
Epoch: 16, Steps: 1067 | Train Loss: 0.2463001 Vali Loss: 0.3704778
EarlyStopping counter: 6 out of 6
Early stopping
VALIDATION_RESULT {"best_epoch": 10, "best_mae": 0.40286970242493053, "best_mse": 0.3703990700906474, "epochs_ran": 16, "metric_version": "element_weighted_v1"}
>>>>>>>test skipped (validation-only run)<<<<<<<<<<<<<<<<<<<<<<<<
Using GPU
Args in experiment:
[1mBasic Config[0m
  Task Name:          long_term_forecast  Is Training:        0                   
  Model ID:           ETTm1_96_96_cmrhm_backbone_ettm1_p96_no_mamba_s2021Model:              GraphMambaCMRHM     

[1mData Loader[0m
  Data:               ETTm1               Root Path:          /home/cwh/Time-Series-Library/dataset/ETT-small
  Data Path:          ETTm1.csv           Features:           M                   
  Target:             OT                  Freq:               h                   
  Checkpoints:        /home/cwh/Time-Series-Library/logs/cmrhm_backbone_ablation/checkpoints

[1mForecasting Task[0m
  Seq Len:            336                 Label Len:          48                  
  Pred Len:           96                  Seasonal Patterns:  Monthly             
  Inverse:            0                   

[1mModel Parameters[0m
  Top k:              5                   Num Kernels:        6                   
  Enc In:             7                   Dec In:             7                   
  C Out:              7                   d model:            64                  
  n heads:            8                   e layers:           1                   
  d layers:           1                   d FF:               128                 
  Moving Avg:         25                  Factor:             1                   
  Distil:             1                   Dropout:            0.1                 
  Embed:              timeF               Activation:         gelu                

[1mRun Parameters[0m
  Num Workers:        0                   Itr:                1                   
  Train Epochs:       100                 Batch Size:         32                  
  Patience:           6                   Learning Rate:      0.0005              
  Des:                cmrhm_backbone_ettm1_p96_no_mamba_s2021Loss:               MSE                 
  Lradj:              type1               Use Amp:            0                   

[1mGPU[0m
  Use GPU:            1                   GPU:                0                   
  Use Multi GPU:      0                   Devices:            0,1,2,3             

[1mDe-stationary Projector Params[0m
  P Hidden Dims:      128, 128            P Hidden Layers:    2                   

Use GPU: cuda:0
🚀 Lazy Loading: GraphMambaCMRHM ...
[GraphMamba] Building 7x7 static graph from 2000 training samples
>>>>>>>evaluating validation checkpoint : long_term_forecast_ETTm1_96_96_cmrhm_backbone_ettm1_p96_no_mamba_s2021_GraphMambaCMRHM_ETTm1_ftM_sl336_ll48_pl96_dm64_nh8_el1_dl1_df128_expand2_dc2_fc1_ebtimeF_dtTrue_cmrhm_backbone_ettm1_p96_no_mamba_s2021_0<<<<<<<<<<<<<<<<<<<<<<<<<<<<<<<<<
val 11425
EVALUATION_RESULT {"batches": 358, "cmrhm_intervention": "intact", "elapsed_seconds": 1.0217713150195777, "elements": 7677600, "gate_abs_mean": 0.19549007713794708, "gate_max": 0.2964091897010803, "gate_mean": 0.19549007713794708, "gate_min": 0.1312839835882187, "gate_values": [0.24395966529846191, 0.156568244099617, 0.24054521322250366, 0.15733543038368225, 0.2964091897010803, 0.14232882857322693, 0.1312839835882187], "mae": 0.4028697018088233, "memory_correction_mae": 0.23028792676719959, "memory_correction_rms": 0.36122212951003896, "metric_version": "element_weighted_v1", "milliseconds_per_batch": 2.8541098184904405, "mse": 0.3703990713566483, "parameter_count": 909997, "peak_cuda_memory_bytes": 65892352, "split": "val"}
=== w/o Mamba | ETTm1-720 ===
Using GPU
Args in experiment:
[1mBasic Config[0m
  Task Name:          long_term_forecast  Is Training:        1                   
  Model ID:           ETTm1_96_720_cmrhm_backbone_ettm1_p720_no_mamba_s2021Model:              GraphMambaCMRHM     

[1mData Loader[0m
  Data:               ETTm1               Root Path:          /home/cwh/Time-Series-Library/dataset/ETT-small
  Data Path:          ETTm1.csv           Features:           M                   
  Target:             OT                  Freq:               h                   
  Checkpoints:        /home/cwh/Time-Series-Library/logs/cmrhm_backbone_ablation/checkpoints

[1mForecasting Task[0m
  Seq Len:            336                 Label Len:          48                  
  Pred Len:           720                 Seasonal Patterns:  Monthly             
  Inverse:            0                   

[1mModel Parameters[0m
  Top k:              5                   Num Kernels:        6                   
  Enc In:             7                   Dec In:             7                   
  C Out:              7                   d model:            64                  
  n heads:            8                   e layers:           1                   
  d layers:           1                   d FF:               128                 
  Moving Avg:         25                  Factor:             1                   
  Distil:             1                   Dropout:            0.1                 
  Embed:              timeF               Activation:         gelu                

[1mRun Parameters[0m
  Num Workers:        0                   Itr:                1                   
  Train Epochs:       100                 Batch Size:         32                  
  Patience:           6                   Learning Rate:      0.0005              
  Des:                cmrhm_backbone_ettm1_p720_no_mamba_s2021Loss:               MSE                 
  Lradj:              type1               Use Amp:            0                   

[1mGPU[0m
  Use GPU:            1                   GPU:                0                   
  Use Multi GPU:      0                   Devices:            0,1,2,3             

[1mDe-stationary Projector Params[0m
  P Hidden Dims:      128, 128            P Hidden Layers:    2                   

Use GPU: cuda:0
🚀 Lazy Loading: GraphMambaCMRHM ...
[GraphMamba] Building 7x7 static graph from 2000 training samples
>>>>>>>start training : long_term_forecast_ETTm1_96_720_cmrhm_backbone_ettm1_p720_no_mamba_s2021_GraphMambaCMRHM_ETTm1_ftM_sl336_ll48_pl720_dm64_nh8_el1_dl1_df128_expand2_dc2_fc1_ebtimeF_dtTrue_cmrhm_backbone_ettm1_p720_no_mamba_s2021_0>>>>>>>>>>>>>>>>>>>>>>>>>>
train 33505
val 10801
	iters: 100, epoch: 1 | loss: 0.4286814
	speed: 0.0129s/iter; left time: 1346.2155s
	iters: 200, epoch: 1 | loss: 0.4189292
	speed: 0.0055s/iter; left time: 578.7692s
	iters: 300, epoch: 1 | loss: 0.3317027
	speed: 0.0057s/iter; left time: 595.6987s
	iters: 400, epoch: 1 | loss: 0.4513101
	speed: 0.0056s/iter; left time: 585.2270s
	iters: 500, epoch: 1 | loss: 0.3792804
	speed: 0.0056s/iter; left time: 583.1975s
	iters: 600, epoch: 1 | loss: 0.4336844
	speed: 0.0055s/iter; left time: 577.1390s
	iters: 700, epoch: 1 | loss: 0.4193720
	speed: 0.0057s/iter; left time: 590.4980s
	iters: 800, epoch: 1 | loss: 0.4986882
	speed: 0.0055s/iter; left time: 570.9010s
	iters: 900, epoch: 1 | loss: 0.4602970
	speed: 0.0056s/iter; left time: 584.2655s
	iters: 1000, epoch: 1 | loss: 0.4612306
	speed: 0.0059s/iter; left time: 608.1451s
Epoch: 1 cost time: 6.062196493148804
Epoch: 1, Steps: 1048 | Train Loss: 0.4417293 Vali Loss: 0.9605154
Validation loss decreased (inf --> 0.960515).  Saving model ...
Updating learning rate to 0.0005
	iters: 100, epoch: 2 | loss: 0.4134101
	speed: 0.0185s/iter; left time: 1915.0572s
	iters: 200, epoch: 2 | loss: 0.4304911
	speed: 0.0056s/iter; left time: 578.2813s
	iters: 300, epoch: 2 | loss: 0.4825117
	speed: 0.0057s/iter; left time: 593.3384s
	iters: 400, epoch: 2 | loss: 0.3923399
	speed: 0.0056s/iter; left time: 581.8249s
	iters: 500, epoch: 2 | loss: 0.5045484
	speed: 0.0059s/iter; left time: 610.4641s
	iters: 600, epoch: 2 | loss: 0.5053144
	speed: 0.0056s/iter; left time: 575.4554s
	iters: 700, epoch: 2 | loss: 0.4259255
	speed: 0.0055s/iter; left time: 571.4351s
	iters: 800, epoch: 2 | loss: 0.3774702
	speed: 0.0053s/iter; left time: 540.6180s
	iters: 900, epoch: 2 | loss: 0.4157905
	speed: 0.0055s/iter; left time: 562.8565s
	iters: 1000, epoch: 2 | loss: 0.4749440
	speed: 0.0055s/iter; left time: 562.5856s
Epoch: 2 cost time: 5.849602937698364
Epoch: 2, Steps: 1048 | Train Loss: 0.4143373 Vali Loss: 0.9497476
Validation loss decreased (0.960515 --> 0.949748).  Saving model ...
Updating learning rate to 0.00025
	iters: 100, epoch: 3 | loss: 0.4417398
	speed: 0.0175s/iter; left time: 1793.6011s
	iters: 200, epoch: 3 | loss: 0.4618016
	speed: 0.0057s/iter; left time: 581.3780s
	iters: 300, epoch: 3 | loss: 0.4463307
	speed: 0.0055s/iter; left time: 562.6632s
	iters: 400, epoch: 3 | loss: 0.3926326
	speed: 0.0056s/iter; left time: 572.4904s
	iters: 500, epoch: 3 | loss: 0.3736000
	speed: 0.0056s/iter; left time: 569.5596s
	iters: 600, epoch: 3 | loss: 0.4003648
	speed: 0.0056s/iter; left time: 566.7860s
	iters: 700, epoch: 3 | loss: 0.3780069
	speed: 0.0055s/iter; left time: 559.1196s
	iters: 800, epoch: 3 | loss: 0.4005957
	speed: 0.0055s/iter; left time: 564.4814s
	iters: 900, epoch: 3 | loss: 0.3374982
	speed: 0.0055s/iter; left time: 558.9740s
	iters: 1000, epoch: 3 | loss: 0.3872398
	speed: 0.0055s/iter; left time: 559.4007s
Epoch: 3 cost time: 5.807307958602905
Epoch: 3, Steps: 1048 | Train Loss: 0.4083749 Vali Loss: 0.9448099
Validation loss decreased (0.949748 --> 0.944810).  Saving model ...
Updating learning rate to 0.000125
	iters: 100, epoch: 4 | loss: 0.3481565
	speed: 0.0172s/iter; left time: 1751.0594s
	iters: 200, epoch: 4 | loss: 0.4314891
	speed: 0.0056s/iter; left time: 565.3191s
	iters: 300, epoch: 4 | loss: 0.4693175
	speed: 0.0055s/iter; left time: 561.3734s
	iters: 400, epoch: 4 | loss: 0.4177305
	speed: 0.0055s/iter; left time: 553.2253s
	iters: 500, epoch: 4 | loss: 0.4967934
	speed: 0.0057s/iter; left time: 578.5930s
	iters: 600, epoch: 4 | loss: 0.4651414
	speed: 0.0053s/iter; left time: 532.6737s
	iters: 700, epoch: 4 | loss: 0.3994711
	speed: 0.0053s/iter; left time: 535.0778s
	iters: 800, epoch: 4 | loss: 0.4419755
	speed: 0.0054s/iter; left time: 546.0919s
	iters: 900, epoch: 4 | loss: 0.4539481
	speed: 0.0054s/iter; left time: 542.8785s
	iters: 1000, epoch: 4 | loss: 0.3142851
	speed: 0.0052s/iter; left time: 521.7977s
Epoch: 4 cost time: 5.703010082244873
Epoch: 4, Steps: 1048 | Train Loss: 0.4063773 Vali Loss: 0.9437220
Validation loss decreased (0.944810 --> 0.943722).  Saving model ...
Updating learning rate to 6.25e-05
	iters: 100, epoch: 5 | loss: 0.3622045
	speed: 0.0179s/iter; left time: 1794.5037s
	iters: 200, epoch: 5 | loss: 0.4257231
	speed: 0.0055s/iter; left time: 547.4159s
	iters: 300, epoch: 5 | loss: 0.3786590
	speed: 0.0054s/iter; left time: 541.2639s
	iters: 400, epoch: 5 | loss: 0.4722010
	speed: 0.0052s/iter; left time: 516.8639s
	iters: 500, epoch: 5 | loss: 0.4032971
	speed: 0.0051s/iter; left time: 510.5218s
	iters: 600, epoch: 5 | loss: 0.3384930
	speed: 0.0054s/iter; left time: 537.9429s
	iters: 700, epoch: 5 | loss: 0.3741664
	speed: 0.0051s/iter; left time: 512.5491s
	iters: 800, epoch: 5 | loss: 0.4157592
	speed: 0.0054s/iter; left time: 542.5832s
	iters: 900, epoch: 5 | loss: 0.3572511
	speed: 0.0055s/iter; left time: 545.1797s
	iters: 1000, epoch: 5 | loss: 0.4441311
	speed: 0.0052s/iter; left time: 516.3025s
Epoch: 5 cost time: 5.589848279953003
Epoch: 5, Steps: 1048 | Train Loss: 0.4042149 Vali Loss: 0.9426800
Validation loss decreased (0.943722 --> 0.942680).  Saving model ...
Updating learning rate to 3.125e-05
	iters: 100, epoch: 6 | loss: 0.4072221
	speed: 0.0169s/iter; left time: 1676.3067s
	iters: 200, epoch: 6 | loss: 0.4440877
	speed: 0.0054s/iter; left time: 535.8510s
	iters: 300, epoch: 6 | loss: 0.3939979
	speed: 0.0054s/iter; left time: 534.6590s
	iters: 400, epoch: 6 | loss: 0.3656445
	speed: 0.0054s/iter; left time: 534.1322s
	iters: 500, epoch: 6 | loss: 0.4177506
	speed: 0.0054s/iter; left time: 532.5092s
	iters: 600, epoch: 6 | loss: 0.4202308
	speed: 0.0051s/iter; left time: 500.0582s
	iters: 700, epoch: 6 | loss: 0.3479882
	speed: 0.0052s/iter; left time: 512.6891s
	iters: 800, epoch: 6 | loss: 0.4145476
	speed: 0.0051s/iter; left time: 505.2370s
	iters: 900, epoch: 6 | loss: 0.3740111
	speed: 0.0053s/iter; left time: 520.0514s
	iters: 1000, epoch: 6 | loss: 0.3809136
	speed: 0.0053s/iter; left time: 517.7969s
Epoch: 6 cost time: 5.539205551147461
Epoch: 6, Steps: 1048 | Train Loss: 0.4036493 Vali Loss: 0.9404821
Validation loss decreased (0.942680 --> 0.940482).  Saving model ...
Updating learning rate to 1.5625e-05
	iters: 100, epoch: 7 | loss: 0.3302326
	speed: 0.0178s/iter; left time: 1752.0630s
	iters: 200, epoch: 7 | loss: 0.4008217
	speed: 0.0054s/iter; left time: 535.4590s
	iters: 300, epoch: 7 | loss: 0.3965265
	speed: 0.0056s/iter; left time: 545.4604s
	iters: 400, epoch: 7 | loss: 0.4569919
	speed: 0.0054s/iter; left time: 527.4558s
	iters: 500, epoch: 7 | loss: 0.3629977
	speed: 0.0054s/iter; left time: 533.9615s
	iters: 600, epoch: 7 | loss: 0.4282879
	speed: 0.0053s/iter; left time: 516.0631s
	iters: 700, epoch: 7 | loss: 0.5107421
	speed: 0.0050s/iter; left time: 488.6746s
	iters: 800, epoch: 7 | loss: 0.4099642
	speed: 0.0054s/iter; left time: 527.0920s
	iters: 900, epoch: 7 | loss: 0.3867898
	speed: 0.0054s/iter; left time: 528.8500s
	iters: 1000, epoch: 7 | loss: 0.3686729
	speed: 0.0053s/iter; left time: 514.9857s
Epoch: 7 cost time: 5.62898325920105
Epoch: 7, Steps: 1048 | Train Loss: 0.4039412 Vali Loss: 0.9409135
EarlyStopping counter: 1 out of 6
Updating learning rate to 7.8125e-06
	iters: 100, epoch: 8 | loss: 0.4657085
	speed: 0.0172s/iter; left time: 1677.9502s
	iters: 200, epoch: 8 | loss: 0.3990372
	speed: 0.0054s/iter; left time: 523.6575s
	iters: 300, epoch: 8 | loss: 0.4264399
	speed: 0.0051s/iter; left time: 499.4009s
	iters: 400, epoch: 8 | loss: 0.3446943
	speed: 0.0054s/iter; left time: 528.7845s
	iters: 500, epoch: 8 | loss: 0.3786695
	speed: 0.0053s/iter; left time: 513.4031s
	iters: 600, epoch: 8 | loss: 0.4531803
	speed: 0.0053s/iter; left time: 510.3078s
	iters: 700, epoch: 8 | loss: 0.3663999
	speed: 0.0054s/iter; left time: 522.5914s
	iters: 800, epoch: 8 | loss: 0.3953088
	speed: 0.0053s/iter; left time: 515.2841s
	iters: 900, epoch: 8 | loss: 0.3754831
	speed: 0.0053s/iter; left time: 515.6209s
	iters: 1000, epoch: 8 | loss: 0.4124107
	speed: 0.0053s/iter; left time: 513.3535s
Epoch: 8 cost time: 5.613343954086304
Epoch: 8, Steps: 1048 | Train Loss: 0.4028952 Vali Loss: 0.9409042
EarlyStopping counter: 2 out of 6
Updating learning rate to 3.90625e-06
	iters: 100, epoch: 9 | loss: 0.3920115
	speed: 0.0169s/iter; left time: 1631.3640s
	iters: 200, epoch: 9 | loss: 0.3824852
	speed: 0.0054s/iter; left time: 519.3986s
	iters: 300, epoch: 9 | loss: 0.4021365
	speed: 0.0054s/iter; left time: 519.7568s
	iters: 400, epoch: 9 | loss: 0.3703655
	speed: 0.0055s/iter; left time: 526.0174s
	iters: 500, epoch: 9 | loss: 0.4257014
	speed: 0.0052s/iter; left time: 502.5327s
	iters: 600, epoch: 9 | loss: 0.3362720
	speed: 0.0051s/iter; left time: 485.9562s
	iters: 700, epoch: 9 | loss: 0.3877831
	speed: 0.0053s/iter; left time: 509.6394s
	iters: 800, epoch: 9 | loss: 0.3756201
	speed: 0.0054s/iter; left time: 516.5855s
	iters: 900, epoch: 9 | loss: 0.4512753
	speed: 0.0052s/iter; left time: 499.4539s
	iters: 1000, epoch: 9 | loss: 0.4674380
	speed: 0.0052s/iter; left time: 491.5380s
Epoch: 9 cost time: 5.5432233810424805
Epoch: 9, Steps: 1048 | Train Loss: 0.4028445 Vali Loss: 0.9406835
EarlyStopping counter: 3 out of 6
Updating learning rate to 1.953125e-06
	iters: 100, epoch: 10 | loss: 0.3897343
	speed: 0.0167s/iter; left time: 1592.9303s
	iters: 200, epoch: 10 | loss: 0.3771093
	speed: 0.0053s/iter; left time: 500.8068s
	iters: 300, epoch: 10 | loss: 0.3767488
	speed: 0.0053s/iter; left time: 506.6162s
	iters: 400, epoch: 10 | loss: 0.4016952
	speed: 0.0053s/iter; left time: 499.0105s
	iters: 500, epoch: 10 | loss: 0.4677605
	speed: 0.0054s/iter; left time: 514.4300s
	iters: 600, epoch: 10 | loss: 0.4191924
	speed: 0.0053s/iter; left time: 500.3782s
	iters: 700, epoch: 10 | loss: 0.4182518
	speed: 0.0053s/iter; left time: 501.7554s
	iters: 800, epoch: 10 | loss: 0.3876049
	speed: 0.0052s/iter; left time: 488.5533s
	iters: 900, epoch: 10 | loss: 0.4763180
	speed: 0.0055s/iter; left time: 522.6453s
	iters: 1000, epoch: 10 | loss: 0.4140567
	speed: 0.0051s/iter; left time: 481.5708s
Epoch: 10 cost time: 5.533114910125732
Epoch: 10, Steps: 1048 | Train Loss: 0.4028414 Vali Loss: 0.9410059
EarlyStopping counter: 4 out of 6
Updating learning rate to 9.765625e-07
	iters: 100, epoch: 11 | loss: 0.4202451
	speed: 0.0170s/iter; left time: 1605.9425s
	iters: 200, epoch: 11 | loss: 0.4092535
	speed: 0.0051s/iter; left time: 478.2863s
	iters: 300, epoch: 11 | loss: 0.3710840
	speed: 0.0051s/iter; left time: 477.1552s
	iters: 400, epoch: 11 | loss: 0.4430760
	speed: 0.0052s/iter; left time: 486.6406s
	iters: 500, epoch: 11 | loss: 0.3237122
	speed: 0.0053s/iter; left time: 496.4733s
	iters: 600, epoch: 11 | loss: 0.3928040
	speed: 0.0051s/iter; left time: 475.1199s
	iters: 700, epoch: 11 | loss: 0.3777207
	speed: 0.0053s/iter; left time: 498.4694s
	iters: 800, epoch: 11 | loss: 0.3858320
	speed: 0.0055s/iter; left time: 514.3931s
	iters: 900, epoch: 11 | loss: 0.4145540
	speed: 0.0052s/iter; left time: 488.2813s
	iters: 1000, epoch: 11 | loss: 0.3665413
	speed: 0.0054s/iter; left time: 502.3815s
Epoch: 11 cost time: 5.51343846321106
Epoch: 11, Steps: 1048 | Train Loss: 0.4027224 Vali Loss: 0.9410868
EarlyStopping counter: 5 out of 6
Updating learning rate to 4.8828125e-07
	iters: 100, epoch: 12 | loss: 0.4118044
	speed: 0.0169s/iter; left time: 1574.2945s
	iters: 200, epoch: 12 | loss: 0.4308992
	speed: 0.0052s/iter; left time: 480.7580s
	iters: 300, epoch: 12 | loss: 0.3353598
	speed: 0.0052s/iter; left time: 484.1017s
	iters: 400, epoch: 12 | loss: 0.3407426
	speed: 0.0054s/iter; left time: 503.0396s
	iters: 500, epoch: 12 | loss: 0.3701200
	speed: 0.0053s/iter; left time: 492.8771s
	iters: 600, epoch: 12 | loss: 0.4418377
	speed: 0.0053s/iter; left time: 487.5950s
	iters: 700, epoch: 12 | loss: 0.3358914
	speed: 0.0054s/iter; left time: 499.6620s
	iters: 800, epoch: 12 | loss: 0.3510074
	speed: 0.0053s/iter; left time: 486.2885s
	iters: 900, epoch: 12 | loss: 0.4250937
	speed: 0.0054s/iter; left time: 496.0189s
	iters: 1000, epoch: 12 | loss: 0.4157135
	speed: 0.0050s/iter; left time: 463.3144s
Epoch: 12 cost time: 5.524691343307495
Epoch: 12, Steps: 1048 | Train Loss: 0.4031453 Vali Loss: 0.9410750
EarlyStopping counter: 6 out of 6
Early stopping
VALIDATION_RESULT {"best_epoch": 6, "best_mae": 0.6364858733909623, "best_mse": 0.940482112455049, "epochs_ran": 12, "metric_version": "element_weighted_v1"}
>>>>>>>test skipped (validation-only run)<<<<<<<<<<<<<<<<<<<<<<<<
Using GPU
Args in experiment:
[1mBasic Config[0m
  Task Name:          long_term_forecast  Is Training:        0                   
  Model ID:           ETTm1_96_720_cmrhm_backbone_ettm1_p720_no_mamba_s2021Model:              GraphMambaCMRHM     

[1mData Loader[0m
  Data:               ETTm1               Root Path:          /home/cwh/Time-Series-Library/dataset/ETT-small
  Data Path:          ETTm1.csv           Features:           M                   
  Target:             OT                  Freq:               h                   
  Checkpoints:        /home/cwh/Time-Series-Library/logs/cmrhm_backbone_ablation/checkpoints

[1mForecasting Task[0m
  Seq Len:            336                 Label Len:          48                  
  Pred Len:           720                 Seasonal Patterns:  Monthly             
  Inverse:            0                   

[1mModel Parameters[0m
  Top k:              5                   Num Kernels:        6                   
  Enc In:             7                   Dec In:             7                   
  C Out:              7                   d model:            64                  
  n heads:            8                   e layers:           1                   
  d layers:           1                   d FF:               128                 
  Moving Avg:         25                  Factor:             1                   
  Distil:             1                   Dropout:            0.1                 
  Embed:              timeF               Activation:         gelu                

[1mRun Parameters[0m
  Num Workers:        0                   Itr:                1                   
  Train Epochs:       100                 Batch Size:         32                  
  Patience:           6                   Learning Rate:      0.0005              
  Des:                cmrhm_backbone_ettm1_p720_no_mamba_s2021Loss:               MSE                 
  Lradj:              type1               Use Amp:            0                   

[1mGPU[0m
  Use GPU:            1                   GPU:                0                   
  Use Multi GPU:      0                   Devices:            0,1,2,3             

[1mDe-stationary Projector Params[0m
  P Hidden Dims:      128, 128            P Hidden Layers:    2                   

Use GPU: cuda:0
🚀 Lazy Loading: GraphMambaCMRHM ...
[GraphMamba] Building 7x7 static graph from 2000 training samples
>>>>>>>evaluating validation checkpoint : long_term_forecast_ETTm1_96_720_cmrhm_backbone_ettm1_p720_no_mamba_s2021_GraphMambaCMRHM_ETTm1_ftM_sl336_ll48_pl720_dm64_nh8_el1_dl1_df128_expand2_dc2_fc1_ebtimeF_dtTrue_cmrhm_backbone_ettm1_p720_no_mamba_s2021_0<<<<<<<<<<<<<<<<<<<<<<<<<<<<<<<<<
val 10801
EVALUATION_RESULT {"batches": 338, "cmrhm_intervention": "intact", "elapsed_seconds": 1.046631661010906, "elements": 54437040, "gate_abs_mean": 0.21767249703407288, "gate_max": 0.27707934379577637, "gate_mean": 0.21767249703407288, "gate_min": 0.13985247910022736, "gate_values": [0.2710898816585541, 0.19745193421840668, 0.27707934379577637, 0.18780449032783508, 0.21035076677799225, 0.13985247910022736, 0.2400786429643631], "mae": 0.6364858723146042, "memory_correction_mae": 0.27679240266743244, "memory_correction_rms": 0.4177059251272925, "metric_version": "element_weighted_v1", "milliseconds_per_batch": 3.0965433757719114, "mse": 0.9404821095847606, "parameter_count": 6741901, "peak_cuda_memory_bytes": 94174208, "split": "val"}
=== w/o Mamba | ETTm2-96 ===
Using GPU
Args in experiment:
[1mBasic Config[0m
  Task Name:          long_term_forecast  Is Training:        1                   
  Model ID:           ETTm2_96_96_cmrhm_backbone_ettm2_p96_no_mamba_s2021Model:              GraphMambaCMRHM     

[1mData Loader[0m
  Data:               ETTm2               Root Path:          /home/cwh/Time-Series-Library/dataset/ETT-small
  Data Path:          ETTm2.csv           Features:           M                   
  Target:             OT                  Freq:               h                   
  Checkpoints:        /home/cwh/Time-Series-Library/logs/cmrhm_backbone_ablation/checkpoints

[1mForecasting Task[0m
  Seq Len:            336                 Label Len:          48                  
  Pred Len:           96                  Seasonal Patterns:  Monthly             
  Inverse:            0                   

[1mModel Parameters[0m
  Top k:              5                   Num Kernels:        6                   
  Enc In:             7                   Dec In:             7                   
  C Out:              7                   d model:            64                  
  n heads:            8                   e layers:           1                   
  d layers:           1                   d FF:               128                 
  Moving Avg:         25                  Factor:             1                   
  Distil:             1                   Dropout:            0.1                 
  Embed:              timeF               Activation:         gelu                

[1mRun Parameters[0m
  Num Workers:        0                   Itr:                1                   
  Train Epochs:       100                 Batch Size:         32                  
  Patience:           6                   Learning Rate:      0.0005              
  Des:                cmrhm_backbone_ettm2_p96_no_mamba_s2021Loss:               MSE                 
  Lradj:              type1               Use Amp:            0                   

[1mGPU[0m
  Use GPU:            1                   GPU:                0                   
  Use Multi GPU:      0                   Devices:            0,1,2,3             

[1mDe-stationary Projector Params[0m
  P Hidden Dims:      128, 128            P Hidden Layers:    2                   

Use GPU: cuda:0
🚀 Lazy Loading: GraphMambaCMRHM ...
[GraphMamba] Building 7x7 static graph from 2000 training samples
>>>>>>>start training : long_term_forecast_ETTm2_96_96_cmrhm_backbone_ettm2_p96_no_mamba_s2021_GraphMambaCMRHM_ETTm2_ftM_sl336_ll48_pl96_dm64_nh8_el1_dl1_df128_expand2_dc2_fc1_ebtimeF_dtTrue_cmrhm_backbone_ettm2_p96_no_mamba_s2021_0>>>>>>>>>>>>>>>>>>>>>>>>>>
train 34129
val 11425
	iters: 100, epoch: 1 | loss: 0.2117592
	speed: 0.0119s/iter; left time: 1266.1759s
	iters: 200, epoch: 1 | loss: 0.1990479
	speed: 0.0051s/iter; left time: 544.8888s
	iters: 300, epoch: 1 | loss: 0.3113939
	speed: 0.0054s/iter; left time: 572.0965s
	iters: 400, epoch: 1 | loss: 0.2942928
	speed: 0.0051s/iter; left time: 542.0515s
	iters: 500, epoch: 1 | loss: 0.1896559
	speed: 0.0051s/iter; left time: 546.5101s
	iters: 600, epoch: 1 | loss: 0.3683112
	speed: 0.0055s/iter; left time: 588.7316s
	iters: 700, epoch: 1 | loss: 0.1403414
	speed: 0.0052s/iter; left time: 550.5693s
	iters: 800, epoch: 1 | loss: 0.1231966
	speed: 0.0052s/iter; left time: 546.3825s
	iters: 900, epoch: 1 | loss: 0.1695853
	speed: 0.0053s/iter; left time: 555.9097s
	iters: 1000, epoch: 1 | loss: 0.1573257
	speed: 0.0054s/iter; left time: 567.5478s
Epoch: 1 cost time: 5.707005739212036
Epoch: 1, Steps: 1067 | Train Loss: 0.2257855 Vali Loss: 0.1221459
Validation loss decreased (inf --> 0.122146).  Saving model ...
Updating learning rate to 0.0005
	iters: 100, epoch: 2 | loss: 0.1912765
	speed: 0.0171s/iter; left time: 1806.1630s
	iters: 200, epoch: 2 | loss: 0.2023035
	speed: 0.0054s/iter; left time: 565.6288s
	iters: 300, epoch: 2 | loss: 0.2330842
	speed: 0.0052s/iter; left time: 552.0817s
	iters: 400, epoch: 2 | loss: 0.2409983
	speed: 0.0051s/iter; left time: 532.2906s
	iters: 500, epoch: 2 | loss: 0.1533737
	speed: 0.0055s/iter; left time: 582.8824s
	iters: 600, epoch: 2 | loss: 0.2306279
	speed: 0.0050s/iter; left time: 520.3624s
	iters: 700, epoch: 2 | loss: 0.2389841
	speed: 0.0049s/iter; left time: 514.6825s
	iters: 800, epoch: 2 | loss: 0.2365407
	speed: 0.0054s/iter; left time: 565.4565s
	iters: 900, epoch: 2 | loss: 0.1952165
	speed: 0.0052s/iter; left time: 541.1629s
	iters: 1000, epoch: 2 | loss: 0.2079696
	speed: 0.0049s/iter; left time: 515.6331s
Epoch: 2 cost time: 5.48850154876709
Epoch: 2, Steps: 1067 | Train Loss: 0.2051706 Vali Loss: 0.1236986
EarlyStopping counter: 1 out of 6
Updating learning rate to 0.00025
	iters: 100, epoch: 3 | loss: 0.1457994
	speed: 0.0168s/iter; left time: 1759.1857s
	iters: 200, epoch: 3 | loss: 0.1851135
	speed: 0.0049s/iter; left time: 506.6185s
	iters: 300, epoch: 3 | loss: 0.0938558
	speed: 0.0051s/iter; left time: 531.6371s
	iters: 400, epoch: 3 | loss: 0.1320265
	speed: 0.0055s/iter; left time: 567.8473s
	iters: 500, epoch: 3 | loss: 0.2467417
	speed: 0.0054s/iter; left time: 556.9848s
	iters: 600, epoch: 3 | loss: 0.1263050
	speed: 0.0052s/iter; left time: 540.4675s
	iters: 700, epoch: 3 | loss: 0.3083051
	speed: 0.0053s/iter; left time: 555.1799s
	iters: 800, epoch: 3 | loss: 0.2770418
	speed: 0.0048s/iter; left time: 493.0839s
	iters: 900, epoch: 3 | loss: 0.1407378
	speed: 0.0051s/iter; left time: 531.9482s
	iters: 1000, epoch: 3 | loss: 0.1952095
	speed: 0.0053s/iter; left time: 548.9920s
Epoch: 3 cost time: 5.523043870925903
Epoch: 3, Steps: 1067 | Train Loss: 0.1986681 Vali Loss: 0.1209087
Validation loss decreased (0.122146 --> 0.120909).  Saving model ...
Updating learning rate to 0.000125
	iters: 100, epoch: 4 | loss: 0.1767643
	speed: 0.0167s/iter; left time: 1729.0708s
	iters: 200, epoch: 4 | loss: 0.2362722
	speed: 0.0050s/iter; left time: 515.5666s
	iters: 300, epoch: 4 | loss: 0.2119903
	speed: 0.0048s/iter; left time: 497.4251s
	iters: 400, epoch: 4 | loss: 0.3340865
	speed: 0.0049s/iter; left time: 505.1475s
	iters: 500, epoch: 4 | loss: 0.2013075
	speed: 0.0049s/iter; left time: 505.8304s
	iters: 600, epoch: 4 | loss: 0.2428013
	speed: 0.0050s/iter; left time: 516.9310s
	iters: 700, epoch: 4 | loss: 0.3817000
	speed: 0.0050s/iter; left time: 511.5268s
	iters: 800, epoch: 4 | loss: 0.1948804
	speed: 0.0050s/iter; left time: 516.0090s
	iters: 900, epoch: 4 | loss: 0.1315700
	speed: 0.0050s/iter; left time: 515.8405s
	iters: 1000, epoch: 4 | loss: 0.2183117
	speed: 0.0050s/iter; left time: 514.1913s
Epoch: 4 cost time: 5.343600749969482
Epoch: 4, Steps: 1067 | Train Loss: 0.1955815 Vali Loss: 0.1214986
EarlyStopping counter: 1 out of 6
Updating learning rate to 6.25e-05
	iters: 100, epoch: 5 | loss: 0.1987623
	speed: 0.0168s/iter; left time: 1720.4685s
	iters: 200, epoch: 5 | loss: 0.1058104
	speed: 0.0054s/iter; left time: 553.4763s
	iters: 300, epoch: 5 | loss: 0.1658286
	speed: 0.0049s/iter; left time: 503.4480s
	iters: 400, epoch: 5 | loss: 0.1187933
	speed: 0.0052s/iter; left time: 528.2185s
	iters: 500, epoch: 5 | loss: 0.2402461
	speed: 0.0052s/iter; left time: 529.2005s
	iters: 600, epoch: 5 | loss: 0.1655696
	speed: 0.0050s/iter; left time: 506.5014s
	iters: 700, epoch: 5 | loss: 0.2723389
	speed: 0.0052s/iter; left time: 531.3214s
	iters: 800, epoch: 5 | loss: 0.1076719
	speed: 0.0051s/iter; left time: 514.4259s
	iters: 900, epoch: 5 | loss: 0.1428426
	speed: 0.0049s/iter; left time: 493.7939s
	iters: 1000, epoch: 5 | loss: 0.1970159
	speed: 0.0051s/iter; left time: 519.5760s
Epoch: 5 cost time: 5.430755615234375
Epoch: 5, Steps: 1067 | Train Loss: 0.1942715 Vali Loss: 0.1218359
EarlyStopping counter: 2 out of 6
Updating learning rate to 3.125e-05
	iters: 100, epoch: 6 | loss: 0.1701338
	speed: 0.0172s/iter; left time: 1743.6048s
	iters: 200, epoch: 6 | loss: 0.2550909
	speed: 0.0050s/iter; left time: 502.4482s
	iters: 300, epoch: 6 | loss: 0.1211076
	speed: 0.0051s/iter; left time: 518.5243s
	iters: 400, epoch: 6 | loss: 0.1603242
	speed: 0.0049s/iter; left time: 490.0909s
	iters: 500, epoch: 6 | loss: 0.1937006
	speed: 0.0051s/iter; left time: 518.8100s
	iters: 600, epoch: 6 | loss: 0.1822136
	speed: 0.0050s/iter; left time: 505.1576s
	iters: 700, epoch: 6 | loss: 0.1702633
	speed: 0.0049s/iter; left time: 495.9354s
	iters: 800, epoch: 6 | loss: 0.2550319
	speed: 0.0051s/iter; left time: 512.2184s
	iters: 900, epoch: 6 | loss: 0.2176530
	speed: 0.0049s/iter; left time: 495.5343s
	iters: 1000, epoch: 6 | loss: 0.1073289
	speed: 0.0049s/iter; left time: 495.5268s
Epoch: 6 cost time: 5.349873781204224
Epoch: 6, Steps: 1067 | Train Loss: 0.1935195 Vali Loss: 0.1214746
EarlyStopping counter: 3 out of 6
Updating learning rate to 1.5625e-05
	iters: 100, epoch: 7 | loss: 0.1926249
	speed: 0.0173s/iter; left time: 1729.4472s
	iters: 200, epoch: 7 | loss: 0.1802219
	speed: 0.0052s/iter; left time: 522.9345s
	iters: 300, epoch: 7 | loss: 0.3402210
	speed: 0.0052s/iter; left time: 517.0997s
	iters: 400, epoch: 7 | loss: 0.2579614
	speed: 0.0049s/iter; left time: 485.1398s
	iters: 500, epoch: 7 | loss: 0.4318231
	speed: 0.0049s/iter; left time: 487.2965s
	iters: 600, epoch: 7 | loss: 0.1572142
	speed: 0.0050s/iter; left time: 496.6542s
	iters: 700, epoch: 7 | loss: 0.1183154
	speed: 0.0051s/iter; left time: 504.4685s
	iters: 800, epoch: 7 | loss: 0.2493875
	speed: 0.0050s/iter; left time: 500.6404s
	iters: 900, epoch: 7 | loss: 0.1731963
	speed: 0.0051s/iter; left time: 510.2814s
	iters: 1000, epoch: 7 | loss: 0.2086599
	speed: 0.0050s/iter; left time: 497.6477s
Epoch: 7 cost time: 5.387821674346924
Epoch: 7, Steps: 1067 | Train Loss: 0.1931581 Vali Loss: 0.1213885
EarlyStopping counter: 4 out of 6
Updating learning rate to 7.8125e-06
	iters: 100, epoch: 8 | loss: 0.2335887
	speed: 0.0175s/iter; left time: 1731.0173s
	iters: 200, epoch: 8 | loss: 0.1404839
	speed: 0.0051s/iter; left time: 503.8168s
	iters: 300, epoch: 8 | loss: 0.2115625
	speed: 0.0050s/iter; left time: 498.2606s
	iters: 400, epoch: 8 | loss: 0.1495256
	speed: 0.0053s/iter; left time: 522.6955s
	iters: 500, epoch: 8 | loss: 0.2327141
	speed: 0.0051s/iter; left time: 500.0284s
	iters: 600, epoch: 8 | loss: 0.1613112
	speed: 0.0053s/iter; left time: 520.1017s
	iters: 700, epoch: 8 | loss: 0.2170319
	speed: 0.0055s/iter; left time: 540.5817s
	iters: 800, epoch: 8 | loss: 0.0991265
	speed: 0.0052s/iter; left time: 507.9084s
	iters: 900, epoch: 8 | loss: 0.2570534
	speed: 0.0048s/iter; left time: 476.7917s
	iters: 1000, epoch: 8 | loss: 0.2807689
	speed: 0.0051s/iter; left time: 499.4363s
Epoch: 8 cost time: 5.493798017501831
Epoch: 8, Steps: 1067 | Train Loss: 0.1929121 Vali Loss: 0.1215665
EarlyStopping counter: 5 out of 6
Updating learning rate to 3.90625e-06
	iters: 100, epoch: 9 | loss: 0.1664500
	speed: 0.0168s/iter; left time: 1649.1701s
	iters: 200, epoch: 9 | loss: 0.3305503
	speed: 0.0052s/iter; left time: 512.9339s
	iters: 300, epoch: 9 | loss: 0.1212056
	speed: 0.0053s/iter; left time: 520.3903s
	iters: 400, epoch: 9 | loss: 0.1576755
	speed: 0.0055s/iter; left time: 539.7694s
	iters: 500, epoch: 9 | loss: 0.1369130
	speed: 0.0049s/iter; left time: 483.2516s
	iters: 600, epoch: 9 | loss: 0.2070840
	speed: 0.0050s/iter; left time: 492.4503s
	iters: 700, epoch: 9 | loss: 0.1038604
	speed: 0.0052s/iter; left time: 505.8855s
	iters: 800, epoch: 9 | loss: 0.2067862
	speed: 0.0052s/iter; left time: 506.3354s
	iters: 900, epoch: 9 | loss: 0.3495637
	speed: 0.0049s/iter; left time: 477.5224s
	iters: 1000, epoch: 9 | loss: 0.2618915
	speed: 0.0048s/iter; left time: 467.0138s
Epoch: 9 cost time: 5.489112138748169
Epoch: 9, Steps: 1067 | Train Loss: 0.1927645 Vali Loss: 0.1215937
EarlyStopping counter: 6 out of 6
Early stopping
VALIDATION_RESULT {"best_epoch": 3, "best_mae": 0.23956334344717417, "best_mse": 0.12090872715050396, "epochs_ran": 9, "metric_version": "element_weighted_v1"}
>>>>>>>test skipped (validation-only run)<<<<<<<<<<<<<<<<<<<<<<<<
Using GPU
Args in experiment:
[1mBasic Config[0m
  Task Name:          long_term_forecast  Is Training:        0                   
  Model ID:           ETTm2_96_96_cmrhm_backbone_ettm2_p96_no_mamba_s2021Model:              GraphMambaCMRHM     

[1mData Loader[0m
  Data:               ETTm2               Root Path:          /home/cwh/Time-Series-Library/dataset/ETT-small
  Data Path:          ETTm2.csv           Features:           M                   
  Target:             OT                  Freq:               h                   
  Checkpoints:        /home/cwh/Time-Series-Library/logs/cmrhm_backbone_ablation/checkpoints

[1mForecasting Task[0m
  Seq Len:            336                 Label Len:          48                  
  Pred Len:           96                  Seasonal Patterns:  Monthly             
  Inverse:            0                   

[1mModel Parameters[0m
  Top k:              5                   Num Kernels:        6                   
  Enc In:             7                   Dec In:             7                   
  C Out:              7                   d model:            64                  
  n heads:            8                   e layers:           1                   
  d layers:           1                   d FF:               128                 
  Moving Avg:         25                  Factor:             1                   
  Distil:             1                   Dropout:            0.1                 
  Embed:              timeF               Activation:         gelu                

[1mRun Parameters[0m
  Num Workers:        0                   Itr:                1                   
  Train Epochs:       100                 Batch Size:         32                  
  Patience:           6                   Learning Rate:      0.0005              
  Des:                cmrhm_backbone_ettm2_p96_no_mamba_s2021Loss:               MSE                 
  Lradj:              type1               Use Amp:            0                   

[1mGPU[0m
  Use GPU:            1                   GPU:                0                   
  Use Multi GPU:      0                   Devices:            0,1,2,3             

[1mDe-stationary Projector Params[0m
  P Hidden Dims:      128, 128            P Hidden Layers:    2                   

Use GPU: cuda:0
🚀 Lazy Loading: GraphMambaCMRHM ...
[GraphMamba] Building 7x7 static graph from 2000 training samples
>>>>>>>evaluating validation checkpoint : long_term_forecast_ETTm2_96_96_cmrhm_backbone_ettm2_p96_no_mamba_s2021_GraphMambaCMRHM_ETTm2_ftM_sl336_ll48_pl96_dm64_nh8_el1_dl1_df128_expand2_dc2_fc1_ebtimeF_dtTrue_cmrhm_backbone_ettm2_p96_no_mamba_s2021_0<<<<<<<<<<<<<<<<<<<<<<<<<<<<<<<<<
val 11425
EVALUATION_RESULT {"batches": 358, "cmrhm_intervention": "intact", "elapsed_seconds": 0.9407326891086996, "elements": 7677600, "gate_abs_mean": 0.1711641103029251, "gate_max": 0.004265076946467161, "gate_mean": -0.16994550824165344, "gate_min": -0.2635509967803955, "gate_values": [-0.2635509967803955, -0.2547151744365692, -0.1556335836648941, -0.24634239077568054, -0.10378377139568329, 0.004265076946467161, -0.16985775530338287], "mae": 0.23956334418054048, "memory_correction_mae": 0.0807329374633134, "memory_correction_rms": 0.1263243757402944, "metric_version": "element_weighted_v1", "milliseconds_per_batch": 2.627744941644412, "mse": 0.12090872700790496, "parameter_count": 909997, "peak_cuda_memory_bytes": 65892352, "split": "val"}
=== w/o Mamba | ETTm2-720 ===
Using GPU
Args in experiment:
[1mBasic Config[0m
  Task Name:          long_term_forecast  Is Training:        1                   
  Model ID:           ETTm2_96_720_cmrhm_backbone_ettm2_p720_no_mamba_s2021Model:              GraphMambaCMRHM     

[1mData Loader[0m
  Data:               ETTm2               Root Path:          /home/cwh/Time-Series-Library/dataset/ETT-small
  Data Path:          ETTm2.csv           Features:           M                   
  Target:             OT                  Freq:               h                   
  Checkpoints:        /home/cwh/Time-Series-Library/logs/cmrhm_backbone_ablation/checkpoints

[1mForecasting Task[0m
  Seq Len:            336                 Label Len:          48                  
  Pred Len:           720                 Seasonal Patterns:  Monthly             
  Inverse:            0                   

[1mModel Parameters[0m
  Top k:              5                   Num Kernels:        6                   
  Enc In:             7                   Dec In:             7                   
  C Out:              7                   d model:            64                  
  n heads:            8                   e layers:           1                   
  d layers:           1                   d FF:               128                 
  Moving Avg:         25                  Factor:             1                   
  Distil:             1                   Dropout:            0.1                 
  Embed:              timeF               Activation:         gelu                

[1mRun Parameters[0m
  Num Workers:        0                   Itr:                1                   
  Train Epochs:       100                 Batch Size:         32                  
  Patience:           6                   Learning Rate:      0.0005              
  Des:                cmrhm_backbone_ettm2_p720_no_mamba_s2021Loss:               MSE                 
  Lradj:              type1               Use Amp:            0                   

[1mGPU[0m
  Use GPU:            1                   GPU:                0                   
  Use Multi GPU:      0                   Devices:            0,1,2,3             

[1mDe-stationary Projector Params[0m
  P Hidden Dims:      128, 128            P Hidden Layers:    2                   

Use GPU: cuda:0
🚀 Lazy Loading: GraphMambaCMRHM ...
[GraphMamba] Building 7x7 static graph from 2000 training samples
>>>>>>>start training : long_term_forecast_ETTm2_96_720_cmrhm_backbone_ettm2_p720_no_mamba_s2021_GraphMambaCMRHM_ETTm2_ftM_sl336_ll48_pl720_dm64_nh8_el1_dl1_df128_expand2_dc2_fc1_ebtimeF_dtTrue_cmrhm_backbone_ettm2_p720_no_mamba_s2021_0>>>>>>>>>>>>>>>>>>>>>>>>>>
train 33505
val 10801
	iters: 100, epoch: 1 | loss: 0.6821944
	speed: 0.0124s/iter; left time: 1296.5730s
	iters: 200, epoch: 1 | loss: 1.3182590
	speed: 0.0053s/iter; left time: 550.0945s
	iters: 300, epoch: 1 | loss: 1.0956013
	speed: 0.0056s/iter; left time: 580.9583s
	iters: 400, epoch: 1 | loss: 0.5700498
	speed: 0.0056s/iter; left time: 584.5495s
	iters: 500, epoch: 1 | loss: 0.7233760
	speed: 0.0056s/iter; left time: 582.0221s
	iters: 600, epoch: 1 | loss: 0.6232587
	speed: 0.0053s/iter; left time: 552.3184s
	iters: 700, epoch: 1 | loss: 0.5558688
	speed: 0.0053s/iter; left time: 551.6732s
	iters: 800, epoch: 1 | loss: 0.5225431
	speed: 0.0056s/iter; left time: 578.1027s
	iters: 900, epoch: 1 | loss: 0.4055886
	speed: 0.0056s/iter; left time: 580.3501s
	iters: 1000, epoch: 1 | loss: 0.3594297
	speed: 0.0052s/iter; left time: 541.1852s
Epoch: 1 cost time: 5.830904006958008
Epoch: 1, Steps: 1048 | Train Loss: 0.5337733 Vali Loss: 0.2732181
Validation loss decreased (inf --> 0.273218).  Saving model ...
Updating learning rate to 0.0005
	iters: 100, epoch: 2 | loss: 0.8451426
	speed: 0.0175s/iter; left time: 1813.9119s
	iters: 200, epoch: 2 | loss: 0.5079661
	speed: 0.0052s/iter; left time: 541.6461s
	iters: 300, epoch: 2 | loss: 0.4648827
	speed: 0.0051s/iter; left time: 529.3729s
	iters: 400, epoch: 2 | loss: 0.3720027
	speed: 0.0057s/iter; left time: 588.8405s
	iters: 500, epoch: 2 | loss: 0.5584027
	speed: 0.0053s/iter; left time: 548.0015s
	iters: 600, epoch: 2 | loss: 0.6989499
	speed: 0.0054s/iter; left time: 560.8168s
	iters: 700, epoch: 2 | loss: 0.3985332
	speed: 0.0052s/iter; left time: 539.6144s
	iters: 800, epoch: 2 | loss: 0.3735271
	speed: 0.0054s/iter; left time: 555.6798s
	iters: 900, epoch: 2 | loss: 0.3164799
	speed: 0.0052s/iter; left time: 534.5558s
	iters: 1000, epoch: 2 | loss: 0.4850881
	speed: 0.0053s/iter; left time: 545.3155s
Epoch: 2 cost time: 5.571678161621094
Epoch: 2, Steps: 1048 | Train Loss: 0.5072531 Vali Loss: 0.2702794
Validation loss decreased (0.273218 --> 0.270279).  Saving model ...
Updating learning rate to 0.00025
	iters: 100, epoch: 3 | loss: 0.2711699
	speed: 0.0173s/iter; left time: 1770.0646s
	iters: 200, epoch: 3 | loss: 0.4222222
	speed: 0.0053s/iter; left time: 545.4418s
	iters: 300, epoch: 3 | loss: 0.5661527
	speed: 0.0053s/iter; left time: 547.5975s
	iters: 400, epoch: 3 | loss: 0.6712341
	speed: 0.0056s/iter; left time: 574.3573s
	iters: 500, epoch: 3 | loss: 0.5216070
	speed: 0.0054s/iter; left time: 555.1915s
	iters: 600, epoch: 3 | loss: 0.4250444
	speed: 0.0058s/iter; left time: 591.9818s
	iters: 700, epoch: 3 | loss: 0.3196712
	speed: 0.0055s/iter; left time: 556.3836s
	iters: 800, epoch: 3 | loss: 0.7289819
	speed: 0.0054s/iter; left time: 551.6405s
	iters: 900, epoch: 3 | loss: 0.4677473
	speed: 0.0053s/iter; left time: 542.3243s
	iters: 1000, epoch: 3 | loss: 0.6771350
	speed: 0.0054s/iter; left time: 545.8127s
Epoch: 3 cost time: 5.68760085105896
Epoch: 3, Steps: 1048 | Train Loss: 0.4961882 Vali Loss: 0.2742829
EarlyStopping counter: 1 out of 6
Updating learning rate to 0.000125
	iters: 100, epoch: 4 | loss: 0.5016868
	speed: 0.0173s/iter; left time: 1757.4204s
	iters: 200, epoch: 4 | loss: 0.2572090
	speed: 0.0054s/iter; left time: 548.9258s
	iters: 300, epoch: 4 | loss: 0.4617914
	speed: 0.0059s/iter; left time: 594.5887s
	iters: 400, epoch: 4 | loss: 0.4183125
	speed: 0.0052s/iter; left time: 524.6355s
	iters: 500, epoch: 4 | loss: 0.2702013
	speed: 0.0055s/iter; left time: 557.4280s
	iters: 600, epoch: 4 | loss: 0.2690522
	speed: 0.0056s/iter; left time: 564.0555s
	iters: 700, epoch: 4 | loss: 0.4831431
	speed: 0.0054s/iter; left time: 548.3712s
	iters: 800, epoch: 4 | loss: 0.5747759
	speed: 0.0055s/iter; left time: 556.6864s
	iters: 900, epoch: 4 | loss: 0.5566285
	speed: 0.0051s/iter; left time: 517.3725s
	iters: 1000, epoch: 4 | loss: 0.4232421
	speed: 0.0053s/iter; left time: 535.4773s
Epoch: 4 cost time: 5.704242706298828
Epoch: 4, Steps: 1048 | Train Loss: 0.4904345 Vali Loss: 0.2730381
EarlyStopping counter: 2 out of 6
Updating learning rate to 6.25e-05
	iters: 100, epoch: 5 | loss: 0.4116859
	speed: 0.0175s/iter; left time: 1758.6084s
	iters: 200, epoch: 5 | loss: 0.3033696
	speed: 0.0053s/iter; left time: 535.5244s
	iters: 300, epoch: 5 | loss: 0.4726916
	speed: 0.0055s/iter; left time: 552.1146s
	iters: 400, epoch: 5 | loss: 0.4895518
	speed: 0.0052s/iter; left time: 519.2569s
	iters: 500, epoch: 5 | loss: 0.4030018
	speed: 0.0053s/iter; left time: 527.9348s
	iters: 600, epoch: 5 | loss: 0.3442506
	speed: 0.0054s/iter; left time: 541.2565s
	iters: 700, epoch: 5 | loss: 0.5757378
	speed: 0.0055s/iter; left time: 544.8843s
	iters: 800, epoch: 5 | loss: 0.7765951
	speed: 0.0051s/iter; left time: 506.1953s
	iters: 900, epoch: 5 | loss: 0.4111250
	speed: 0.0055s/iter; left time: 545.9288s
	iters: 1000, epoch: 5 | loss: 0.4711380
	speed: 0.0054s/iter; left time: 541.7280s
Epoch: 5 cost time: 5.622640371322632
Epoch: 5, Steps: 1048 | Train Loss: 0.4874914 Vali Loss: 0.2734902
EarlyStopping counter: 3 out of 6
Updating learning rate to 3.125e-05
	iters: 100, epoch: 6 | loss: 0.4133454
	speed: 0.0171s/iter; left time: 1699.6356s
	iters: 200, epoch: 6 | loss: 0.5222617
	speed: 0.0053s/iter; left time: 528.6191s
	iters: 300, epoch: 6 | loss: 0.3191303
	speed: 0.0052s/iter; left time: 519.8533s
	iters: 400, epoch: 6 | loss: 0.5862690
	speed: 0.0054s/iter; left time: 532.8614s
	iters: 500, epoch: 6 | loss: 0.3937278
	speed: 0.0052s/iter; left time: 518.8330s
	iters: 600, epoch: 6 | loss: 0.3088839
	speed: 0.0053s/iter; left time: 523.5573s
	iters: 700, epoch: 6 | loss: 0.5297867
	speed: 0.0054s/iter; left time: 531.3113s
	iters: 800, epoch: 6 | loss: 1.0583394
	speed: 0.0052s/iter; left time: 516.8553s
	iters: 900, epoch: 6 | loss: 1.1254374
	speed: 0.0051s/iter; left time: 507.6044s
	iters: 1000, epoch: 6 | loss: 0.5793985
	speed: 0.0053s/iter; left time: 523.4653s
Epoch: 6 cost time: 5.583876371383667
Epoch: 6, Steps: 1048 | Train Loss: 0.4858250 Vali Loss: 0.2750048
EarlyStopping counter: 4 out of 6
Updating learning rate to 1.5625e-05
	iters: 100, epoch: 7 | loss: 0.3904002
	speed: 0.0174s/iter; left time: 1710.8017s
	iters: 200, epoch: 7 | loss: 0.8192034
	speed: 0.0053s/iter; left time: 525.3251s
	iters: 300, epoch: 7 | loss: 0.7096158
	speed: 0.0054s/iter; left time: 526.4847s
	iters: 400, epoch: 7 | loss: 0.2512861
	speed: 0.0053s/iter; left time: 524.2532s
	iters: 500, epoch: 7 | loss: 0.5217843
	speed: 0.0053s/iter; left time: 521.9340s
	iters: 600, epoch: 7 | loss: 0.8606130
	speed: 0.0057s/iter; left time: 556.0957s
	iters: 700, epoch: 7 | loss: 0.5812341
	speed: 0.0053s/iter; left time: 521.0644s
	iters: 800, epoch: 7 | loss: 0.4307919
	speed: 0.0053s/iter; left time: 518.8159s
	iters: 900, epoch: 7 | loss: 0.2703282
	speed: 0.0055s/iter; left time: 533.8765s
	iters: 1000, epoch: 7 | loss: 0.4363676
	speed: 0.0053s/iter; left time: 518.1854s
Epoch: 7 cost time: 5.647507190704346
Epoch: 7, Steps: 1048 | Train Loss: 0.4851796 Vali Loss: 0.2738840
EarlyStopping counter: 5 out of 6
Updating learning rate to 7.8125e-06
	iters: 100, epoch: 8 | loss: 0.3946803
	speed: 0.0176s/iter; left time: 1717.5206s
	iters: 200, epoch: 8 | loss: 0.4153805
	speed: 0.0058s/iter; left time: 559.3686s
	iters: 300, epoch: 8 | loss: 0.5570033
	speed: 0.0053s/iter; left time: 518.2745s
	iters: 400, epoch: 8 | loss: 0.5160400
	speed: 0.0053s/iter; left time: 514.7122s
	iters: 500, epoch: 8 | loss: 0.3115423
	speed: 0.0050s/iter; left time: 486.9410s
	iters: 600, epoch: 8 | loss: 0.6862183
	speed: 0.0056s/iter; left time: 538.9250s
	iters: 700, epoch: 8 | loss: 0.5582887
	speed: 0.0053s/iter; left time: 510.3728s
	iters: 800, epoch: 8 | loss: 0.3222427
	speed: 0.0053s/iter; left time: 507.9329s
	iters: 900, epoch: 8 | loss: 0.4712042
	speed: 0.0051s/iter; left time: 494.8317s
	iters: 1000, epoch: 8 | loss: 0.4446509
	speed: 0.0055s/iter; left time: 534.6685s
Epoch: 8 cost time: 5.628426551818848
Epoch: 8, Steps: 1048 | Train Loss: 0.4848099 Vali Loss: 0.2737711
EarlyStopping counter: 6 out of 6
Early stopping
VALIDATION_RESULT {"best_epoch": 2, "best_mae": 0.3564672835165978, "best_mse": 0.27027938889213804, "epochs_ran": 8, "metric_version": "element_weighted_v1"}
>>>>>>>test skipped (validation-only run)<<<<<<<<<<<<<<<<<<<<<<<<
Using GPU
Args in experiment:
[1mBasic Config[0m
  Task Name:          long_term_forecast  Is Training:        0                   
  Model ID:           ETTm2_96_720_cmrhm_backbone_ettm2_p720_no_mamba_s2021Model:              GraphMambaCMRHM     

[1mData Loader[0m
  Data:               ETTm2               Root Path:          /home/cwh/Time-Series-Library/dataset/ETT-small
  Data Path:          ETTm2.csv           Features:           M                   
  Target:             OT                  Freq:               h                   
  Checkpoints:        /home/cwh/Time-Series-Library/logs/cmrhm_backbone_ablation/checkpoints

[1mForecasting Task[0m
  Seq Len:            336                 Label Len:          48                  
  Pred Len:           720                 Seasonal Patterns:  Monthly             
  Inverse:            0                   

[1mModel Parameters[0m
  Top k:              5                   Num Kernels:        6                   
  Enc In:             7                   Dec In:             7                   
  C Out:              7                   d model:            64                  
  n heads:            8                   e layers:           1                   
  d layers:           1                   d FF:               128                 
  Moving Avg:         25                  Factor:             1                   
  Distil:             1                   Dropout:            0.1                 
  Embed:              timeF               Activation:         gelu                

[1mRun Parameters[0m
  Num Workers:        0                   Itr:                1                   
  Train Epochs:       100                 Batch Size:         32                  
  Patience:           6                   Learning Rate:      0.0005              
  Des:                cmrhm_backbone_ettm2_p720_no_mamba_s2021Loss:               MSE                 
  Lradj:              type1               Use Amp:            0                   

[1mGPU[0m
  Use GPU:            1                   GPU:                0                   
  Use Multi GPU:      0                   Devices:            0,1,2,3             

[1mDe-stationary Projector Params[0m
  P Hidden Dims:      128, 128            P Hidden Layers:    2                   

Use GPU: cuda:0
🚀 Lazy Loading: GraphMambaCMRHM ...
[GraphMamba] Building 7x7 static graph from 2000 training samples
>>>>>>>evaluating validation checkpoint : long_term_forecast_ETTm2_96_720_cmrhm_backbone_ettm2_p720_no_mamba_s2021_GraphMambaCMRHM_ETTm2_ftM_sl336_ll48_pl720_dm64_nh8_el1_dl1_df128_expand2_dc2_fc1_ebtimeF_dtTrue_cmrhm_backbone_ettm2_p720_no_mamba_s2021_0<<<<<<<<<<<<<<<<<<<<<<<<<<<<<<<<<
val 10801
EVALUATION_RESULT {"batches": 338, "cmrhm_intervention": "intact", "elapsed_seconds": 1.0547125518787652, "elements": 54437040, "gate_abs_mean": 0.1208367794752121, "gate_max": 0.1926930844783783, "gate_mean": 0.11907829344272614, "gate_min": -0.00615469366312027, "gate_values": [0.17049762606620789, 0.1926930844783783, 0.08544730395078659, 0.17865948379039764, 0.045154016464948654, -0.00615469366312027, 0.16725122928619385], "mae": 0.3564672845570773, "memory_correction_mae": 0.09603656476147146, "memory_correction_rms": 0.15904716303808347, "metric_version": "element_weighted_v1", "milliseconds_per_batch": 3.1204513369194236, "mse": 0.2702793891074097, "parameter_count": 6741901, "peak_cuda_memory_bytes": 94174208, "split": "val"}
=== w/o Graph | ETTm1-96 ===
Using GPU
Args in experiment:
[1mBasic Config[0m
  Task Name:          long_term_forecast  Is Training:        1                   
  Model ID:           ETTm1_96_96_cmrhm_backbone_ettm1_p96_no_graph_s2021Model:              GraphMambaCMRHM     

[1mData Loader[0m
  Data:               ETTm1               Root Path:          /home/cwh/Time-Series-Library/dataset/ETT-small
  Data Path:          ETTm1.csv           Features:           M                   
  Target:             OT                  Freq:               h                   
  Checkpoints:        /home/cwh/Time-Series-Library/logs/cmrhm_backbone_ablation/checkpoints

[1mForecasting Task[0m
  Seq Len:            336                 Label Len:          48                  
  Pred Len:           96                  Seasonal Patterns:  Monthly             
  Inverse:            0                   

[1mModel Parameters[0m
  Top k:              5                   Num Kernels:        6                   
  Enc In:             7                   Dec In:             7                   
  C Out:              7                   d model:            64                  
  n heads:            8                   e layers:           1                   
  d layers:           1                   d FF:               128                 
  Moving Avg:         25                  Factor:             1                   
  Distil:             1                   Dropout:            0.1                 
  Embed:              timeF               Activation:         gelu                

[1mRun Parameters[0m
  Num Workers:        0                   Itr:                1                   
  Train Epochs:       100                 Batch Size:         32                  
  Patience:           6                   Learning Rate:      0.0005              
  Des:                cmrhm_backbone_ettm1_p96_no_graph_s2021Loss:               MSE                 
  Lradj:              type1               Use Amp:            0                   

[1mGPU[0m
  Use GPU:            1                   GPU:                0                   
  Use Multi GPU:      0                   Devices:            0,1,2,3             

[1mDe-stationary Projector Params[0m
  P Hidden Dims:      128, 128            P Hidden Layers:    2                   

Use GPU: cuda:0
🚀 Lazy Loading: GraphMambaCMRHM ...
>>>>>>>start training : long_term_forecast_ETTm1_96_96_cmrhm_backbone_ettm1_p96_no_graph_s2021_GraphMambaCMRHM_ETTm1_ftM_sl336_ll48_pl96_dm64_nh8_el1_dl1_df128_expand2_dc2_fc1_ebtimeF_dtTrue_cmrhm_backbone_ettm1_p96_no_graph_s2021_0>>>>>>>>>>>>>>>>>>>>>>>>>>
train 34129
val 11425
	iters: 100, epoch: 1 | loss: 0.4322179
	speed: 0.0131s/iter; left time: 1400.8824s
	iters: 200, epoch: 1 | loss: 0.2949384
	speed: 0.0116s/iter; left time: 1239.4256s
	iters: 300, epoch: 1 | loss: 0.3597349
	speed: 0.0117s/iter; left time: 1241.4696s
	iters: 400, epoch: 1 | loss: 0.3553801
	speed: 0.0115s/iter; left time: 1224.9479s
	iters: 500, epoch: 1 | loss: 0.2485668
	speed: 0.0114s/iter; left time: 1215.4188s
	iters: 600, epoch: 1 | loss: 0.3292688
	speed: 0.0112s/iter; left time: 1187.5633s
	iters: 700, epoch: 1 | loss: 0.2744794
	speed: 0.0116s/iter; left time: 1228.7362s
	iters: 800, epoch: 1 | loss: 0.2741985
	speed: 0.0116s/iter; left time: 1224.9153s
	iters: 900, epoch: 1 | loss: 0.2442301
	speed: 0.0114s/iter; left time: 1202.9418s
	iters: 1000, epoch: 1 | loss: 0.2438782
	speed: 0.0118s/iter; left time: 1248.4949s
Epoch: 1 cost time: 12.502965211868286
Epoch: 1, Steps: 1067 | Train Loss: 0.3232769 Vali Loss: 0.3936661
Validation loss decreased (inf --> 0.393666).  Saving model ...
Updating learning rate to 0.0005
	iters: 100, epoch: 2 | loss: 0.3475625
	speed: 0.0370s/iter; left time: 3903.4283s
	iters: 200, epoch: 2 | loss: 0.2609888
	speed: 0.0112s/iter; left time: 1176.6564s
	iters: 300, epoch: 2 | loss: 0.2397572
	speed: 0.0114s/iter; left time: 1202.7892s
	iters: 400, epoch: 2 | loss: 0.2766868
	speed: 0.0115s/iter; left time: 1214.9561s
	iters: 500, epoch: 2 | loss: 0.2359175
	speed: 0.0115s/iter; left time: 1209.0531s
	iters: 600, epoch: 2 | loss: 0.2211222
	speed: 0.0116s/iter; left time: 1222.3429s
	iters: 700, epoch: 2 | loss: 0.2160926
	speed: 0.0120s/iter; left time: 1257.7868s
	iters: 800, epoch: 2 | loss: 0.2394874
	speed: 0.0118s/iter; left time: 1239.8139s
	iters: 900, epoch: 2 | loss: 0.3085528
	speed: 0.0117s/iter; left time: 1230.0117s
	iters: 1000, epoch: 2 | loss: 0.2196967
	speed: 0.0114s/iter; left time: 1188.7569s
Epoch: 2 cost time: 12.366376638412476
Epoch: 2, Steps: 1067 | Train Loss: 0.2576950 Vali Loss: 0.3727871
Validation loss decreased (0.393666 --> 0.372787).  Saving model ...
Updating learning rate to 0.00025
	iters: 100, epoch: 3 | loss: 0.2513417
	speed: 0.0364s/iter; left time: 3805.4505s
	iters: 200, epoch: 3 | loss: 0.2291576
	speed: 0.0118s/iter; left time: 1228.1336s
	iters: 300, epoch: 3 | loss: 0.3574602
	speed: 0.0119s/iter; left time: 1238.7143s
	iters: 400, epoch: 3 | loss: 0.2128585
	speed: 0.0112s/iter; left time: 1166.7560s
	iters: 500, epoch: 3 | loss: 0.2289678
	speed: 0.0113s/iter; left time: 1175.1022s
	iters: 600, epoch: 3 | loss: 0.2461097
	speed: 0.0114s/iter; left time: 1180.8353s
	iters: 700, epoch: 3 | loss: 0.2272457
	speed: 0.0116s/iter; left time: 1202.9455s
	iters: 800, epoch: 3 | loss: 0.2494793
	speed: 0.0118s/iter; left time: 1225.4653s
	iters: 900, epoch: 3 | loss: 0.2302052
	speed: 0.0117s/iter; left time: 1207.8896s
	iters: 1000, epoch: 3 | loss: 0.2137246
	speed: 0.0119s/iter; left time: 1231.6913s
Epoch: 3 cost time: 12.358740091323853
Epoch: 3, Steps: 1067 | Train Loss: 0.2451693 Vali Loss: 0.3700406
Validation loss decreased (0.372787 --> 0.370041).  Saving model ...
Updating learning rate to 0.000125
	iters: 100, epoch: 4 | loss: 0.1649064
	speed: 0.0350s/iter; left time: 3614.5411s
	iters: 200, epoch: 4 | loss: 0.2454038
	speed: 0.0117s/iter; left time: 1203.8563s
	iters: 300, epoch: 4 | loss: 0.1798266
	speed: 0.0115s/iter; left time: 1186.0821s
	iters: 400, epoch: 4 | loss: 0.1878304
	speed: 0.0117s/iter; left time: 1209.1551s
	iters: 500, epoch: 4 | loss: 0.2187555
	speed: 0.0114s/iter; left time: 1174.8293s
	iters: 600, epoch: 4 | loss: 0.2333740
	speed: 0.0116s/iter; left time: 1190.1515s
	iters: 700, epoch: 4 | loss: 0.2241576
	speed: 0.0116s/iter; left time: 1196.2864s
	iters: 800, epoch: 4 | loss: 0.2554874
	speed: 0.0116s/iter; left time: 1187.2004s
	iters: 900, epoch: 4 | loss: 0.2310054
	speed: 0.0116s/iter; left time: 1185.9600s
	iters: 1000, epoch: 4 | loss: 0.2392710
	speed: 0.0114s/iter; left time: 1167.7073s
Epoch: 4 cost time: 12.30503225326538
Epoch: 4, Steps: 1067 | Train Loss: 0.2409956 Vali Loss: 0.3702092
EarlyStopping counter: 1 out of 6
Updating learning rate to 6.25e-05
	iters: 100, epoch: 5 | loss: 0.2796843
	speed: 0.0352s/iter; left time: 3601.8691s
	iters: 200, epoch: 5 | loss: 0.2485913
	speed: 0.0115s/iter; left time: 1179.5142s
	iters: 300, epoch: 5 | loss: 0.2121398
	speed: 0.0120s/iter; left time: 1224.9169s
	iters: 400, epoch: 5 | loss: 0.2574649
	speed: 0.0118s/iter; left time: 1198.9998s
	iters: 500, epoch: 5 | loss: 0.2987003
	speed: 0.0117s/iter; left time: 1194.3767s
	iters: 600, epoch: 5 | loss: 0.2665914
	speed: 0.0116s/iter; left time: 1179.6466s
	iters: 700, epoch: 5 | loss: 0.2776667
	speed: 0.0118s/iter; left time: 1197.0251s
	iters: 800, epoch: 5 | loss: 0.2289492
	speed: 0.0115s/iter; left time: 1169.0701s
	iters: 900, epoch: 5 | loss: 0.2162441
	speed: 0.0118s/iter; left time: 1193.5169s
	iters: 1000, epoch: 5 | loss: 0.1842716
	speed: 0.0116s/iter; left time: 1175.0580s
Epoch: 5 cost time: 12.418550252914429
Epoch: 5, Steps: 1067 | Train Loss: 0.2386627 Vali Loss: 0.3704431
EarlyStopping counter: 2 out of 6
Updating learning rate to 3.125e-05
	iters: 100, epoch: 6 | loss: 0.2157112
	speed: 0.0359s/iter; left time: 3638.5861s
	iters: 200, epoch: 6 | loss: 0.2342408
	speed: 0.0116s/iter; left time: 1168.9612s
	iters: 300, epoch: 6 | loss: 0.2408238
	speed: 0.0114s/iter; left time: 1154.4932s
	iters: 400, epoch: 6 | loss: 0.2852342
	speed: 0.0112s/iter; left time: 1130.4982s
	iters: 500, epoch: 6 | loss: 0.2320898
	speed: 0.0113s/iter; left time: 1142.4974s
	iters: 600, epoch: 6 | loss: 0.2006986
	speed: 0.0111s/iter; left time: 1122.4670s
	iters: 700, epoch: 6 | loss: 0.2972624
	speed: 0.0112s/iter; left time: 1130.8197s
	iters: 800, epoch: 6 | loss: 0.2370894
	speed: 0.0115s/iter; left time: 1157.2140s
	iters: 900, epoch: 6 | loss: 0.2015391
	speed: 0.0115s/iter; left time: 1155.7126s
	iters: 1000, epoch: 6 | loss: 0.2537105
	speed: 0.0113s/iter; left time: 1132.1747s
Epoch: 6 cost time: 12.105033159255981
Epoch: 6, Steps: 1067 | Train Loss: 0.2373864 Vali Loss: 0.3700037
Validation loss decreased (0.370041 --> 0.370004).  Saving model ...
Updating learning rate to 1.5625e-05
	iters: 100, epoch: 7 | loss: 0.2424509
	speed: 0.0347s/iter; left time: 3476.6210s
	iters: 200, epoch: 7 | loss: 0.2736234
	speed: 0.0112s/iter; left time: 1118.1885s
	iters: 300, epoch: 7 | loss: 0.2287585
	speed: 0.0111s/iter; left time: 1107.5751s
	iters: 400, epoch: 7 | loss: 0.2307404
	speed: 0.0112s/iter; left time: 1121.1259s
	iters: 500, epoch: 7 | loss: 0.1977735
	speed: 0.0113s/iter; left time: 1123.8283s
	iters: 600, epoch: 7 | loss: 0.2256088
	speed: 0.0117s/iter; left time: 1161.6174s
	iters: 700, epoch: 7 | loss: 0.2038212
	speed: 0.0115s/iter; left time: 1143.3573s
	iters: 800, epoch: 7 | loss: 0.2649570
	speed: 0.0118s/iter; left time: 1171.6439s
	iters: 900, epoch: 7 | loss: 0.2653631
	speed: 0.0114s/iter; left time: 1137.4528s
	iters: 1000, epoch: 7 | loss: 0.2182882
	speed: 0.0115s/iter; left time: 1139.1421s
Epoch: 7 cost time: 12.180382251739502
Epoch: 7, Steps: 1067 | Train Loss: 0.2367401 Vali Loss: 0.3706481
EarlyStopping counter: 1 out of 6
Updating learning rate to 7.8125e-06
	iters: 100, epoch: 8 | loss: 0.2679818
	speed: 0.0361s/iter; left time: 3575.4002s
	iters: 200, epoch: 8 | loss: 0.2152169
	speed: 0.0115s/iter; left time: 1137.6885s
	iters: 300, epoch: 8 | loss: 0.2428709
	speed: 0.0112s/iter; left time: 1106.8422s
	iters: 400, epoch: 8 | loss: 0.2180367
	speed: 0.0115s/iter; left time: 1140.2230s
	iters: 500, epoch: 8 | loss: 0.3078538
	speed: 0.0116s/iter; left time: 1142.5155s
	iters: 600, epoch: 8 | loss: 0.2446787
	speed: 0.0114s/iter; left time: 1122.9062s
	iters: 700, epoch: 8 | loss: 0.2450652
	speed: 0.0115s/iter; left time: 1134.3002s
	iters: 800, epoch: 8 | loss: 0.2326375
	speed: 0.0116s/iter; left time: 1139.3624s
	iters: 900, epoch: 8 | loss: 0.2386162
	speed: 0.0115s/iter; left time: 1126.8443s
	iters: 1000, epoch: 8 | loss: 0.2169684
	speed: 0.0114s/iter; left time: 1122.1689s
Epoch: 8 cost time: 12.241357564926147
Epoch: 8, Steps: 1067 | Train Loss: 0.2361436 Vali Loss: 0.3709053
EarlyStopping counter: 2 out of 6
Updating learning rate to 3.90625e-06
	iters: 100, epoch: 9 | loss: 0.2323825
	speed: 0.0356s/iter; left time: 3491.3253s
	iters: 200, epoch: 9 | loss: 0.1994429
	speed: 0.0114s/iter; left time: 1115.2150s
	iters: 300, epoch: 9 | loss: 0.1966444
	speed: 0.0115s/iter; left time: 1125.3858s
	iters: 400, epoch: 9 | loss: 0.2240876
	speed: 0.0112s/iter; left time: 1098.8659s
	iters: 500, epoch: 9 | loss: 0.2598156
	speed: 0.0116s/iter; left time: 1129.5093s
	iters: 600, epoch: 9 | loss: 0.2542333
	speed: 0.0114s/iter; left time: 1115.6752s
	iters: 700, epoch: 9 | loss: 0.2187530
	speed: 0.0113s/iter; left time: 1097.2065s
	iters: 800, epoch: 9 | loss: 0.2048203
	speed: 0.0113s/iter; left time: 1096.3075s
	iters: 900, epoch: 9 | loss: 0.1934811
	speed: 0.0113s/iter; left time: 1103.5396s
	iters: 1000, epoch: 9 | loss: 0.2086729
	speed: 0.0115s/iter; left time: 1120.0895s
Epoch: 9 cost time: 12.144831895828247
Epoch: 9, Steps: 1067 | Train Loss: 0.2359731 Vali Loss: 0.3703071
EarlyStopping counter: 3 out of 6
Updating learning rate to 1.953125e-06
	iters: 100, epoch: 10 | loss: 0.2440951
	speed: 0.0353s/iter; left time: 3426.6893s
	iters: 200, epoch: 10 | loss: 0.2359391
	speed: 0.0118s/iter; left time: 1144.1064s
	iters: 300, epoch: 10 | loss: 0.2083915
	speed: 0.0114s/iter; left time: 1100.3766s
	iters: 400, epoch: 10 | loss: 0.2623470
	speed: 0.0113s/iter; left time: 1093.9281s
	iters: 500, epoch: 10 | loss: 0.2754984
	speed: 0.0117s/iter; left time: 1134.4891s
	iters: 600, epoch: 10 | loss: 0.1957258
	speed: 0.0116s/iter; left time: 1120.6416s
	iters: 700, epoch: 10 | loss: 0.1964511
	speed: 0.0117s/iter; left time: 1124.0461s
	iters: 800, epoch: 10 | loss: 0.2510472
	speed: 0.0113s/iter; left time: 1092.4593s
	iters: 900, epoch: 10 | loss: 0.2164389
	speed: 0.0113s/iter; left time: 1089.2691s
	iters: 1000, epoch: 10 | loss: 0.2320727
	speed: 0.0117s/iter; left time: 1123.8023s
Epoch: 10 cost time: 12.284748315811157
Epoch: 10, Steps: 1067 | Train Loss: 0.2358369 Vali Loss: 0.3704565
EarlyStopping counter: 4 out of 6
Updating learning rate to 9.765625e-07
	iters: 100, epoch: 11 | loss: 0.2171370
	speed: 0.0356s/iter; left time: 3412.5803s
	iters: 200, epoch: 11 | loss: 0.2527568
	speed: 0.0114s/iter; left time: 1090.7126s
	iters: 300, epoch: 11 | loss: 0.3145876
	speed: 0.0114s/iter; left time: 1092.6123s
	iters: 400, epoch: 11 | loss: 0.2196455
	speed: 0.0116s/iter; left time: 1110.6966s
	iters: 500, epoch: 11 | loss: 0.2572652
	speed: 0.0114s/iter; left time: 1089.8181s
	iters: 600, epoch: 11 | loss: 0.2308316
	speed: 0.0115s/iter; left time: 1098.0475s
	iters: 700, epoch: 11 | loss: 0.2698795
	speed: 0.0118s/iter; left time: 1123.1448s
	iters: 800, epoch: 11 | loss: 0.2138886
	speed: 0.0116s/iter; left time: 1103.8469s
	iters: 900, epoch: 11 | loss: 0.1994067
	speed: 0.0115s/iter; left time: 1097.5521s
	iters: 1000, epoch: 11 | loss: 0.2122522
	speed: 0.0117s/iter; left time: 1111.8070s
Epoch: 11 cost time: 12.350124835968018
Epoch: 11, Steps: 1067 | Train Loss: 0.2358406 Vali Loss: 0.3702658
EarlyStopping counter: 5 out of 6
Updating learning rate to 4.8828125e-07
	iters: 100, epoch: 12 | loss: 0.2791328
	speed: 0.0357s/iter; left time: 3387.2197s
	iters: 200, epoch: 12 | loss: 0.2308926
	speed: 0.0114s/iter; left time: 1083.3065s
	iters: 300, epoch: 12 | loss: 0.2131289
	speed: 0.0115s/iter; left time: 1088.9035s
	iters: 400, epoch: 12 | loss: 0.2264954
	speed: 0.0119s/iter; left time: 1122.3430s
	iters: 500, epoch: 12 | loss: 0.1921978
	speed: 0.0118s/iter; left time: 1113.1908s
	iters: 600, epoch: 12 | loss: 0.2345460
	speed: 0.0116s/iter; left time: 1098.7977s
	iters: 700, epoch: 12 | loss: 0.1900917
	speed: 0.0117s/iter; left time: 1105.7422s
	iters: 800, epoch: 12 | loss: 0.2521321
	speed: 0.0117s/iter; left time: 1097.0685s
	iters: 900, epoch: 12 | loss: 0.2103304
	speed: 0.0115s/iter; left time: 1079.1779s
	iters: 1000, epoch: 12 | loss: 0.2364173
	speed: 0.0120s/iter; left time: 1123.8075s
Epoch: 12 cost time: 12.425934791564941
Epoch: 12, Steps: 1067 | Train Loss: 0.2357976 Vali Loss: 0.3702769
EarlyStopping counter: 6 out of 6
Early stopping
VALIDATION_RESULT {"best_epoch": 6, "best_mae": 0.4013636263407828, "best_mse": 0.3700037034700423, "epochs_ran": 12, "metric_version": "element_weighted_v1"}
>>>>>>>test skipped (validation-only run)<<<<<<<<<<<<<<<<<<<<<<<<
Using GPU
Args in experiment:
[1mBasic Config[0m
  Task Name:          long_term_forecast  Is Training:        0                   
  Model ID:           ETTm1_96_96_cmrhm_backbone_ettm1_p96_no_graph_s2021Model:              GraphMambaCMRHM     

[1mData Loader[0m
  Data:               ETTm1               Root Path:          /home/cwh/Time-Series-Library/dataset/ETT-small
  Data Path:          ETTm1.csv           Features:           M                   
  Target:             OT                  Freq:               h                   
  Checkpoints:        /home/cwh/Time-Series-Library/logs/cmrhm_backbone_ablation/checkpoints

[1mForecasting Task[0m
  Seq Len:            336                 Label Len:          48                  
  Pred Len:           96                  Seasonal Patterns:  Monthly             
  Inverse:            0                   

[1mModel Parameters[0m
  Top k:              5                   Num Kernels:        6                   
  Enc In:             7                   Dec In:             7                   
  C Out:              7                   d model:            64                  
  n heads:            8                   e layers:           1                   
  d layers:           1                   d FF:               128                 
  Moving Avg:         25                  Factor:             1                   
  Distil:             1                   Dropout:            0.1                 
  Embed:              timeF               Activation:         gelu                

[1mRun Parameters[0m
  Num Workers:        0                   Itr:                1                   
  Train Epochs:       100                 Batch Size:         32                  
  Patience:           6                   Learning Rate:      0.0005              
  Des:                cmrhm_backbone_ettm1_p96_no_graph_s2021Loss:               MSE                 
  Lradj:              type1               Use Amp:            0                   

[1mGPU[0m
  Use GPU:            1                   GPU:                0                   
  Use Multi GPU:      0                   Devices:            0,1,2,3             

[1mDe-stationary Projector Params[0m
  P Hidden Dims:      128, 128            P Hidden Layers:    2                   

Use GPU: cuda:0
🚀 Lazy Loading: GraphMambaCMRHM ...
>>>>>>>evaluating validation checkpoint : long_term_forecast_ETTm1_96_96_cmrhm_backbone_ettm1_p96_no_graph_s2021_GraphMambaCMRHM_ETTm1_ftM_sl336_ll48_pl96_dm64_nh8_el1_dl1_df128_expand2_dc2_fc1_ebtimeF_dtTrue_cmrhm_backbone_ettm1_p96_no_graph_s2021_0<<<<<<<<<<<<<<<<<<<<<<<<<<<<<<<<<
val 11425
EVALUATION_RESULT {"batches": 358, "cmrhm_intervention": "intact", "elapsed_seconds": 1.8226936170831323, "elements": 7677600, "gate_abs_mean": 0.20024840533733368, "gate_max": 0.25891533493995667, "gate_mean": 0.20024840533733368, "gate_min": 0.13612483441829681, "gate_values": [0.25891533493995667, 0.17429791390895844, 0.25850147008895874, 0.1717868447303772, 0.249834805727005, 0.13612483441829681, 0.15227779746055603], "mae": 0.40136362430961653, "memory_correction_mae": 0.2205723409641779, "memory_correction_rms": 0.34579560512333407, "metric_version": "element_weighted_v1", "milliseconds_per_batch": 5.09132295274618, "mse": 0.3700037023073884, "parameter_count": 995623, "peak_cuda_memory_bytes": 139139072, "split": "val"}
=== w/o Graph | ETTm1-720 ===
Using GPU
Args in experiment:
[1mBasic Config[0m
  Task Name:          long_term_forecast  Is Training:        1                   
  Model ID:           ETTm1_96_720_cmrhm_backbone_ettm1_p720_no_graph_s2021Model:              GraphMambaCMRHM     

[1mData Loader[0m
  Data:               ETTm1               Root Path:          /home/cwh/Time-Series-Library/dataset/ETT-small
  Data Path:          ETTm1.csv           Features:           M                   
  Target:             OT                  Freq:               h                   
  Checkpoints:        /home/cwh/Time-Series-Library/logs/cmrhm_backbone_ablation/checkpoints

[1mForecasting Task[0m
  Seq Len:            336                 Label Len:          48                  
  Pred Len:           720                 Seasonal Patterns:  Monthly             
  Inverse:            0                   

[1mModel Parameters[0m
  Top k:              5                   Num Kernels:        6                   
  Enc In:             7                   Dec In:             7                   
  C Out:              7                   d model:            64                  
  n heads:            8                   e layers:           1                   
  d layers:           1                   d FF:               128                 
  Moving Avg:         25                  Factor:             1                   
  Distil:             1                   Dropout:            0.1                 
  Embed:              timeF               Activation:         gelu                

[1mRun Parameters[0m
  Num Workers:        0                   Itr:                1                   
  Train Epochs:       100                 Batch Size:         32                  
  Patience:           6                   Learning Rate:      0.0005              
  Des:                cmrhm_backbone_ettm1_p720_no_graph_s2021Loss:               MSE                 
  Lradj:              type1               Use Amp:            0                   

[1mGPU[0m
  Use GPU:            1                   GPU:                0                   
  Use Multi GPU:      0                   Devices:            0,1,2,3             

[1mDe-stationary Projector Params[0m
  P Hidden Dims:      128, 128            P Hidden Layers:    2                   

Use GPU: cuda:0
🚀 Lazy Loading: GraphMambaCMRHM ...
>>>>>>>start training : long_term_forecast_ETTm1_96_720_cmrhm_backbone_ettm1_p720_no_graph_s2021_GraphMambaCMRHM_ETTm1_ftM_sl336_ll48_pl720_dm64_nh8_el1_dl1_df128_expand2_dc2_fc1_ebtimeF_dtTrue_cmrhm_backbone_ettm1_p720_no_graph_s2021_0>>>>>>>>>>>>>>>>>>>>>>>>>>
train 33505
val 10801
	iters: 100, epoch: 1 | loss: 0.5672041
	speed: 0.0143s/iter; left time: 1494.9296s
	iters: 200, epoch: 1 | loss: 0.4869956
	speed: 0.0124s/iter; left time: 1298.9345s
	iters: 300, epoch: 1 | loss: 0.4364312
	speed: 0.0123s/iter; left time: 1284.7332s
	iters: 400, epoch: 1 | loss: 0.5770664
	speed: 0.0121s/iter; left time: 1268.0770s
	iters: 500, epoch: 1 | loss: 0.4526038
	speed: 0.0125s/iter; left time: 1304.5267s
	iters: 600, epoch: 1 | loss: 0.4180707
	speed: 0.0124s/iter; left time: 1296.6134s
	iters: 700, epoch: 1 | loss: 0.4036379
	speed: 0.0126s/iter; left time: 1309.0636s
	iters: 800, epoch: 1 | loss: 0.4250318
	speed: 0.0121s/iter; left time: 1254.6848s
	iters: 900, epoch: 1 | loss: 0.3695495
	speed: 0.0120s/iter; left time: 1249.2107s
	iters: 1000, epoch: 1 | loss: 0.3851826
	speed: 0.0124s/iter; left time: 1282.9408s
Epoch: 1 cost time: 13.10310673713684
Epoch: 1, Steps: 1048 | Train Loss: 0.4718371 Vali Loss: 0.9724233
Validation loss decreased (inf --> 0.972423).  Saving model ...
Updating learning rate to 0.0005
	iters: 100, epoch: 2 | loss: 0.4688473
	speed: 0.0352s/iter; left time: 3650.4927s
	iters: 200, epoch: 2 | loss: 0.4936730
	speed: 0.0125s/iter; left time: 1294.8895s
	iters: 300, epoch: 2 | loss: 0.3826384
	speed: 0.0121s/iter; left time: 1256.0511s
	iters: 400, epoch: 2 | loss: 0.4022485
	speed: 0.0123s/iter; left time: 1266.4196s
	iters: 500, epoch: 2 | loss: 0.3685249
	speed: 0.0121s/iter; left time: 1253.0744s
	iters: 600, epoch: 2 | loss: 0.3584236
	speed: 0.0121s/iter; left time: 1245.1994s
	iters: 700, epoch: 2 | loss: 0.4396358
	speed: 0.0120s/iter; left time: 1234.1879s
	iters: 800, epoch: 2 | loss: 0.3989230
	speed: 0.0121s/iter; left time: 1248.9248s
	iters: 900, epoch: 2 | loss: 0.3800015
	speed: 0.0122s/iter; left time: 1257.7856s
	iters: 1000, epoch: 2 | loss: 0.4899143
	speed: 0.0120s/iter; left time: 1233.0128s
Epoch: 2 cost time: 12.740298509597778
Epoch: 2, Steps: 1048 | Train Loss: 0.4161027 Vali Loss: 0.9509677
Validation loss decreased (0.972423 --> 0.950968).  Saving model ...
Updating learning rate to 0.00025
	iters: 100, epoch: 3 | loss: 0.3651797
	speed: 0.0349s/iter; left time: 3584.4939s
	iters: 200, epoch: 3 | loss: 0.3993899
	speed: 0.0119s/iter; left time: 1215.7881s
	iters: 300, epoch: 3 | loss: 0.4268428
	speed: 0.0120s/iter; left time: 1228.3202s
	iters: 400, epoch: 3 | loss: 0.3788531
	speed: 0.0118s/iter; left time: 1204.9953s
	iters: 500, epoch: 3 | loss: 0.3595001
	speed: 0.0120s/iter; left time: 1229.9154s
	iters: 600, epoch: 3 | loss: 0.4210381
	speed: 0.0119s/iter; left time: 1213.3776s
	iters: 700, epoch: 3 | loss: 0.3663445
	speed: 0.0119s/iter; left time: 1211.0552s
	iters: 800, epoch: 3 | loss: 0.4218850
	speed: 0.0121s/iter; left time: 1228.8218s
	iters: 900, epoch: 3 | loss: 0.4733006
	speed: 0.0121s/iter; left time: 1229.1121s
	iters: 1000, epoch: 3 | loss: 0.3884371
	speed: 0.0123s/iter; left time: 1251.7361s
Epoch: 3 cost time: 12.62604546546936
Epoch: 3, Steps: 1048 | Train Loss: 0.4041040 Vali Loss: 0.9373357
Validation loss decreased (0.950968 --> 0.937336).  Saving model ...
Updating learning rate to 0.000125
	iters: 100, epoch: 4 | loss: 0.3904620
	speed: 0.0360s/iter; left time: 3659.0258s
	iters: 200, epoch: 4 | loss: 0.4221039
	speed: 0.0122s/iter; left time: 1240.7422s
	iters: 300, epoch: 4 | loss: 0.3689103
	speed: 0.0121s/iter; left time: 1229.6470s
	iters: 400, epoch: 4 | loss: 0.3999859
	speed: 0.0118s/iter; left time: 1195.1815s
	iters: 500, epoch: 4 | loss: 0.4412511
	speed: 0.0121s/iter; left time: 1224.8383s
	iters: 600, epoch: 4 | loss: 0.3581119
	speed: 0.0125s/iter; left time: 1262.0020s
	iters: 700, epoch: 4 | loss: 0.3974279
	speed: 0.0125s/iter; left time: 1260.2145s
	iters: 800, epoch: 4 | loss: 0.3283083
	speed: 0.0125s/iter; left time: 1263.3552s
	iters: 900, epoch: 4 | loss: 0.3801404
	speed: 0.0128s/iter; left time: 1285.8056s
	iters: 1000, epoch: 4 | loss: 0.3675575
	speed: 0.0126s/iter; left time: 1270.5271s
Epoch: 4 cost time: 12.930728912353516
Epoch: 4, Steps: 1048 | Train Loss: 0.3979599 Vali Loss: 0.9374920
EarlyStopping counter: 1 out of 6
Updating learning rate to 6.25e-05
	iters: 100, epoch: 5 | loss: 0.4516546
	speed: 0.0367s/iter; left time: 3687.5618s
	iters: 200, epoch: 5 | loss: 0.3866937
	speed: 0.0124s/iter; left time: 1246.1834s
	iters: 300, epoch: 5 | loss: 0.3829214
	speed: 0.0125s/iter; left time: 1249.9265s
	iters: 400, epoch: 5 | loss: 0.4550593
	speed: 0.0124s/iter; left time: 1238.1377s
	iters: 500, epoch: 5 | loss: 0.4096080
	speed: 0.0123s/iter; left time: 1229.3671s
	iters: 600, epoch: 5 | loss: 0.3463574
	speed: 0.0124s/iter; left time: 1235.3104s
	iters: 700, epoch: 5 | loss: 0.4052578
	speed: 0.0122s/iter; left time: 1222.9614s
	iters: 800, epoch: 5 | loss: 0.4137796
	speed: 0.0124s/iter; left time: 1233.0146s
	iters: 900, epoch: 5 | loss: 0.5210868
	speed: 0.0122s/iter; left time: 1212.9303s
	iters: 1000, epoch: 5 | loss: 0.3869910
	speed: 0.0125s/iter; left time: 1247.3969s
Epoch: 5 cost time: 12.973228931427002
Epoch: 5, Steps: 1048 | Train Loss: 0.3949702 Vali Loss: 0.9392496
EarlyStopping counter: 2 out of 6
Updating learning rate to 3.125e-05
	iters: 100, epoch: 6 | loss: 0.3965838
	speed: 0.0356s/iter; left time: 3536.8547s
	iters: 200, epoch: 6 | loss: 0.3046817
	speed: 0.0117s/iter; left time: 1161.0934s
	iters: 300, epoch: 6 | loss: 0.3649045
	speed: 0.0119s/iter; left time: 1183.2940s
	iters: 400, epoch: 6 | loss: 0.4138061
	speed: 0.0120s/iter; left time: 1190.1772s
	iters: 500, epoch: 6 | loss: 0.4275587
	speed: 0.0119s/iter; left time: 1174.7705s
	iters: 600, epoch: 6 | loss: 0.4279174
	speed: 0.0117s/iter; left time: 1159.8054s
	iters: 700, epoch: 6 | loss: 0.4157512
	speed: 0.0118s/iter; left time: 1169.5594s
	iters: 800, epoch: 6 | loss: 0.4370612
	speed: 0.0121s/iter; left time: 1197.0294s
	iters: 900, epoch: 6 | loss: 0.3163630
	speed: 0.0121s/iter; left time: 1192.0356s
	iters: 1000, epoch: 6 | loss: 0.4042753
	speed: 0.0119s/iter; left time: 1170.7639s
Epoch: 6 cost time: 12.488312721252441
Epoch: 6, Steps: 1048 | Train Loss: 0.3926780 Vali Loss: 0.9386944
EarlyStopping counter: 3 out of 6
Updating learning rate to 1.5625e-05
	iters: 100, epoch: 7 | loss: 0.3646721
	speed: 0.0339s/iter; left time: 3336.2494s
	iters: 200, epoch: 7 | loss: 0.4889065
	speed: 0.0125s/iter; left time: 1228.4843s
	iters: 300, epoch: 7 | loss: 0.3470208
	speed: 0.0125s/iter; left time: 1226.1208s
	iters: 400, epoch: 7 | loss: 0.4058738
	speed: 0.0123s/iter; left time: 1205.7389s
	iters: 500, epoch: 7 | loss: 0.3868054
	speed: 0.0122s/iter; left time: 1192.3237s
	iters: 600, epoch: 7 | loss: 0.3849573
	speed: 0.0122s/iter; left time: 1194.8610s
	iters: 700, epoch: 7 | loss: 0.3854284
	speed: 0.0122s/iter; left time: 1191.4010s
	iters: 800, epoch: 7 | loss: 0.4155517
	speed: 0.0122s/iter; left time: 1187.7608s
	iters: 900, epoch: 7 | loss: 0.4105698
	speed: 0.0123s/iter; left time: 1204.2602s
	iters: 1000, epoch: 7 | loss: 0.3431868
	speed: 0.0122s/iter; left time: 1184.8752s
Epoch: 7 cost time: 12.807680130004883
Epoch: 7, Steps: 1048 | Train Loss: 0.3916854 Vali Loss: 0.9368570
Validation loss decreased (0.937336 --> 0.936857).  Saving model ...
Updating learning rate to 7.8125e-06
	iters: 100, epoch: 8 | loss: 0.4218487
	speed: 0.0356s/iter; left time: 3466.2661s
	iters: 200, epoch: 8 | loss: 0.4106258
	speed: 0.0121s/iter; left time: 1173.0533s
	iters: 300, epoch: 8 | loss: 0.3605340
	speed: 0.0121s/iter; left time: 1171.1725s
	iters: 400, epoch: 8 | loss: 0.3865116
	speed: 0.0122s/iter; left time: 1184.3497s
	iters: 500, epoch: 8 | loss: 0.3411513
	speed: 0.0121s/iter; left time: 1168.8200s
	iters: 600, epoch: 8 | loss: 0.3269347
	speed: 0.0121s/iter; left time: 1168.4770s
	iters: 700, epoch: 8 | loss: 0.3608093
	speed: 0.0121s/iter; left time: 1166.9934s
	iters: 800, epoch: 8 | loss: 0.3558515
	speed: 0.0123s/iter; left time: 1189.7723s
	iters: 900, epoch: 8 | loss: 0.4629486
	speed: 0.0121s/iter; left time: 1169.0202s
	iters: 1000, epoch: 8 | loss: 0.4146383
	speed: 0.0125s/iter; left time: 1206.7837s
Epoch: 8 cost time: 12.746867179870605
Epoch: 8, Steps: 1048 | Train Loss: 0.3913687 Vali Loss: 0.9371534
EarlyStopping counter: 1 out of 6
Updating learning rate to 3.90625e-06
	iters: 100, epoch: 9 | loss: 0.4384726
	speed: 0.0351s/iter; left time: 3378.7945s
	iters: 200, epoch: 9 | loss: 0.4207832
	speed: 0.0121s/iter; left time: 1166.4335s
	iters: 300, epoch: 9 | loss: 0.3807761
	speed: 0.0119s/iter; left time: 1142.5311s
	iters: 400, epoch: 9 | loss: 0.3999933
	speed: 0.0119s/iter; left time: 1140.3788s
	iters: 500, epoch: 9 | loss: 0.3781962
	speed: 0.0118s/iter; left time: 1135.9518s
	iters: 600, epoch: 9 | loss: 0.3548086
	speed: 0.0119s/iter; left time: 1142.2957s
	iters: 700, epoch: 9 | loss: 0.3881968
	speed: 0.0119s/iter; left time: 1140.3950s
	iters: 800, epoch: 9 | loss: 0.4372289
	speed: 0.0118s/iter; left time: 1129.7403s
	iters: 900, epoch: 9 | loss: 0.4127885
	speed: 0.0117s/iter; left time: 1119.0322s
	iters: 1000, epoch: 9 | loss: 0.4333196
	speed: 0.0119s/iter; left time: 1134.3806s
Epoch: 9 cost time: 12.460990905761719
Epoch: 9, Steps: 1048 | Train Loss: 0.3909868 Vali Loss: 0.9376911
EarlyStopping counter: 2 out of 6
Updating learning rate to 1.953125e-06
	iters: 100, epoch: 10 | loss: 0.3481157
	speed: 0.0357s/iter; left time: 3396.9078s
	iters: 200, epoch: 10 | loss: 0.3575581
	speed: 0.0124s/iter; left time: 1180.3343s
	iters: 300, epoch: 10 | loss: 0.4082389
	speed: 0.0122s/iter; left time: 1164.1239s
	iters: 400, epoch: 10 | loss: 0.3799699
	speed: 0.0124s/iter; left time: 1173.1720s
	iters: 500, epoch: 10 | loss: 0.3587708
	speed: 0.0125s/iter; left time: 1189.2917s
	iters: 600, epoch: 10 | loss: 0.4279884
	speed: 0.0125s/iter; left time: 1183.5110s
	iters: 700, epoch: 10 | loss: 0.3749888
	speed: 0.0125s/iter; left time: 1185.1871s
	iters: 800, epoch: 10 | loss: 0.3223696
	speed: 0.0124s/iter; left time: 1169.8404s
	iters: 900, epoch: 10 | loss: 0.3832667
	speed: 0.0122s/iter; left time: 1148.9967s
	iters: 1000, epoch: 10 | loss: 0.4378715
	speed: 0.0120s/iter; left time: 1128.1066s
Epoch: 10 cost time: 12.928542613983154
Epoch: 10, Steps: 1048 | Train Loss: 0.3904293 Vali Loss: 0.9376101
EarlyStopping counter: 3 out of 6
Updating learning rate to 9.765625e-07
	iters: 100, epoch: 11 | loss: 0.3822589
	speed: 0.0355s/iter; left time: 3341.2510s
	iters: 200, epoch: 11 | loss: 0.3645900
	speed: 0.0122s/iter; left time: 1148.5953s
	iters: 300, epoch: 11 | loss: 0.3963528
	speed: 0.0128s/iter; left time: 1206.2719s
	iters: 400, epoch: 11 | loss: 0.3800607
	speed: 0.0123s/iter; left time: 1154.0684s
	iters: 500, epoch: 11 | loss: 0.4140632
	speed: 0.0122s/iter; left time: 1143.7975s
	iters: 600, epoch: 11 | loss: 0.3627845
	speed: 0.0121s/iter; left time: 1133.8845s
	iters: 700, epoch: 11 | loss: 0.3736340
	speed: 0.0123s/iter; left time: 1152.6033s
	iters: 800, epoch: 11 | loss: 0.3857745
	speed: 0.0123s/iter; left time: 1148.5792s
	iters: 900, epoch: 11 | loss: 0.3602773
	speed: 0.0123s/iter; left time: 1146.7107s
	iters: 1000, epoch: 11 | loss: 0.4352481
	speed: 0.0121s/iter; left time: 1131.3190s
Epoch: 11 cost time: 12.845127582550049
Epoch: 11, Steps: 1048 | Train Loss: 0.3904693 Vali Loss: 0.9373695
EarlyStopping counter: 4 out of 6
Updating learning rate to 4.8828125e-07
	iters: 100, epoch: 12 | loss: 0.4052783
	speed: 0.0345s/iter; left time: 3214.0602s
	iters: 200, epoch: 12 | loss: 0.5055684
	speed: 0.0122s/iter; left time: 1139.7203s
	iters: 300, epoch: 12 | loss: 0.4248517
	speed: 0.0122s/iter; left time: 1130.9652s
	iters: 400, epoch: 12 | loss: 0.3987182
	speed: 0.0119s/iter; left time: 1103.7878s
	iters: 500, epoch: 12 | loss: 0.4085789
	speed: 0.0122s/iter; left time: 1133.1520s
	iters: 600, epoch: 12 | loss: 0.4321728
	speed: 0.0124s/iter; left time: 1144.9595s
	iters: 700, epoch: 12 | loss: 0.3967859
	speed: 0.0123s/iter; left time: 1142.3364s
	iters: 800, epoch: 12 | loss: 0.3985662
	speed: 0.0121s/iter; left time: 1116.2243s
	iters: 900, epoch: 12 | loss: 0.4009742
	speed: 0.0120s/iter; left time: 1108.1503s
	iters: 1000, epoch: 12 | loss: 0.3726109
	speed: 0.0119s/iter; left time: 1099.9038s
Epoch: 12 cost time: 12.692939043045044
Epoch: 12, Steps: 1048 | Train Loss: 0.3904765 Vali Loss: 0.9374549
EarlyStopping counter: 5 out of 6
Updating learning rate to 2.44140625e-07
	iters: 100, epoch: 13 | loss: 0.4582175
	speed: 0.0356s/iter; left time: 3278.2631s
	iters: 200, epoch: 13 | loss: 0.4091048
	speed: 0.0123s/iter; left time: 1127.3737s
	iters: 300, epoch: 13 | loss: 0.3737381
	speed: 0.0121s/iter; left time: 1108.1111s
	iters: 400, epoch: 13 | loss: 0.3678595
	speed: 0.0123s/iter; left time: 1130.4561s
	iters: 500, epoch: 13 | loss: 0.3342652
	speed: 0.0122s/iter; left time: 1118.6737s
	iters: 600, epoch: 13 | loss: 0.3809632
	speed: 0.0120s/iter; left time: 1097.1255s
	iters: 700, epoch: 13 | loss: 0.5433481
	speed: 0.0121s/iter; left time: 1105.3546s
	iters: 800, epoch: 13 | loss: 0.4448230
	speed: 0.0121s/iter; left time: 1102.6159s
	iters: 900, epoch: 13 | loss: 0.3640186
	speed: 0.0122s/iter; left time: 1118.7303s
	iters: 1000, epoch: 13 | loss: 0.4169566
	speed: 0.0121s/iter; left time: 1107.1261s
Epoch: 13 cost time: 12.77224087715149
Epoch: 13, Steps: 1048 | Train Loss: 0.3915401 Vali Loss: 0.9374486
EarlyStopping counter: 6 out of 6
Early stopping
VALIDATION_RESULT {"best_epoch": 7, "best_mae": 0.6395020629852853, "best_mse": 0.9368569604101362, "epochs_ran": 13, "metric_version": "element_weighted_v1"}
>>>>>>>test skipped (validation-only run)<<<<<<<<<<<<<<<<<<<<<<<<
Using GPU
Args in experiment:
[1mBasic Config[0m
  Task Name:          long_term_forecast  Is Training:        0                   
  Model ID:           ETTm1_96_720_cmrhm_backbone_ettm1_p720_no_graph_s2021Model:              GraphMambaCMRHM     

[1mData Loader[0m
  Data:               ETTm1               Root Path:          /home/cwh/Time-Series-Library/dataset/ETT-small
  Data Path:          ETTm1.csv           Features:           M                   
  Target:             OT                  Freq:               h                   
  Checkpoints:        /home/cwh/Time-Series-Library/logs/cmrhm_backbone_ablation/checkpoints

[1mForecasting Task[0m
  Seq Len:            336                 Label Len:          48                  
  Pred Len:           720                 Seasonal Patterns:  Monthly             
  Inverse:            0                   

[1mModel Parameters[0m
  Top k:              5                   Num Kernels:        6                   
  Enc In:             7                   Dec In:             7                   
  C Out:              7                   d model:            64                  
  n heads:            8                   e layers:           1                   
  d layers:           1                   d FF:               128                 
  Moving Avg:         25                  Factor:             1                   
  Distil:             1                   Dropout:            0.1                 
  Embed:              timeF               Activation:         gelu                

[1mRun Parameters[0m
  Num Workers:        0                   Itr:                1                   
  Train Epochs:       100                 Batch Size:         32                  
  Patience:           6                   Learning Rate:      0.0005              
  Des:                cmrhm_backbone_ettm1_p720_no_graph_s2021Loss:               MSE                 
  Lradj:              type1               Use Amp:            0                   

[1mGPU[0m
  Use GPU:            1                   GPU:                0                   
  Use Multi GPU:      0                   Devices:            0,1,2,3             

[1mDe-stationary Projector Params[0m
  P Hidden Dims:      128, 128            P Hidden Layers:    2                   

Use GPU: cuda:0
🚀 Lazy Loading: GraphMambaCMRHM ...
>>>>>>>evaluating validation checkpoint : long_term_forecast_ETTm1_96_720_cmrhm_backbone_ettm1_p720_no_graph_s2021_GraphMambaCMRHM_ETTm1_ftM_sl336_ll48_pl720_dm64_nh8_el1_dl1_df128_expand2_dc2_fc1_ebtimeF_dtTrue_cmrhm_backbone_ettm1_p720_no_graph_s2021_0<<<<<<<<<<<<<<<<<<<<<<<<<<<<<<<<<
val 10801
EVALUATION_RESULT {"batches": 338, "cmrhm_intervention": "intact", "elapsed_seconds": 1.838882981101051, "elements": 54437040, "gate_abs_mean": 0.22105930745601654, "gate_max": -0.15190576016902924, "gate_mean": -0.22105930745601654, "gate_min": -0.28182294964790344, "gate_values": [-0.2764735519886017, -0.2044299691915512, -0.28182294964790344, -0.19307972490787506, -0.18916960060596466, -0.15190576016902924, -0.2505336403846741], "mae": 0.6395020669319318, "memory_correction_mae": 0.2773249731837573, "memory_correction_rms": 0.41727720336959173, "metric_version": "element_weighted_v1", "milliseconds_per_batch": 5.44048219260666, "mse": 0.9368569658636839, "parameter_count": 6827527, "peak_cuda_memory_bytes": 166573056, "split": "val"}
=== w/o Graph | ETTm2-96 ===
Using GPU
Args in experiment:
[1mBasic Config[0m
  Task Name:          long_term_forecast  Is Training:        1                   
  Model ID:           ETTm2_96_96_cmrhm_backbone_ettm2_p96_no_graph_s2021Model:              GraphMambaCMRHM     

[1mData Loader[0m
  Data:               ETTm2               Root Path:          /home/cwh/Time-Series-Library/dataset/ETT-small
  Data Path:          ETTm2.csv           Features:           M                   
  Target:             OT                  Freq:               h                   
  Checkpoints:        /home/cwh/Time-Series-Library/logs/cmrhm_backbone_ablation/checkpoints

[1mForecasting Task[0m
  Seq Len:            336                 Label Len:          48                  
  Pred Len:           96                  Seasonal Patterns:  Monthly             
  Inverse:            0                   

[1mModel Parameters[0m
  Top k:              5                   Num Kernels:        6                   
  Enc In:             7                   Dec In:             7                   
  C Out:              7                   d model:            64                  
  n heads:            8                   e layers:           1                   
  d layers:           1                   d FF:               128                 
  Moving Avg:         25                  Factor:             1                   
  Distil:             1                   Dropout:            0.1                 
  Embed:              timeF               Activation:         gelu                

[1mRun Parameters[0m
  Num Workers:        0                   Itr:                1                   
  Train Epochs:       100                 Batch Size:         32                  
  Patience:           6                   Learning Rate:      0.0005              
  Des:                cmrhm_backbone_ettm2_p96_no_graph_s2021Loss:               MSE                 
  Lradj:              type1               Use Amp:            0                   

[1mGPU[0m
  Use GPU:            1                   GPU:                0                   
  Use Multi GPU:      0                   Devices:            0,1,2,3             

[1mDe-stationary Projector Params[0m
  P Hidden Dims:      128, 128            P Hidden Layers:    2                   

Use GPU: cuda:0
🚀 Lazy Loading: GraphMambaCMRHM ...
>>>>>>>start training : long_term_forecast_ETTm2_96_96_cmrhm_backbone_ettm2_p96_no_graph_s2021_GraphMambaCMRHM_ETTm2_ftM_sl336_ll48_pl96_dm64_nh8_el1_dl1_df128_expand2_dc2_fc1_ebtimeF_dtTrue_cmrhm_backbone_ettm2_p96_no_graph_s2021_0>>>>>>>>>>>>>>>>>>>>>>>>>>
train 34129
val 11425
	iters: 100, epoch: 1 | loss: 0.1861427
	speed: 0.0135s/iter; left time: 1441.7404s
	iters: 200, epoch: 1 | loss: 0.2043738
	speed: 0.0119s/iter; left time: 1270.6705s
	iters: 300, epoch: 1 | loss: 0.3468401
	speed: 0.0117s/iter; left time: 1249.7295s
	iters: 400, epoch: 1 | loss: 0.2457826
	speed: 0.0116s/iter; left time: 1232.6877s
	iters: 500, epoch: 1 | loss: 0.2277205
	speed: 0.0111s/iter; left time: 1182.0862s
	iters: 600, epoch: 1 | loss: 0.1654430
	speed: 0.0114s/iter; left time: 1212.3802s
	iters: 700, epoch: 1 | loss: 0.2882531
	speed: 0.0120s/iter; left time: 1275.6834s
	iters: 800, epoch: 1 | loss: 0.1882260
	speed: 0.0113s/iter; left time: 1201.2598s
	iters: 900, epoch: 1 | loss: 0.1357734
	speed: 0.0115s/iter; left time: 1215.6890s
	iters: 1000, epoch: 1 | loss: 0.3009719
	speed: 0.0117s/iter; left time: 1235.6348s
Epoch: 1 cost time: 12.594144821166992
Epoch: 1, Steps: 1067 | Train Loss: 0.2514087 Vali Loss: 0.1266882
Validation loss decreased (inf --> 0.126688).  Saving model ...
Updating learning rate to 0.0005
	iters: 100, epoch: 2 | loss: 0.4906553
	speed: 0.0362s/iter; left time: 3816.7829s
	iters: 200, epoch: 2 | loss: 0.1323811
	speed: 0.0113s/iter; left time: 1192.3706s
	iters: 300, epoch: 2 | loss: 0.2738872
	speed: 0.0115s/iter; left time: 1206.7390s
	iters: 400, epoch: 2 | loss: 0.1745495
	speed: 0.0113s/iter; left time: 1188.9203s
	iters: 500, epoch: 2 | loss: 0.2152158
	speed: 0.0113s/iter; left time: 1188.2026s
	iters: 600, epoch: 2 | loss: 0.2870594
	speed: 0.0114s/iter; left time: 1201.6343s
	iters: 700, epoch: 2 | loss: 0.2629337
	speed: 0.0115s/iter; left time: 1206.7694s
	iters: 800, epoch: 2 | loss: 0.2883468
	speed: 0.0113s/iter; left time: 1188.1335s
	iters: 900, epoch: 2 | loss: 0.1189221
	speed: 0.0114s/iter; left time: 1195.3146s
	iters: 1000, epoch: 2 | loss: 0.1490173
	speed: 0.0113s/iter; left time: 1186.4858s
Epoch: 2 cost time: 12.160808801651001
Epoch: 2, Steps: 1067 | Train Loss: 0.2072561 Vali Loss: 0.1283257
EarlyStopping counter: 1 out of 6
Updating learning rate to 0.00025
	iters: 100, epoch: 3 | loss: 0.1095333
	speed: 0.0351s/iter; left time: 3662.6594s
	iters: 200, epoch: 3 | loss: 0.1721706
	speed: 0.0115s/iter; left time: 1202.7223s
	iters: 300, epoch: 3 | loss: 0.2229745
	speed: 0.0116s/iter; left time: 1209.8336s
	iters: 400, epoch: 3 | loss: 0.1904062
	speed: 0.0115s/iter; left time: 1194.8398s
	iters: 500, epoch: 3 | loss: 0.2943810
	speed: 0.0112s/iter; left time: 1160.6942s
	iters: 600, epoch: 3 | loss: 0.3440607
	speed: 0.0115s/iter; left time: 1192.9190s
	iters: 700, epoch: 3 | loss: 0.1431511
	speed: 0.0112s/iter; left time: 1166.8213s
	iters: 800, epoch: 3 | loss: 0.1079272
	speed: 0.0113s/iter; left time: 1175.7075s
	iters: 900, epoch: 3 | loss: 0.3663234
	speed: 0.0116s/iter; left time: 1207.5359s
	iters: 1000, epoch: 3 | loss: 0.2328899
	speed: 0.0116s/iter; left time: 1198.5819s
Epoch: 3 cost time: 12.208321332931519
Epoch: 3, Steps: 1067 | Train Loss: 0.1961522 Vali Loss: 0.1258920
Validation loss decreased (0.126688 --> 0.125892).  Saving model ...
Updating learning rate to 0.000125
	iters: 100, epoch: 4 | loss: 0.1006887
	speed: 0.0374s/iter; left time: 3871.0775s
	iters: 200, epoch: 4 | loss: 0.2533185
	speed: 0.0117s/iter; left time: 1205.9460s
	iters: 300, epoch: 4 | loss: 0.1920573
	speed: 0.0119s/iter; left time: 1228.9085s
	iters: 400, epoch: 4 | loss: 0.1756474
	speed: 0.0116s/iter; left time: 1194.7827s
	iters: 500, epoch: 4 | loss: 0.1169279
	speed: 0.0117s/iter; left time: 1200.4760s
	iters: 600, epoch: 4 | loss: 0.1545772
	speed: 0.0115s/iter; left time: 1188.4162s
	iters: 700, epoch: 4 | loss: 0.2308690
	speed: 0.0114s/iter; left time: 1173.3444s
	iters: 800, epoch: 4 | loss: 0.1084890
	speed: 0.0115s/iter; left time: 1178.2316s
	iters: 900, epoch: 4 | loss: 0.3593841
	speed: 0.0115s/iter; left time: 1181.9463s
	iters: 1000, epoch: 4 | loss: 0.1315695
	speed: 0.0118s/iter; left time: 1208.7799s
Epoch: 4 cost time: 12.412046194076538
Epoch: 4, Steps: 1067 | Train Loss: 0.1917732 Vali Loss: 0.1287817
EarlyStopping counter: 1 out of 6
Updating learning rate to 6.25e-05
	iters: 100, epoch: 5 | loss: 0.1505593
	speed: 0.0367s/iter; left time: 3756.3812s
	iters: 200, epoch: 5 | loss: 0.1217814
	speed: 0.0114s/iter; left time: 1161.7075s
	iters: 300, epoch: 5 | loss: 0.1665956
	speed: 0.0114s/iter; left time: 1161.2623s
	iters: 400, epoch: 5 | loss: 0.2352787
	speed: 0.0113s/iter; left time: 1152.5889s
	iters: 500, epoch: 5 | loss: 0.2286936
	speed: 0.0115s/iter; left time: 1172.5271s
	iters: 600, epoch: 5 | loss: 0.1113467
	speed: 0.0113s/iter; left time: 1153.6787s
	iters: 700, epoch: 5 | loss: 0.1323790
	speed: 0.0114s/iter; left time: 1160.6380s
	iters: 800, epoch: 5 | loss: 0.1395298
	speed: 0.0116s/iter; left time: 1174.7162s
	iters: 900, epoch: 5 | loss: 0.3498515
	speed: 0.0111s/iter; left time: 1128.3319s
	iters: 1000, epoch: 5 | loss: 0.1308144
	speed: 0.0115s/iter; left time: 1163.5667s
Epoch: 5 cost time: 12.21931529045105
Epoch: 5, Steps: 1067 | Train Loss: 0.1890766 Vali Loss: 0.1262152
EarlyStopping counter: 2 out of 6
Updating learning rate to 3.125e-05
	iters: 100, epoch: 6 | loss: 0.1637300
	speed: 0.0360s/iter; left time: 3645.0875s
	iters: 200, epoch: 6 | loss: 0.4215992
	speed: 0.0115s/iter; left time: 1164.0386s
	iters: 300, epoch: 6 | loss: 0.1899504
	speed: 0.0117s/iter; left time: 1184.6200s
	iters: 400, epoch: 6 | loss: 0.2084590
	speed: 0.0118s/iter; left time: 1190.4646s
	iters: 500, epoch: 6 | loss: 0.3377517
	speed: 0.0118s/iter; left time: 1187.0438s
	iters: 600, epoch: 6 | loss: 0.1558958
	speed: 0.0117s/iter; left time: 1178.6288s
	iters: 700, epoch: 6 | loss: 0.3305370
	speed: 0.0118s/iter; left time: 1183.5431s
	iters: 800, epoch: 6 | loss: 0.1580953
	speed: 0.0117s/iter; left time: 1175.8965s
	iters: 900, epoch: 6 | loss: 0.3419977
	speed: 0.0119s/iter; left time: 1196.0039s
	iters: 1000, epoch: 6 | loss: 0.1351843
	speed: 0.0121s/iter; left time: 1217.0833s
Epoch: 6 cost time: 12.526023149490356
Epoch: 6, Steps: 1067 | Train Loss: 0.1877778 Vali Loss: 0.1284498
EarlyStopping counter: 3 out of 6
Updating learning rate to 1.5625e-05
	iters: 100, epoch: 7 | loss: 0.1878423
	speed: 0.0367s/iter; left time: 3675.3712s
	iters: 200, epoch: 7 | loss: 0.1476297
	speed: 0.0119s/iter; left time: 1191.1228s
	iters: 300, epoch: 7 | loss: 0.2507184
	speed: 0.0117s/iter; left time: 1170.6905s
	iters: 400, epoch: 7 | loss: 0.1660855
	speed: 0.0121s/iter; left time: 1205.4897s
	iters: 500, epoch: 7 | loss: 0.2796477
	speed: 0.0119s/iter; left time: 1184.3779s
	iters: 600, epoch: 7 | loss: 0.1111862
	speed: 0.0116s/iter; left time: 1155.6399s
	iters: 700, epoch: 7 | loss: 0.1961254
	speed: 0.0115s/iter; left time: 1141.5403s
	iters: 800, epoch: 7 | loss: 0.1499927
	speed: 0.0119s/iter; left time: 1179.4958s
	iters: 900, epoch: 7 | loss: 0.2857594
	speed: 0.0118s/iter; left time: 1177.2598s
	iters: 1000, epoch: 7 | loss: 0.2704630
	speed: 0.0118s/iter; left time: 1173.2543s
Epoch: 7 cost time: 12.584052324295044
Epoch: 7, Steps: 1067 | Train Loss: 0.1867762 Vali Loss: 0.1282891
EarlyStopping counter: 4 out of 6
Updating learning rate to 7.8125e-06
	iters: 100, epoch: 8 | loss: 0.1234510
	speed: 0.0370s/iter; left time: 3666.5848s
	iters: 200, epoch: 8 | loss: 0.2917202
	speed: 0.0121s/iter; left time: 1199.9308s
	iters: 300, epoch: 8 | loss: 0.1997199
	speed: 0.0119s/iter; left time: 1172.6031s
	iters: 400, epoch: 8 | loss: 0.3018884
	speed: 0.0116s/iter; left time: 1142.3974s
	iters: 500, epoch: 8 | loss: 0.2153467
	speed: 0.0119s/iter; left time: 1174.0550s
	iters: 600, epoch: 8 | loss: 0.1569923
	speed: 0.0117s/iter; left time: 1154.3938s
	iters: 700, epoch: 8 | loss: 0.1630861
	speed: 0.0118s/iter; left time: 1167.1395s
	iters: 800, epoch: 8 | loss: 0.1735512
	speed: 0.0120s/iter; left time: 1181.9740s
	iters: 900, epoch: 8 | loss: 0.1484862
	speed: 0.0119s/iter; left time: 1167.4853s
	iters: 1000, epoch: 8 | loss: 0.1429158
	speed: 0.0116s/iter; left time: 1141.3616s
Epoch: 8 cost time: 12.62386155128479
Epoch: 8, Steps: 1067 | Train Loss: 0.1863546 Vali Loss: 0.1276318
EarlyStopping counter: 5 out of 6
Updating learning rate to 3.90625e-06
	iters: 100, epoch: 9 | loss: 0.1046414
	speed: 0.0371s/iter; left time: 3637.9833s
	iters: 200, epoch: 9 | loss: 0.1705417
	speed: 0.0119s/iter; left time: 1170.5102s
	iters: 300, epoch: 9 | loss: 0.2174822
	speed: 0.0121s/iter; left time: 1182.2416s
	iters: 400, epoch: 9 | loss: 0.1823516
	speed: 0.0120s/iter; left time: 1173.1835s
	iters: 500, epoch: 9 | loss: 0.1745640
	speed: 0.0116s/iter; left time: 1130.3991s
	iters: 600, epoch: 9 | loss: 0.1129528
	speed: 0.0121s/iter; left time: 1183.6317s
	iters: 700, epoch: 9 | loss: 0.1973482
	speed: 0.0120s/iter; left time: 1173.2283s
	iters: 800, epoch: 9 | loss: 0.1387136
	speed: 0.0120s/iter; left time: 1170.2485s
	iters: 900, epoch: 9 | loss: 0.1985131
	speed: 0.0119s/iter; left time: 1154.7904s
	iters: 1000, epoch: 9 | loss: 0.3510043
	speed: 0.0116s/iter; left time: 1129.4050s
Epoch: 9 cost time: 12.720399379730225
Epoch: 9, Steps: 1067 | Train Loss: 0.1860826 Vali Loss: 0.1278457
EarlyStopping counter: 6 out of 6
Early stopping
VALIDATION_RESULT {"best_epoch": 3, "best_mae": 0.24370032277792408, "best_mse": 0.12589198201227103, "epochs_ran": 9, "metric_version": "element_weighted_v1"}
>>>>>>>test skipped (validation-only run)<<<<<<<<<<<<<<<<<<<<<<<<
Using GPU
Args in experiment:
[1mBasic Config[0m
  Task Name:          long_term_forecast  Is Training:        0                   
  Model ID:           ETTm2_96_96_cmrhm_backbone_ettm2_p96_no_graph_s2021Model:              GraphMambaCMRHM     

[1mData Loader[0m
  Data:               ETTm2               Root Path:          /home/cwh/Time-Series-Library/dataset/ETT-small
  Data Path:          ETTm2.csv           Features:           M                   
  Target:             OT                  Freq:               h                   
  Checkpoints:        /home/cwh/Time-Series-Library/logs/cmrhm_backbone_ablation/checkpoints

[1mForecasting Task[0m
  Seq Len:            336                 Label Len:          48                  
  Pred Len:           96                  Seasonal Patterns:  Monthly             
  Inverse:            0                   

[1mModel Parameters[0m
  Top k:              5                   Num Kernels:        6                   
  Enc In:             7                   Dec In:             7                   
  C Out:              7                   d model:            64                  
  n heads:            8                   e layers:           1                   
  d layers:           1                   d FF:               128                 
  Moving Avg:         25                  Factor:             1                   
  Distil:             1                   Dropout:            0.1                 
  Embed:              timeF               Activation:         gelu                

[1mRun Parameters[0m
  Num Workers:        0                   Itr:                1                   
  Train Epochs:       100                 Batch Size:         32                  
  Patience:           6                   Learning Rate:      0.0005              
  Des:                cmrhm_backbone_ettm2_p96_no_graph_s2021Loss:               MSE                 
  Lradj:              type1               Use Amp:            0                   

[1mGPU[0m
  Use GPU:            1                   GPU:                0                   
  Use Multi GPU:      0                   Devices:            0,1,2,3             

[1mDe-stationary Projector Params[0m
  P Hidden Dims:      128, 128            P Hidden Layers:    2                   

Use GPU: cuda:0
🚀 Lazy Loading: GraphMambaCMRHM ...
>>>>>>>evaluating validation checkpoint : long_term_forecast_ETTm2_96_96_cmrhm_backbone_ettm2_p96_no_graph_s2021_GraphMambaCMRHM_ETTm2_ftM_sl336_ll48_pl96_dm64_nh8_el1_dl1_df128_expand2_dc2_fc1_ebtimeF_dtTrue_cmrhm_backbone_ettm2_p96_no_graph_s2021_0<<<<<<<<<<<<<<<<<<<<<<<<<<<<<<<<<
val 11425
EVALUATION_RESULT {"batches": 358, "cmrhm_intervention": "intact", "elapsed_seconds": 1.7780244429595768, "elements": 7677600, "gate_abs_mean": 0.14197400212287903, "gate_max": 0.022507963702082634, "gate_mean": -0.13554315268993378, "gate_min": -0.22723133862018585, "gate_values": [-0.21589714288711548, -0.22723133862018585, -0.10391413420438766, -0.2225762903690338, -0.0757233202457428, 0.022507963702082634, -0.125967875123024], "mae": 0.2437003209474895, "memory_correction_mae": 0.05677964494068622, "memory_correction_rms": 0.09484963630695914, "metric_version": "element_weighted_v1", "milliseconds_per_batch": 4.9665487233507735, "mse": 0.12589198215139202, "parameter_count": 995623, "peak_cuda_memory_bytes": 139139072, "split": "val"}
=== w/o Graph | ETTm2-720 ===
Using GPU
Args in experiment:
[1mBasic Config[0m
  Task Name:          long_term_forecast  Is Training:        1                   
  Model ID:           ETTm2_96_720_cmrhm_backbone_ettm2_p720_no_graph_s2021Model:              GraphMambaCMRHM     

[1mData Loader[0m
  Data:               ETTm2               Root Path:          /home/cwh/Time-Series-Library/dataset/ETT-small
  Data Path:          ETTm2.csv           Features:           M                   
  Target:             OT                  Freq:               h                   
  Checkpoints:        /home/cwh/Time-Series-Library/logs/cmrhm_backbone_ablation/checkpoints

[1mForecasting Task[0m
  Seq Len:            336                 Label Len:          48                  
  Pred Len:           720                 Seasonal Patterns:  Monthly             
  Inverse:            0                   

[1mModel Parameters[0m
  Top k:              5                   Num Kernels:        6                   
  Enc In:             7                   Dec In:             7                   
  C Out:              7                   d model:            64                  
  n heads:            8                   e layers:           1                   
  d layers:           1                   d FF:               128                 
  Moving Avg:         25                  Factor:             1                   
  Distil:             1                   Dropout:            0.1                 
  Embed:              timeF               Activation:         gelu                

[1mRun Parameters[0m
  Num Workers:        0                   Itr:                1                   
  Train Epochs:       100                 Batch Size:         32                  
  Patience:           6                   Learning Rate:      0.0005              
  Des:                cmrhm_backbone_ettm2_p720_no_graph_s2021Loss:               MSE                 
  Lradj:              type1               Use Amp:            0                   

[1mGPU[0m
  Use GPU:            1                   GPU:                0                   
  Use Multi GPU:      0                   Devices:            0,1,2,3             

[1mDe-stationary Projector Params[0m
  P Hidden Dims:      128, 128            P Hidden Layers:    2                   

Use GPU: cuda:0
🚀 Lazy Loading: GraphMambaCMRHM ...
>>>>>>>start training : long_term_forecast_ETTm2_96_720_cmrhm_backbone_ettm2_p720_no_graph_s2021_GraphMambaCMRHM_ETTm2_ftM_sl336_ll48_pl720_dm64_nh8_el1_dl1_df128_expand2_dc2_fc1_ebtimeF_dtTrue_cmrhm_backbone_ettm2_p720_no_graph_s2021_0>>>>>>>>>>>>>>>>>>>>>>>>>>
train 33505
val 10801
	iters: 100, epoch: 1 | loss: 0.6896276
	speed: 0.0141s/iter; left time: 1475.9212s
	iters: 200, epoch: 1 | loss: 0.6276337
	speed: 0.0122s/iter; left time: 1278.1735s
	iters: 300, epoch: 1 | loss: 0.6257434
	speed: 0.0122s/iter; left time: 1271.4760s
	iters: 400, epoch: 1 | loss: 0.5484295
	speed: 0.0122s/iter; left time: 1273.6875s
	iters: 500, epoch: 1 | loss: 0.5905581
	speed: 0.0125s/iter; left time: 1307.8494s
	iters: 600, epoch: 1 | loss: 0.4585020
	speed: 0.0125s/iter; left time: 1299.2431s
	iters: 700, epoch: 1 | loss: 0.7454735
	speed: 0.0123s/iter; left time: 1275.7445s
	iters: 800, epoch: 1 | loss: 0.7560222
	speed: 0.0124s/iter; left time: 1290.3761s
	iters: 900, epoch: 1 | loss: 0.3477820
	speed: 0.0122s/iter; left time: 1269.3171s
	iters: 1000, epoch: 1 | loss: 0.3279250
	speed: 0.0124s/iter; left time: 1286.5773s
Epoch: 1 cost time: 13.078266620635986
Epoch: 1, Steps: 1048 | Train Loss: 0.5609912 Vali Loss: 0.2766461
Validation loss decreased (inf --> 0.276646).  Saving model ...
Updating learning rate to 0.0005
	iters: 100, epoch: 2 | loss: 0.5583172
	speed: 0.0357s/iter; left time: 3703.4505s
	iters: 200, epoch: 2 | loss: 0.3901249
	speed: 0.0121s/iter; left time: 1253.0765s
	iters: 300, epoch: 2 | loss: 0.3591113
	speed: 0.0123s/iter; left time: 1276.1246s
	iters: 400, epoch: 2 | loss: 0.5875844
	speed: 0.0118s/iter; left time: 1217.0422s
	iters: 500, epoch: 2 | loss: 0.5075367
	speed: 0.0124s/iter; left time: 1276.8974s
	iters: 600, epoch: 2 | loss: 0.5052593
	speed: 0.0121s/iter; left time: 1248.3963s
	iters: 700, epoch: 2 | loss: 0.4924842
	speed: 0.0120s/iter; left time: 1232.4653s
	iters: 800, epoch: 2 | loss: 0.4098188
	speed: 0.0121s/iter; left time: 1240.8042s
	iters: 900, epoch: 2 | loss: 0.5182793
	speed: 0.0123s/iter; left time: 1269.6064s
	iters: 1000, epoch: 2 | loss: 0.3203997
	speed: 0.0124s/iter; left time: 1269.8542s
Epoch: 2 cost time: 12.751028537750244
Epoch: 2, Steps: 1048 | Train Loss: 0.5068389 Vali Loss: 0.2785822
EarlyStopping counter: 1 out of 6
Updating learning rate to 0.00025
	iters: 100, epoch: 3 | loss: 0.5154224
	speed: 0.0353s/iter; left time: 3620.2732s
	iters: 200, epoch: 3 | loss: 0.4633567
	speed: 0.0122s/iter; left time: 1246.4733s
	iters: 300, epoch: 3 | loss: 0.3042624
	speed: 0.0118s/iter; left time: 1208.0045s
	iters: 400, epoch: 3 | loss: 0.3932810
	speed: 0.0119s/iter; left time: 1216.7034s
	iters: 500, epoch: 3 | loss: 0.5681375
	speed: 0.0121s/iter; left time: 1232.0807s
	iters: 600, epoch: 3 | loss: 0.3338781
	speed: 0.0121s/iter; left time: 1230.9981s
	iters: 700, epoch: 3 | loss: 0.3306938
	speed: 0.0120s/iter; left time: 1224.2023s
	iters: 800, epoch: 3 | loss: 0.3463635
	speed: 0.0118s/iter; left time: 1204.9597s
	iters: 900, epoch: 3 | loss: 0.4785474
	speed: 0.0119s/iter; left time: 1209.8507s
	iters: 1000, epoch: 3 | loss: 0.3972493
	speed: 0.0119s/iter; left time: 1206.3026s
Epoch: 3 cost time: 12.567596912384033
Epoch: 3, Steps: 1048 | Train Loss: 0.4849190 Vali Loss: 0.2927962
EarlyStopping counter: 2 out of 6
Updating learning rate to 0.000125
	iters: 100, epoch: 4 | loss: 0.4522717
	speed: 0.0348s/iter; left time: 3530.5093s
	iters: 200, epoch: 4 | loss: 0.4791561
	speed: 0.0122s/iter; left time: 1239.6245s
	iters: 300, epoch: 4 | loss: 0.5222284
	speed: 0.0119s/iter; left time: 1205.5851s
	iters: 400, epoch: 4 | loss: 0.3659698
	speed: 0.0119s/iter; left time: 1209.2642s
	iters: 500, epoch: 4 | loss: 0.5301972
	speed: 0.0118s/iter; left time: 1194.9871s
	iters: 600, epoch: 4 | loss: 0.2639670
	speed: 0.0120s/iter; left time: 1214.1557s
	iters: 700, epoch: 4 | loss: 0.4306740
	speed: 0.0120s/iter; left time: 1208.7184s
	iters: 800, epoch: 4 | loss: 0.6762167
	speed: 0.0118s/iter; left time: 1187.9326s
	iters: 900, epoch: 4 | loss: 0.6957913
	speed: 0.0119s/iter; left time: 1203.3461s
	iters: 1000, epoch: 4 | loss: 0.5257627
	speed: 0.0120s/iter; left time: 1204.2519s
Epoch: 4 cost time: 12.53512978553772
Epoch: 4, Steps: 1048 | Train Loss: 0.4745489 Vali Loss: 0.2859216
EarlyStopping counter: 3 out of 6
Updating learning rate to 6.25e-05
	iters: 100, epoch: 5 | loss: 0.4702144
	speed: 0.0354s/iter; left time: 3562.6346s
	iters: 200, epoch: 5 | loss: 0.7235016
	speed: 0.0122s/iter; left time: 1224.7298s
	iters: 300, epoch: 5 | loss: 0.5623960
	speed: 0.0121s/iter; left time: 1212.6324s
	iters: 400, epoch: 5 | loss: 0.4681540
	speed: 0.0122s/iter; left time: 1224.1465s
	iters: 500, epoch: 5 | loss: 0.3221979
	speed: 0.0122s/iter; left time: 1218.2244s
	iters: 600, epoch: 5 | loss: 0.7938079
	speed: 0.0120s/iter; left time: 1196.0667s
	iters: 700, epoch: 5 | loss: 0.3726942
	speed: 0.0121s/iter; left time: 1212.4772s
	iters: 800, epoch: 5 | loss: 0.4746940
	speed: 0.0123s/iter; left time: 1227.2912s
	iters: 900, epoch: 5 | loss: 0.4911867
	speed: 0.0120s/iter; left time: 1195.5888s
	iters: 1000, epoch: 5 | loss: 0.3928923
	speed: 0.0121s/iter; left time: 1203.2802s
Epoch: 5 cost time: 12.715789556503296
Epoch: 5, Steps: 1048 | Train Loss: 0.4701973 Vali Loss: 0.2890548
EarlyStopping counter: 4 out of 6
Updating learning rate to 3.125e-05
	iters: 100, epoch: 6 | loss: 0.5818150
	speed: 0.0350s/iter; left time: 3478.6930s
	iters: 200, epoch: 6 | loss: 0.6003869
	speed: 0.0119s/iter; left time: 1184.1985s
	iters: 300, epoch: 6 | loss: 0.6318839
	speed: 0.0125s/iter; left time: 1240.1344s
	iters: 400, epoch: 6 | loss: 0.7579187
	speed: 0.0120s/iter; left time: 1192.1106s
	iters: 500, epoch: 6 | loss: 0.5296296
	speed: 0.0119s/iter; left time: 1180.4384s
	iters: 600, epoch: 6 | loss: 0.4561364
	speed: 0.0120s/iter; left time: 1192.3648s
	iters: 700, epoch: 6 | loss: 0.5949841
	speed: 0.0118s/iter; left time: 1171.4446s
	iters: 800, epoch: 6 | loss: 0.4836159
	speed: 0.0118s/iter; left time: 1160.8166s
	iters: 900, epoch: 6 | loss: 0.3455624
	speed: 0.0119s/iter; left time: 1170.5446s
	iters: 1000, epoch: 6 | loss: 0.3222387
	speed: 0.0121s/iter; left time: 1193.4193s
Epoch: 6 cost time: 12.574325323104858
Epoch: 6, Steps: 1048 | Train Loss: 0.4665732 Vali Loss: 0.2852344
EarlyStopping counter: 5 out of 6
Updating learning rate to 1.5625e-05
	iters: 100, epoch: 7 | loss: 0.3653848
	speed: 0.0350s/iter; left time: 3447.1772s
	iters: 200, epoch: 7 | loss: 0.4493018
	speed: 0.0121s/iter; left time: 1191.8436s
	iters: 300, epoch: 7 | loss: 0.2776986
	speed: 0.0118s/iter; left time: 1159.7503s
	iters: 400, epoch: 7 | loss: 0.2606826
	speed: 0.0119s/iter; left time: 1164.3249s
	iters: 500, epoch: 7 | loss: 0.3942791
	speed: 0.0119s/iter; left time: 1169.8822s
	iters: 600, epoch: 7 | loss: 0.3907479
	speed: 0.0120s/iter; left time: 1176.7732s
	iters: 700, epoch: 7 | loss: 0.4153442
	speed: 0.0125s/iter; left time: 1222.9270s
	iters: 800, epoch: 7 | loss: 0.4607133
	speed: 0.0120s/iter; left time: 1176.5824s
	iters: 900, epoch: 7 | loss: 0.2231261
	speed: 0.0122s/iter; left time: 1189.0738s
	iters: 1000, epoch: 7 | loss: 0.3157724
	speed: 0.0122s/iter; left time: 1194.1001s
Epoch: 7 cost time: 12.658961057662964
Epoch: 7, Steps: 1048 | Train Loss: 0.4652468 Vali Loss: 0.2890132
EarlyStopping counter: 6 out of 6
Early stopping
VALIDATION_RESULT {"best_epoch": 1, "best_mae": 0.3582585438810367, "best_mse": 0.2766461174186845, "epochs_ran": 7, "metric_version": "element_weighted_v1"}
>>>>>>>test skipped (validation-only run)<<<<<<<<<<<<<<<<<<<<<<<<
Using GPU
Args in experiment:
[1mBasic Config[0m
  Task Name:          long_term_forecast  Is Training:        0                   
  Model ID:           ETTm2_96_720_cmrhm_backbone_ettm2_p720_no_graph_s2021Model:              GraphMambaCMRHM     

[1mData Loader[0m
  Data:               ETTm2               Root Path:          /home/cwh/Time-Series-Library/dataset/ETT-small
  Data Path:          ETTm2.csv           Features:           M                   
  Target:             OT                  Freq:               h                   
  Checkpoints:        /home/cwh/Time-Series-Library/logs/cmrhm_backbone_ablation/checkpoints

[1mForecasting Task[0m
  Seq Len:            336                 Label Len:          48                  
  Pred Len:           720                 Seasonal Patterns:  Monthly             
  Inverse:            0                   

[1mModel Parameters[0m
  Top k:              5                   Num Kernels:        6                   
  Enc In:             7                   Dec In:             7                   
  C Out:              7                   d model:            64                  
  n heads:            8                   e layers:           1                   
  d layers:           1                   d FF:               128                 
  Moving Avg:         25                  Factor:             1                   
  Distil:             1                   Dropout:            0.1                 
  Embed:              timeF               Activation:         gelu                

[1mRun Parameters[0m
  Num Workers:        0                   Itr:                1                   
  Train Epochs:       100                 Batch Size:         32                  
  Patience:           6                   Learning Rate:      0.0005              
  Des:                cmrhm_backbone_ettm2_p720_no_graph_s2021Loss:               MSE                 
  Lradj:              type1               Use Amp:            0                   

[1mGPU[0m
  Use GPU:            1                   GPU:                0                   
  Use Multi GPU:      0                   Devices:            0,1,2,3             

[1mDe-stationary Projector Params[0m
  P Hidden Dims:      128, 128            P Hidden Layers:    2                   

Use GPU: cuda:0
🚀 Lazy Loading: GraphMambaCMRHM ...
>>>>>>>evaluating validation checkpoint : long_term_forecast_ETTm2_96_720_cmrhm_backbone_ettm2_p720_no_graph_s2021_GraphMambaCMRHM_ETTm2_ftM_sl336_ll48_pl720_dm64_nh8_el1_dl1_df128_expand2_dc2_fc1_ebtimeF_dtTrue_cmrhm_backbone_ettm2_p720_no_graph_s2021_0<<<<<<<<<<<<<<<<<<<<<<<<<<<<<<<<<
val 10801
EVALUATION_RESULT {"batches": 338, "cmrhm_intervention": "intact", "elapsed_seconds": 1.9464800639543682, "elements": 54437040, "gate_abs_mean": 0.10610192269086838, "gate_max": 0.16826558113098145, "gate_mean": 0.10374998301267624, "gate_min": -0.00823180377483368, "gate_values": [0.14789338409900665, 0.16826558113098145, 0.0725877657532692, 0.15897949039936066, 0.03441403806209564, -0.00823180377483368, 0.15234139561653137], "mae": 0.35825854165656323, "memory_correction_mae": 0.09292463992936266, "memory_correction_rms": 0.16082199334929662, "metric_version": "element_weighted_v1", "milliseconds_per_batch": 5.758816757261444, "mse": 0.27664611670111244, "parameter_count": 6827527, "peak_cuda_memory_bytes": 166573056, "split": "val"}
{
  "completed": 20,
  "failures": []
}
