
=== FINAL MATRIX ETTh1-96 ===
Command: /home/cwh/Time-Series-Library/.venv/bin/python -u /home/cwh/Time-Series-Library/run.py --task_name long_term_forecast --is_training 1 --root_path /home/cwh/Time-Series-Library/dataset/ETT-small --data_path ETTh1.csv --model_id ETTh1_336_96_sixds_etth1_p96_s2021 --model GraphMambaCMRHM --seed 2021 --data ETTh1 --features M --target OT --seq_len 336 --label_len 48 --pred_len 96 --enc_in 7 --dec_in 7 --c_out 7 --patch_len 4 --stride 2 --d_model 64 --d_ff 128 --d_state 32 --d_conv 2 --e_layers 1 --expand 2 --mamba_version 1 --mamba_bidirectional 1 --use_graph 1 --use_time_mamba 1 --use_patch 1 --use_decomp 1 --moving_avg 25 --dual_scale_scan_mode auto --periodic_period 24 --periodic_local_patch 4 --periodic_local_stride 2 --periodic_period_stride 12 --periodic_use_adapter 1 --graph_alpha 0.5 --graph_top_k 2 --graph_sample_size 2000 --graph_sample_method uniform --static_graph_mode weighted --graph_cache 1 --dropout 0.1 --batch_size 32 --learning_rate 0.0005 --lradj type1 --train_epochs 100 --patience 6 --num_workers 0 --gpu 0 --des sixds_etth1_p96_s2021 --itr 1 --test_after_train 1
Log: /home/cwh/Time-Series-Library/logs/graphmamba_cmrhm_six_dataset_final/logs/sixds_etth1_p96_s2021.log
Using GPU
Args in experiment:
[1mBasic Config[0m
  Task Name:          long_term_forecast  Is Training:        1                   
  Model ID:           ETTh1_336_96_sixds_etth1_p96_s2021Model:              GraphMambaCMRHM     

[1mData Loader[0m
  Data:               ETTh1               Root Path:          /home/cwh/Time-Series-Library/dataset/ETT-small
  Data Path:          ETTh1.csv           Features:           M                   
  Target:             OT                  Freq:               h                   
  Checkpoints:        ./checkpoints/      

[1mForecasting Task[0m
  Seq Len:            336                 Label Len:          48                  
  Pred Len:           96                  Seasonal Patterns:  Monthly             
  Inverse:            0                   

[1mModel Parameters[0m
  Top k:              5                   Num Kernels:        6                   
  Enc In:             7                   Dec In:             7                   
  C Out:              7                   d model:            64                  
  n heads:            8                   e layers:           1                   
  d layers:           1                   d FF:               128                 
  Moving Avg:         25                  Factor:             1                   
  Distil:             1                   Dropout:            0.1                 
  Embed:              timeF               Activation:         gelu                

[1mRun Parameters[0m
  Num Workers:        0                   Itr:                1                   
  Train Epochs:       100                 Batch Size:         32                  
  Patience:           6                   Learning Rate:      0.0005              
  Des:                sixds_etth1_p96_s2021Loss:               MSE                 
  Lradj:              type1               Use Amp:            0                   

[1mGPU[0m
  Use GPU:            1                   GPU:                0                   
  Use Multi GPU:      0                   Devices:            0,1,2,3             

[1mDe-stationary Projector Params[0m
  P Hidden Dims:      128, 128            P Hidden Layers:    2                   

Use GPU: cuda:0
🚀 Lazy Loading: GraphMambaCMRHM ...
[GraphMamba] Building 7x7 static graph from 2000 training samples
[GraphMamba] Saved static graph: /home/cwh/Time-Series-Library/dataset/ETT-small/ETTh1_adj_train_ETTh1_M_uniform_2000_seed2021.npy
>>>>>>>start training : long_term_forecast_ETTh1_336_96_sixds_etth1_p96_s2021_GraphMambaCMRHM_ETTh1_ftM_sl336_ll48_pl96_dm64_nh8_el1_dl1_df128_expand2_dc2_fc1_ebtimeF_dtTrue_sixds_etth1_p96_s2021_0>>>>>>>>>>>>>>>>>>>>>>>>>>
train 8209
val 2785
	iters: 100, epoch: 1 | loss: 0.3215668
	speed: 0.0151s/iter; left time: 385.6000s
	iters: 200, epoch: 1 | loss: 0.3545729
	speed: 0.0113s/iter; left time: 287.8094s
Epoch: 1 cost time: 3.2586874961853027
Epoch: 1, Steps: 257 | Train Loss: 0.3861150 Vali Loss: 0.6968197
Validation loss decreased (inf --> 0.696820).  Saving model ...
Updating learning rate to 0.0005
	iters: 100, epoch: 2 | loss: 0.3592166
	speed: 0.0211s/iter; left time: 534.9002s
	iters: 200, epoch: 2 | loss: 0.3770219
	speed: 0.0108s/iter; left time: 271.9616s
Epoch: 2 cost time: 2.7364909648895264
Epoch: 2, Steps: 257 | Train Loss: 0.3500841 Vali Loss: 0.6896615
Validation loss decreased (0.696820 --> 0.689661).  Saving model ...
Updating learning rate to 0.00025
	iters: 100, epoch: 3 | loss: 0.2984184
	speed: 0.0203s/iter; left time: 509.7134s
	iters: 200, epoch: 3 | loss: 0.3857658
	speed: 0.0107s/iter; left time: 266.5484s
Epoch: 3 cost time: 2.7407634258270264
Epoch: 3, Steps: 257 | Train Loss: 0.3436114 Vali Loss: 0.6895955
Validation loss decreased (0.689661 --> 0.689596).  Saving model ...
Updating learning rate to 0.000125
	iters: 100, epoch: 4 | loss: 0.3307722
	speed: 0.0213s/iter; left time: 527.8558s
	iters: 200, epoch: 4 | loss: 0.3475483
	speed: 0.0111s/iter; left time: 273.5226s
Epoch: 4 cost time: 2.812983274459839
Epoch: 4, Steps: 257 | Train Loss: 0.3400500 Vali Loss: 0.6801949
Validation loss decreased (0.689596 --> 0.680195).  Saving model ...
Updating learning rate to 6.25e-05
	iters: 100, epoch: 5 | loss: 0.2947963
	speed: 0.0213s/iter; left time: 522.4685s
	iters: 200, epoch: 5 | loss: 0.3108655
	speed: 0.0111s/iter; left time: 271.5077s
Epoch: 5 cost time: 2.843846321105957
Epoch: 5, Steps: 257 | Train Loss: 0.3374823 Vali Loss: 0.6807682
EarlyStopping counter: 1 out of 6
Updating learning rate to 3.125e-05
	iters: 100, epoch: 6 | loss: 0.3482402
	speed: 0.0206s/iter; left time: 499.9327s
	iters: 200, epoch: 6 | loss: 0.3462967
	speed: 0.0108s/iter; left time: 261.8208s
Epoch: 6 cost time: 2.750227689743042
Epoch: 6, Steps: 257 | Train Loss: 0.3360306 Vali Loss: 0.6830599
EarlyStopping counter: 2 out of 6
Updating learning rate to 1.5625e-05
	iters: 100, epoch: 7 | loss: 0.2944459
	speed: 0.0210s/iter; left time: 505.3889s
	iters: 200, epoch: 7 | loss: 0.3419570
	speed: 0.0105s/iter; left time: 251.3080s
Epoch: 7 cost time: 2.791990041732788
Epoch: 7, Steps: 257 | Train Loss: 0.3353790 Vali Loss: 0.6814662
EarlyStopping counter: 3 out of 6
Updating learning rate to 7.8125e-06
	iters: 100, epoch: 8 | loss: 0.3174408
	speed: 0.0209s/iter; left time: 496.3988s
	iters: 200, epoch: 8 | loss: 0.3079130
	speed: 0.0108s/iter; left time: 257.1302s
Epoch: 8 cost time: 2.7634730339050293
Epoch: 8, Steps: 257 | Train Loss: 0.3349126 Vali Loss: 0.6816398
EarlyStopping counter: 4 out of 6
Updating learning rate to 3.90625e-06
	iters: 100, epoch: 9 | loss: 0.3778351
	speed: 0.0213s/iter; left time: 500.4004s
	iters: 200, epoch: 9 | loss: 0.3638336
	speed: 0.0112s/iter; left time: 261.4930s
Epoch: 9 cost time: 2.8420045375823975
Epoch: 9, Steps: 257 | Train Loss: 0.3346988 Vali Loss: 0.6814647
EarlyStopping counter: 5 out of 6
Updating learning rate to 1.953125e-06
	iters: 100, epoch: 10 | loss: 0.3217623
	speed: 0.0213s/iter; left time: 496.2898s
	iters: 200, epoch: 10 | loss: 0.3317999
	speed: 0.0111s/iter; left time: 258.4642s
Epoch: 10 cost time: 2.8665378093719482
Epoch: 10, Steps: 257 | Train Loss: 0.3347086 Vali Loss: 0.6812452
EarlyStopping counter: 6 out of 6
Early stopping
VALIDATION_RESULT {"best_epoch": 4, "best_mae": 0.5484401367460141, "best_mse": 0.680194934457859, "epochs_ran": 10, "metric_version": "element_weighted_v1"}
>>>>>>>testing : long_term_forecast_ETTh1_336_96_sixds_etth1_p96_s2021_GraphMambaCMRHM_ETTh1_ftM_sl336_ll48_pl96_dm64_nh8_el1_dl1_df128_expand2_dc2_fc1_ebtimeF_dtTrue_sixds_etth1_p96_s2021_0<<<<<<<<<<<<<<<<<<<<<<<<<<<<<<<<<
test 2785
test shape: (2785, 96, 7) (2785, 96, 7)
test shape: (2785, 96, 7) (2785, 96, 7)
mse:0.3730880320072174, mae:0.39741504192352295, dtw:Not calculated

=== FINAL MATRIX ETTh1-192 ===
Command: /home/cwh/Time-Series-Library/.venv/bin/python -u /home/cwh/Time-Series-Library/run.py --task_name long_term_forecast --is_training 1 --root_path /home/cwh/Time-Series-Library/dataset/ETT-small --data_path ETTh1.csv --model_id ETTh1_336_192_sixds_etth1_p192_s2021 --model GraphMambaCMRHM --seed 2021 --data ETTh1 --features M --target OT --seq_len 336 --label_len 48 --pred_len 192 --enc_in 7 --dec_in 7 --c_out 7 --patch_len 4 --stride 2 --d_model 64 --d_ff 128 --d_state 32 --d_conv 2 --e_layers 1 --expand 2 --mamba_version 1 --mamba_bidirectional 1 --use_graph 1 --use_time_mamba 1 --use_patch 1 --use_decomp 1 --moving_avg 25 --dual_scale_scan_mode auto --periodic_period 24 --periodic_local_patch 4 --periodic_local_stride 2 --periodic_period_stride 12 --periodic_use_adapter 1 --graph_alpha 0.5 --graph_top_k 2 --graph_sample_size 2000 --graph_sample_method uniform --static_graph_mode weighted --graph_cache 1 --dropout 0.1 --batch_size 32 --learning_rate 0.0005 --lradj type1 --train_epochs 100 --patience 6 --num_workers 0 --gpu 0 --des sixds_etth1_p192_s2021 --itr 1 --test_after_train 1
Log: /home/cwh/Time-Series-Library/logs/graphmamba_cmrhm_six_dataset_final/logs/sixds_etth1_p192_s2021.log
Using GPU
Args in experiment:
[1mBasic Config[0m
  Task Name:          long_term_forecast  Is Training:        1                   
  Model ID:           ETTh1_336_192_sixds_etth1_p192_s2021Model:              GraphMambaCMRHM     

[1mData Loader[0m
  Data:               ETTh1               Root Path:          /home/cwh/Time-Series-Library/dataset/ETT-small
  Data Path:          ETTh1.csv           Features:           M                   
  Target:             OT                  Freq:               h                   
  Checkpoints:        ./checkpoints/      

[1mForecasting Task[0m
  Seq Len:            336                 Label Len:          48                  
  Pred Len:           192                 Seasonal Patterns:  Monthly             
  Inverse:            0                   

[1mModel Parameters[0m
  Top k:              5                   Num Kernels:        6                   
  Enc In:             7                   Dec In:             7                   
  C Out:              7                   d model:            64                  
  n heads:            8                   e layers:           1                   
  d layers:           1                   d FF:               128                 
  Moving Avg:         25                  Factor:             1                   
  Distil:             1                   Dropout:            0.1                 
  Embed:              timeF               Activation:         gelu                

[1mRun Parameters[0m
  Num Workers:        0                   Itr:                1                   
  Train Epochs:       100                 Batch Size:         32                  
  Patience:           6                   Learning Rate:      0.0005              
  Des:                sixds_etth1_p192_s2021Loss:               MSE                 
  Lradj:              type1               Use Amp:            0                   

[1mGPU[0m
  Use GPU:            1                   GPU:                0                   
  Use Multi GPU:      0                   Devices:            0,1,2,3             

[1mDe-stationary Projector Params[0m
  P Hidden Dims:      128, 128            P Hidden Layers:    2                   

Use GPU: cuda:0
🚀 Lazy Loading: GraphMambaCMRHM ...
[GraphMamba] Loaded static graph: /home/cwh/Time-Series-Library/dataset/ETT-small/ETTh1_adj_train_ETTh1_M_uniform_2000_seed2021.npy
>>>>>>>start training : long_term_forecast_ETTh1_336_192_sixds_etth1_p192_s2021_GraphMambaCMRHM_ETTh1_ftM_sl336_ll48_pl192_dm64_nh8_el1_dl1_df128_expand2_dc2_fc1_ebtimeF_dtTrue_sixds_etth1_p192_s2021_0>>>>>>>>>>>>>>>>>>>>>>>>>>
train 8113
val 2689
	iters: 100, epoch: 1 | loss: 0.4626286
	speed: 0.0137s/iter; left time: 347.0235s
	iters: 200, epoch: 1 | loss: 0.4766796
	speed: 0.0112s/iter; left time: 283.4724s
Epoch: 1 cost time: 3.129520893096924
Epoch: 1, Steps: 254 | Train Loss: 0.4460326 Vali Loss: 0.9745386
Validation loss decreased (inf --> 0.974539).  Saving model ...
Updating learning rate to 0.0005
	iters: 100, epoch: 2 | loss: 0.4367129
	speed: 0.0218s/iter; left time: 546.2384s
	iters: 200, epoch: 2 | loss: 0.4067069
	speed: 0.0114s/iter; left time: 284.4240s
Epoch: 2 cost time: 2.8720834255218506
Epoch: 2, Steps: 254 | Train Loss: 0.4051314 Vali Loss: 0.9686941
Validation loss decreased (0.974539 --> 0.968694).  Saving model ...
Updating learning rate to 0.00025
	iters: 100, epoch: 3 | loss: 0.3899275
	speed: 0.0216s/iter; left time: 536.2752s
	iters: 200, epoch: 3 | loss: 0.3469647
	speed: 0.0113s/iter; left time: 278.5724s
Epoch: 3 cost time: 2.88385009765625
Epoch: 3, Steps: 254 | Train Loss: 0.3959399 Vali Loss: 0.9572205
Validation loss decreased (0.968694 --> 0.957220).  Saving model ...
Updating learning rate to 0.000125
	iters: 100, epoch: 4 | loss: 0.3998508
	speed: 0.0216s/iter; left time: 529.8518s
	iters: 200, epoch: 4 | loss: 0.3480891
	speed: 0.0113s/iter; left time: 276.0933s
Epoch: 4 cost time: 2.8951425552368164
Epoch: 4, Steps: 254 | Train Loss: 0.3918330 Vali Loss: 0.9623586
EarlyStopping counter: 1 out of 6
Updating learning rate to 6.25e-05
	iters: 100, epoch: 5 | loss: 0.3429182
	speed: 0.0209s/iter; left time: 508.4016s
	iters: 200, epoch: 5 | loss: 0.4275118
	speed: 0.0113s/iter; left time: 273.0746s
Epoch: 5 cost time: 2.8525729179382324
Epoch: 5, Steps: 254 | Train Loss: 0.3889909 Vali Loss: 0.9627635
EarlyStopping counter: 2 out of 6
Updating learning rate to 3.125e-05
	iters: 100, epoch: 6 | loss: 0.3501019
	speed: 0.0215s/iter; left time: 516.4623s
	iters: 200, epoch: 6 | loss: 0.4383002
	speed: 0.0110s/iter; left time: 262.3730s
Epoch: 6 cost time: 2.8383491039276123
Epoch: 6, Steps: 254 | Train Loss: 0.3877122 Vali Loss: 0.9636796
EarlyStopping counter: 3 out of 6
Updating learning rate to 1.5625e-05
	iters: 100, epoch: 7 | loss: 0.3898987
	speed: 0.0210s/iter; left time: 498.9236s
	iters: 200, epoch: 7 | loss: 0.4587377
	speed: 0.0110s/iter; left time: 259.4647s
Epoch: 7 cost time: 2.776784896850586
Epoch: 7, Steps: 254 | Train Loss: 0.3868670 Vali Loss: 0.9633190
EarlyStopping counter: 4 out of 6
Updating learning rate to 7.8125e-06
	iters: 100, epoch: 8 | loss: 0.3890927
	speed: 0.0211s/iter; left time: 495.6401s
	iters: 200, epoch: 8 | loss: 0.3633704
	speed: 0.0112s/iter; left time: 263.4750s
Epoch: 8 cost time: 2.857473134994507
Epoch: 8, Steps: 254 | Train Loss: 0.3865144 Vali Loss: 0.9631747
EarlyStopping counter: 5 out of 6
Updating learning rate to 3.90625e-06
	iters: 100, epoch: 9 | loss: 0.4092554
	speed: 0.0221s/iter; left time: 515.3982s
	iters: 200, epoch: 9 | loss: 0.3695472
	speed: 0.0113s/iter; left time: 261.4809s
Epoch: 9 cost time: 2.8819591999053955
Epoch: 9, Steps: 254 | Train Loss: 0.3865434 Vali Loss: 0.9629454
EarlyStopping counter: 6 out of 6
Early stopping
VALIDATION_RESULT {"best_epoch": 3, "best_mae": 0.6489601730909809, "best_mse": 0.9572204992194365, "epochs_ran": 9, "metric_version": "element_weighted_v1"}
>>>>>>>testing : long_term_forecast_ETTh1_336_192_sixds_etth1_p192_s2021_GraphMambaCMRHM_ETTh1_ftM_sl336_ll48_pl192_dm64_nh8_el1_dl1_df128_expand2_dc2_fc1_ebtimeF_dtTrue_sixds_etth1_p192_s2021_0<<<<<<<<<<<<<<<<<<<<<<<<<<<<<<<<<
test 2689
test shape: (2689, 192, 7) (2689, 192, 7)
test shape: (2689, 192, 7) (2689, 192, 7)
mse:0.4182927906513214, mae:0.4264770746231079, dtw:Not calculated

=== FINAL MATRIX ETTh1-336 ===
Command: /home/cwh/Time-Series-Library/.venv/bin/python -u /home/cwh/Time-Series-Library/run.py --task_name long_term_forecast --is_training 1 --root_path /home/cwh/Time-Series-Library/dataset/ETT-small --data_path ETTh1.csv --model_id ETTh1_336_336_sixds_etth1_p336_s2021 --model GraphMambaCMRHM --seed 2021 --data ETTh1 --features M --target OT --seq_len 336 --label_len 48 --pred_len 336 --enc_in 7 --dec_in 7 --c_out 7 --patch_len 4 --stride 2 --d_model 64 --d_ff 128 --d_state 32 --d_conv 2 --e_layers 1 --expand 2 --mamba_version 1 --mamba_bidirectional 1 --use_graph 1 --use_time_mamba 1 --use_patch 1 --use_decomp 1 --moving_avg 25 --dual_scale_scan_mode auto --periodic_period 24 --periodic_local_patch 4 --periodic_local_stride 2 --periodic_period_stride 12 --periodic_use_adapter 1 --graph_alpha 0.5 --graph_top_k 2 --graph_sample_size 2000 --graph_sample_method uniform --static_graph_mode weighted --graph_cache 1 --dropout 0.1 --batch_size 32 --learning_rate 0.0005 --lradj type1 --train_epochs 100 --patience 6 --num_workers 0 --gpu 0 --des sixds_etth1_p336_s2021 --itr 1 --test_after_train 1
Log: /home/cwh/Time-Series-Library/logs/graphmamba_cmrhm_six_dataset_final/logs/sixds_etth1_p336_s2021.log
Using GPU
Args in experiment:
[1mBasic Config[0m
  Task Name:          long_term_forecast  Is Training:        1                   
  Model ID:           ETTh1_336_336_sixds_etth1_p336_s2021Model:              GraphMambaCMRHM     

[1mData Loader[0m
  Data:               ETTh1               Root Path:          /home/cwh/Time-Series-Library/dataset/ETT-small
  Data Path:          ETTh1.csv           Features:           M                   
  Target:             OT                  Freq:               h                   
  Checkpoints:        ./checkpoints/      

[1mForecasting Task[0m
  Seq Len:            336                 Label Len:          48                  
  Pred Len:           336                 Seasonal Patterns:  Monthly             
  Inverse:            0                   

[1mModel Parameters[0m
  Top k:              5                   Num Kernels:        6                   
  Enc In:             7                   Dec In:             7                   
  C Out:              7                   d model:            64                  
  n heads:            8                   e layers:           1                   
  d layers:           1                   d FF:               128                 
  Moving Avg:         25                  Factor:             1                   
  Distil:             1                   Dropout:            0.1                 
  Embed:              timeF               Activation:         gelu                

[1mRun Parameters[0m
  Num Workers:        0                   Itr:                1                   
  Train Epochs:       100                 Batch Size:         32                  
  Patience:           6                   Learning Rate:      0.0005              
  Des:                sixds_etth1_p336_s2021Loss:               MSE                 
  Lradj:              type1               Use Amp:            0                   

[1mGPU[0m
  Use GPU:            1                   GPU:                0                   
  Use Multi GPU:      0                   Devices:            0,1,2,3             

[1mDe-stationary Projector Params[0m
  P Hidden Dims:      128, 128            P Hidden Layers:    2                   

Use GPU: cuda:0
🚀 Lazy Loading: GraphMambaCMRHM ...
[GraphMamba] Loaded static graph: /home/cwh/Time-Series-Library/dataset/ETT-small/ETTh1_adj_train_ETTh1_M_uniform_2000_seed2021.npy
>>>>>>>start training : long_term_forecast_ETTh1_336_336_sixds_etth1_p336_s2021_GraphMambaCMRHM_ETTh1_ftM_sl336_ll48_pl336_dm64_nh8_el1_dl1_df128_expand2_dc2_fc1_ebtimeF_dtTrue_sixds_etth1_p336_s2021_0>>>>>>>>>>>>>>>>>>>>>>>>>>
train 7969
val 2545
	iters: 100, epoch: 1 | loss: 0.4566453
	speed: 0.0136s/iter; left time: 338.7487s
	iters: 200, epoch: 1 | loss: 0.4951369
	speed: 0.0120s/iter; left time: 297.0052s
Epoch: 1 cost time: 3.170435905456543
Epoch: 1, Steps: 250 | Train Loss: 0.5044294 Vali Loss: 1.2518369
Validation loss decreased (inf --> 1.251837).  Saving model ...
Updating learning rate to 0.0005
	iters: 100, epoch: 2 | loss: 0.4713390
	speed: 0.0220s/iter; left time: 542.5279s
	iters: 200, epoch: 2 | loss: 0.4348032
	speed: 0.0115s/iter; left time: 282.3872s
Epoch: 2 cost time: 2.9059407711029053
Epoch: 2, Steps: 250 | Train Loss: 0.4625486 Vali Loss: 1.2474950
Validation loss decreased (1.251837 --> 1.247495).  Saving model ...
Updating learning rate to 0.00025
	iters: 100, epoch: 3 | loss: 0.4724973
	speed: 0.0216s/iter; left time: 527.7287s
	iters: 200, epoch: 3 | loss: 0.4670659
	speed: 0.0117s/iter; left time: 285.5107s
Epoch: 3 cost time: 2.9283270835876465
Epoch: 3, Steps: 250 | Train Loss: 0.4531439 Vali Loss: 1.2461872
Validation loss decreased (1.247495 --> 1.246187).  Saving model ...
Updating learning rate to 0.000125
	iters: 100, epoch: 4 | loss: 0.4855833
	speed: 0.0215s/iter; left time: 519.1991s
	iters: 200, epoch: 4 | loss: 0.4518844
	speed: 0.0112s/iter; left time: 268.2112s
Epoch: 4 cost time: 2.867528200149536
Epoch: 4, Steps: 250 | Train Loss: 0.4479591 Vali Loss: 1.2444361
Validation loss decreased (1.246187 --> 1.244436).  Saving model ...
Updating learning rate to 6.25e-05
	iters: 100, epoch: 5 | loss: 0.4693777
	speed: 0.0214s/iter; left time: 511.2055s
	iters: 200, epoch: 5 | loss: 0.4278551
	speed: 0.0118s/iter; left time: 282.0245s
Epoch: 5 cost time: 2.9113850593566895
Epoch: 5, Steps: 250 | Train Loss: 0.4484993 Vali Loss: 1.2447440
EarlyStopping counter: 1 out of 6
Updating learning rate to 3.125e-05
	iters: 100, epoch: 6 | loss: 0.4406654
	speed: 0.0205s/iter; left time: 484.6517s
	iters: 200, epoch: 6 | loss: 0.3587991
	speed: 0.0110s/iter; left time: 259.5650s
Epoch: 6 cost time: 2.75046968460083
Epoch: 6, Steps: 250 | Train Loss: 0.4446717 Vali Loss: 1.2454189
EarlyStopping counter: 2 out of 6
Updating learning rate to 1.5625e-05
	iters: 100, epoch: 7 | loss: 0.4551091
	speed: 0.0207s/iter; left time: 483.5684s
	iters: 200, epoch: 7 | loss: 0.4392154
	speed: 0.0111s/iter; left time: 259.7735s
Epoch: 7 cost time: 2.7968506813049316
Epoch: 7, Steps: 250 | Train Loss: 0.4443225 Vali Loss: 1.2454010
EarlyStopping counter: 3 out of 6
Updating learning rate to 7.8125e-06
	iters: 100, epoch: 8 | loss: 0.4136113
	speed: 0.0207s/iter; left time: 479.1554s
	iters: 200, epoch: 8 | loss: 0.4646408
	speed: 0.0114s/iter; left time: 263.1115s
Epoch: 8 cost time: 2.835314989089966
Epoch: 8, Steps: 250 | Train Loss: 0.4426541 Vali Loss: 1.2459787
EarlyStopping counter: 4 out of 6
Updating learning rate to 3.90625e-06
	iters: 100, epoch: 9 | loss: 0.4641410
	speed: 0.0206s/iter; left time: 472.3105s
	iters: 200, epoch: 9 | loss: 0.4118427
	speed: 0.0117s/iter; left time: 267.3609s
Epoch: 9 cost time: 2.86863112449646
Epoch: 9, Steps: 250 | Train Loss: 0.4426892 Vali Loss: 1.2461909
EarlyStopping counter: 5 out of 6
Updating learning rate to 1.953125e-06
	iters: 100, epoch: 10 | loss: 0.3655558
	speed: 0.0206s/iter; left time: 467.5508s
	iters: 200, epoch: 10 | loss: 0.3498830
	speed: 0.0112s/iter; left time: 251.5121s
Epoch: 10 cost time: 2.7911338806152344
Epoch: 10, Steps: 250 | Train Loss: 0.4427390 Vali Loss: 1.2461204
EarlyStopping counter: 6 out of 6
Early stopping
VALIDATION_RESULT {"best_epoch": 4, "best_mae": 0.7495800832151377, "best_mse": 1.2444361061897746, "epochs_ran": 10, "metric_version": "element_weighted_v1"}
>>>>>>>testing : long_term_forecast_ETTh1_336_336_sixds_etth1_p336_s2021_GraphMambaCMRHM_ETTh1_ftM_sl336_ll48_pl336_dm64_nh8_el1_dl1_df128_expand2_dc2_fc1_ebtimeF_dtTrue_sixds_etth1_p336_s2021_0<<<<<<<<<<<<<<<<<<<<<<<<<<<<<<<<<
test 2545
test shape: (2545, 336, 7) (2545, 336, 7)
test shape: (2545, 336, 7) (2545, 336, 7)
mse:0.45279353857040405, mae:0.44287216663360596, dtw:Not calculated

=== FINAL MATRIX ETTh1-720 ===
Command: /home/cwh/Time-Series-Library/.venv/bin/python -u /home/cwh/Time-Series-Library/run.py --task_name long_term_forecast --is_training 1 --root_path /home/cwh/Time-Series-Library/dataset/ETT-small --data_path ETTh1.csv --model_id ETTh1_336_720_sixds_etth1_p720_s2021 --model GraphMambaCMRHM --seed 2021 --data ETTh1 --features M --target OT --seq_len 336 --label_len 48 --pred_len 720 --enc_in 7 --dec_in 7 --c_out 7 --patch_len 4 --stride 2 --d_model 64 --d_ff 128 --d_state 32 --d_conv 2 --e_layers 1 --expand 2 --mamba_version 1 --mamba_bidirectional 1 --use_graph 1 --use_time_mamba 1 --use_patch 1 --use_decomp 1 --moving_avg 25 --dual_scale_scan_mode auto --periodic_period 24 --periodic_local_patch 4 --periodic_local_stride 2 --periodic_period_stride 12 --periodic_use_adapter 1 --graph_alpha 0.5 --graph_top_k 2 --graph_sample_size 2000 --graph_sample_method uniform --static_graph_mode weighted --graph_cache 1 --dropout 0.1 --batch_size 32 --learning_rate 0.0005 --lradj type1 --train_epochs 100 --patience 6 --num_workers 0 --gpu 0 --des sixds_etth1_p720_s2021 --itr 1 --test_after_train 1
Log: /home/cwh/Time-Series-Library/logs/graphmamba_cmrhm_six_dataset_final/logs/sixds_etth1_p720_s2021.log
Using GPU
Args in experiment:
[1mBasic Config[0m
  Task Name:          long_term_forecast  Is Training:        1                   
  Model ID:           ETTh1_336_720_sixds_etth1_p720_s2021Model:              GraphMambaCMRHM     

[1mData Loader[0m
  Data:               ETTh1               Root Path:          /home/cwh/Time-Series-Library/dataset/ETT-small
  Data Path:          ETTh1.csv           Features:           M                   
  Target:             OT                  Freq:               h                   
  Checkpoints:        ./checkpoints/      

[1mForecasting Task[0m
  Seq Len:            336                 Label Len:          48                  
  Pred Len:           720                 Seasonal Patterns:  Monthly             
  Inverse:            0                   

[1mModel Parameters[0m
  Top k:              5                   Num Kernels:        6                   
  Enc In:             7                   Dec In:             7                   
  C Out:              7                   d model:            64                  
  n heads:            8                   e layers:           1                   
  d layers:           1                   d FF:               128                 
  Moving Avg:         25                  Factor:             1                   
  Distil:             1                   Dropout:            0.1                 
  Embed:              timeF               Activation:         gelu                

[1mRun Parameters[0m
  Num Workers:        0                   Itr:                1                   
  Train Epochs:       100                 Batch Size:         32                  
  Patience:           6                   Learning Rate:      0.0005              
  Des:                sixds_etth1_p720_s2021Loss:               MSE                 
  Lradj:              type1               Use Amp:            0                   

[1mGPU[0m
  Use GPU:            1                   GPU:                0                   
  Use Multi GPU:      0                   Devices:            0,1,2,3             

[1mDe-stationary Projector Params[0m
  P Hidden Dims:      128, 128            P Hidden Layers:    2                   

Use GPU: cuda:0
🚀 Lazy Loading: GraphMambaCMRHM ...
[GraphMamba] Loaded static graph: /home/cwh/Time-Series-Library/dataset/ETT-small/ETTh1_adj_train_ETTh1_M_uniform_2000_seed2021.npy
>>>>>>>start training : long_term_forecast_ETTh1_336_720_sixds_etth1_p720_s2021_GraphMambaCMRHM_ETTh1_ftM_sl336_ll48_pl720_dm64_nh8_el1_dl1_df128_expand2_dc2_fc1_ebtimeF_dtTrue_sixds_etth1_p720_s2021_0>>>>>>>>>>>>>>>>>>>>>>>>>>
train 7585
val 2161
	iters: 100, epoch: 1 | loss: 0.6088279
	speed: 0.0137s/iter; left time: 323.9851s
	iters: 200, epoch: 1 | loss: 0.5557439
	speed: 0.0118s/iter; left time: 277.6702s
Epoch: 1 cost time: 2.9823694229125977
Epoch: 1, Steps: 238 | Train Loss: 0.6240347 Vali Loss: 1.4632099
Validation loss decreased (inf --> 1.463210).  Saving model ...
Updating learning rate to 0.0005
	iters: 100, epoch: 2 | loss: 0.6042253
	speed: 0.0195s/iter; left time: 457.2781s
	iters: 200, epoch: 2 | loss: 0.5938655
	speed: 0.0113s/iter; left time: 263.8901s
Epoch: 2 cost time: 2.7628045082092285
Epoch: 2, Steps: 238 | Train Loss: 0.5750610 Vali Loss: 1.4848003
EarlyStopping counter: 1 out of 6
Updating learning rate to 0.00025
	iters: 100, epoch: 3 | loss: 0.5937481
	speed: 0.0191s/iter; left time: 443.9028s
	iters: 200, epoch: 3 | loss: 0.5450822
	speed: 0.0115s/iter; left time: 264.9055s
Epoch: 3 cost time: 2.731502056121826
Epoch: 3, Steps: 238 | Train Loss: 0.5667043 Vali Loss: 1.4912016
EarlyStopping counter: 2 out of 6
Updating learning rate to 0.000125
	iters: 100, epoch: 4 | loss: 0.5773742
	speed: 0.0188s/iter; left time: 432.1778s
	iters: 200, epoch: 4 | loss: 0.5912880
	speed: 0.0113s/iter; left time: 259.4800s
Epoch: 4 cost time: 2.7060673236846924
Epoch: 4, Steps: 238 | Train Loss: 0.5536799 Vali Loss: 1.5391329
EarlyStopping counter: 3 out of 6
Updating learning rate to 6.25e-05
	iters: 100, epoch: 5 | loss: 0.6176272
	speed: 0.0198s/iter; left time: 449.3026s
	iters: 200, epoch: 5 | loss: 0.5774071
	speed: 0.0114s/iter; left time: 258.8380s
Epoch: 5 cost time: 2.743589162826538
Epoch: 5, Steps: 238 | Train Loss: 0.5495846 Vali Loss: 1.5179453
EarlyStopping counter: 4 out of 6
Updating learning rate to 3.125e-05
	iters: 100, epoch: 6 | loss: 0.4968074
	speed: 0.0189s/iter; left time: 424.7641s
	iters: 200, epoch: 6 | loss: 0.5124856
	speed: 0.0114s/iter; left time: 256.4713s
Epoch: 6 cost time: 2.70957350730896
Epoch: 6, Steps: 238 | Train Loss: 0.5464907 Vali Loss: 1.5258356
EarlyStopping counter: 5 out of 6
Updating learning rate to 1.5625e-05
	iters: 100, epoch: 7 | loss: 0.5580438
	speed: 0.0184s/iter; left time: 410.5459s
	iters: 200, epoch: 7 | loss: 0.5353426
	speed: 0.0112s/iter; left time: 248.6316s
Epoch: 7 cost time: 2.654451370239258
Epoch: 7, Steps: 238 | Train Loss: 0.5464517 Vali Loss: 1.5310948
EarlyStopping counter: 6 out of 6
Early stopping
VALIDATION_RESULT {"best_epoch": 1, "best_mae": 0.8306601201838324, "best_mse": 1.4632098952250574, "epochs_ran": 7, "metric_version": "element_weighted_v1"}
>>>>>>>testing : long_term_forecast_ETTh1_336_720_sixds_etth1_p720_s2021_GraphMambaCMRHM_ETTh1_ftM_sl336_ll48_pl720_dm64_nh8_el1_dl1_df128_expand2_dc2_fc1_ebtimeF_dtTrue_sixds_etth1_p720_s2021_0<<<<<<<<<<<<<<<<<<<<<<<<<<<<<<<<<
test 2161
test shape: (2161, 720, 7) (2161, 720, 7)
test shape: (2161, 720, 7) (2161, 720, 7)
mse:0.4866975247859955, mae:0.47199127078056335, dtw:Not calculated

=== FINAL MATRIX ETTh2-96 ===
Command: /home/cwh/Time-Series-Library/.venv/bin/python -u /home/cwh/Time-Series-Library/run.py --task_name long_term_forecast --is_training 1 --root_path /home/cwh/Time-Series-Library/dataset/ETT-small --data_path ETTh2.csv --model_id ETTh2_336_96_sixds_etth2_p96_s2021 --model GraphMambaCMRHM --seed 2021 --data ETTh2 --features M --target OT --seq_len 336 --label_len 48 --pred_len 96 --enc_in 7 --dec_in 7 --c_out 7 --patch_len 4 --stride 2 --d_model 64 --d_ff 128 --d_state 32 --d_conv 2 --e_layers 1 --expand 2 --mamba_version 1 --mamba_bidirectional 1 --use_graph 1 --use_time_mamba 1 --use_patch 1 --use_decomp 1 --moving_avg 25 --dual_scale_scan_mode auto --periodic_period 24 --periodic_local_patch 4 --periodic_local_stride 2 --periodic_period_stride 12 --periodic_use_adapter 1 --graph_alpha 0.5 --graph_top_k 2 --graph_sample_size 2000 --graph_sample_method uniform --static_graph_mode weighted --graph_cache 1 --dropout 0.1 --batch_size 32 --learning_rate 0.0005 --lradj type1 --train_epochs 100 --patience 6 --num_workers 0 --gpu 0 --des sixds_etth2_p96_s2021 --itr 1 --test_after_train 1
Log: /home/cwh/Time-Series-Library/logs/graphmamba_cmrhm_six_dataset_final/logs/sixds_etth2_p96_s2021.log
Using GPU
Args in experiment:
[1mBasic Config[0m
  Task Name:          long_term_forecast  Is Training:        1                   
  Model ID:           ETTh2_336_96_sixds_etth2_p96_s2021Model:              GraphMambaCMRHM     

[1mData Loader[0m
  Data:               ETTh2               Root Path:          /home/cwh/Time-Series-Library/dataset/ETT-small
  Data Path:          ETTh2.csv           Features:           M                   
  Target:             OT                  Freq:               h                   
  Checkpoints:        ./checkpoints/      

[1mForecasting Task[0m
  Seq Len:            336                 Label Len:          48                  
  Pred Len:           96                  Seasonal Patterns:  Monthly             
  Inverse:            0                   

[1mModel Parameters[0m
  Top k:              5                   Num Kernels:        6                   
  Enc In:             7                   Dec In:             7                   
  C Out:              7                   d model:            64                  
  n heads:            8                   e layers:           1                   
  d layers:           1                   d FF:               128                 
  Moving Avg:         25                  Factor:             1                   
  Distil:             1                   Dropout:            0.1                 
  Embed:              timeF               Activation:         gelu                

[1mRun Parameters[0m
  Num Workers:        0                   Itr:                1                   
  Train Epochs:       100                 Batch Size:         32                  
  Patience:           6                   Learning Rate:      0.0005              
  Des:                sixds_etth2_p96_s2021Loss:               MSE                 
  Lradj:              type1               Use Amp:            0                   

[1mGPU[0m
  Use GPU:            1                   GPU:                0                   
  Use Multi GPU:      0                   Devices:            0,1,2,3             

[1mDe-stationary Projector Params[0m
  P Hidden Dims:      128, 128            P Hidden Layers:    2                   

Use GPU: cuda:0
🚀 Lazy Loading: GraphMambaCMRHM ...
[GraphMamba] Building 7x7 static graph from 2000 training samples
[GraphMamba] Saved static graph: /home/cwh/Time-Series-Library/dataset/ETT-small/ETTh2_adj_train_ETTh2_M_uniform_2000_seed2021.npy
>>>>>>>start training : long_term_forecast_ETTh2_336_96_sixds_etth2_p96_s2021_GraphMambaCMRHM_ETTh2_ftM_sl336_ll48_pl96_dm64_nh8_el1_dl1_df128_expand2_dc2_fc1_ebtimeF_dtTrue_sixds_etth2_p96_s2021_0>>>>>>>>>>>>>>>>>>>>>>>>>>
train 8209
val 2785
	iters: 100, epoch: 1 | loss: 0.4857886
	speed: 0.0132s/iter; left time: 338.0696s
	iters: 200, epoch: 1 | loss: 0.7801806
	speed: 0.0112s/iter; left time: 286.0413s
Epoch: 1 cost time: 3.0795559883117676
Epoch: 1, Steps: 257 | Train Loss: 0.4514358 Vali Loss: 0.2150345
Validation loss decreased (inf --> 0.215034).  Saving model ...
Updating learning rate to 0.0005
	iters: 100, epoch: 2 | loss: 0.2819110
	speed: 0.0214s/iter; left time: 543.0021s
	iters: 200, epoch: 2 | loss: 0.2943820
	speed: 0.0112s/iter; left time: 282.0232s
Epoch: 2 cost time: 2.858166456222534
Epoch: 2, Steps: 257 | Train Loss: 0.3926228 Vali Loss: 0.2263711
EarlyStopping counter: 1 out of 6
Updating learning rate to 0.00025
	iters: 100, epoch: 3 | loss: 0.3922046
	speed: 0.0213s/iter; left time: 534.9434s
	iters: 200, epoch: 3 | loss: 0.2713832
	speed: 0.0114s/iter; left time: 284.1038s
Epoch: 3 cost time: 2.9007437229156494
Epoch: 3, Steps: 257 | Train Loss: 0.3820474 Vali Loss: 0.2301954
EarlyStopping counter: 2 out of 6
Updating learning rate to 0.000125
	iters: 100, epoch: 4 | loss: 0.2145827
	speed: 0.0218s/iter; left time: 541.5146s
	iters: 200, epoch: 4 | loss: 0.2426528
	speed: 0.0114s/iter; left time: 282.2651s
Epoch: 4 cost time: 2.9088351726531982
Epoch: 4, Steps: 257 | Train Loss: 0.3754778 Vali Loss: 0.2311082
EarlyStopping counter: 3 out of 6
Updating learning rate to 6.25e-05
	iters: 100, epoch: 5 | loss: 0.2763766
	speed: 0.0217s/iter; left time: 532.0322s
	iters: 200, epoch: 5 | loss: 0.4585251
	speed: 0.0110s/iter; left time: 269.7810s
Epoch: 5 cost time: 2.846806526184082
Epoch: 5, Steps: 257 | Train Loss: 0.3722861 Vali Loss: 0.2394553
EarlyStopping counter: 4 out of 6
Updating learning rate to 3.125e-05
	iters: 100, epoch: 6 | loss: 0.3144365
	speed: 0.0214s/iter; left time: 519.2214s
	iters: 200, epoch: 6 | loss: 0.4100820
	speed: 0.0114s/iter; left time: 275.0951s
Epoch: 6 cost time: 2.929385185241699
Epoch: 6, Steps: 257 | Train Loss: 0.3703208 Vali Loss: 0.2323426
EarlyStopping counter: 5 out of 6
Updating learning rate to 1.5625e-05
	iters: 100, epoch: 7 | loss: 0.5498056
	speed: 0.0226s/iter; left time: 544.4313s
	iters: 200, epoch: 7 | loss: 0.2261679
	speed: 0.0116s/iter; left time: 277.6942s
Epoch: 7 cost time: 2.9585800170898438
Epoch: 7, Steps: 257 | Train Loss: 0.3691500 Vali Loss: 0.2331998
EarlyStopping counter: 6 out of 6
Early stopping
VALIDATION_RESULT {"best_epoch": 1, "best_mae": 0.32226369858929527, "best_mse": 0.2150344621404436, "epochs_ran": 7, "metric_version": "element_weighted_v1"}
>>>>>>>testing : long_term_forecast_ETTh2_336_96_sixds_etth2_p96_s2021_GraphMambaCMRHM_ETTh2_ftM_sl336_ll48_pl96_dm64_nh8_el1_dl1_df128_expand2_dc2_fc1_ebtimeF_dtTrue_sixds_etth2_p96_s2021_0<<<<<<<<<<<<<<<<<<<<<<<<<<<<<<<<<
test 2785
test shape: (2785, 96, 7) (2785, 96, 7)
test shape: (2785, 96, 7) (2785, 96, 7)
mse:0.28704777359962463, mae:0.34694069623947144, dtw:Not calculated

=== FINAL MATRIX ETTh2-192 ===
Command: /home/cwh/Time-Series-Library/.venv/bin/python -u /home/cwh/Time-Series-Library/run.py --task_name long_term_forecast --is_training 1 --root_path /home/cwh/Time-Series-Library/dataset/ETT-small --data_path ETTh2.csv --model_id ETTh2_336_192_sixds_etth2_p192_s2021 --model GraphMambaCMRHM --seed 2021 --data ETTh2 --features M --target OT --seq_len 336 --label_len 48 --pred_len 192 --enc_in 7 --dec_in 7 --c_out 7 --patch_len 4 --stride 2 --d_model 64 --d_ff 128 --d_state 32 --d_conv 2 --e_layers 1 --expand 2 --mamba_version 1 --mamba_bidirectional 1 --use_graph 1 --use_time_mamba 1 --use_patch 1 --use_decomp 1 --moving_avg 25 --dual_scale_scan_mode auto --periodic_period 24 --periodic_local_patch 4 --periodic_local_stride 2 --periodic_period_stride 12 --periodic_use_adapter 1 --graph_alpha 0.5 --graph_top_k 2 --graph_sample_size 2000 --graph_sample_method uniform --static_graph_mode weighted --graph_cache 1 --dropout 0.1 --batch_size 32 --learning_rate 0.0005 --lradj type1 --train_epochs 100 --patience 6 --num_workers 0 --gpu 0 --des sixds_etth2_p192_s2021 --itr 1 --test_after_train 1
Log: /home/cwh/Time-Series-Library/logs/graphmamba_cmrhm_six_dataset_final/logs/sixds_etth2_p192_s2021.log
Using GPU
Args in experiment:
[1mBasic Config[0m
  Task Name:          long_term_forecast  Is Training:        1                   
  Model ID:           ETTh2_336_192_sixds_etth2_p192_s2021Model:              GraphMambaCMRHM     

[1mData Loader[0m
  Data:               ETTh2               Root Path:          /home/cwh/Time-Series-Library/dataset/ETT-small
  Data Path:          ETTh2.csv           Features:           M                   
  Target:             OT                  Freq:               h                   
  Checkpoints:        ./checkpoints/      

[1mForecasting Task[0m
  Seq Len:            336                 Label Len:          48                  
  Pred Len:           192                 Seasonal Patterns:  Monthly             
  Inverse:            0                   

[1mModel Parameters[0m
  Top k:              5                   Num Kernels:        6                   
  Enc In:             7                   Dec In:             7                   
  C Out:              7                   d model:            64                  
  n heads:            8                   e layers:           1                   
  d layers:           1                   d FF:               128                 
  Moving Avg:         25                  Factor:             1                   
  Distil:             1                   Dropout:            0.1                 
  Embed:              timeF               Activation:         gelu                

[1mRun Parameters[0m
  Num Workers:        0                   Itr:                1                   
  Train Epochs:       100                 Batch Size:         32                  
  Patience:           6                   Learning Rate:      0.0005              
  Des:                sixds_etth2_p192_s2021Loss:               MSE                 
  Lradj:              type1               Use Amp:            0                   

[1mGPU[0m
  Use GPU:            1                   GPU:                0                   
  Use Multi GPU:      0                   Devices:            0,1,2,3             

[1mDe-stationary Projector Params[0m
  P Hidden Dims:      128, 128            P Hidden Layers:    2                   

Use GPU: cuda:0
🚀 Lazy Loading: GraphMambaCMRHM ...
[GraphMamba] Loaded static graph: /home/cwh/Time-Series-Library/dataset/ETT-small/ETTh2_adj_train_ETTh2_M_uniform_2000_seed2021.npy
>>>>>>>start training : long_term_forecast_ETTh2_336_192_sixds_etth2_p192_s2021_GraphMambaCMRHM_ETTh2_ftM_sl336_ll48_pl192_dm64_nh8_el1_dl1_df128_expand2_dc2_fc1_ebtimeF_dtTrue_sixds_etth2_p192_s2021_0>>>>>>>>>>>>>>>>>>>>>>>>>>
train 8113
val 2689
	iters: 100, epoch: 1 | loss: 0.3974986
	speed: 0.0131s/iter; left time: 332.1155s
	iters: 200, epoch: 1 | loss: 0.4320219
	speed: 0.0117s/iter; left time: 295.2724s
Epoch: 1 cost time: 3.0993263721466064
Epoch: 1, Steps: 254 | Train Loss: 0.5685561 Vali Loss: 0.2936171
Validation loss decreased (inf --> 0.293617).  Saving model ...
Updating learning rate to 0.0005
	iters: 100, epoch: 2 | loss: 0.6018586
	speed: 0.0213s/iter; left time: 534.3854s
	iters: 200, epoch: 2 | loss: 0.3589952
	speed: 0.0113s/iter; left time: 281.5353s
Epoch: 2 cost time: 2.8790502548217773
Epoch: 2, Steps: 254 | Train Loss: 0.4994708 Vali Loss: 0.3019151
EarlyStopping counter: 1 out of 6
Updating learning rate to 0.00025
	iters: 100, epoch: 3 | loss: 0.4799079
	speed: 0.0211s/iter; left time: 523.6373s
	iters: 200, epoch: 3 | loss: 0.4224757
	speed: 0.0111s/iter; left time: 274.9272s
Epoch: 3 cost time: 2.824070692062378
Epoch: 3, Steps: 254 | Train Loss: 0.4862348 Vali Loss: 0.2978317
EarlyStopping counter: 2 out of 6
Updating learning rate to 0.000125
	iters: 100, epoch: 4 | loss: 0.6645520
	speed: 0.0207s/iter; left time: 508.1401s
	iters: 200, epoch: 4 | loss: 0.2912517
	speed: 0.0109s/iter; left time: 267.0933s
Epoch: 4 cost time: 2.8255209922790527
Epoch: 4, Steps: 254 | Train Loss: 0.4792731 Vali Loss: 0.2999455
EarlyStopping counter: 3 out of 6
Updating learning rate to 6.25e-05
	iters: 100, epoch: 5 | loss: 0.2520134
	speed: 0.0214s/iter; left time: 518.7949s
	iters: 200, epoch: 5 | loss: 0.4899710
	speed: 0.0112s/iter; left time: 270.3070s
Epoch: 5 cost time: 2.84257435798645
Epoch: 5, Steps: 254 | Train Loss: 0.4764066 Vali Loss: 0.3009983
EarlyStopping counter: 4 out of 6
Updating learning rate to 3.125e-05
	iters: 100, epoch: 6 | loss: 0.3968115
	speed: 0.0220s/iter; left time: 527.6851s
	iters: 200, epoch: 6 | loss: 0.3467618
	speed: 0.0116s/iter; left time: 278.1693s
Epoch: 6 cost time: 2.9360170364379883
Epoch: 6, Steps: 254 | Train Loss: 0.4727744 Vali Loss: 0.2999167
EarlyStopping counter: 5 out of 6
Updating learning rate to 1.5625e-05
	iters: 100, epoch: 7 | loss: 0.5278516
	speed: 0.0217s/iter; left time: 515.8470s
	iters: 200, epoch: 7 | loss: 0.6329867
	speed: 0.0115s/iter; left time: 271.2635s
Epoch: 7 cost time: 2.9417030811309814
Epoch: 7, Steps: 254 | Train Loss: 0.4721613 Vali Loss: 0.2992855
EarlyStopping counter: 6 out of 6
Early stopping
VALIDATION_RESULT {"best_epoch": 1, "best_mae": 0.3721289931350349, "best_mse": 0.29361707061525466, "epochs_ran": 7, "metric_version": "element_weighted_v1"}
>>>>>>>testing : long_term_forecast_ETTh2_336_192_sixds_etth2_p192_s2021_GraphMambaCMRHM_ETTh2_ftM_sl336_ll48_pl192_dm64_nh8_el1_dl1_df128_expand2_dc2_fc1_ebtimeF_dtTrue_sixds_etth2_p192_s2021_0<<<<<<<<<<<<<<<<<<<<<<<<<<<<<<<<<
test 2689
test shape: (2689, 192, 7) (2689, 192, 7)
test shape: (2689, 192, 7) (2689, 192, 7)
mse:0.3351253271102905, mae:0.3790492117404938, dtw:Not calculated

=== FINAL MATRIX ETTh2-336 ===
Command: /home/cwh/Time-Series-Library/.venv/bin/python -u /home/cwh/Time-Series-Library/run.py --task_name long_term_forecast --is_training 1 --root_path /home/cwh/Time-Series-Library/dataset/ETT-small --data_path ETTh2.csv --model_id ETTh2_336_336_sixds_etth2_p336_s2021 --model GraphMambaCMRHM --seed 2021 --data ETTh2 --features M --target OT --seq_len 336 --label_len 48 --pred_len 336 --enc_in 7 --dec_in 7 --c_out 7 --patch_len 4 --stride 2 --d_model 64 --d_ff 128 --d_state 32 --d_conv 2 --e_layers 1 --expand 2 --mamba_version 1 --mamba_bidirectional 1 --use_graph 1 --use_time_mamba 1 --use_patch 1 --use_decomp 1 --moving_avg 25 --dual_scale_scan_mode auto --periodic_period 24 --periodic_local_patch 4 --periodic_local_stride 2 --periodic_period_stride 12 --periodic_use_adapter 1 --graph_alpha 0.5 --graph_top_k 2 --graph_sample_size 2000 --graph_sample_method uniform --static_graph_mode weighted --graph_cache 1 --dropout 0.1 --batch_size 32 --learning_rate 0.0005 --lradj type1 --train_epochs 100 --patience 6 --num_workers 0 --gpu 0 --des sixds_etth2_p336_s2021 --itr 1 --test_after_train 1
Log: /home/cwh/Time-Series-Library/logs/graphmamba_cmrhm_six_dataset_final/logs/sixds_etth2_p336_s2021.log
Using GPU
Args in experiment:
[1mBasic Config[0m
  Task Name:          long_term_forecast  Is Training:        1                   
  Model ID:           ETTh2_336_336_sixds_etth2_p336_s2021Model:              GraphMambaCMRHM     

[1mData Loader[0m
  Data:               ETTh2               Root Path:          /home/cwh/Time-Series-Library/dataset/ETT-small
  Data Path:          ETTh2.csv           Features:           M                   
  Target:             OT                  Freq:               h                   
  Checkpoints:        ./checkpoints/      

[1mForecasting Task[0m
  Seq Len:            336                 Label Len:          48                  
  Pred Len:           336                 Seasonal Patterns:  Monthly             
  Inverse:            0                   

[1mModel Parameters[0m
  Top k:              5                   Num Kernels:        6                   
  Enc In:             7                   Dec In:             7                   
  C Out:              7                   d model:            64                  
  n heads:            8                   e layers:           1                   
  d layers:           1                   d FF:               128                 
  Moving Avg:         25                  Factor:             1                   
  Distil:             1                   Dropout:            0.1                 
  Embed:              timeF               Activation:         gelu                

[1mRun Parameters[0m
  Num Workers:        0                   Itr:                1                   
  Train Epochs:       100                 Batch Size:         32                  
  Patience:           6                   Learning Rate:      0.0005              
  Des:                sixds_etth2_p336_s2021Loss:               MSE                 
  Lradj:              type1               Use Amp:            0                   

[1mGPU[0m
  Use GPU:            1                   GPU:                0                   
  Use Multi GPU:      0                   Devices:            0,1,2,3             

[1mDe-stationary Projector Params[0m
  P Hidden Dims:      128, 128            P Hidden Layers:    2                   

Use GPU: cuda:0
🚀 Lazy Loading: GraphMambaCMRHM ...
[GraphMamba] Loaded static graph: /home/cwh/Time-Series-Library/dataset/ETT-small/ETTh2_adj_train_ETTh2_M_uniform_2000_seed2021.npy
>>>>>>>start training : long_term_forecast_ETTh2_336_336_sixds_etth2_p336_s2021_GraphMambaCMRHM_ETTh2_ftM_sl336_ll48_pl336_dm64_nh8_el1_dl1_df128_expand2_dc2_fc1_ebtimeF_dtTrue_sixds_etth2_p336_s2021_0>>>>>>>>>>>>>>>>>>>>>>>>>>
train 7969
val 2545
	iters: 100, epoch: 1 | loss: 0.5759365
	speed: 0.0133s/iter; left time: 330.4690s
	iters: 200, epoch: 1 | loss: 0.6287287
	speed: 0.0111s/iter; left time: 275.5488s
Epoch: 1 cost time: 3.0039303302764893
Epoch: 1, Steps: 250 | Train Loss: 0.6671066 Vali Loss: 0.3856001
Validation loss decreased (inf --> 0.385600).  Saving model ...
Updating learning rate to 0.0005
	iters: 100, epoch: 2 | loss: 0.5965731
	speed: 0.0206s/iter; left time: 507.1924s
	iters: 200, epoch: 2 | loss: 0.7447957
	speed: 0.0113s/iter; left time: 276.8085s
Epoch: 2 cost time: 2.8195040225982666
Epoch: 2, Steps: 250 | Train Loss: 0.5876773 Vali Loss: 0.3875127
EarlyStopping counter: 1 out of 6
Updating learning rate to 0.00025
	iters: 100, epoch: 3 | loss: 0.4877548
	speed: 0.0209s/iter; left time: 509.3495s
	iters: 200, epoch: 3 | loss: 0.5892127
	speed: 0.0114s/iter; left time: 278.1809s
Epoch: 3 cost time: 2.8635447025299072
Epoch: 3, Steps: 250 | Train Loss: 0.5769043 Vali Loss: 0.4007040
EarlyStopping counter: 2 out of 6
Updating learning rate to 0.000125
	iters: 100, epoch: 4 | loss: 0.5241624
	speed: 0.0207s/iter; left time: 499.7202s
	iters: 200, epoch: 4 | loss: 0.5813074
	speed: 0.0113s/iter; left time: 272.6979s
Epoch: 4 cost time: 2.8203670978546143
Epoch: 4, Steps: 250 | Train Loss: 0.5694921 Vali Loss: 0.3998435
EarlyStopping counter: 3 out of 6
Updating learning rate to 6.25e-05
	iters: 100, epoch: 5 | loss: 0.4640510
	speed: 0.0207s/iter; left time: 495.5388s
	iters: 200, epoch: 5 | loss: 0.8590411
	speed: 0.0110s/iter; left time: 260.7188s
Epoch: 5 cost time: 2.784700870513916
Epoch: 5, Steps: 250 | Train Loss: 0.5673422 Vali Loss: 0.4000493
EarlyStopping counter: 4 out of 6
Updating learning rate to 3.125e-05
	iters: 100, epoch: 6 | loss: 0.4121922
	speed: 0.0213s/iter; left time: 503.5446s
	iters: 200, epoch: 6 | loss: 0.7747732
	speed: 0.0114s/iter; left time: 268.3407s
Epoch: 6 cost time: 2.875612497329712
Epoch: 6, Steps: 250 | Train Loss: 0.5662239 Vali Loss: 0.3947951
EarlyStopping counter: 5 out of 6
Updating learning rate to 1.5625e-05
	iters: 100, epoch: 7 | loss: 0.4408346
	speed: 0.0210s/iter; left time: 491.0700s
	iters: 200, epoch: 7 | loss: 0.6580200
	speed: 0.0117s/iter; left time: 273.7681s
Epoch: 7 cost time: 2.897761106491089
Epoch: 7, Steps: 250 | Train Loss: 0.5633181 Vali Loss: 0.3989315
EarlyStopping counter: 6 out of 6
Early stopping
VALIDATION_RESULT {"best_epoch": 1, "best_mae": 0.42748118371857585, "best_mse": 0.38560007052842626, "epochs_ran": 7, "metric_version": "element_weighted_v1"}
>>>>>>>testing : long_term_forecast_ETTh2_336_336_sixds_etth2_p336_s2021_GraphMambaCMRHM_ETTh2_ftM_sl336_ll48_pl336_dm64_nh8_el1_dl1_df128_expand2_dc2_fc1_ebtimeF_dtTrue_sixds_etth2_p336_s2021_0<<<<<<<<<<<<<<<<<<<<<<<<<<<<<<<<<
test 2545
test shape: (2545, 336, 7) (2545, 336, 7)
test shape: (2545, 336, 7) (2545, 336, 7)
mse:0.3636535108089447, mae:0.40384748578071594, dtw:Not calculated

=== FINAL MATRIX ETTh2-720 ===
Command: /home/cwh/Time-Series-Library/.venv/bin/python -u /home/cwh/Time-Series-Library/run.py --task_name long_term_forecast --is_training 1 --root_path /home/cwh/Time-Series-Library/dataset/ETT-small --data_path ETTh2.csv --model_id ETTh2_336_720_sixds_etth2_p720_s2021 --model GraphMambaCMRHM --seed 2021 --data ETTh2 --features M --target OT --seq_len 336 --label_len 48 --pred_len 720 --enc_in 7 --dec_in 7 --c_out 7 --patch_len 4 --stride 2 --d_model 64 --d_ff 128 --d_state 32 --d_conv 2 --e_layers 1 --expand 2 --mamba_version 1 --mamba_bidirectional 1 --use_graph 1 --use_time_mamba 1 --use_patch 1 --use_decomp 1 --moving_avg 25 --dual_scale_scan_mode auto --periodic_period 24 --periodic_local_patch 4 --periodic_local_stride 2 --periodic_period_stride 12 --periodic_use_adapter 1 --graph_alpha 0.5 --graph_top_k 2 --graph_sample_size 2000 --graph_sample_method uniform --static_graph_mode weighted --graph_cache 1 --dropout 0.1 --batch_size 32 --learning_rate 0.0005 --lradj type1 --train_epochs 100 --patience 6 --num_workers 0 --gpu 0 --des sixds_etth2_p720_s2021 --itr 1 --test_after_train 1
Log: /home/cwh/Time-Series-Library/logs/graphmamba_cmrhm_six_dataset_final/logs/sixds_etth2_p720_s2021.log
Using GPU
Args in experiment:
[1mBasic Config[0m
  Task Name:          long_term_forecast  Is Training:        1                   
  Model ID:           ETTh2_336_720_sixds_etth2_p720_s2021Model:              GraphMambaCMRHM     

[1mData Loader[0m
  Data:               ETTh2               Root Path:          /home/cwh/Time-Series-Library/dataset/ETT-small
  Data Path:          ETTh2.csv           Features:           M                   
  Target:             OT                  Freq:               h                   
  Checkpoints:        ./checkpoints/      

[1mForecasting Task[0m
  Seq Len:            336                 Label Len:          48                  
  Pred Len:           720                 Seasonal Patterns:  Monthly             
  Inverse:            0                   

[1mModel Parameters[0m
  Top k:              5                   Num Kernels:        6                   
  Enc In:             7                   Dec In:             7                   
  C Out:              7                   d model:            64                  
  n heads:            8                   e layers:           1                   
  d layers:           1                   d FF:               128                 
  Moving Avg:         25                  Factor:             1                   
  Distil:             1                   Dropout:            0.1                 
  Embed:              timeF               Activation:         gelu                

[1mRun Parameters[0m
  Num Workers:        0                   Itr:                1                   
  Train Epochs:       100                 Batch Size:         32                  
  Patience:           6                   Learning Rate:      0.0005              
  Des:                sixds_etth2_p720_s2021Loss:               MSE                 
  Lradj:              type1               Use Amp:            0                   

[1mGPU[0m
  Use GPU:            1                   GPU:                0                   
  Use Multi GPU:      0                   Devices:            0,1,2,3             

[1mDe-stationary Projector Params[0m
  P Hidden Dims:      128, 128            P Hidden Layers:    2                   

Use GPU: cuda:0
🚀 Lazy Loading: GraphMambaCMRHM ...
[GraphMamba] Loaded static graph: /home/cwh/Time-Series-Library/dataset/ETT-small/ETTh2_adj_train_ETTh2_M_uniform_2000_seed2021.npy
>>>>>>>start training : long_term_forecast_ETTh2_336_720_sixds_etth2_p720_s2021_GraphMambaCMRHM_ETTh2_ftM_sl336_ll48_pl720_dm64_nh8_el1_dl1_df128_expand2_dc2_fc1_ebtimeF_dtTrue_sixds_etth2_p720_s2021_0>>>>>>>>>>>>>>>>>>>>>>>>>>
train 7585
val 2161
	iters: 100, epoch: 1 | loss: 1.1161194
	speed: 0.0134s/iter; left time: 317.1634s
	iters: 200, epoch: 1 | loss: 0.9363403
	speed: 0.0114s/iter; left time: 267.9909s
Epoch: 1 cost time: 2.9097073078155518
Epoch: 1, Steps: 238 | Train Loss: 0.8670358 Vali Loss: 0.6144282
Validation loss decreased (inf --> 0.614428).  Saving model ...
Updating learning rate to 0.0005
	iters: 100, epoch: 2 | loss: 0.6324261
	speed: 0.0194s/iter; left time: 454.3462s
	iters: 200, epoch: 2 | loss: 0.9187955
	speed: 0.0117s/iter; left time: 273.6748s
Epoch: 2 cost time: 2.7625932693481445
Epoch: 2, Steps: 238 | Train Loss: 0.7654104 Vali Loss: 0.6452307
EarlyStopping counter: 1 out of 6
Updating learning rate to 0.00025
	iters: 100, epoch: 3 | loss: 1.0495944
	speed: 0.0195s/iter; left time: 453.4701s
	iters: 200, epoch: 3 | loss: 1.0089135
	speed: 0.0115s/iter; left time: 266.6453s
Epoch: 3 cost time: 2.778212070465088
Epoch: 3, Steps: 238 | Train Loss: 0.7493754 Vali Loss: 0.6386916
EarlyStopping counter: 2 out of 6
Updating learning rate to 0.000125
	iters: 100, epoch: 4 | loss: 0.6025594
	speed: 0.0195s/iter; left time: 448.3880s
	iters: 200, epoch: 4 | loss: 0.7629583
	speed: 0.0116s/iter; left time: 265.6800s
Epoch: 4 cost time: 2.743162155151367
Epoch: 4, Steps: 238 | Train Loss: 0.7357802 Vali Loss: 0.6404584
EarlyStopping counter: 3 out of 6
Updating learning rate to 6.25e-05
	iters: 100, epoch: 5 | loss: 0.6653910
	speed: 0.0186s/iter; left time: 423.5619s
	iters: 200, epoch: 5 | loss: 0.8164928
	speed: 0.0115s/iter; left time: 259.7135s
Epoch: 5 cost time: 2.7279505729675293
Epoch: 5, Steps: 238 | Train Loss: 0.7293173 Vali Loss: 0.6353390
EarlyStopping counter: 4 out of 6
Updating learning rate to 3.125e-05
	iters: 100, epoch: 6 | loss: 0.6248071
	speed: 0.0196s/iter; left time: 441.3623s
	iters: 200, epoch: 6 | loss: 0.6485977
	speed: 0.0115s/iter; left time: 257.9560s
Epoch: 6 cost time: 2.736391305923462
Epoch: 6, Steps: 238 | Train Loss: 0.7256898 Vali Loss: 0.6340877
EarlyStopping counter: 5 out of 6
Updating learning rate to 1.5625e-05
	iters: 100, epoch: 7 | loss: 1.0113436
	speed: 0.0192s/iter; left time: 427.8267s
	iters: 200, epoch: 7 | loss: 0.8718181
	speed: 0.0117s/iter; left time: 259.6577s
Epoch: 7 cost time: 2.765313148498535
Epoch: 7, Steps: 238 | Train Loss: 0.7411628 Vali Loss: 0.6333383
EarlyStopping counter: 6 out of 6
Early stopping
VALIDATION_RESULT {"best_epoch": 1, "best_mae": 0.5505642676725943, "best_mse": 0.6144282018292576, "epochs_ran": 7, "metric_version": "element_weighted_v1"}
>>>>>>>testing : long_term_forecast_ETTh2_336_720_sixds_etth2_p720_s2021_GraphMambaCMRHM_ETTh2_ftM_sl336_ll48_pl720_dm64_nh8_el1_dl1_df128_expand2_dc2_fc1_ebtimeF_dtTrue_sixds_etth2_p720_s2021_0<<<<<<<<<<<<<<<<<<<<<<<<<<<<<<<<<
test 2161
test shape: (2161, 720, 7) (2161, 720, 7)
test shape: (2161, 720, 7) (2161, 720, 7)
mse:0.42011427879333496, mae:0.44566407799720764, dtw:Not calculated

=== FINAL MATRIX weather-96 ===
Command: /home/cwh/Time-Series-Library/.venv/bin/python -u /home/cwh/Time-Series-Library/run.py --task_name long_term_forecast --is_training 1 --root_path /home/cwh/Time-Series-Library/dataset/weather --data_path weather.csv --model_id weather_336_96_sixds_weather_p96_s2021 --model GraphMambaCMRHM --seed 2021 --data custom --features M --target 'CO2 (ppm)' --seq_len 336 --label_len 48 --pred_len 96 --enc_in 21 --dec_in 21 --c_out 21 --patch_len 4 --stride 2 --d_model 64 --d_ff 128 --d_state 32 --d_conv 2 --e_layers 1 --expand 2 --mamba_version 1 --mamba_bidirectional 1 --use_graph 1 --use_time_mamba 1 --use_patch 1 --use_decomp 1 --moving_avg 25 --dual_scale_scan_mode auto --periodic_period 24 --periodic_local_patch 4 --periodic_local_stride 2 --periodic_period_stride 12 --periodic_use_adapter 1 --graph_alpha 0.5 --graph_top_k 2 --graph_sample_size 2000 --graph_sample_method uniform --static_graph_mode weighted --graph_cache 1 --dropout 0.1 --batch_size 32 --learning_rate 0.0005 --lradj type1 --train_epochs 100 --patience 6 --num_workers 0 --gpu 0 --des sixds_weather_p96_s2021 --itr 1 --test_after_train 1
Log: /home/cwh/Time-Series-Library/logs/graphmamba_cmrhm_six_dataset_final/logs/sixds_weather_p96_s2021.log
Using GPU
Args in experiment:
[1mBasic Config[0m
  Task Name:          long_term_forecast  Is Training:        1                   
  Model ID:           weather_336_96_sixds_weather_p96_s2021Model:              GraphMambaCMRHM     

[1mData Loader[0m
  Data:               custom              Root Path:          /home/cwh/Time-Series-Library/dataset/weather
  Data Path:          weather.csv         Features:           M                   
  Target:             CO2 (ppm)           Freq:               h                   
  Checkpoints:        ./checkpoints/      

[1mForecasting Task[0m
  Seq Len:            336                 Label Len:          48                  
  Pred Len:           96                  Seasonal Patterns:  Monthly             
  Inverse:            0                   

[1mModel Parameters[0m
  Top k:              5                   Num Kernels:        6                   
  Enc In:             21                  Dec In:             21                  
  C Out:              21                  d model:            64                  
  n heads:            8                   e layers:           1                   
  d layers:           1                   d FF:               128                 
  Moving Avg:         25                  Factor:             1                   
  Distil:             1                   Dropout:            0.1                 
  Embed:              timeF               Activation:         gelu                

[1mRun Parameters[0m
  Num Workers:        0                   Itr:                1                   
  Train Epochs:       100                 Batch Size:         32                  
  Patience:           6                   Learning Rate:      0.0005              
  Des:                sixds_weather_p96_s2021Loss:               MSE                 
  Lradj:              type1               Use Amp:            0                   

[1mGPU[0m
  Use GPU:            1                   GPU:                0                   
  Use Multi GPU:      0                   Devices:            0,1,2,3             

[1mDe-stationary Projector Params[0m
  P Hidden Dims:      128, 128            P Hidden Layers:    2                   

Use GPU: cuda:0
🚀 Lazy Loading: GraphMambaCMRHM ...
[GraphMamba] Building 21x21 static graph from 2000 training samples
[GraphMamba] Saved static graph: /home/cwh/Time-Series-Library/dataset/weather/weather_adj_train_custom_M_uniform_2000_seed2021.npy
>>>>>>>start training : long_term_forecast_weather_336_96_sixds_weather_p96_s2021_GraphMambaCMRHM_custom_ftM_sl336_ll48_pl96_dm64_nh8_el1_dl1_df128_expand2_dc2_fc1_ebtimeF_dtTrue_sixds_weather_p96_s2021_0>>>>>>>>>>>>>>>>>>>>>>>>>>
train 36456
val 5175
	iters: 100, epoch: 1 | loss: 0.5989087
	speed: 0.0268s/iter; left time: 3050.6044s
	iters: 200, epoch: 1 | loss: 0.4778402
	speed: 0.0248s/iter; left time: 2816.8831s
	iters: 300, epoch: 1 | loss: 0.4270796
	speed: 0.0248s/iter; left time: 2821.0256s
	iters: 400, epoch: 1 | loss: 0.3518867
	speed: 0.0247s/iter; left time: 2808.9354s
	iters: 500, epoch: 1 | loss: 0.2923447
	speed: 0.0249s/iter; left time: 2821.2304s
	iters: 600, epoch: 1 | loss: 0.3578085
	speed: 0.0248s/iter; left time: 2811.7879s
	iters: 700, epoch: 1 | loss: 0.3715186
	speed: 0.0246s/iter; left time: 2792.6764s
	iters: 800, epoch: 1 | loss: 0.6263873
	speed: 0.0248s/iter; left time: 2806.7074s
	iters: 900, epoch: 1 | loss: 0.2927256
	speed: 0.0247s/iter; left time: 2791.8282s
	iters: 1000, epoch: 1 | loss: 0.2257725
	speed: 0.0247s/iter; left time: 2791.9133s
	iters: 1100, epoch: 1 | loss: 0.2603681
	speed: 0.0247s/iter; left time: 2792.1707s
Epoch: 1 cost time: 28.418081760406494
Epoch: 1, Steps: 1140 | Train Loss: 0.5036783 Vali Loss: 0.4023674
Validation loss decreased (inf --> 0.402367).  Saving model ...
Updating learning rate to 0.0005
	iters: 100, epoch: 2 | loss: 0.2992105
	speed: 0.0489s/iter; left time: 5509.4395s
	iters: 200, epoch: 2 | loss: 0.4558383
	speed: 0.0248s/iter; left time: 2798.3501s
	iters: 300, epoch: 2 | loss: 0.3382586
	speed: 0.0249s/iter; left time: 2804.0455s
	iters: 400, epoch: 2 | loss: 0.4946271
	speed: 0.0249s/iter; left time: 2800.6999s
	iters: 500, epoch: 2 | loss: 0.3142214
	speed: 0.0248s/iter; left time: 2790.3911s
	iters: 600, epoch: 2 | loss: 0.2669912
	speed: 0.0249s/iter; left time: 2800.6021s
	iters: 700, epoch: 2 | loss: 0.2382348
	speed: 0.0248s/iter; left time: 2783.8236s
	iters: 800, epoch: 2 | loss: 0.2850496
	speed: 0.0249s/iter; left time: 2787.1275s
	iters: 900, epoch: 2 | loss: 0.3492433
	speed: 0.0249s/iter; left time: 2792.2969s
	iters: 1000, epoch: 2 | loss: 0.2577621
	speed: 0.0248s/iter; left time: 2778.5741s
	iters: 1100, epoch: 2 | loss: 1.2989576
	speed: 0.0249s/iter; left time: 2783.8002s
Epoch: 2 cost time: 28.34090495109558
Epoch: 2, Steps: 1140 | Train Loss: 0.4280030 Vali Loss: 0.3982440
Validation loss decreased (0.402367 --> 0.398244).  Saving model ...
Updating learning rate to 0.00025
	iters: 100, epoch: 3 | loss: 0.2883447
	speed: 0.0494s/iter; left time: 5508.7611s
	iters: 200, epoch: 3 | loss: 0.4364681
	speed: 0.0248s/iter; left time: 2762.3161s
	iters: 300, epoch: 3 | loss: 0.3739807
	speed: 0.0249s/iter; left time: 2778.0172s
	iters: 400, epoch: 3 | loss: 0.2495776
	speed: 0.0249s/iter; left time: 2770.7599s
	iters: 500, epoch: 3 | loss: 1.1854681
	speed: 0.0249s/iter; left time: 2770.4859s
	iters: 600, epoch: 3 | loss: 0.2852127
	speed: 0.0249s/iter; left time: 2769.4353s
	iters: 700, epoch: 3 | loss: 0.3022051
	speed: 0.0247s/iter; left time: 2747.5682s
	iters: 800, epoch: 3 | loss: 0.3344504
	speed: 0.0249s/iter; left time: 2757.0920s
	iters: 900, epoch: 3 | loss: 0.2236936
	speed: 0.0249s/iter; left time: 2754.2827s
	iters: 1000, epoch: 3 | loss: 0.2134443
	speed: 0.0248s/iter; left time: 2744.4524s
	iters: 1100, epoch: 3 | loss: 0.2870182
	speed: 0.0249s/iter; left time: 2751.3508s
Epoch: 3 cost time: 28.338131427764893
Epoch: 3, Steps: 1140 | Train Loss: 0.4176732 Vali Loss: 0.3881733
Validation loss decreased (0.398244 --> 0.388173).  Saving model ...
Updating learning rate to 0.000125
	iters: 100, epoch: 4 | loss: 0.5891987
	speed: 0.0493s/iter; left time: 5451.0185s
	iters: 200, epoch: 4 | loss: 0.2623363
	speed: 0.0251s/iter; left time: 2767.3301s
	iters: 300, epoch: 4 | loss: 0.3106520
	speed: 0.0249s/iter; left time: 2746.4268s
	iters: 400, epoch: 4 | loss: 0.3337550
	speed: 0.0249s/iter; left time: 2747.2206s
	iters: 500, epoch: 4 | loss: 0.4726003
	speed: 0.0248s/iter; left time: 2728.3378s
	iters: 600, epoch: 4 | loss: 0.4190344
	speed: 0.0248s/iter; left time: 2727.6287s
	iters: 700, epoch: 4 | loss: 0.6570835
	speed: 0.0248s/iter; left time: 2728.8742s
	iters: 800, epoch: 4 | loss: 0.6553065
	speed: 0.0249s/iter; left time: 2733.6699s
	iters: 900, epoch: 4 | loss: 0.3219928
	speed: 0.0250s/iter; left time: 2739.6634s
	iters: 1000, epoch: 4 | loss: 0.3966036
	speed: 0.0249s/iter; left time: 2725.9472s
	iters: 1100, epoch: 4 | loss: 0.2251946
	speed: 0.0249s/iter; left time: 2724.5674s
Epoch: 4 cost time: 28.376662731170654
Epoch: 4, Steps: 1140 | Train Loss: 0.4116761 Vali Loss: 0.3848222
Validation loss decreased (0.388173 --> 0.384822).  Saving model ...
Updating learning rate to 6.25e-05
	iters: 100, epoch: 5 | loss: 0.3769054
	speed: 0.0492s/iter; left time: 5383.2014s
	iters: 200, epoch: 5 | loss: 0.2398407
	speed: 0.0249s/iter; left time: 2719.7756s
	iters: 300, epoch: 5 | loss: 0.4872534
	speed: 0.0249s/iter; left time: 2722.6510s
	iters: 400, epoch: 5 | loss: 0.2475669
	speed: 0.0249s/iter; left time: 2711.5016s
	iters: 500, epoch: 5 | loss: 0.2949463
	speed: 0.0249s/iter; left time: 2712.5252s
	iters: 600, epoch: 5 | loss: 1.2904308
	speed: 0.0248s/iter; left time: 2702.3978s
	iters: 700, epoch: 5 | loss: 0.2891600
	speed: 0.0248s/iter; left time: 2699.1161s
	iters: 800, epoch: 5 | loss: 0.2822033
	speed: 0.0248s/iter; left time: 2699.5179s
	iters: 900, epoch: 5 | loss: 0.3291264
	speed: 0.0250s/iter; left time: 2713.7367s
	iters: 1000, epoch: 5 | loss: 0.3841339
	speed: 0.0250s/iter; left time: 2711.0157s
	iters: 1100, epoch: 5 | loss: 0.2293466
	speed: 0.0250s/iter; left time: 2708.9416s
Epoch: 5 cost time: 28.376938581466675
Epoch: 5, Steps: 1140 | Train Loss: 0.4084313 Vali Loss: 0.3838025
Validation loss decreased (0.384822 --> 0.383803).  Saving model ...
Updating learning rate to 3.125e-05
	iters: 100, epoch: 6 | loss: 0.2559056
	speed: 0.0495s/iter; left time: 5355.0799s
	iters: 200, epoch: 6 | loss: 0.3374027
	speed: 0.0249s/iter; left time: 2696.9544s
	iters: 300, epoch: 6 | loss: 0.2508039
	speed: 0.0250s/iter; left time: 2699.1271s
	iters: 400, epoch: 6 | loss: 0.3137226
	speed: 0.0248s/iter; left time: 2674.8394s
	iters: 500, epoch: 6 | loss: 0.2966512
	speed: 0.0249s/iter; left time: 2680.2395s
	iters: 600, epoch: 6 | loss: 0.2955522
	speed: 0.0248s/iter; left time: 2675.2296s
	iters: 700, epoch: 6 | loss: 1.2415942
	speed: 0.0250s/iter; left time: 2690.4975s
	iters: 800, epoch: 6 | loss: 0.2527683
	speed: 0.0248s/iter; left time: 2669.0594s
	iters: 900, epoch: 6 | loss: 0.4626122
	speed: 0.0249s/iter; left time: 2672.3744s
	iters: 1000, epoch: 6 | loss: 0.3220355
	speed: 0.0249s/iter; left time: 2676.5778s
	iters: 1100, epoch: 6 | loss: 1.4094404
	speed: 0.0250s/iter; left time: 2679.9839s
Epoch: 6 cost time: 28.391526699066162
Epoch: 6, Steps: 1140 | Train Loss: 0.4068365 Vali Loss: 0.3847934
EarlyStopping counter: 1 out of 6
Updating learning rate to 1.5625e-05
	iters: 100, epoch: 7 | loss: 0.3526275
	speed: 0.0491s/iter; left time: 5252.9037s
	iters: 200, epoch: 7 | loss: 0.3500378
	speed: 0.0249s/iter; left time: 2658.2179s
	iters: 300, epoch: 7 | loss: 0.5166390
	speed: 0.0249s/iter; left time: 2662.7467s
	iters: 400, epoch: 7 | loss: 0.3362525
	speed: 0.0249s/iter; left time: 2663.1976s
	iters: 500, epoch: 7 | loss: 0.3246684
	speed: 0.0250s/iter; left time: 2663.0686s
	iters: 600, epoch: 7 | loss: 0.2162878
	speed: 0.0250s/iter; left time: 2662.1897s
	iters: 700, epoch: 7 | loss: 0.3941615
	speed: 0.0249s/iter; left time: 2650.7761s
	iters: 800, epoch: 7 | loss: 1.3722423
	speed: 0.0249s/iter; left time: 2645.8990s
	iters: 900, epoch: 7 | loss: 0.2903216
	speed: 0.0250s/iter; left time: 2658.7268s
	iters: 1000, epoch: 7 | loss: 0.3151777
	speed: 0.0250s/iter; left time: 2650.5696s
	iters: 1100, epoch: 7 | loss: 1.2578195
	speed: 0.0250s/iter; left time: 2647.1913s
Epoch: 7 cost time: 28.40296983718872
Epoch: 7, Steps: 1140 | Train Loss: 0.4060654 Vali Loss: 0.3844681
EarlyStopping counter: 2 out of 6
Updating learning rate to 7.8125e-06
	iters: 100, epoch: 8 | loss: 0.2259935
	speed: 0.0493s/iter; left time: 5221.7501s
	iters: 200, epoch: 8 | loss: 0.2989916
	speed: 0.0249s/iter; left time: 2636.4728s
	iters: 300, epoch: 8 | loss: 0.4187154
	speed: 0.0250s/iter; left time: 2641.9779s
	iters: 400, epoch: 8 | loss: 0.3273323
	speed: 0.0250s/iter; left time: 2642.2361s
	iters: 500, epoch: 8 | loss: 0.1840754
	speed: 0.0250s/iter; left time: 2635.1265s
	iters: 600, epoch: 8 | loss: 1.2762022
	speed: 0.0249s/iter; left time: 2628.4047s
	iters: 700, epoch: 8 | loss: 0.4380665
	speed: 0.0250s/iter; left time: 2630.9998s
	iters: 800, epoch: 8 | loss: 0.2697423
	speed: 0.0250s/iter; left time: 2631.3571s
	iters: 900, epoch: 8 | loss: 0.3172810
	speed: 0.0249s/iter; left time: 2619.3222s
	iters: 1000, epoch: 8 | loss: 0.3984745
	speed: 0.0249s/iter; left time: 2615.2763s
	iters: 1100, epoch: 8 | loss: 0.3446383
	speed: 0.0249s/iter; left time: 2615.1843s
Epoch: 8 cost time: 28.438201904296875
Epoch: 8, Steps: 1140 | Train Loss: 0.4053443 Vali Loss: 0.3843678
EarlyStopping counter: 3 out of 6
Updating learning rate to 3.90625e-06
	iters: 100, epoch: 9 | loss: 0.4388892
	speed: 0.0492s/iter; left time: 5155.4516s
	iters: 200, epoch: 9 | loss: 0.2929798
	speed: 0.0249s/iter; left time: 2606.5130s
	iters: 300, epoch: 9 | loss: 0.2218153
	speed: 0.0249s/iter; left time: 2607.1388s
	iters: 400, epoch: 9 | loss: 0.3902290
	speed: 0.0250s/iter; left time: 2610.1605s
	iters: 500, epoch: 9 | loss: 0.2038181
	speed: 0.0250s/iter; left time: 2610.5610s
	iters: 600, epoch: 9 | loss: 0.2647238
	speed: 0.0250s/iter; left time: 2605.7575s
	iters: 700, epoch: 9 | loss: 0.3630272
	speed: 0.0250s/iter; left time: 2600.9604s
	iters: 800, epoch: 9 | loss: 0.4493488
	speed: 0.0249s/iter; left time: 2594.0225s
	iters: 900, epoch: 9 | loss: 0.3165964
	speed: 0.0249s/iter; left time: 2587.1845s
	iters: 1000, epoch: 9 | loss: 0.2814302
	speed: 0.0249s/iter; left time: 2583.2968s
	iters: 1100, epoch: 9 | loss: 0.5853924
	speed: 0.0248s/iter; left time: 2568.6962s
Epoch: 9 cost time: 28.395002841949463
Epoch: 9, Steps: 1140 | Train Loss: 0.4051296 Vali Loss: 0.3838019
Validation loss decreased (0.383803 --> 0.383802).  Saving model ...
Updating learning rate to 1.953125e-06
	iters: 100, epoch: 10 | loss: 0.2372917
	speed: 0.0493s/iter; left time: 5105.9698s
	iters: 200, epoch: 10 | loss: 0.3058377
	speed: 0.0249s/iter; left time: 2574.4107s
	iters: 300, epoch: 10 | loss: 0.2627936
	speed: 0.0248s/iter; left time: 2561.8604s
	iters: 400, epoch: 10 | loss: 0.2352349
	speed: 0.0249s/iter; left time: 2576.1963s
	iters: 500, epoch: 10 | loss: 0.2932212
	speed: 0.0249s/iter; left time: 2567.8592s
	iters: 600, epoch: 10 | loss: 0.3095029
	speed: 0.0248s/iter; left time: 2561.8508s
	iters: 700, epoch: 10 | loss: 0.3721839
	speed: 0.0249s/iter; left time: 2565.1551s
	iters: 800, epoch: 10 | loss: 0.3195312
	speed: 0.0248s/iter; left time: 2550.9105s
	iters: 900, epoch: 10 | loss: 0.2836610
	speed: 0.0248s/iter; left time: 2545.4010s
	iters: 1000, epoch: 10 | loss: 0.2713419
	speed: 0.0247s/iter; left time: 2535.4168s
	iters: 1100, epoch: 10 | loss: 0.3598016
	speed: 0.0248s/iter; left time: 2546.1096s
Epoch: 10 cost time: 28.285167932510376
Epoch: 10, Steps: 1140 | Train Loss: 0.4050596 Vali Loss: 0.3837430
Validation loss decreased (0.383802 --> 0.383743).  Saving model ...
Updating learning rate to 9.765625e-07
	iters: 100, epoch: 11 | loss: 0.2520693
	speed: 0.0488s/iter; left time: 5005.3679s
	iters: 200, epoch: 11 | loss: 0.5080818
	speed: 0.0248s/iter; left time: 2543.4230s
	iters: 300, epoch: 11 | loss: 0.4496628
	speed: 0.0248s/iter; left time: 2533.5567s
	iters: 400, epoch: 11 | loss: 0.2271914
	speed: 0.0248s/iter; left time: 2538.2076s
	iters: 500, epoch: 11 | loss: 0.2781781
	speed: 0.0247s/iter; left time: 2524.9734s
	iters: 600, epoch: 11 | loss: 0.2257600
	speed: 0.0247s/iter; left time: 2520.6112s
	iters: 700, epoch: 11 | loss: 1.2201885
	speed: 0.0247s/iter; left time: 2518.1948s
	iters: 800, epoch: 11 | loss: 0.3316710
	speed: 0.0249s/iter; left time: 2530.3579s
	iters: 900, epoch: 11 | loss: 0.2688357
	speed: 0.0248s/iter; left time: 2523.9806s
	iters: 1000, epoch: 11 | loss: 0.4746954
	speed: 0.0247s/iter; left time: 2507.5860s
	iters: 1100, epoch: 11 | loss: 0.3418754
	speed: 0.0247s/iter; left time: 2503.9489s
Epoch: 11 cost time: 28.20577383041382
Epoch: 11, Steps: 1140 | Train Loss: 0.4049595 Vali Loss: 0.3837512
EarlyStopping counter: 1 out of 6
Updating learning rate to 4.8828125e-07
	iters: 100, epoch: 12 | loss: 0.3764589
	speed: 0.0485s/iter; left time: 4916.4013s
	iters: 200, epoch: 12 | loss: 0.3123915
	speed: 0.0247s/iter; left time: 2498.1183s
	iters: 300, epoch: 12 | loss: 0.3489056
	speed: 0.0249s/iter; left time: 2516.0393s
	iters: 400, epoch: 12 | loss: 0.2815843
	speed: 0.0248s/iter; left time: 2505.5878s
	iters: 500, epoch: 12 | loss: 0.3223000
	speed: 0.0248s/iter; left time: 2501.0976s
	iters: 600, epoch: 12 | loss: 0.2614211
	speed: 0.0247s/iter; left time: 2494.2971s
	iters: 700, epoch: 12 | loss: 0.2894934
	speed: 0.0248s/iter; left time: 2501.3234s
	iters: 800, epoch: 12 | loss: 0.2099459
	speed: 0.0246s/iter; left time: 2479.6006s
	iters: 900, epoch: 12 | loss: 0.4153449
	speed: 0.0247s/iter; left time: 2484.0579s
	iters: 1000, epoch: 12 | loss: 0.3299228
	speed: 0.0247s/iter; left time: 2482.2195s
	iters: 1100, epoch: 12 | loss: 0.4530960
	speed: 0.0248s/iter; left time: 2487.4444s
Epoch: 12 cost time: 28.19044828414917
Epoch: 12, Steps: 1140 | Train Loss: 0.4048911 Vali Loss: 0.3836503
Validation loss decreased (0.383743 --> 0.383650).  Saving model ...
Updating learning rate to 2.44140625e-07
	iters: 100, epoch: 13 | loss: 0.4679495
	speed: 0.0488s/iter; left time: 4892.3431s
	iters: 200, epoch: 13 | loss: 0.3840574
	speed: 0.0247s/iter; left time: 2470.3391s
	iters: 300, epoch: 13 | loss: 0.1911230
	speed: 0.0247s/iter; left time: 2469.3498s
	iters: 400, epoch: 13 | loss: 0.2915278
	speed: 0.0248s/iter; left time: 2474.6980s
	iters: 500, epoch: 13 | loss: 0.2314229
	speed: 0.0248s/iter; left time: 2473.8097s
	iters: 600, epoch: 13 | loss: 0.3782009
	speed: 0.0248s/iter; left time: 2471.6455s
	iters: 700, epoch: 13 | loss: 0.3644191
	speed: 0.0248s/iter; left time: 2467.2889s
	iters: 800, epoch: 13 | loss: 0.3344335
	speed: 0.0249s/iter; left time: 2475.1468s
	iters: 900, epoch: 13 | loss: 0.3776945
	speed: 0.0247s/iter; left time: 2455.8535s
	iters: 1000, epoch: 13 | loss: 0.2130259
	speed: 0.0247s/iter; left time: 2453.7575s
	iters: 1100, epoch: 13 | loss: 0.2500100
	speed: 0.0249s/iter; left time: 2472.9094s
Epoch: 13 cost time: 28.224902153015137
Epoch: 13, Steps: 1140 | Train Loss: 0.4048597 Vali Loss: 0.3836830
EarlyStopping counter: 1 out of 6
Updating learning rate to 1.220703125e-07
	iters: 100, epoch: 14 | loss: 0.3016876
	speed: 0.0489s/iter; left time: 4846.4642s
	iters: 200, epoch: 14 | loss: 0.2635214
	speed: 0.0249s/iter; left time: 2467.7597s
	iters: 300, epoch: 14 | loss: 0.2416258
	speed: 0.0249s/iter; left time: 2457.3064s
	iters: 400, epoch: 14 | loss: 0.2480586
	speed: 0.0248s/iter; left time: 2450.3435s
	iters: 500, epoch: 14 | loss: 0.2291331
	speed: 0.0248s/iter; left time: 2444.1580s
	iters: 600, epoch: 14 | loss: 1.2123233
	speed: 0.0248s/iter; left time: 2440.8663s
	iters: 700, epoch: 14 | loss: 0.2748609
	speed: 0.0247s/iter; left time: 2435.2340s
	iters: 800, epoch: 14 | loss: 0.3054962
	speed: 0.0247s/iter; left time: 2428.4232s
	iters: 900, epoch: 14 | loss: 0.3299811
	speed: 0.0247s/iter; left time: 2432.1838s
	iters: 1000, epoch: 14 | loss: 0.5060628
	speed: 0.0247s/iter; left time: 2429.2491s
	iters: 1100, epoch: 14 | loss: 0.4231099
	speed: 0.0249s/iter; left time: 2443.2587s
Epoch: 14 cost time: 28.258787631988525
Epoch: 14, Steps: 1140 | Train Loss: 0.4048143 Vali Loss: 0.3837058
EarlyStopping counter: 2 out of 6
Updating learning rate to 6.103515625e-08
	iters: 100, epoch: 15 | loss: 0.2989741
	speed: 0.0487s/iter; left time: 4769.2425s
	iters: 200, epoch: 15 | loss: 0.7390281
	speed: 0.0246s/iter; left time: 2405.6959s
	iters: 300, epoch: 15 | loss: 0.3550375
	speed: 0.0247s/iter; left time: 2418.5136s
	iters: 400, epoch: 15 | loss: 0.3874460
	speed: 0.0247s/iter; left time: 2412.2267s
	iters: 500, epoch: 15 | loss: 0.1943694
	speed: 0.0248s/iter; left time: 2415.1820s
	iters: 600, epoch: 15 | loss: 0.2550455
	speed: 0.0248s/iter; left time: 2411.9871s
	iters: 700, epoch: 15 | loss: 0.2851435
	speed: 0.0247s/iter; left time: 2402.8961s
	iters: 800, epoch: 15 | loss: 0.2697857
	speed: 0.0247s/iter; left time: 2398.1164s
	iters: 900, epoch: 15 | loss: 0.2492821
	speed: 0.0247s/iter; left time: 2402.1233s
	iters: 1000, epoch: 15 | loss: 0.2757939
	speed: 0.0246s/iter; left time: 2387.8342s
	iters: 1100, epoch: 15 | loss: 0.2041273
	speed: 0.0247s/iter; left time: 2392.2008s
Epoch: 15 cost time: 28.147814989089966
Epoch: 15, Steps: 1140 | Train Loss: 0.4046069 Vali Loss: 0.3836874
EarlyStopping counter: 3 out of 6
Updating learning rate to 3.0517578125e-08
	iters: 100, epoch: 16 | loss: 0.2569593
	speed: 0.0486s/iter; left time: 4707.3167s
	iters: 200, epoch: 16 | loss: 0.2172950
	speed: 0.0247s/iter; left time: 2392.8233s
	iters: 300, epoch: 16 | loss: 0.4845074
	speed: 0.0248s/iter; left time: 2399.2805s
	iters: 400, epoch: 16 | loss: 0.3850642
	speed: 0.0248s/iter; left time: 2397.2866s
	iters: 500, epoch: 16 | loss: 0.4714930
	speed: 0.0247s/iter; left time: 2379.7098s
	iters: 600, epoch: 16 | loss: 0.3435350
	speed: 0.0249s/iter; left time: 2398.6935s
	iters: 700, epoch: 16 | loss: 0.2878841
	speed: 0.0248s/iter; left time: 2389.0697s
	iters: 800, epoch: 16 | loss: 0.2285701
	speed: 0.0248s/iter; left time: 2380.8218s
	iters: 900, epoch: 16 | loss: 0.3945866
	speed: 0.0248s/iter; left time: 2384.5964s
	iters: 1000, epoch: 16 | loss: 1.0836910
	speed: 0.0247s/iter; left time: 2369.8552s
	iters: 1100, epoch: 16 | loss: 0.5563799
	speed: 0.0247s/iter; left time: 2363.9289s
Epoch: 16 cost time: 28.241430521011353
Epoch: 16, Steps: 1140 | Train Loss: 0.4047382 Vali Loss: 0.3836870
EarlyStopping counter: 4 out of 6
Updating learning rate to 1.52587890625e-08
	iters: 100, epoch: 17 | loss: 0.2508138
	speed: 0.0487s/iter; left time: 4656.7561s
	iters: 200, epoch: 17 | loss: 0.2989850
	speed: 0.0248s/iter; left time: 2365.7090s
	iters: 300, epoch: 17 | loss: 0.4918437
	speed: 0.0248s/iter; left time: 2363.3766s
	iters: 400, epoch: 17 | loss: 0.2700072
	speed: 0.0249s/iter; left time: 2373.7123s
	iters: 500, epoch: 17 | loss: 0.3982551
	speed: 0.0248s/iter; left time: 2361.3331s
	iters: 600, epoch: 17 | loss: 0.3633531
	speed: 0.0249s/iter; left time: 2367.0468s
	iters: 700, epoch: 17 | loss: 0.3026675
	speed: 0.0247s/iter; left time: 2343.8403s
	iters: 800, epoch: 17 | loss: 0.2914473
	speed: 0.0248s/iter; left time: 2353.0045s
	iters: 900, epoch: 17 | loss: 0.2951006
	speed: 0.0247s/iter; left time: 2339.6496s
	iters: 1000, epoch: 17 | loss: 1.1985562
	speed: 0.0247s/iter; left time: 2340.6087s
	iters: 1100, epoch: 17 | loss: 0.1901257
	speed: 0.0246s/iter; left time: 2331.1502s
Epoch: 17 cost time: 28.1891987323761
Epoch: 17, Steps: 1140 | Train Loss: 0.4050086 Vali Loss: 0.3836903
EarlyStopping counter: 5 out of 6
Updating learning rate to 7.62939453125e-09
	iters: 100, epoch: 18 | loss: 0.2783109
	speed: 0.0486s/iter; left time: 4594.9111s
	iters: 200, epoch: 18 | loss: 0.4697332
	speed: 0.0247s/iter; left time: 2330.4316s
	iters: 300, epoch: 18 | loss: 0.5984353
	speed: 0.0247s/iter; left time: 2333.6479s
	iters: 400, epoch: 18 | loss: 0.2322110
	speed: 0.0248s/iter; left time: 2337.4810s
	iters: 500, epoch: 18 | loss: 0.3596988
	speed: 0.0247s/iter; left time: 2328.4364s
	iters: 600, epoch: 18 | loss: 0.1984998
	speed: 0.0248s/iter; left time: 2333.7878s
	iters: 700, epoch: 18 | loss: 0.2708736
	speed: 0.0249s/iter; left time: 2338.6970s
	iters: 800, epoch: 18 | loss: 0.4562434
	speed: 0.0249s/iter; left time: 2332.1474s
	iters: 900, epoch: 18 | loss: 0.2509974
	speed: 0.0248s/iter; left time: 2320.6073s
	iters: 1000, epoch: 18 | loss: 0.3872818
	speed: 0.0247s/iter; left time: 2315.9784s
	iters: 1100, epoch: 18 | loss: 0.2468238
	speed: 0.0248s/iter; left time: 2319.2314s
Epoch: 18 cost time: 28.220561027526855
Epoch: 18, Steps: 1140 | Train Loss: 0.4046723 Vali Loss: 0.3836907
EarlyStopping counter: 6 out of 6
Early stopping
VALIDATION_RESULT {"best_epoch": 12, "best_mae": 0.2691728420709505, "best_mse": 0.38365025392422214, "epochs_ran": 18, "metric_version": "element_weighted_v1"}
>>>>>>>testing : long_term_forecast_weather_336_96_sixds_weather_p96_s2021_GraphMambaCMRHM_custom_ftM_sl336_ll48_pl96_dm64_nh8_el1_dl1_df128_expand2_dc2_fc1_ebtimeF_dtTrue_sixds_weather_p96_s2021_0<<<<<<<<<<<<<<<<<<<<<<<<<<<<<<<<<
test 10444
test shape: (10444, 96, 21) (10444, 96, 21)
test shape: (10444, 96, 21) (10444, 96, 21)
mse:0.1462111473083496, mae:0.1966434121131897, dtw:Not calculated

=== FINAL MATRIX weather-192 ===
Command: /home/cwh/Time-Series-Library/.venv/bin/python -u /home/cwh/Time-Series-Library/run.py --task_name long_term_forecast --is_training 1 --root_path /home/cwh/Time-Series-Library/dataset/weather --data_path weather.csv --model_id weather_336_192_sixds_weather_p192_s2021 --model GraphMambaCMRHM --seed 2021 --data custom --features M --target 'CO2 (ppm)' --seq_len 336 --label_len 48 --pred_len 192 --enc_in 21 --dec_in 21 --c_out 21 --patch_len 4 --stride 2 --d_model 64 --d_ff 128 --d_state 32 --d_conv 2 --e_layers 1 --expand 2 --mamba_version 1 --mamba_bidirectional 1 --use_graph 1 --use_time_mamba 1 --use_patch 1 --use_decomp 1 --moving_avg 25 --dual_scale_scan_mode auto --periodic_period 24 --periodic_local_patch 4 --periodic_local_stride 2 --periodic_period_stride 12 --periodic_use_adapter 1 --graph_alpha 0.5 --graph_top_k 2 --graph_sample_size 2000 --graph_sample_method uniform --static_graph_mode weighted --graph_cache 1 --dropout 0.1 --batch_size 32 --learning_rate 0.0005 --lradj type1 --train_epochs 100 --patience 6 --num_workers 0 --gpu 0 --des sixds_weather_p192_s2021 --itr 1 --test_after_train 1
Log: /home/cwh/Time-Series-Library/logs/graphmamba_cmrhm_six_dataset_final/logs/sixds_weather_p192_s2021.log
Using GPU
Args in experiment:
[1mBasic Config[0m
  Task Name:          long_term_forecast  Is Training:        1                   
  Model ID:           weather_336_192_sixds_weather_p192_s2021Model:              GraphMambaCMRHM     

[1mData Loader[0m
  Data:               custom              Root Path:          /home/cwh/Time-Series-Library/dataset/weather
  Data Path:          weather.csv         Features:           M                   
  Target:             CO2 (ppm)           Freq:               h                   
  Checkpoints:        ./checkpoints/      

[1mForecasting Task[0m
  Seq Len:            336                 Label Len:          48                  
  Pred Len:           192                 Seasonal Patterns:  Monthly             
  Inverse:            0                   

[1mModel Parameters[0m
  Top k:              5                   Num Kernels:        6                   
  Enc In:             21                  Dec In:             21                  
  C Out:              21                  d model:            64                  
  n heads:            8                   e layers:           1                   
  d layers:           1                   d FF:               128                 
  Moving Avg:         25                  Factor:             1                   
  Distil:             1                   Dropout:            0.1                 
  Embed:              timeF               Activation:         gelu                

[1mRun Parameters[0m
  Num Workers:        0                   Itr:                1                   
  Train Epochs:       100                 Batch Size:         32                  
  Patience:           6                   Learning Rate:      0.0005              
  Des:                sixds_weather_p192_s2021Loss:               MSE                 
  Lradj:              type1               Use Amp:            0                   

[1mGPU[0m
  Use GPU:            1                   GPU:                0                   
  Use Multi GPU:      0                   Devices:            0,1,2,3             

[1mDe-stationary Projector Params[0m
  P Hidden Dims:      128, 128            P Hidden Layers:    2                   

Use GPU: cuda:0
🚀 Lazy Loading: GraphMambaCMRHM ...
[GraphMamba] Loaded static graph: /home/cwh/Time-Series-Library/dataset/weather/weather_adj_train_custom_M_uniform_2000_seed2021.npy
>>>>>>>start training : long_term_forecast_weather_336_192_sixds_weather_p192_s2021_GraphMambaCMRHM_custom_ftM_sl336_ll48_pl192_dm64_nh8_el1_dl1_df128_expand2_dc2_fc1_ebtimeF_dtTrue_sixds_weather_p192_s2021_0>>>>>>>>>>>>>>>>>>>>>>>>>>
train 36360
val 5079
	iters: 100, epoch: 1 | loss: 1.0208498
	speed: 0.0269s/iter; left time: 3052.5041s
	iters: 200, epoch: 1 | loss: 0.5177212
	speed: 0.0250s/iter; left time: 2842.6487s
	iters: 300, epoch: 1 | loss: 0.3820238
	speed: 0.0251s/iter; left time: 2844.8640s
	iters: 400, epoch: 1 | loss: 1.1917895
	speed: 0.0250s/iter; left time: 2835.3325s
	iters: 500, epoch: 1 | loss: 0.9139178
	speed: 0.0250s/iter; left time: 2833.5868s
	iters: 600, epoch: 1 | loss: 0.4706509
	speed: 0.0251s/iter; left time: 2840.1960s
	iters: 700, epoch: 1 | loss: 0.4927277
	speed: 0.0250s/iter; left time: 2827.0241s
	iters: 800, epoch: 1 | loss: 0.3520491
	speed: 0.0250s/iter; left time: 2818.6935s
	iters: 900, epoch: 1 | loss: 0.8127322
	speed: 0.0252s/iter; left time: 2843.7010s
	iters: 1000, epoch: 1 | loss: 0.4066930
	speed: 0.0250s/iter; left time: 2813.8156s
	iters: 1100, epoch: 1 | loss: 0.4300439
	speed: 0.0251s/iter; left time: 2821.0302s
Epoch: 1 cost time: 28.6673641204834
Epoch: 1, Steps: 1137 | Train Loss: 0.5478841 Vali Loss: 0.4756145
Validation loss decreased (inf --> 0.475615).  Saving model ...
Updating learning rate to 0.0005
	iters: 100, epoch: 2 | loss: 0.3468166
	speed: 0.0486s/iter; left time: 5468.0184s
	iters: 200, epoch: 2 | loss: 0.4690112
	speed: 0.0251s/iter; left time: 2818.4116s
	iters: 300, epoch: 2 | loss: 0.4373745
	speed: 0.0250s/iter; left time: 2805.7903s
	iters: 400, epoch: 2 | loss: 0.4284764
	speed: 0.0250s/iter; left time: 2801.6831s
	iters: 500, epoch: 2 | loss: 0.3265316
	speed: 0.0251s/iter; left time: 2812.5090s
	iters: 600, epoch: 2 | loss: 0.4198397
	speed: 0.0251s/iter; left time: 2808.2230s
	iters: 700, epoch: 2 | loss: 0.5318503
	speed: 0.0250s/iter; left time: 2796.7592s
	iters: 800, epoch: 2 | loss: 0.8420913
	speed: 0.0250s/iter; left time: 2794.4059s
	iters: 900, epoch: 2 | loss: 0.4502060
	speed: 0.0250s/iter; left time: 2792.4865s
	iters: 1000, epoch: 2 | loss: 0.3274883
	speed: 0.0250s/iter; left time: 2787.8568s
	iters: 1100, epoch: 2 | loss: 0.3738464
	speed: 0.0250s/iter; left time: 2788.5145s
Epoch: 2 cost time: 28.446450233459473
Epoch: 2, Steps: 1137 | Train Loss: 0.4852521 Vali Loss: 0.4623588
Validation loss decreased (0.475615 --> 0.462359).  Saving model ...
Updating learning rate to 0.00025
	iters: 100, epoch: 3 | loss: 1.0142893
	speed: 0.0488s/iter; left time: 5435.8319s
	iters: 200, epoch: 3 | loss: 0.3345463
	speed: 0.0250s/iter; left time: 2781.3295s
	iters: 300, epoch: 3 | loss: 0.5126315
	speed: 0.0250s/iter; left time: 2778.6106s
	iters: 400, epoch: 3 | loss: 0.4468514
	speed: 0.0251s/iter; left time: 2784.0054s
	iters: 500, epoch: 3 | loss: 0.4514853
	speed: 0.0251s/iter; left time: 2781.7081s
	iters: 600, epoch: 3 | loss: 0.3760975
	speed: 0.0250s/iter; left time: 2771.2822s
	iters: 700, epoch: 3 | loss: 0.3550718
	speed: 0.0250s/iter; left time: 2771.0850s
	iters: 800, epoch: 3 | loss: 0.5104333
	speed: 0.0250s/iter; left time: 2769.2995s
	iters: 900, epoch: 3 | loss: 0.5285959
	speed: 0.0250s/iter; left time: 2765.6041s
	iters: 1000, epoch: 3 | loss: 0.4815940
	speed: 0.0250s/iter; left time: 2760.0695s
	iters: 1100, epoch: 3 | loss: 0.3633800
	speed: 0.0251s/iter; left time: 2770.6376s
Epoch: 3 cost time: 28.446192264556885
Epoch: 3, Steps: 1137 | Train Loss: 0.4735850 Vali Loss: 0.4564582
Validation loss decreased (0.462359 --> 0.456458).  Saving model ...
Updating learning rate to 0.000125
	iters: 100, epoch: 4 | loss: 0.3207363
	speed: 0.0486s/iter; left time: 5358.4190s
	iters: 200, epoch: 4 | loss: 0.4237075
	speed: 0.0250s/iter; left time: 2754.2338s
	iters: 300, epoch: 4 | loss: 0.3742118
	speed: 0.0250s/iter; left time: 2748.7805s
	iters: 400, epoch: 4 | loss: 0.8821450
	speed: 0.0250s/iter; left time: 2741.8623s
	iters: 500, epoch: 4 | loss: 0.8170465
	speed: 0.0251s/iter; left time: 2752.6923s
	iters: 600, epoch: 4 | loss: 0.3361109
	speed: 0.0250s/iter; left time: 2746.5301s
	iters: 700, epoch: 4 | loss: 0.2952952
	speed: 0.0250s/iter; left time: 2741.2098s
	iters: 800, epoch: 4 | loss: 0.3370740
	speed: 0.0250s/iter; left time: 2735.4514s
	iters: 900, epoch: 4 | loss: 0.5151761
	speed: 0.0251s/iter; left time: 2745.5742s
	iters: 1000, epoch: 4 | loss: 0.3325407
	speed: 0.0249s/iter; left time: 2721.7903s
	iters: 1100, epoch: 4 | loss: 0.3419239
	speed: 0.0252s/iter; left time: 2751.5560s
Epoch: 4 cost time: 28.448598861694336
Epoch: 4, Steps: 1137 | Train Loss: 0.4678771 Vali Loss: 0.4539050
Validation loss decreased (0.456458 --> 0.453905).  Saving model ...
Updating learning rate to 6.25e-05
	iters: 100, epoch: 5 | loss: 0.3617574
	speed: 0.0489s/iter; left time: 5332.8582s
	iters: 200, epoch: 5 | loss: 0.2841255
	speed: 0.0250s/iter; left time: 2725.3823s
	iters: 300, epoch: 5 | loss: 0.3397453
	speed: 0.0250s/iter; left time: 2719.0295s
	iters: 400, epoch: 5 | loss: 1.1367857
	speed: 0.0250s/iter; left time: 2719.2051s
	iters: 500, epoch: 5 | loss: 0.3808431
	speed: 0.0250s/iter; left time: 2717.7334s
	iters: 600, epoch: 5 | loss: 0.9380523
	speed: 0.0251s/iter; left time: 2723.6044s
	iters: 700, epoch: 5 | loss: 0.3431059
	speed: 0.0250s/iter; left time: 2710.5294s
	iters: 800, epoch: 5 | loss: 0.4039243
	speed: 0.0250s/iter; left time: 2708.8165s
	iters: 900, epoch: 5 | loss: 0.3976119
	speed: 0.0250s/iter; left time: 2706.7052s
	iters: 1000, epoch: 5 | loss: 0.3572452
	speed: 0.0250s/iter; left time: 2702.3114s
	iters: 1100, epoch: 5 | loss: 0.3332536
	speed: 0.0251s/iter; left time: 2711.5620s
Epoch: 5 cost time: 28.438544034957886
Epoch: 5, Steps: 1137 | Train Loss: 0.4645277 Vali Loss: 0.4519534
Validation loss decreased (0.453905 --> 0.451953).  Saving model ...
Updating learning rate to 3.125e-05
	iters: 100, epoch: 6 | loss: 0.3516753
	speed: 0.0487s/iter; left time: 5250.4445s
	iters: 200, epoch: 6 | loss: 0.9224033
	speed: 0.0251s/iter; left time: 2704.3694s
	iters: 300, epoch: 6 | loss: 0.3981797
	speed: 0.0251s/iter; left time: 2698.6624s
	iters: 400, epoch: 6 | loss: 0.4066019
	speed: 0.0250s/iter; left time: 2694.0983s
	iters: 500, epoch: 6 | loss: 0.8613300
	speed: 0.0251s/iter; left time: 2694.7637s
	iters: 600, epoch: 6 | loss: 0.3195789
	speed: 0.0251s/iter; left time: 2694.9233s
	iters: 700, epoch: 6 | loss: 0.3922578
	speed: 0.0251s/iter; left time: 2688.7487s
	iters: 800, epoch: 6 | loss: 0.2956133
	speed: 0.0251s/iter; left time: 2695.8744s
	iters: 900, epoch: 6 | loss: 0.8814837
	speed: 0.0250s/iter; left time: 2676.8790s
	iters: 1000, epoch: 6 | loss: 0.4152887
	speed: 0.0251s/iter; left time: 2681.7756s
	iters: 1100, epoch: 6 | loss: 0.4799679
	speed: 0.0250s/iter; left time: 2676.0647s
Epoch: 6 cost time: 28.482513427734375
Epoch: 6, Steps: 1137 | Train Loss: 0.4627635 Vali Loss: 0.4509315
Validation loss decreased (0.451953 --> 0.450931).  Saving model ...
Updating learning rate to 1.5625e-05
	iters: 100, epoch: 7 | loss: 0.3442372
	speed: 0.0488s/iter; left time: 5214.6172s
	iters: 200, epoch: 7 | loss: 0.4258049
	speed: 0.0250s/iter; left time: 2666.9849s
	iters: 300, epoch: 7 | loss: 0.3240244
	speed: 0.0251s/iter; left time: 2671.7490s
	iters: 400, epoch: 7 | loss: 0.2850935
	speed: 0.0250s/iter; left time: 2662.9064s
	iters: 500, epoch: 7 | loss: 0.5656884
	speed: 0.0251s/iter; left time: 2667.3560s
	iters: 600, epoch: 7 | loss: 0.2867609
	speed: 0.0251s/iter; left time: 2666.1231s
	iters: 700, epoch: 7 | loss: 0.5260755
	speed: 0.0251s/iter; left time: 2661.4630s
	iters: 800, epoch: 7 | loss: 0.2987445
	speed: 0.0249s/iter; left time: 2641.2773s
	iters: 900, epoch: 7 | loss: 0.3310928
	speed: 0.0250s/iter; left time: 2652.0859s
	iters: 1000, epoch: 7 | loss: 0.2842081
	speed: 0.0250s/iter; left time: 2646.8276s
	iters: 1100, epoch: 7 | loss: 0.4525211
	speed: 0.0249s/iter; left time: 2638.8260s
Epoch: 7 cost time: 28.42998456954956
Epoch: 7, Steps: 1137 | Train Loss: 0.4619160 Vali Loss: 0.4500563
Validation loss decreased (0.450931 --> 0.450056).  Saving model ...
Updating learning rate to 7.8125e-06
	iters: 100, epoch: 8 | loss: 0.3304493
	speed: 0.0487s/iter; left time: 5142.9072s
	iters: 200, epoch: 8 | loss: 0.4391805
	speed: 0.0250s/iter; left time: 2635.0984s
	iters: 300, epoch: 8 | loss: 0.4199925
	speed: 0.0251s/iter; left time: 2647.4467s
	iters: 400, epoch: 8 | loss: 0.3147360
	speed: 0.0250s/iter; left time: 2637.3201s
	iters: 500, epoch: 8 | loss: 0.3880022
	speed: 0.0250s/iter; left time: 2634.1250s
	iters: 600, epoch: 8 | loss: 0.3587888
	speed: 0.0250s/iter; left time: 2625.3804s
	iters: 700, epoch: 8 | loss: 0.4048651
	speed: 0.0251s/iter; left time: 2638.6877s
	iters: 800, epoch: 8 | loss: 0.3939831
	speed: 0.0251s/iter; left time: 2630.2229s
	iters: 900, epoch: 8 | loss: 0.6829189
	speed: 0.0250s/iter; left time: 2620.0981s
	iters: 1000, epoch: 8 | loss: 0.3633522
	speed: 0.0250s/iter; left time: 2620.1707s
	iters: 1100, epoch: 8 | loss: 0.8647603
	speed: 0.0248s/iter; left time: 2599.9791s
Epoch: 8 cost time: 28.429980754852295
Epoch: 8, Steps: 1137 | Train Loss: 0.4613887 Vali Loss: 0.4504830
EarlyStopping counter: 1 out of 6
Updating learning rate to 3.90625e-06
	iters: 100, epoch: 9 | loss: 0.9897360
	speed: 0.0484s/iter; left time: 5056.1555s
	iters: 200, epoch: 9 | loss: 0.3639158
	speed: 0.0249s/iter; left time: 2599.9999s
	iters: 300, epoch: 9 | loss: 0.5143905
	speed: 0.0247s/iter; left time: 2580.1792s
	iters: 400, epoch: 9 | loss: 0.3289891
	speed: 0.0248s/iter; left time: 2583.9161s
	iters: 500, epoch: 9 | loss: 0.3573393
	speed: 0.0248s/iter; left time: 2581.6596s
	iters: 600, epoch: 9 | loss: 0.2815698
	speed: 0.0249s/iter; left time: 2585.4724s
	iters: 700, epoch: 9 | loss: 0.5157385
	speed: 0.0248s/iter; left time: 2574.5696s
	iters: 800, epoch: 9 | loss: 0.3683943
	speed: 0.0249s/iter; left time: 2580.5587s
	iters: 900, epoch: 9 | loss: 0.5515175
	speed: 0.0248s/iter; left time: 2572.9479s
	iters: 1000, epoch: 9 | loss: 0.3483523
	speed: 0.0248s/iter; left time: 2571.6785s
	iters: 1100, epoch: 9 | loss: 0.4479471
	speed: 0.0248s/iter; left time: 2570.1084s
Epoch: 9 cost time: 28.21210241317749
Epoch: 9, Steps: 1137 | Train Loss: 0.4609732 Vali Loss: 0.4501174
EarlyStopping counter: 2 out of 6
Updating learning rate to 1.953125e-06
	iters: 100, epoch: 10 | loss: 0.8540436
	speed: 0.0481s/iter; left time: 4976.8871s
	iters: 200, epoch: 10 | loss: 0.5336588
	speed: 0.0249s/iter; left time: 2567.4282s
	iters: 300, epoch: 10 | loss: 0.3662079
	speed: 0.0248s/iter; left time: 2561.7914s
	iters: 400, epoch: 10 | loss: 0.8962203
	speed: 0.0248s/iter; left time: 2556.8615s
	iters: 500, epoch: 10 | loss: 0.3510487
	speed: 0.0248s/iter; left time: 2554.6203s
	iters: 600, epoch: 10 | loss: 0.3824557
	speed: 0.0248s/iter; left time: 2550.0743s
	iters: 700, epoch: 10 | loss: 0.3998701
	speed: 0.0250s/iter; left time: 2573.7461s
	iters: 800, epoch: 10 | loss: 0.3938840
	speed: 0.0249s/iter; left time: 2559.2220s
	iters: 900, epoch: 10 | loss: 0.3529667
	speed: 0.0251s/iter; left time: 2570.4011s
	iters: 1000, epoch: 10 | loss: 0.4406459
	speed: 0.0250s/iter; left time: 2564.9707s
	iters: 1100, epoch: 10 | loss: 0.3845216
	speed: 0.0250s/iter; left time: 2562.4363s
Epoch: 10 cost time: 28.31693935394287
Epoch: 10, Steps: 1137 | Train Loss: 0.4611707 Vali Loss: 0.4502813
EarlyStopping counter: 3 out of 6
Updating learning rate to 9.765625e-07
	iters: 100, epoch: 11 | loss: 0.3510649
	speed: 0.0487s/iter; left time: 4973.9174s
	iters: 200, epoch: 11 | loss: 0.2828138
	speed: 0.0251s/iter; left time: 2564.1748s
	iters: 300, epoch: 11 | loss: 0.3523521
	speed: 0.0251s/iter; left time: 2559.2020s
	iters: 400, epoch: 11 | loss: 0.8342140
	speed: 0.0251s/iter; left time: 2553.4472s
	iters: 500, epoch: 11 | loss: 0.3485281
	speed: 0.0252s/iter; left time: 2564.8576s
	iters: 600, epoch: 11 | loss: 0.4890784
	speed: 0.0250s/iter; left time: 2540.1559s
	iters: 700, epoch: 11 | loss: 0.3123222
	speed: 0.0249s/iter; left time: 2531.5649s
	iters: 800, epoch: 11 | loss: 0.3216538
	speed: 0.0250s/iter; left time: 2541.9559s
	iters: 900, epoch: 11 | loss: 0.4097765
	speed: 0.0250s/iter; left time: 2535.7494s
	iters: 1000, epoch: 11 | loss: 0.9090497
	speed: 0.0249s/iter; left time: 2524.4898s
	iters: 1100, epoch: 11 | loss: 0.4621579
	speed: 0.0250s/iter; left time: 2525.9180s
Epoch: 11 cost time: 28.440059900283813
Epoch: 11, Steps: 1137 | Train Loss: 0.4606821 Vali Loss: 0.4501751
EarlyStopping counter: 4 out of 6
Updating learning rate to 4.8828125e-07
	iters: 100, epoch: 12 | loss: 0.3062280
	speed: 0.0485s/iter; left time: 4907.5591s
	iters: 200, epoch: 12 | loss: 0.4468136
	speed: 0.0250s/iter; left time: 2522.9694s
	iters: 300, epoch: 12 | loss: 0.4073049
	speed: 0.0250s/iter; left time: 2523.5246s
	iters: 400, epoch: 12 | loss: 0.3966084
	speed: 0.0250s/iter; left time: 2517.6216s
	iters: 500, epoch: 12 | loss: 0.3424337
	speed: 0.0249s/iter; left time: 2511.7340s
	iters: 600, epoch: 12 | loss: 0.4024913
	speed: 0.0250s/iter; left time: 2516.5104s
	iters: 700, epoch: 12 | loss: 1.0210423
	speed: 0.0249s/iter; left time: 2504.1860s
	iters: 800, epoch: 12 | loss: 0.8954871
	speed: 0.0249s/iter; left time: 2501.0610s
	iters: 900, epoch: 12 | loss: 0.7486450
	speed: 0.0250s/iter; left time: 2505.9210s
	iters: 1000, epoch: 12 | loss: 0.3848332
	speed: 0.0251s/iter; left time: 2515.4374s
	iters: 1100, epoch: 12 | loss: 0.4738861
	speed: 0.0250s/iter; left time: 2501.8639s
Epoch: 12 cost time: 28.388786792755127
Epoch: 12, Steps: 1137 | Train Loss: 0.4608307 Vali Loss: 0.4499115
Validation loss decreased (0.450056 --> 0.449911).  Saving model ...
Updating learning rate to 2.44140625e-07
	iters: 100, epoch: 13 | loss: 0.4742421
	speed: 0.0488s/iter; left time: 4882.6895s
	iters: 200, epoch: 13 | loss: 0.8555579
	speed: 0.0250s/iter; left time: 2492.4253s
	iters: 300, epoch: 13 | loss: 0.7896577
	speed: 0.0249s/iter; left time: 2485.8496s
	iters: 400, epoch: 13 | loss: 0.5628653
	speed: 0.0251s/iter; left time: 2501.8362s
	iters: 500, epoch: 13 | loss: 0.7285118
	speed: 0.0250s/iter; left time: 2488.0047s
	iters: 600, epoch: 13 | loss: 0.3754715
	speed: 0.0250s/iter; left time: 2489.1161s
	iters: 700, epoch: 13 | loss: 0.8106674
	speed: 0.0251s/iter; left time: 2489.0505s
	iters: 800, epoch: 13 | loss: 0.3314618
	speed: 0.0250s/iter; left time: 2483.8158s
	iters: 900, epoch: 13 | loss: 0.2865036
	speed: 0.0250s/iter; left time: 2478.3862s
	iters: 1000, epoch: 13 | loss: 0.4671122
	speed: 0.0251s/iter; left time: 2483.6861s
	iters: 1100, epoch: 13 | loss: 0.3925796
	speed: 0.0250s/iter; left time: 2478.3332s
Epoch: 13 cost time: 28.437433004379272
Epoch: 13, Steps: 1137 | Train Loss: 0.4606072 Vali Loss: 0.4499605
EarlyStopping counter: 1 out of 6
Updating learning rate to 1.220703125e-07
	iters: 100, epoch: 14 | loss: 0.8629882
	speed: 0.0488s/iter; left time: 4820.1418s
	iters: 200, epoch: 14 | loss: 0.3609949
	speed: 0.0251s/iter; left time: 2474.4105s
	iters: 300, epoch: 14 | loss: 0.2619762
	speed: 0.0250s/iter; left time: 2465.3100s
	iters: 400, epoch: 14 | loss: 0.3592034
	speed: 0.0250s/iter; left time: 2465.7322s
	iters: 500, epoch: 14 | loss: 0.8829988
	speed: 0.0251s/iter; left time: 2466.4071s
	iters: 600, epoch: 14 | loss: 0.3931367
	speed: 0.0250s/iter; left time: 2460.6444s
	iters: 700, epoch: 14 | loss: 0.3654946
	speed: 0.0250s/iter; left time: 2455.7817s
	iters: 800, epoch: 14 | loss: 0.4058811
	speed: 0.0250s/iter; left time: 2457.1856s
	iters: 900, epoch: 14 | loss: 0.4559088
	speed: 0.0250s/iter; left time: 2446.7914s
	iters: 1000, epoch: 14 | loss: 0.2894636
	speed: 0.0250s/iter; left time: 2446.9121s
	iters: 1100, epoch: 14 | loss: 0.8981237
	speed: 0.0250s/iter; left time: 2445.2477s
Epoch: 14 cost time: 28.433520555496216
Epoch: 14, Steps: 1137 | Train Loss: 0.4606723 Vali Loss: 0.4500046
EarlyStopping counter: 2 out of 6
Updating learning rate to 6.103515625e-08
	iters: 100, epoch: 15 | loss: 0.4675787
	speed: 0.0484s/iter; left time: 4728.5146s
	iters: 200, epoch: 15 | loss: 0.3886550
	speed: 0.0249s/iter; left time: 2432.7696s
	iters: 300, epoch: 15 | loss: 0.3270177
	speed: 0.0250s/iter; left time: 2432.8873s
	iters: 400, epoch: 15 | loss: 0.9040521
	speed: 0.0249s/iter; left time: 2428.7401s
	iters: 500, epoch: 15 | loss: 0.3038506
	speed: 0.0251s/iter; left time: 2440.7596s
	iters: 600, epoch: 15 | loss: 0.3218150
	speed: 0.0249s/iter; left time: 2423.6307s
	iters: 700, epoch: 15 | loss: 0.3599008
	speed: 0.0249s/iter; left time: 2418.7932s
	iters: 800, epoch: 15 | loss: 0.3250224
	speed: 0.0249s/iter; left time: 2415.8786s
	iters: 900, epoch: 15 | loss: 0.3609855
	speed: 0.0249s/iter; left time: 2410.1914s
	iters: 1000, epoch: 15 | loss: 0.3726284
	speed: 0.0250s/iter; left time: 2418.2210s
	iters: 1100, epoch: 15 | loss: 0.5174913
	speed: 0.0250s/iter; left time: 2415.3923s
Epoch: 15 cost time: 28.357439041137695
Epoch: 15, Steps: 1137 | Train Loss: 0.4608015 Vali Loss: 0.4499994
EarlyStopping counter: 3 out of 6
Updating learning rate to 3.0517578125e-08
	iters: 100, epoch: 16 | loss: 0.3693438
	speed: 0.0482s/iter; left time: 4656.7397s
	iters: 200, epoch: 16 | loss: 0.3741255
	speed: 0.0249s/iter; left time: 2404.6821s
	iters: 300, epoch: 16 | loss: 0.3586135
	speed: 0.0250s/iter; left time: 2407.7029s
	iters: 400, epoch: 16 | loss: 0.4674574
	speed: 0.0249s/iter; left time: 2397.8359s
	iters: 500, epoch: 16 | loss: 0.4157736
	speed: 0.0250s/iter; left time: 2404.2027s
	iters: 600, epoch: 16 | loss: 0.4108844
	speed: 0.0249s/iter; left time: 2394.0359s
	iters: 700, epoch: 16 | loss: 0.8569257
	speed: 0.0250s/iter; left time: 2398.2968s
	iters: 800, epoch: 16 | loss: 0.5904204
	speed: 0.0249s/iter; left time: 2384.0785s
	iters: 900, epoch: 16 | loss: 0.4907564
	speed: 0.0249s/iter; left time: 2386.0023s
	iters: 1000, epoch: 16 | loss: 0.3047060
	speed: 0.0249s/iter; left time: 2383.1030s
	iters: 1100, epoch: 16 | loss: 0.4650991
	speed: 0.0249s/iter; left time: 2380.6563s
Epoch: 16 cost time: 28.339611530303955
Epoch: 16, Steps: 1137 | Train Loss: 0.4607756 Vali Loss: 0.4500017
EarlyStopping counter: 4 out of 6
Updating learning rate to 1.52587890625e-08
	iters: 100, epoch: 17 | loss: 0.2701354
	speed: 0.0484s/iter; left time: 4615.2888s
	iters: 200, epoch: 17 | loss: 0.3412127
	speed: 0.0249s/iter; left time: 2375.8896s
	iters: 300, epoch: 17 | loss: 0.3173972
	speed: 0.0249s/iter; left time: 2372.4245s
	iters: 400, epoch: 17 | loss: 0.3538829
	speed: 0.0249s/iter; left time: 2367.0713s
	iters: 500, epoch: 17 | loss: 0.4102649
	speed: 0.0250s/iter; left time: 2375.6785s
	iters: 600, epoch: 17 | loss: 0.3382151
	speed: 0.0249s/iter; left time: 2366.4131s
	iters: 700, epoch: 17 | loss: 0.4021051
	speed: 0.0250s/iter; left time: 2369.9257s
	iters: 800, epoch: 17 | loss: 0.3933181
	speed: 0.0250s/iter; left time: 2366.6775s
	iters: 900, epoch: 17 | loss: 0.9631339
	speed: 0.0249s/iter; left time: 2357.2183s
	iters: 1000, epoch: 17 | loss: 0.4324296
	speed: 0.0250s/iter; left time: 2361.6590s
	iters: 1100, epoch: 17 | loss: 0.3992928
	speed: 0.0249s/iter; left time: 2353.0417s
Epoch: 17 cost time: 28.354185104370117
Epoch: 17, Steps: 1137 | Train Loss: 0.4606941 Vali Loss: 0.4500033
EarlyStopping counter: 5 out of 6
Updating learning rate to 7.62939453125e-09
	iters: 100, epoch: 18 | loss: 0.2745429
	speed: 0.0483s/iter; left time: 4550.2183s
	iters: 200, epoch: 18 | loss: 0.8415692
	speed: 0.0249s/iter; left time: 2345.4161s
	iters: 300, epoch: 18 | loss: 0.3743888
	speed: 0.0250s/iter; left time: 2353.2529s
	iters: 400, epoch: 18 | loss: 0.3404675
	speed: 0.0251s/iter; left time: 2359.4928s
	iters: 500, epoch: 18 | loss: 0.4182217
	speed: 0.0250s/iter; left time: 2342.5304s
	iters: 600, epoch: 18 | loss: 0.4836077
	speed: 0.0250s/iter; left time: 2342.6322s
	iters: 700, epoch: 18 | loss: 0.3289623
	speed: 0.0251s/iter; left time: 2347.2558s
	iters: 800, epoch: 18 | loss: 0.3665273
	speed: 0.0251s/iter; left time: 2349.5866s
	iters: 900, epoch: 18 | loss: 0.4004582
	speed: 0.0250s/iter; left time: 2340.7080s
	iters: 1000, epoch: 18 | loss: 0.3628494
	speed: 0.0252s/iter; left time: 2348.7819s
	iters: 1100, epoch: 18 | loss: 0.3687282
	speed: 0.0250s/iter; left time: 2331.0628s
Epoch: 18 cost time: 28.44061541557312
Epoch: 18, Steps: 1137 | Train Loss: 0.4606774 Vali Loss: 0.4500036
EarlyStopping counter: 6 out of 6
Early stopping
VALIDATION_RESULT {"best_epoch": 12, "best_mae": 0.31155879198507336, "best_mse": 0.4499114554469259, "epochs_ran": 18, "metric_version": "element_weighted_v1"}
>>>>>>>testing : long_term_forecast_weather_336_192_sixds_weather_p192_s2021_GraphMambaCMRHM_custom_ftM_sl336_ll48_pl192_dm64_nh8_el1_dl1_df128_expand2_dc2_fc1_ebtimeF_dtTrue_sixds_weather_p192_s2021_0<<<<<<<<<<<<<<<<<<<<<<<<<<<<<<<<<
test 10348
test shape: (10348, 192, 21) (10348, 192, 21)
test shape: (10348, 192, 21) (10348, 192, 21)
mse:0.1877095252275467, mae:0.23579229414463043, dtw:Not calculated

=== FINAL MATRIX weather-336 ===
Command: /home/cwh/Time-Series-Library/.venv/bin/python -u /home/cwh/Time-Series-Library/run.py --task_name long_term_forecast --is_training 1 --root_path /home/cwh/Time-Series-Library/dataset/weather --data_path weather.csv --model_id weather_336_336_sixds_weather_p336_s2021 --model GraphMambaCMRHM --seed 2021 --data custom --features M --target 'CO2 (ppm)' --seq_len 336 --label_len 48 --pred_len 336 --enc_in 21 --dec_in 21 --c_out 21 --patch_len 4 --stride 2 --d_model 64 --d_ff 128 --d_state 32 --d_conv 2 --e_layers 1 --expand 2 --mamba_version 1 --mamba_bidirectional 1 --use_graph 1 --use_time_mamba 1 --use_patch 1 --use_decomp 1 --moving_avg 25 --dual_scale_scan_mode auto --periodic_period 24 --periodic_local_patch 4 --periodic_local_stride 2 --periodic_period_stride 12 --periodic_use_adapter 1 --graph_alpha 0.5 --graph_top_k 2 --graph_sample_size 2000 --graph_sample_method uniform --static_graph_mode weighted --graph_cache 1 --dropout 0.1 --batch_size 32 --learning_rate 0.0005 --lradj type1 --train_epochs 100 --patience 6 --num_workers 0 --gpu 0 --des sixds_weather_p336_s2021 --itr 1 --test_after_train 1
Log: /home/cwh/Time-Series-Library/logs/graphmamba_cmrhm_six_dataset_final/logs/sixds_weather_p336_s2021.log
Using GPU
Args in experiment:
[1mBasic Config[0m
  Task Name:          long_term_forecast  Is Training:        1                   
  Model ID:           weather_336_336_sixds_weather_p336_s2021Model:              GraphMambaCMRHM     

[1mData Loader[0m
  Data:               custom              Root Path:          /home/cwh/Time-Series-Library/dataset/weather
  Data Path:          weather.csv         Features:           M                   
  Target:             CO2 (ppm)           Freq:               h                   
  Checkpoints:        ./checkpoints/      

[1mForecasting Task[0m
  Seq Len:            336                 Label Len:          48                  
  Pred Len:           336                 Seasonal Patterns:  Monthly             
  Inverse:            0                   

[1mModel Parameters[0m
  Top k:              5                   Num Kernels:        6                   
  Enc In:             21                  Dec In:             21                  
  C Out:              21                  d model:            64                  
  n heads:            8                   e layers:           1                   
  d layers:           1                   d FF:               128                 
  Moving Avg:         25                  Factor:             1                   
  Distil:             1                   Dropout:            0.1                 
  Embed:              timeF               Activation:         gelu                

[1mRun Parameters[0m
  Num Workers:        0                   Itr:                1                   
  Train Epochs:       100                 Batch Size:         32                  
  Patience:           6                   Learning Rate:      0.0005              
  Des:                sixds_weather_p336_s2021Loss:               MSE                 
  Lradj:              type1               Use Amp:            0                   

[1mGPU[0m
  Use GPU:            1                   GPU:                0                   
  Use Multi GPU:      0                   Devices:            0,1,2,3             

[1mDe-stationary Projector Params[0m
  P Hidden Dims:      128, 128            P Hidden Layers:    2                   

Use GPU: cuda:0
🚀 Lazy Loading: GraphMambaCMRHM ...
[GraphMamba] Loaded static graph: /home/cwh/Time-Series-Library/dataset/weather/weather_adj_train_custom_M_uniform_2000_seed2021.npy
>>>>>>>start training : long_term_forecast_weather_336_336_sixds_weather_p336_s2021_GraphMambaCMRHM_custom_ftM_sl336_ll48_pl336_dm64_nh8_el1_dl1_df128_expand2_dc2_fc1_ebtimeF_dtTrue_sixds_weather_p336_s2021_0>>>>>>>>>>>>>>>>>>>>>>>>>>
train 36216
val 4935
	iters: 100, epoch: 1 | loss: 0.8946714
	speed: 0.0271s/iter; left time: 3067.5980s
	iters: 200, epoch: 1 | loss: 0.4682875
	speed: 0.0252s/iter; left time: 2850.4637s
	iters: 300, epoch: 1 | loss: 0.4836564
	speed: 0.0252s/iter; left time: 2840.4729s
	iters: 400, epoch: 1 | loss: 0.8603752
	speed: 0.0252s/iter; left time: 2840.3118s
	iters: 500, epoch: 1 | loss: 0.9606095
	speed: 0.0252s/iter; left time: 2836.0728s
	iters: 600, epoch: 1 | loss: 0.6003775
	speed: 0.0253s/iter; left time: 2850.8544s
	iters: 700, epoch: 1 | loss: 0.4847835
	speed: 0.0253s/iter; left time: 2842.5014s
	iters: 800, epoch: 1 | loss: 0.4070884
	speed: 0.0254s/iter; left time: 2857.3318s
	iters: 900, epoch: 1 | loss: 0.8010559
	speed: 0.0252s/iter; left time: 2832.4302s
	iters: 1000, epoch: 1 | loss: 0.3596463
	speed: 0.0252s/iter; left time: 2831.2972s
	iters: 1100, epoch: 1 | loss: 0.6019404
	speed: 0.0252s/iter; left time: 2819.9173s
Epoch: 1 cost time: 28.7532377243042
Epoch: 1, Steps: 1132 | Train Loss: 0.6098495 Vali Loss: 0.5555057
Validation loss decreased (inf --> 0.555506).  Saving model ...
Updating learning rate to 0.0005
	iters: 100, epoch: 2 | loss: 0.6033682
	speed: 0.0476s/iter; left time: 5330.8912s
	iters: 200, epoch: 2 | loss: 0.5515067
	speed: 0.0252s/iter; left time: 2822.3148s
	iters: 300, epoch: 2 | loss: 0.6424245
	speed: 0.0254s/iter; left time: 2836.2840s
	iters: 400, epoch: 2 | loss: 0.4935036
	speed: 0.0253s/iter; left time: 2823.5816s
	iters: 500, epoch: 2 | loss: 0.7202609
	speed: 0.0253s/iter; left time: 2822.8393s
	iters: 600, epoch: 2 | loss: 0.4871547
	speed: 0.0253s/iter; left time: 2823.5395s
	iters: 700, epoch: 2 | loss: 0.3231508
	speed: 0.0253s/iter; left time: 2819.3000s
	iters: 800, epoch: 2 | loss: 0.6678608
	speed: 0.0251s/iter; left time: 2798.3887s
	iters: 900, epoch: 2 | loss: 0.7107472
	speed: 0.0252s/iter; left time: 2800.6509s
	iters: 1000, epoch: 2 | loss: 0.4862125
	speed: 0.0252s/iter; left time: 2796.2454s
	iters: 1100, epoch: 2 | loss: 0.4675452
	speed: 0.0252s/iter; left time: 2794.3512s
Epoch: 2 cost time: 28.56375002861023
Epoch: 2, Steps: 1132 | Train Loss: 0.5461794 Vali Loss: 0.5482151
Validation loss decreased (0.555506 --> 0.548215).  Saving model ...
Updating learning rate to 0.00025
	iters: 100, epoch: 3 | loss: 0.4330223
	speed: 0.0477s/iter; left time: 5290.5962s
	iters: 200, epoch: 3 | loss: 0.7441239
	speed: 0.0252s/iter; left time: 2785.5777s
	iters: 300, epoch: 3 | loss: 0.5009604
	speed: 0.0253s/iter; left time: 2797.2614s
	iters: 400, epoch: 3 | loss: 0.4236807
	speed: 0.0252s/iter; left time: 2788.3752s
	iters: 500, epoch: 3 | loss: 0.8637887
	speed: 0.0251s/iter; left time: 2773.5848s
	iters: 600, epoch: 3 | loss: 0.4998135
	speed: 0.0252s/iter; left time: 2781.4928s
	iters: 700, epoch: 3 | loss: 0.7594573
	speed: 0.0250s/iter; left time: 2754.5310s
	iters: 800, epoch: 3 | loss: 0.8027544
	speed: 0.0250s/iter; left time: 2756.3922s
	iters: 900, epoch: 3 | loss: 0.6629530
	speed: 0.0252s/iter; left time: 2769.0945s
	iters: 1000, epoch: 3 | loss: 0.7290984
	speed: 0.0251s/iter; left time: 2759.0994s
	iters: 1100, epoch: 3 | loss: 0.7057213
	speed: 0.0252s/iter; left time: 2764.0890s
Epoch: 3 cost time: 28.460036754608154
Epoch: 3, Steps: 1132 | Train Loss: 0.5331866 Vali Loss: 0.5394257
Validation loss decreased (0.548215 --> 0.539426).  Saving model ...
Updating learning rate to 0.000125
	iters: 100, epoch: 4 | loss: 0.6144744
	speed: 0.0477s/iter; left time: 5235.5294s
	iters: 200, epoch: 4 | loss: 0.5056828
	speed: 0.0253s/iter; left time: 2771.9387s
	iters: 300, epoch: 4 | loss: 0.6495351
	speed: 0.0252s/iter; left time: 2755.4226s
	iters: 400, epoch: 4 | loss: 0.4824983
	speed: 0.0251s/iter; left time: 2748.3760s
	iters: 500, epoch: 4 | loss: 0.7696279
	speed: 0.0252s/iter; left time: 2758.5738s
	iters: 600, epoch: 4 | loss: 0.4498023
	speed: 0.0251s/iter; left time: 2739.7871s
	iters: 700, epoch: 4 | loss: 0.4301030
	speed: 0.0251s/iter; left time: 2733.1428s
	iters: 800, epoch: 4 | loss: 0.4487430
	speed: 0.0252s/iter; left time: 2745.3843s
	iters: 900, epoch: 4 | loss: 0.3682245
	speed: 0.0251s/iter; left time: 2734.5042s
	iters: 1000, epoch: 4 | loss: 0.5453712
	speed: 0.0250s/iter; left time: 2720.4539s
	iters: 1100, epoch: 4 | loss: 0.9522436
	speed: 0.0251s/iter; left time: 2728.0396s
Epoch: 4 cost time: 28.448359966278076
Epoch: 4, Steps: 1132 | Train Loss: 0.5273884 Vali Loss: 0.5341174
Validation loss decreased (0.539426 --> 0.534117).  Saving model ...
Updating learning rate to 6.25e-05
	iters: 100, epoch: 5 | loss: 0.4829248
	speed: 0.0477s/iter; left time: 5174.5499s
	iters: 200, epoch: 5 | loss: 0.4038467
	speed: 0.0251s/iter; left time: 2720.3341s
	iters: 300, epoch: 5 | loss: 0.4378782
	speed: 0.0251s/iter; left time: 2719.4962s
	iters: 400, epoch: 5 | loss: 0.4541957
	speed: 0.0250s/iter; left time: 2711.8885s
	iters: 500, epoch: 5 | loss: 0.3869509
	speed: 0.0251s/iter; left time: 2717.3030s
	iters: 600, epoch: 5 | loss: 0.4256411
	speed: 0.0251s/iter; left time: 2716.3491s
	iters: 700, epoch: 5 | loss: 0.4155951
	speed: 0.0252s/iter; left time: 2719.1194s
	iters: 800, epoch: 5 | loss: 0.6874716
	speed: 0.0251s/iter; left time: 2706.6319s
	iters: 900, epoch: 5 | loss: 0.3840895
	speed: 0.0251s/iter; left time: 2704.0858s
	iters: 1000, epoch: 5 | loss: 0.3998623
	speed: 0.0252s/iter; left time: 2715.4194s
	iters: 1100, epoch: 5 | loss: 0.4208376
	speed: 0.0252s/iter; left time: 2710.5823s
Epoch: 5 cost time: 28.443351984024048
Epoch: 5, Steps: 1132 | Train Loss: 0.5244582 Vali Loss: 0.5324729
Validation loss decreased (0.534117 --> 0.532473).  Saving model ...
Updating learning rate to 3.125e-05
	iters: 100, epoch: 6 | loss: 0.6614636
	speed: 0.0476s/iter; left time: 5113.9326s
	iters: 200, epoch: 6 | loss: 0.4094732
	speed: 0.0250s/iter; left time: 2683.1862s
	iters: 300, epoch: 6 | loss: 0.7307814
	speed: 0.0251s/iter; left time: 2688.1312s
	iters: 400, epoch: 6 | loss: 0.4325903
	speed: 0.0252s/iter; left time: 2697.7117s
	iters: 500, epoch: 6 | loss: 0.7022007
	speed: 0.0251s/iter; left time: 2690.2417s
	iters: 600, epoch: 6 | loss: 0.3716478
	speed: 0.0251s/iter; left time: 2687.3707s
	iters: 700, epoch: 6 | loss: 0.4702567
	speed: 0.0252s/iter; left time: 2687.9958s
	iters: 800, epoch: 6 | loss: 0.4231075
	speed: 0.0251s/iter; left time: 2676.8099s
	iters: 900, epoch: 6 | loss: 0.5133035
	speed: 0.0251s/iter; left time: 2674.3983s
	iters: 1000, epoch: 6 | loss: 0.4129879
	speed: 0.0251s/iter; left time: 2670.7570s
	iters: 1100, epoch: 6 | loss: 0.4216412
	speed: 0.0250s/iter; left time: 2663.0752s
Epoch: 6 cost time: 28.398364305496216
Epoch: 6, Steps: 1132 | Train Loss: 0.5225674 Vali Loss: 0.5311292
Validation loss decreased (0.532473 --> 0.531129).  Saving model ...
Updating learning rate to 1.5625e-05
	iters: 100, epoch: 7 | loss: 0.4341669
	speed: 0.0478s/iter; left time: 5086.0600s
	iters: 200, epoch: 7 | loss: 0.4307345
	speed: 0.0250s/iter; left time: 2655.8059s
	iters: 300, epoch: 7 | loss: 0.4756655
	speed: 0.0252s/iter; left time: 2668.8426s
	iters: 400, epoch: 7 | loss: 0.4441150
	speed: 0.0251s/iter; left time: 2658.5062s
	iters: 500, epoch: 7 | loss: 0.5512004
	speed: 0.0252s/iter; left time: 2667.5546s
	iters: 600, epoch: 7 | loss: 0.4485349
	speed: 0.0251s/iter; left time: 2660.0470s
	iters: 700, epoch: 7 | loss: 0.3706331
	speed: 0.0252s/iter; left time: 2661.7583s
	iters: 800, epoch: 7 | loss: 0.3794192
	speed: 0.0251s/iter; left time: 2653.7218s
	iters: 900, epoch: 7 | loss: 0.5089218
	speed: 0.0250s/iter; left time: 2641.8359s
	iters: 1000, epoch: 7 | loss: 0.3347956
	speed: 0.0250s/iter; left time: 2638.8017s
	iters: 1100, epoch: 7 | loss: 0.4260321
	speed: 0.0251s/iter; left time: 2644.2979s
Epoch: 7 cost time: 28.415512561798096
Epoch: 7, Steps: 1132 | Train Loss: 0.5217126 Vali Loss: 0.5308210
Validation loss decreased (0.531129 --> 0.530821).  Saving model ...
Updating learning rate to 7.8125e-06
	iters: 100, epoch: 8 | loss: 0.6992723
	speed: 0.0476s/iter; left time: 5009.0888s
	iters: 200, epoch: 8 | loss: 0.4509578
	speed: 0.0252s/iter; left time: 2647.5944s
	iters: 300, epoch: 8 | loss: 0.3791863
	speed: 0.0251s/iter; left time: 2635.2443s
	iters: 400, epoch: 8 | loss: 0.4313727
	speed: 0.0251s/iter; left time: 2631.7376s
	iters: 500, epoch: 8 | loss: 0.4607578
	speed: 0.0251s/iter; left time: 2630.8305s
	iters: 600, epoch: 8 | loss: 0.7440254
	speed: 0.0253s/iter; left time: 2644.5012s
	iters: 700, epoch: 8 | loss: 0.5399620
	speed: 0.0251s/iter; left time: 2626.8242s
	iters: 800, epoch: 8 | loss: 0.3675671
	speed: 0.0251s/iter; left time: 2627.0920s
	iters: 900, epoch: 8 | loss: 0.3720059
	speed: 0.0251s/iter; left time: 2624.6601s
	iters: 1000, epoch: 8 | loss: 0.4333856
	speed: 0.0252s/iter; left time: 2628.6689s
	iters: 1100, epoch: 8 | loss: 0.6757445
	speed: 0.0253s/iter; left time: 2636.9811s
Epoch: 8 cost time: 28.479034900665283
Epoch: 8, Steps: 1132 | Train Loss: 0.5210939 Vali Loss: 0.5306933
Validation loss decreased (0.530821 --> 0.530693).  Saving model ...
Updating learning rate to 3.90625e-06
	iters: 100, epoch: 9 | loss: 0.7127088
	speed: 0.0478s/iter; left time: 4971.5942s
	iters: 200, epoch: 9 | loss: 0.4503186
	speed: 0.0251s/iter; left time: 2608.2988s
	iters: 300, epoch: 9 | loss: 0.3993691
	speed: 0.0251s/iter; left time: 2609.8239s
	iters: 400, epoch: 9 | loss: 0.5160007
	speed: 0.0252s/iter; left time: 2611.1374s
	iters: 500, epoch: 9 | loss: 0.4117227
	speed: 0.0253s/iter; left time: 2619.2114s
	iters: 600, epoch: 9 | loss: 0.4912813
	speed: 0.0252s/iter; left time: 2605.1431s
	iters: 700, epoch: 9 | loss: 0.4125916
	speed: 0.0252s/iter; left time: 2611.8046s
	iters: 800, epoch: 9 | loss: 0.7235916
	speed: 0.0252s/iter; left time: 2605.7253s
	iters: 900, epoch: 9 | loss: 0.4775535
	speed: 0.0252s/iter; left time: 2602.4760s
	iters: 1000, epoch: 9 | loss: 0.6274896
	speed: 0.0251s/iter; left time: 2589.2629s
	iters: 1100, epoch: 9 | loss: 0.4593359
	speed: 0.0251s/iter; left time: 2590.5296s
Epoch: 9 cost time: 28.47486662864685
Epoch: 9, Steps: 1132 | Train Loss: 0.5207679 Vali Loss: 0.5308209
EarlyStopping counter: 1 out of 6
Updating learning rate to 1.953125e-06
	iters: 100, epoch: 10 | loss: 0.5174183
	speed: 0.0476s/iter; left time: 4899.5949s
	iters: 200, epoch: 10 | loss: 0.3612925
	speed: 0.0252s/iter; left time: 2586.3074s
	iters: 300, epoch: 10 | loss: 0.7143307
	speed: 0.0252s/iter; left time: 2589.3976s
	iters: 400, epoch: 10 | loss: 0.4931726
	speed: 0.0252s/iter; left time: 2586.0259s
	iters: 500, epoch: 10 | loss: 0.3938667
	speed: 0.0251s/iter; left time: 2576.7591s
	iters: 600, epoch: 10 | loss: 0.3803220
	speed: 0.0251s/iter; left time: 2573.1640s
	iters: 700, epoch: 10 | loss: 0.3715919
	speed: 0.0251s/iter; left time: 2565.6099s
	iters: 800, epoch: 10 | loss: 0.9307839
	speed: 0.0252s/iter; left time: 2572.7175s
	iters: 900, epoch: 10 | loss: 0.7061106
	speed: 0.0252s/iter; left time: 2570.2114s
	iters: 1000, epoch: 10 | loss: 0.5271682
	speed: 0.0253s/iter; left time: 2583.8446s
	iters: 1100, epoch: 10 | loss: 0.4693240
	speed: 0.0252s/iter; left time: 2571.1688s
Epoch: 10 cost time: 28.494312524795532
Epoch: 10, Steps: 1132 | Train Loss: 0.5206289 Vali Loss: 0.5304075
Validation loss decreased (0.530693 --> 0.530408).  Saving model ...
Updating learning rate to 9.765625e-07
	iters: 100, epoch: 11 | loss: 0.4054932
	speed: 0.0478s/iter; left time: 4862.2011s
	iters: 200, epoch: 11 | loss: 0.4579204
	speed: 0.0253s/iter; left time: 2567.5884s
	iters: 300, epoch: 11 | loss: 0.4535084
	speed: 0.0252s/iter; left time: 2557.2294s
	iters: 400, epoch: 11 | loss: 0.4803284
	speed: 0.0253s/iter; left time: 2569.2137s
	iters: 500, epoch: 11 | loss: 0.4482778
	speed: 0.0253s/iter; left time: 2568.5657s
	iters: 600, epoch: 11 | loss: 0.5396196
	speed: 0.0252s/iter; left time: 2557.1157s
	iters: 700, epoch: 11 | loss: 0.4130718
	speed: 0.0252s/iter; left time: 2551.7395s
	iters: 800, epoch: 11 | loss: 0.4505717
	speed: 0.0253s/iter; left time: 2558.1935s
	iters: 900, epoch: 11 | loss: 0.9884397
	speed: 0.0252s/iter; left time: 2539.8593s
	iters: 1000, epoch: 11 | loss: 0.3523056
	speed: 0.0253s/iter; left time: 2547.5123s
	iters: 1100, epoch: 11 | loss: 0.7679949
	speed: 0.0252s/iter; left time: 2535.8254s
Epoch: 11 cost time: 28.56043291091919
Epoch: 11, Steps: 1132 | Train Loss: 0.5204850 Vali Loss: 0.5304552
EarlyStopping counter: 1 out of 6
Updating learning rate to 4.8828125e-07
	iters: 100, epoch: 12 | loss: 1.0390421
	speed: 0.0477s/iter; left time: 4799.4992s
	iters: 200, epoch: 12 | loss: 0.3686435
	speed: 0.0253s/iter; left time: 2539.6491s
	iters: 300, epoch: 12 | loss: 0.4565331
	speed: 0.0251s/iter; left time: 2522.2647s
	iters: 400, epoch: 12 | loss: 0.7480762
	speed: 0.0252s/iter; left time: 2530.2544s
	iters: 500, epoch: 12 | loss: 0.5479985
	speed: 0.0252s/iter; left time: 2530.4063s
	iters: 600, epoch: 12 | loss: 0.4378378
	speed: 0.0252s/iter; left time: 2519.2634s
	iters: 700, epoch: 12 | loss: 0.4233144
	speed: 0.0253s/iter; left time: 2526.9904s
	iters: 800, epoch: 12 | loss: 0.5799576
	speed: 0.0254s/iter; left time: 2539.5936s
	iters: 900, epoch: 12 | loss: 0.5497921
	speed: 0.0252s/iter; left time: 2512.9260s
	iters: 1000, epoch: 12 | loss: 0.4570714
	speed: 0.0252s/iter; left time: 2514.0467s
	iters: 1100, epoch: 12 | loss: 0.4150352
	speed: 0.0252s/iter; left time: 2512.3904s
Epoch: 12 cost time: 28.545331239700317
Epoch: 12, Steps: 1132 | Train Loss: 0.5203998 Vali Loss: 0.5304194
EarlyStopping counter: 2 out of 6
Updating learning rate to 2.44140625e-07
	iters: 100, epoch: 13 | loss: 0.4128398
	speed: 0.0477s/iter; left time: 4747.7152s
	iters: 200, epoch: 13 | loss: 0.3909110
	speed: 0.0253s/iter; left time: 2510.9025s
	iters: 300, epoch: 13 | loss: 0.7705972
	speed: 0.0253s/iter; left time: 2512.6917s
	iters: 400, epoch: 13 | loss: 0.4346215
	speed: 0.0252s/iter; left time: 2501.0535s
	iters: 500, epoch: 13 | loss: 0.4664077
	speed: 0.0252s/iter; left time: 2498.5760s
	iters: 600, epoch: 13 | loss: 0.4893740
	speed: 0.0251s/iter; left time: 2484.7575s
	iters: 700, epoch: 13 | loss: 0.6454530
	speed: 0.0253s/iter; left time: 2503.1420s
	iters: 800, epoch: 13 | loss: 0.5400226
	speed: 0.0252s/iter; left time: 2494.1726s
	iters: 900, epoch: 13 | loss: 0.4812222
	speed: 0.0253s/iter; left time: 2498.8430s
	iters: 1000, epoch: 13 | loss: 0.4489405
	speed: 0.0252s/iter; left time: 2489.1139s
	iters: 1100, epoch: 13 | loss: 0.3956866
	speed: 0.0254s/iter; left time: 2504.4584s
Epoch: 13 cost time: 28.60192608833313
Epoch: 13, Steps: 1132 | Train Loss: 0.5205391 Vali Loss: 0.5304139
EarlyStopping counter: 3 out of 6
Updating learning rate to 1.220703125e-07
	iters: 100, epoch: 14 | loss: 0.4101937
	speed: 0.0477s/iter; left time: 4690.3899s
	iters: 200, epoch: 14 | loss: 0.5045393
	speed: 0.0253s/iter; left time: 2485.4332s
	iters: 300, epoch: 14 | loss: 0.4150910
	speed: 0.0253s/iter; left time: 2479.9836s
	iters: 400, epoch: 14 | loss: 0.4419570
	speed: 0.0251s/iter; left time: 2458.8038s
	iters: 500, epoch: 14 | loss: 0.3985115
	speed: 0.0253s/iter; left time: 2481.7397s
	iters: 600, epoch: 14 | loss: 0.3969433
	speed: 0.0252s/iter; left time: 2466.4250s
	iters: 700, epoch: 14 | loss: 0.4793958
	speed: 0.0253s/iter; left time: 2471.2882s
	iters: 800, epoch: 14 | loss: 0.8930188
	speed: 0.0252s/iter; left time: 2466.0274s
	iters: 900, epoch: 14 | loss: 0.3501087
	speed: 0.0252s/iter; left time: 2462.0435s
	iters: 1000, epoch: 14 | loss: 0.4104770
	speed: 0.0252s/iter; left time: 2458.6633s
	iters: 1100, epoch: 14 | loss: 0.5826777
	speed: 0.0251s/iter; left time: 2445.3157s
Epoch: 14 cost time: 28.53905463218689
Epoch: 14, Steps: 1132 | Train Loss: 0.5203669 Vali Loss: 0.5303996
Validation loss decreased (0.530408 --> 0.530400).  Saving model ...
Updating learning rate to 6.103515625e-08
	iters: 100, epoch: 15 | loss: 0.4445061
	speed: 0.0476s/iter; left time: 4628.4948s
	iters: 200, epoch: 15 | loss: 0.7257822
	speed: 0.0252s/iter; left time: 2450.3720s
	iters: 300, epoch: 15 | loss: 0.6686318
	speed: 0.0252s/iter; left time: 2445.5208s
	iters: 400, epoch: 15 | loss: 0.4075894
	speed: 0.0251s/iter; left time: 2432.3567s
	iters: 500, epoch: 15 | loss: 0.4210994
	speed: 0.0253s/iter; left time: 2452.9900s
	iters: 600, epoch: 15 | loss: 0.4573067
	speed: 0.0251s/iter; left time: 2432.6991s
	iters: 700, epoch: 15 | loss: 0.4300015
	speed: 0.0252s/iter; left time: 2432.2589s
	iters: 800, epoch: 15 | loss: 0.3883358
	speed: 0.0251s/iter; left time: 2422.6028s
	iters: 900, epoch: 15 | loss: 0.6282660
	speed: 0.0251s/iter; left time: 2416.1505s
	iters: 1000, epoch: 15 | loss: 0.4656735
	speed: 0.0252s/iter; left time: 2427.7441s
	iters: 1100, epoch: 15 | loss: 0.4524963
	speed: 0.0253s/iter; left time: 2431.2248s
Epoch: 15 cost time: 28.472869396209717
Epoch: 15, Steps: 1132 | Train Loss: 0.5203969 Vali Loss: 0.5304232
EarlyStopping counter: 1 out of 6
Updating learning rate to 3.0517578125e-08
	iters: 100, epoch: 16 | loss: 0.7769042
	speed: 0.0476s/iter; left time: 4572.0627s
	iters: 200, epoch: 16 | loss: 0.3958202
	speed: 0.0252s/iter; left time: 2416.4836s
	iters: 300, epoch: 16 | loss: 0.4363830
	speed: 0.0253s/iter; left time: 2430.9582s
	iters: 400, epoch: 16 | loss: 0.4396434
	speed: 0.0251s/iter; left time: 2403.9088s
	iters: 500, epoch: 16 | loss: 0.3663525
	speed: 0.0252s/iter; left time: 2410.1634s
	iters: 600, epoch: 16 | loss: 0.4945857
	speed: 0.0254s/iter; left time: 2425.9017s
	iters: 700, epoch: 16 | loss: 0.3437959
	speed: 0.0252s/iter; left time: 2408.2722s
	iters: 800, epoch: 16 | loss: 0.6661009
	speed: 0.0252s/iter; left time: 2400.5160s
	iters: 900, epoch: 16 | loss: 0.8046046
	speed: 0.0252s/iter; left time: 2397.4260s
	iters: 1000, epoch: 16 | loss: 0.3687535
	speed: 0.0251s/iter; left time: 2390.6339s
	iters: 1100, epoch: 16 | loss: 0.4254298
	speed: 0.0251s/iter; left time: 2387.1622s
Epoch: 16 cost time: 28.498231410980225
Epoch: 16, Steps: 1132 | Train Loss: 0.5203742 Vali Loss: 0.5304116
EarlyStopping counter: 2 out of 6
Updating learning rate to 1.52587890625e-08
	iters: 100, epoch: 17 | loss: 0.3828633
	speed: 0.0477s/iter; left time: 4527.3936s
	iters: 200, epoch: 17 | loss: 0.3527739
	speed: 0.0252s/iter; left time: 2394.2354s
	iters: 300, epoch: 17 | loss: 0.6474510
	speed: 0.0252s/iter; left time: 2390.6715s
	iters: 400, epoch: 17 | loss: 0.4258597
	speed: 0.0253s/iter; left time: 2393.3109s
	iters: 500, epoch: 17 | loss: 0.3833698
	speed: 0.0252s/iter; left time: 2381.1664s
	iters: 600, epoch: 17 | loss: 0.3573828
	speed: 0.0252s/iter; left time: 2379.4282s
	iters: 700, epoch: 17 | loss: 0.4543431
	speed: 0.0253s/iter; left time: 2392.3796s
	iters: 800, epoch: 17 | loss: 1.0977874
	speed: 0.0252s/iter; left time: 2377.9156s
	iters: 900, epoch: 17 | loss: 0.3869423
	speed: 0.0253s/iter; left time: 2382.2139s
	iters: 1000, epoch: 17 | loss: 0.4229098
	speed: 0.0252s/iter; left time: 2374.5945s
	iters: 1100, epoch: 17 | loss: 0.4330347
	speed: 0.0253s/iter; left time: 2380.1536s
Epoch: 17 cost time: 28.5700101852417
Epoch: 17, Steps: 1132 | Train Loss: 0.5205423 Vali Loss: 0.5304133
EarlyStopping counter: 3 out of 6
Updating learning rate to 7.62939453125e-09
	iters: 100, epoch: 18 | loss: 0.4604696
	speed: 0.0476s/iter; left time: 4468.7765s
	iters: 200, epoch: 18 | loss: 0.4549061
	speed: 0.0252s/iter; left time: 2362.8802s
	iters: 300, epoch: 18 | loss: 0.4585348
	speed: 0.0252s/iter; left time: 2362.4539s
	iters: 400, epoch: 18 | loss: 1.0062042
	speed: 0.0252s/iter; left time: 2356.3670s
	iters: 500, epoch: 18 | loss: 0.4805332
	speed: 0.0253s/iter; left time: 2360.4999s
	iters: 600, epoch: 18 | loss: 0.4479008
	speed: 0.0252s/iter; left time: 2348.8094s
	iters: 700, epoch: 18 | loss: 1.0168990
	speed: 0.0251s/iter; left time: 2342.4314s
	iters: 800, epoch: 18 | loss: 0.4643206
	speed: 0.0252s/iter; left time: 2346.4436s
	iters: 900, epoch: 18 | loss: 0.4969463
	speed: 0.0251s/iter; left time: 2338.6720s
	iters: 1000, epoch: 18 | loss: 0.4599499
	speed: 0.0252s/iter; left time: 2345.6163s
	iters: 1100, epoch: 18 | loss: 0.6546922
	speed: 0.0252s/iter; left time: 2339.3672s
Epoch: 18 cost time: 28.512201070785522
Epoch: 18, Steps: 1132 | Train Loss: 0.5204287 Vali Loss: 0.5304141
EarlyStopping counter: 4 out of 6
Updating learning rate to 3.814697265625e-09
	iters: 100, epoch: 19 | loss: 0.4055635
	speed: 0.0473s/iter; left time: 4384.4107s
	iters: 200, epoch: 19 | loss: 0.4979033
	speed: 0.0251s/iter; left time: 2325.5379s
	iters: 300, epoch: 19 | loss: 0.4717750
	speed: 0.0251s/iter; left time: 2323.1052s
	iters: 400, epoch: 19 | loss: 0.3821383
	speed: 0.0252s/iter; left time: 2331.3905s
	iters: 500, epoch: 19 | loss: 0.4345538
	speed: 0.0253s/iter; left time: 2335.3582s
	iters: 600, epoch: 19 | loss: 0.4101842
	speed: 0.0253s/iter; left time: 2332.5093s
	iters: 700, epoch: 19 | loss: 0.6478777
	speed: 0.0252s/iter; left time: 2325.5029s
	iters: 800, epoch: 19 | loss: 0.4484724
	speed: 0.0254s/iter; left time: 2336.3636s
	iters: 900, epoch: 19 | loss: 0.7061226
	speed: 0.0257s/iter; left time: 2361.5204s
	iters: 1000, epoch: 19 | loss: 0.5468881
	speed: 0.0252s/iter; left time: 2314.0594s
	iters: 1100, epoch: 19 | loss: 0.7024307
	speed: 0.0253s/iter; left time: 2322.3531s
Epoch: 19 cost time: 28.596193075180054
Epoch: 19, Steps: 1132 | Train Loss: 0.5204628 Vali Loss: 0.5304136
EarlyStopping counter: 5 out of 6
Updating learning rate to 1.9073486328125e-09
	iters: 100, epoch: 20 | loss: 0.6660047
	speed: 0.0477s/iter; left time: 4365.0034s
	iters: 200, epoch: 20 | loss: 0.5536136
	speed: 0.0252s/iter; left time: 2302.0010s
	iters: 300, epoch: 20 | loss: 0.7152019
	speed: 0.0252s/iter; left time: 2303.7819s
	iters: 400, epoch: 20 | loss: 0.7185670
	speed: 0.0252s/iter; left time: 2301.8140s
	iters: 500, epoch: 20 | loss: 0.4370762
	speed: 0.0253s/iter; left time: 2305.3146s
	iters: 600, epoch: 20 | loss: 0.7441285
	speed: 0.0251s/iter; left time: 2283.4789s
	iters: 700, epoch: 20 | loss: 0.4352692
	speed: 0.0251s/iter; left time: 2284.2156s
	iters: 800, epoch: 20 | loss: 0.4064428
	speed: 0.0252s/iter; left time: 2290.9028s
	iters: 900, epoch: 20 | loss: 0.3521275
	speed: 0.0251s/iter; left time: 2281.5911s
	iters: 1000, epoch: 20 | loss: 0.4373984
	speed: 0.0252s/iter; left time: 2289.1403s
	iters: 1100, epoch: 20 | loss: 0.4674979
	speed: 0.0251s/iter; left time: 2270.7891s
Epoch: 20 cost time: 28.4963800907135
Epoch: 20, Steps: 1132 | Train Loss: 0.5203508 Vali Loss: 0.5304134
EarlyStopping counter: 6 out of 6
Early stopping
VALIDATION_RESULT {"best_epoch": 14, "best_mae": 0.36951107262853533, "best_mse": 0.5303996194792506, "epochs_ran": 20, "metric_version": "element_weighted_v1"}
>>>>>>>testing : long_term_forecast_weather_336_336_sixds_weather_p336_s2021_GraphMambaCMRHM_custom_ftM_sl336_ll48_pl336_dm64_nh8_el1_dl1_df128_expand2_dc2_fc1_ebtimeF_dtTrue_sixds_weather_p336_s2021_0<<<<<<<<<<<<<<<<<<<<<<<<<<<<<<<<<
test 10204
test shape: (10204, 336, 21) (10204, 336, 21)
test shape: (10204, 336, 21) (10204, 336, 21)
mse:0.24200038611888885, mae:0.278119295835495, dtw:Not calculated

=== FINAL MATRIX weather-720 ===
Command: /home/cwh/Time-Series-Library/.venv/bin/python -u /home/cwh/Time-Series-Library/run.py --task_name long_term_forecast --is_training 1 --root_path /home/cwh/Time-Series-Library/dataset/weather --data_path weather.csv --model_id weather_336_720_sixds_weather_p720_s2021 --model GraphMambaCMRHM --seed 2021 --data custom --features M --target 'CO2 (ppm)' --seq_len 336 --label_len 48 --pred_len 720 --enc_in 21 --dec_in 21 --c_out 21 --patch_len 4 --stride 2 --d_model 64 --d_ff 128 --d_state 32 --d_conv 2 --e_layers 1 --expand 2 --mamba_version 1 --mamba_bidirectional 1 --use_graph 1 --use_time_mamba 1 --use_patch 1 --use_decomp 1 --moving_avg 25 --dual_scale_scan_mode auto --periodic_period 24 --periodic_local_patch 4 --periodic_local_stride 2 --periodic_period_stride 12 --periodic_use_adapter 1 --graph_alpha 0.5 --graph_top_k 2 --graph_sample_size 2000 --graph_sample_method uniform --static_graph_mode weighted --graph_cache 1 --dropout 0.1 --batch_size 32 --learning_rate 0.0005 --lradj type1 --train_epochs 100 --patience 6 --num_workers 0 --gpu 0 --des sixds_weather_p720_s2021 --itr 1 --test_after_train 1
Log: /home/cwh/Time-Series-Library/logs/graphmamba_cmrhm_six_dataset_final/logs/sixds_weather_p720_s2021.log
Using GPU
Args in experiment:
[1mBasic Config[0m
  Task Name:          long_term_forecast  Is Training:        1                   
  Model ID:           weather_336_720_sixds_weather_p720_s2021Model:              GraphMambaCMRHM     

[1mData Loader[0m
  Data:               custom              Root Path:          /home/cwh/Time-Series-Library/dataset/weather
  Data Path:          weather.csv         Features:           M                   
  Target:             CO2 (ppm)           Freq:               h                   
  Checkpoints:        ./checkpoints/      

[1mForecasting Task[0m
  Seq Len:            336                 Label Len:          48                  
  Pred Len:           720                 Seasonal Patterns:  Monthly             
  Inverse:            0                   

[1mModel Parameters[0m
  Top k:              5                   Num Kernels:        6                   
  Enc In:             21                  Dec In:             21                  
  C Out:              21                  d model:            64                  
  n heads:            8                   e layers:           1                   
  d layers:           1                   d FF:               128                 
  Moving Avg:         25                  Factor:             1                   
  Distil:             1                   Dropout:            0.1                 
  Embed:              timeF               Activation:         gelu                

[1mRun Parameters[0m
  Num Workers:        0                   Itr:                1                   
  Train Epochs:       100                 Batch Size:         32                  
  Patience:           6                   Learning Rate:      0.0005              
  Des:                sixds_weather_p720_s2021Loss:               MSE                 
  Lradj:              type1               Use Amp:            0                   

[1mGPU[0m
  Use GPU:            1                   GPU:                0                   
  Use Multi GPU:      0                   Devices:            0,1,2,3             

[1mDe-stationary Projector Params[0m
  P Hidden Dims:      128, 128            P Hidden Layers:    2                   

Use GPU: cuda:0
🚀 Lazy Loading: GraphMambaCMRHM ...
[GraphMamba] Loaded static graph: /home/cwh/Time-Series-Library/dataset/weather/weather_adj_train_custom_M_uniform_2000_seed2021.npy
>>>>>>>start training : long_term_forecast_weather_336_720_sixds_weather_p720_s2021_GraphMambaCMRHM_custom_ftM_sl336_ll48_pl720_dm64_nh8_el1_dl1_df128_expand2_dc2_fc1_ebtimeF_dtTrue_sixds_weather_p720_s2021_0>>>>>>>>>>>>>>>>>>>>>>>>>>
train 35832
val 4551
	iters: 100, epoch: 1 | loss: 0.9059708
	speed: 0.0277s/iter; left time: 3104.2972s
	iters: 200, epoch: 1 | loss: 0.6085788
	speed: 0.0259s/iter; left time: 2900.0005s
	iters: 300, epoch: 1 | loss: 0.5487214
	speed: 0.0261s/iter; left time: 2911.6444s
	iters: 400, epoch: 1 | loss: 0.5916985
	speed: 0.0259s/iter; left time: 2895.1120s
	iters: 500, epoch: 1 | loss: 0.6212171
	speed: 0.0258s/iter; left time: 2879.3168s
	iters: 600, epoch: 1 | loss: 0.6723482
	speed: 0.0258s/iter; left time: 2875.5369s
	iters: 700, epoch: 1 | loss: 0.6050404
	speed: 0.0259s/iter; left time: 2880.9956s
	iters: 800, epoch: 1 | loss: 0.6085113
	speed: 0.0260s/iter; left time: 2888.8488s
	iters: 900, epoch: 1 | loss: 0.6768573
	speed: 0.0258s/iter; left time: 2867.7723s
	iters: 1000, epoch: 1 | loss: 0.6477824
	speed: 0.0259s/iter; left time: 2877.6930s
	iters: 1100, epoch: 1 | loss: 0.6120489
	speed: 0.0259s/iter; left time: 2872.0992s
Epoch: 1 cost time: 29.203890562057495
Epoch: 1, Steps: 1120 | Train Loss: 0.6888641 Vali Loss: 0.6650114
Validation loss decreased (inf --> 0.665011).  Saving model ...
Updating learning rate to 0.0005
	iters: 100, epoch: 2 | loss: 0.6425610
	speed: 0.0452s/iter; left time: 5010.4820s
	iters: 200, epoch: 2 | loss: 0.7332296
	speed: 0.0258s/iter; left time: 2858.8675s
	iters: 300, epoch: 2 | loss: 0.6196498
	speed: 0.0259s/iter; left time: 2862.0813s
	iters: 400, epoch: 2 | loss: 0.5215033
	speed: 0.0259s/iter; left time: 2858.8680s
	iters: 500, epoch: 2 | loss: 0.8283952
	speed: 0.0259s/iter; left time: 2863.0846s
	iters: 600, epoch: 2 | loss: 0.7754960
	speed: 0.0260s/iter; left time: 2862.3923s
	iters: 700, epoch: 2 | loss: 0.4591210
	speed: 0.0259s/iter; left time: 2857.8168s
	iters: 800, epoch: 2 | loss: 0.5325653
	speed: 0.0258s/iter; left time: 2842.8035s
	iters: 900, epoch: 2 | loss: 0.7050927
	speed: 0.0258s/iter; left time: 2841.2610s
	iters: 1000, epoch: 2 | loss: 0.5836000
	speed: 0.0258s/iter; left time: 2834.6900s
	iters: 1100, epoch: 2 | loss: 0.8443660
	speed: 0.0258s/iter; left time: 2836.1146s
Epoch: 2 cost time: 28.967792510986328
Epoch: 2, Steps: 1120 | Train Loss: 0.6158550 Vali Loss: 0.6586991
Validation loss decreased (0.665011 --> 0.658699).  Saving model ...
Updating learning rate to 0.00025
	iters: 100, epoch: 3 | loss: 0.4671194
	speed: 0.0450s/iter; left time: 4935.7498s
	iters: 200, epoch: 3 | loss: 0.5710093
	speed: 0.0258s/iter; left time: 2826.3634s
	iters: 300, epoch: 3 | loss: 0.6354115
	speed: 0.0259s/iter; left time: 2830.1831s
	iters: 400, epoch: 3 | loss: 0.7150062
	speed: 0.0258s/iter; left time: 2823.9706s
	iters: 500, epoch: 3 | loss: 0.4986425
	speed: 0.0259s/iter; left time: 2831.0117s
	iters: 600, epoch: 3 | loss: 0.5257688
	speed: 0.0258s/iter; left time: 2819.7405s
	iters: 700, epoch: 3 | loss: 0.6352270
	speed: 0.0258s/iter; left time: 2815.4951s
	iters: 800, epoch: 3 | loss: 0.5018102
	speed: 0.0258s/iter; left time: 2811.9281s
	iters: 900, epoch: 3 | loss: 0.7186326
	speed: 0.0259s/iter; left time: 2817.1405s
	iters: 1000, epoch: 3 | loss: 0.5915277
	speed: 0.0258s/iter; left time: 2804.0817s
	iters: 1100, epoch: 3 | loss: 0.5446336
	speed: 0.0258s/iter; left time: 2804.0504s
Epoch: 3 cost time: 28.91275906562805
Epoch: 3, Steps: 1120 | Train Loss: 0.6023262 Vali Loss: 0.6483610
Validation loss decreased (0.658699 --> 0.648361).  Saving model ...
Updating learning rate to 0.000125
	iters: 100, epoch: 4 | loss: 0.5579750
	speed: 0.0450s/iter; left time: 4887.4157s
	iters: 200, epoch: 4 | loss: 0.5044045
	speed: 0.0258s/iter; left time: 2793.0518s
	iters: 300, epoch: 4 | loss: 0.5962735
	speed: 0.0260s/iter; left time: 2813.9814s
	iters: 400, epoch: 4 | loss: 0.5000851
	speed: 0.0260s/iter; left time: 2814.2298s
	iters: 500, epoch: 4 | loss: 0.7989755
	speed: 0.0259s/iter; left time: 2804.3005s
	iters: 600, epoch: 4 | loss: 0.5659289
	speed: 0.0260s/iter; left time: 2810.6704s
	iters: 700, epoch: 4 | loss: 0.7049845
	speed: 0.0259s/iter; left time: 2792.9807s
	iters: 800, epoch: 4 | loss: 0.5357081
	speed: 0.0260s/iter; left time: 2805.7801s
	iters: 900, epoch: 4 | loss: 0.5371876
	speed: 0.0259s/iter; left time: 2792.1227s
	iters: 1000, epoch: 4 | loss: 0.6570426
	speed: 0.0258s/iter; left time: 2774.2169s
	iters: 1100, epoch: 4 | loss: 0.6485286
	speed: 0.0258s/iter; left time: 2772.2363s
Epoch: 4 cost time: 28.993502378463745
Epoch: 4, Steps: 1120 | Train Loss: 0.5970806 Vali Loss: 0.6463554
Validation loss decreased (0.648361 --> 0.646355).  Saving model ...
Updating learning rate to 6.25e-05
	iters: 100, epoch: 5 | loss: 0.6894181
	speed: 0.0452s/iter; left time: 4858.8990s
	iters: 200, epoch: 5 | loss: 0.4441489
	speed: 0.0258s/iter; left time: 2769.0155s
	iters: 300, epoch: 5 | loss: 0.4876828
	speed: 0.0258s/iter; left time: 2762.8220s
	iters: 400, epoch: 5 | loss: 0.5105650
	speed: 0.0258s/iter; left time: 2760.6644s
	iters: 500, epoch: 5 | loss: 0.4950553
	speed: 0.0258s/iter; left time: 2759.1790s
	iters: 600, epoch: 5 | loss: 0.7670457
	speed: 0.0258s/iter; left time: 2754.6100s
	iters: 700, epoch: 5 | loss: 0.5550317
	speed: 0.0258s/iter; left time: 2758.2109s
	iters: 800, epoch: 5 | loss: 0.6169599
	speed: 0.0258s/iter; left time: 2756.7499s
	iters: 900, epoch: 5 | loss: 0.8845652
	speed: 0.0258s/iter; left time: 2751.9827s
	iters: 1000, epoch: 5 | loss: 0.5027938
	speed: 0.0258s/iter; left time: 2747.1045s
	iters: 1100, epoch: 5 | loss: 0.4607724
	speed: 0.0260s/iter; left time: 2762.1134s
Epoch: 5 cost time: 28.89846110343933
Epoch: 5, Steps: 1120 | Train Loss: 0.5943341 Vali Loss: 0.6459439
Validation loss decreased (0.646355 --> 0.645944).  Saving model ...
Updating learning rate to 3.125e-05
	iters: 100, epoch: 6 | loss: 0.4850552
	speed: 0.0451s/iter; left time: 4796.9569s
	iters: 200, epoch: 6 | loss: 0.4930722
	speed: 0.0259s/iter; left time: 2752.3919s
	iters: 300, epoch: 6 | loss: 0.4640785
	speed: 0.0258s/iter; left time: 2740.3609s
	iters: 400, epoch: 6 | loss: 0.5351974
	speed: 0.0260s/iter; left time: 2752.7536s
	iters: 500, epoch: 6 | loss: 0.7274566
	speed: 0.0259s/iter; left time: 2740.9608s
	iters: 600, epoch: 6 | loss: 0.6477011
	speed: 0.0259s/iter; left time: 2744.6355s
	iters: 700, epoch: 6 | loss: 0.5360577
	speed: 0.0259s/iter; left time: 2734.8172s
	iters: 800, epoch: 6 | loss: 0.7009224
	speed: 0.0257s/iter; left time: 2715.9392s
	iters: 900, epoch: 6 | loss: 0.5964829
	speed: 0.0258s/iter; left time: 2726.6792s
	iters: 1000, epoch: 6 | loss: 0.8278133
	speed: 0.0257s/iter; left time: 2713.9157s
	iters: 1100, epoch: 6 | loss: 0.4322823
	speed: 0.0259s/iter; left time: 2722.3548s
Epoch: 6 cost time: 28.943800687789917
Epoch: 6, Steps: 1120 | Train Loss: 0.5932259 Vali Loss: 0.6454176
Validation loss decreased (0.645944 --> 0.645418).  Saving model ...
Updating learning rate to 1.5625e-05
	iters: 100, epoch: 7 | loss: 0.6315068
	speed: 0.0453s/iter; left time: 4764.1125s
	iters: 200, epoch: 7 | loss: 0.5274790
	speed: 0.0259s/iter; left time: 2721.2408s
	iters: 300, epoch: 7 | loss: 0.4958019
	speed: 0.0258s/iter; left time: 2703.6863s
	iters: 400, epoch: 7 | loss: 0.5124367
	speed: 0.0258s/iter; left time: 2703.3296s
	iters: 500, epoch: 7 | loss: 0.7842347
	speed: 0.0260s/iter; left time: 2721.0955s
	iters: 600, epoch: 7 | loss: 0.7962569
	speed: 0.0260s/iter; left time: 2720.3247s
	iters: 700, epoch: 7 | loss: 0.6108552
	speed: 0.0259s/iter; left time: 2703.9527s
	iters: 800, epoch: 7 | loss: 0.4988411
	speed: 0.0259s/iter; left time: 2700.9966s
	iters: 900, epoch: 7 | loss: 0.5254251
	speed: 0.0258s/iter; left time: 2697.6399s
	iters: 1000, epoch: 7 | loss: 0.5804828
	speed: 0.0259s/iter; left time: 2701.1545s
	iters: 1100, epoch: 7 | loss: 0.6831827
	speed: 0.0259s/iter; left time: 2697.1579s
Epoch: 7 cost time: 28.97789978981018
Epoch: 7, Steps: 1120 | Train Loss: 0.5923778 Vali Loss: 0.6446708
Validation loss decreased (0.645418 --> 0.644671).  Saving model ...
Updating learning rate to 7.8125e-06
	iters: 100, epoch: 8 | loss: 0.5764307
	speed: 0.0453s/iter; left time: 4718.5985s
	iters: 200, epoch: 8 | loss: 0.5630438
	speed: 0.0259s/iter; left time: 2697.1943s
	iters: 300, epoch: 8 | loss: 0.6920782
	speed: 0.0260s/iter; left time: 2697.0791s
	iters: 400, epoch: 8 | loss: 0.5858586
	speed: 0.0259s/iter; left time: 2691.3564s
	iters: 500, epoch: 8 | loss: 0.4838644
	speed: 0.0259s/iter; left time: 2681.9576s
	iters: 600, epoch: 8 | loss: 0.4956989
	speed: 0.0259s/iter; left time: 2687.0789s
	iters: 700, epoch: 8 | loss: 0.5610024
	speed: 0.0259s/iter; left time: 2677.3954s
	iters: 800, epoch: 8 | loss: 0.4486840
	speed: 0.0259s/iter; left time: 2681.1068s
	iters: 900, epoch: 8 | loss: 0.6462724
	speed: 0.0259s/iter; left time: 2672.6550s
	iters: 1000, epoch: 8 | loss: 0.6297591
	speed: 0.0258s/iter; left time: 2659.2872s
	iters: 1100, epoch: 8 | loss: 0.6448664
	speed: 0.0258s/iter; left time: 2660.6217s
Epoch: 8 cost time: 28.996297597885132
Epoch: 8, Steps: 1120 | Train Loss: 0.5919538 Vali Loss: 0.6446505
Validation loss decreased (0.644671 --> 0.644651).  Saving model ...
Updating learning rate to 3.90625e-06
	iters: 100, epoch: 9 | loss: 0.5509271
	speed: 0.0449s/iter; left time: 4620.2868s
	iters: 200, epoch: 9 | loss: 0.4956562
	speed: 0.0258s/iter; left time: 2649.9097s
	iters: 300, epoch: 9 | loss: 0.5438356
	speed: 0.0259s/iter; left time: 2665.2013s
	iters: 400, epoch: 9 | loss: 0.5175776
	speed: 0.0259s/iter; left time: 2653.3651s
	iters: 500, epoch: 9 | loss: 0.5527546
	speed: 0.0259s/iter; left time: 2651.4313s
	iters: 600, epoch: 9 | loss: 0.7327964
	speed: 0.0259s/iter; left time: 2658.1640s
	iters: 700, epoch: 9 | loss: 0.4492460
	speed: 0.0260s/iter; left time: 2661.7955s
	iters: 800, epoch: 9 | loss: 0.6849860
	speed: 0.0260s/iter; left time: 2656.0913s
	iters: 900, epoch: 9 | loss: 0.6036116
	speed: 0.0259s/iter; left time: 2650.3410s
	iters: 1000, epoch: 9 | loss: 0.4676923
	speed: 0.0259s/iter; left time: 2640.1813s
	iters: 1100, epoch: 9 | loss: 0.5850832
	speed: 0.0259s/iter; left time: 2638.8672s
Epoch: 9 cost time: 28.98585343360901
Epoch: 9, Steps: 1120 | Train Loss: 0.5919066 Vali Loss: 0.6445880
Validation loss decreased (0.644651 --> 0.644588).  Saving model ...
Updating learning rate to 1.953125e-06
	iters: 100, epoch: 10 | loss: 0.5548061
	speed: 0.0453s/iter; left time: 4609.4522s
	iters: 200, epoch: 10 | loss: 0.7007580
	speed: 0.0258s/iter; left time: 2625.7266s
	iters: 300, epoch: 10 | loss: 0.5641909
	speed: 0.0259s/iter; left time: 2632.1098s
	iters: 400, epoch: 10 | loss: 0.6258522
	speed: 0.0260s/iter; left time: 2644.5313s
	iters: 500, epoch: 10 | loss: 0.6323489
	speed: 0.0259s/iter; left time: 2627.8806s
	iters: 600, epoch: 10 | loss: 0.5097730
	speed: 0.0259s/iter; left time: 2622.2433s
	iters: 700, epoch: 10 | loss: 0.5634373
	speed: 0.0259s/iter; left time: 2625.3205s
	iters: 800, epoch: 10 | loss: 0.6708465
	speed: 0.0258s/iter; left time: 2608.4321s
	iters: 900, epoch: 10 | loss: 0.5052347
	speed: 0.0259s/iter; left time: 2616.7172s
	iters: 1000, epoch: 10 | loss: 0.5192510
	speed: 0.0258s/iter; left time: 2605.2362s
	iters: 1100, epoch: 10 | loss: 0.6304336
	speed: 0.0259s/iter; left time: 2611.8280s
Epoch: 10 cost time: 29.003005504608154
Epoch: 10, Steps: 1120 | Train Loss: 0.5917060 Vali Loss: 0.6446187
EarlyStopping counter: 1 out of 6
Updating learning rate to 9.765625e-07
	iters: 100, epoch: 11 | loss: 0.6205265
	speed: 0.0452s/iter; left time: 4550.0230s
	iters: 200, epoch: 11 | loss: 0.6090287
	speed: 0.0260s/iter; left time: 2610.8344s
	iters: 300, epoch: 11 | loss: 0.4738669
	speed: 0.0259s/iter; left time: 2602.4202s
	iters: 400, epoch: 11 | loss: 0.5676390
	speed: 0.0260s/iter; left time: 2606.4401s
	iters: 500, epoch: 11 | loss: 0.6517791
	speed: 0.0258s/iter; left time: 2592.7221s
	iters: 600, epoch: 11 | loss: 0.5400250
	speed: 0.0260s/iter; left time: 2607.9429s
	iters: 700, epoch: 11 | loss: 0.6864337
	speed: 0.0258s/iter; left time: 2586.9200s
	iters: 800, epoch: 11 | loss: 0.4719465
	speed: 0.0259s/iter; left time: 2594.3558s
	iters: 900, epoch: 11 | loss: 0.4376423
	speed: 0.0259s/iter; left time: 2590.7511s
	iters: 1000, epoch: 11 | loss: 0.6798716
	speed: 0.0258s/iter; left time: 2574.9171s
	iters: 1100, epoch: 11 | loss: 0.5664700
	speed: 0.0258s/iter; left time: 2575.6956s
Epoch: 11 cost time: 29.008732557296753
Epoch: 11, Steps: 1120 | Train Loss: 0.5917209 Vali Loss: 0.6446193
EarlyStopping counter: 2 out of 6
Updating learning rate to 4.8828125e-07
	iters: 100, epoch: 12 | loss: 0.6316571
	speed: 0.0450s/iter; left time: 4484.3293s
	iters: 200, epoch: 12 | loss: 0.4690441
	speed: 0.0259s/iter; left time: 2574.0266s
	iters: 300, epoch: 12 | loss: 0.5011473
	speed: 0.0260s/iter; left time: 2580.1489s
	iters: 400, epoch: 12 | loss: 0.7004658
	speed: 0.0260s/iter; left time: 2581.4489s
	iters: 500, epoch: 12 | loss: 0.5635280
	speed: 0.0260s/iter; left time: 2576.6820s
	iters: 600, epoch: 12 | loss: 0.5294451
	speed: 0.0259s/iter; left time: 2564.8551s
	iters: 700, epoch: 12 | loss: 0.6552964
	speed: 0.0259s/iter; left time: 2566.5794s
	iters: 800, epoch: 12 | loss: 0.5933897
	speed: 0.0259s/iter; left time: 2558.1615s
	iters: 900, epoch: 12 | loss: 0.6158644
	speed: 0.0257s/iter; left time: 2542.1476s
	iters: 1000, epoch: 12 | loss: 0.5620176
	speed: 0.0260s/iter; left time: 2563.1501s
	iters: 1100, epoch: 12 | loss: 0.6226379
	speed: 0.0259s/iter; left time: 2553.5101s
Epoch: 12 cost time: 29.002941370010376
Epoch: 12, Steps: 1120 | Train Loss: 0.5916536 Vali Loss: 0.6445834
Validation loss decreased (0.644588 --> 0.644583).  Saving model ...
Updating learning rate to 2.44140625e-07
	iters: 100, epoch: 13 | loss: 0.5719501
	speed: 0.0452s/iter; left time: 4448.0087s
	iters: 200, epoch: 13 | loss: 0.6196235
	speed: 0.0259s/iter; left time: 2544.9618s
	iters: 300, epoch: 13 | loss: 0.5523814
	speed: 0.0259s/iter; left time: 2543.7179s
	iters: 400, epoch: 13 | loss: 0.7124044
	speed: 0.0258s/iter; left time: 2536.2140s
	iters: 500, epoch: 13 | loss: 0.5119544
	speed: 0.0258s/iter; left time: 2527.5408s
	iters: 600, epoch: 13 | loss: 0.4426853
	speed: 0.0259s/iter; left time: 2535.7467s
	iters: 700, epoch: 13 | loss: 0.8349430
	speed: 0.0258s/iter; left time: 2524.8553s
	iters: 800, epoch: 13 | loss: 0.4718568
	speed: 0.0258s/iter; left time: 2526.1499s
	iters: 900, epoch: 13 | loss: 0.4851254
	speed: 0.0258s/iter; left time: 2519.6283s
	iters: 1000, epoch: 13 | loss: 0.5810370
	speed: 0.0259s/iter; left time: 2523.6492s
	iters: 1100, epoch: 13 | loss: 0.5808227
	speed: 0.0259s/iter; left time: 2527.6472s
Epoch: 13 cost time: 28.946993112564087
Epoch: 13, Steps: 1120 | Train Loss: 0.5917034 Vali Loss: 0.6444935
Validation loss decreased (0.644583 --> 0.644494).  Saving model ...
Updating learning rate to 1.220703125e-07
	iters: 100, epoch: 14 | loss: 0.5599936
	speed: 0.0451s/iter; left time: 4386.4287s
	iters: 200, epoch: 14 | loss: 0.6664905
	speed: 0.0259s/iter; left time: 2517.1049s
	iters: 300, epoch: 14 | loss: 0.5183569
	speed: 0.0258s/iter; left time: 2510.7554s
	iters: 400, epoch: 14 | loss: 0.4995861
	speed: 0.0258s/iter; left time: 2500.9246s
	iters: 500, epoch: 14 | loss: 0.5811178
	speed: 0.0258s/iter; left time: 2505.0362s
	iters: 600, epoch: 14 | loss: 0.4768041
	speed: 0.0259s/iter; left time: 2510.7230s
	iters: 700, epoch: 14 | loss: 0.5000185
	speed: 0.0259s/iter; left time: 2504.3844s
	iters: 800, epoch: 14 | loss: 0.5853903
	speed: 0.0259s/iter; left time: 2503.3030s
	iters: 900, epoch: 14 | loss: 0.6462187
	speed: 0.0258s/iter; left time: 2490.3213s
	iters: 1000, epoch: 14 | loss: 0.5637351
	speed: 0.0258s/iter; left time: 2485.6370s
	iters: 1100, epoch: 14 | loss: 0.6296591
	speed: 0.0258s/iter; left time: 2486.8059s
Epoch: 14 cost time: 28.937947750091553
Epoch: 14, Steps: 1120 | Train Loss: 0.5916122 Vali Loss: 0.6445782
EarlyStopping counter: 1 out of 6
Updating learning rate to 6.103515625e-08
	iters: 100, epoch: 15 | loss: 0.6251829
	speed: 0.0451s/iter; left time: 4342.6937s
	iters: 200, epoch: 15 | loss: 0.7063404
	speed: 0.0259s/iter; left time: 2493.7946s
	iters: 300, epoch: 15 | loss: 0.4836274
	speed: 0.0259s/iter; left time: 2486.0732s
	iters: 400, epoch: 15 | loss: 0.4252337
	speed: 0.0259s/iter; left time: 2488.6542s
	iters: 500, epoch: 15 | loss: 0.5474966
	speed: 0.0258s/iter; left time: 2475.7120s
	iters: 600, epoch: 15 | loss: 0.5450991
	speed: 0.0258s/iter; left time: 2469.9532s
	iters: 700, epoch: 15 | loss: 0.5132950
	speed: 0.0260s/iter; left time: 2482.5901s
	iters: 800, epoch: 15 | loss: 0.6456490
	speed: 0.0259s/iter; left time: 2472.6900s
	iters: 900, epoch: 15 | loss: 0.6516173
	speed: 0.0258s/iter; left time: 2465.6287s
	iters: 1000, epoch: 15 | loss: 0.6313871
	speed: 0.0259s/iter; left time: 2467.1457s
	iters: 1100, epoch: 15 | loss: 0.5251450
	speed: 0.0259s/iter; left time: 2466.8050s
Epoch: 15 cost time: 28.994163751602173
Epoch: 15, Steps: 1120 | Train Loss: 0.5917015 Vali Loss: 0.6445667
EarlyStopping counter: 2 out of 6
Updating learning rate to 3.0517578125e-08
	iters: 100, epoch: 16 | loss: 0.4559368
	speed: 0.0448s/iter; left time: 4263.6812s
	iters: 200, epoch: 16 | loss: 0.5480430
	speed: 0.0259s/iter; left time: 2458.4402s
	iters: 300, epoch: 16 | loss: 0.7147122
	speed: 0.0258s/iter; left time: 2449.8712s
	iters: 400, epoch: 16 | loss: 0.6447392
	speed: 0.0260s/iter; left time: 2460.9232s
	iters: 500, epoch: 16 | loss: 0.6287974
	speed: 0.0259s/iter; left time: 2450.0629s
	iters: 600, epoch: 16 | loss: 0.6223562
	speed: 0.0260s/iter; left time: 2455.1175s
	iters: 700, epoch: 16 | loss: 0.7139372
	speed: 0.0260s/iter; left time: 2457.8458s
	iters: 800, epoch: 16 | loss: 0.5431549
	speed: 0.0260s/iter; left time: 2454.7135s
	iters: 900, epoch: 16 | loss: 0.5913044
	speed: 0.0260s/iter; left time: 2447.7601s
	iters: 1000, epoch: 16 | loss: 0.6334076
	speed: 0.0259s/iter; left time: 2443.1484s
	iters: 1100, epoch: 16 | loss: 0.8179291
	speed: 0.0259s/iter; left time: 2434.2974s
Epoch: 16 cost time: 29.014623880386353
Epoch: 16, Steps: 1120 | Train Loss: 0.5916041 Vali Loss: 0.6445740
EarlyStopping counter: 3 out of 6
Updating learning rate to 1.52587890625e-08
	iters: 100, epoch: 17 | loss: 0.5699210
	speed: 0.0446s/iter; left time: 4194.5599s
	iters: 200, epoch: 17 | loss: 0.6024286
	speed: 0.0258s/iter; left time: 2426.4261s
	iters: 300, epoch: 17 | loss: 0.6453106
	speed: 0.0258s/iter; left time: 2415.4473s
	iters: 400, epoch: 17 | loss: 0.7587392
	speed: 0.0258s/iter; left time: 2416.9789s
	iters: 500, epoch: 17 | loss: 0.5403032
	speed: 0.0257s/iter; left time: 2406.1345s
	iters: 600, epoch: 17 | loss: 0.7150432
	speed: 0.0260s/iter; left time: 2428.2217s
	iters: 700, epoch: 17 | loss: 0.7989626
	speed: 0.0259s/iter; left time: 2419.2066s
	iters: 800, epoch: 17 | loss: 0.7919830
	speed: 0.0258s/iter; left time: 2411.2963s
	iters: 900, epoch: 17 | loss: 0.6903902
	speed: 0.0259s/iter; left time: 2415.7780s
	iters: 1000, epoch: 17 | loss: 0.5386544
	speed: 0.0259s/iter; left time: 2412.1629s
	iters: 1100, epoch: 17 | loss: 0.5258511
	speed: 0.0257s/iter; left time: 2392.0936s
Epoch: 17 cost time: 28.91862392425537
Epoch: 17, Steps: 1120 | Train Loss: 0.5917291 Vali Loss: 0.6445733
EarlyStopping counter: 4 out of 6
Updating learning rate to 7.62939453125e-09
	iters: 100, epoch: 18 | loss: 0.6200235
	speed: 0.0451s/iter; left time: 4186.7538s
	iters: 200, epoch: 18 | loss: 0.5993921
	speed: 0.0259s/iter; left time: 2399.5226s
	iters: 300, epoch: 18 | loss: 0.9327307
	speed: 0.0259s/iter; left time: 2400.1125s
	iters: 400, epoch: 18 | loss: 0.7237930
	speed: 0.0259s/iter; left time: 2396.3224s
	iters: 500, epoch: 18 | loss: 0.5462129
	speed: 0.0259s/iter; left time: 2397.6832s
	iters: 600, epoch: 18 | loss: 0.6029881
	speed: 0.0258s/iter; left time: 2380.3847s
	iters: 700, epoch: 18 | loss: 0.8516042
	speed: 0.0258s/iter; left time: 2380.8744s
	iters: 800, epoch: 18 | loss: 0.4984998
	speed: 0.0259s/iter; left time: 2383.0905s
	iters: 900, epoch: 18 | loss: 0.7627428
	speed: 0.0260s/iter; left time: 2397.1748s
	iters: 1000, epoch: 18 | loss: 0.4504736
	speed: 0.0259s/iter; left time: 2381.8740s
	iters: 1100, epoch: 18 | loss: 0.7518847
	speed: 0.0258s/iter; left time: 2370.8337s
Epoch: 18 cost time: 28.969571113586426
Epoch: 18, Steps: 1120 | Train Loss: 0.5915258 Vali Loss: 0.6445746
EarlyStopping counter: 5 out of 6
Updating learning rate to 3.814697265625e-09
	iters: 100, epoch: 19 | loss: 0.4702810
	speed: 0.0450s/iter; left time: 4132.7935s
	iters: 200, epoch: 19 | loss: 0.7562948
	speed: 0.0259s/iter; left time: 2376.3651s
	iters: 300, epoch: 19 | loss: 0.4921622
	speed: 0.0259s/iter; left time: 2367.5815s
	iters: 400, epoch: 19 | loss: 0.5524738
	speed: 0.0259s/iter; left time: 2367.0225s
	iters: 500, epoch: 19 | loss: 0.4834428
	speed: 0.0260s/iter; left time: 2372.5667s
	iters: 600, epoch: 19 | loss: 0.4608669
	speed: 0.0259s/iter; left time: 2359.1516s
	iters: 700, epoch: 19 | loss: 0.5856020
	speed: 0.0258s/iter; left time: 2349.6733s
	iters: 800, epoch: 19 | loss: 0.6965120
	speed: 0.0259s/iter; left time: 2361.4185s
	iters: 900, epoch: 19 | loss: 0.6282469
	speed: 0.0259s/iter; left time: 2358.1734s
	iters: 1000, epoch: 19 | loss: 0.7034777
	speed: 0.0259s/iter; left time: 2353.9273s
	iters: 1100, epoch: 19 | loss: 0.5774777
	speed: 0.0258s/iter; left time: 2341.4396s
Epoch: 19 cost time: 28.99337863922119
Epoch: 19, Steps: 1120 | Train Loss: 0.5916775 Vali Loss: 0.6445746
EarlyStopping counter: 6 out of 6
Early stopping
VALIDATION_RESULT {"best_epoch": 13, "best_mae": 0.4406900181635795, "best_mse": 0.6444935399453787, "epochs_ran": 19, "metric_version": "element_weighted_v1"}
>>>>>>>testing : long_term_forecast_weather_336_720_sixds_weather_p720_s2021_GraphMambaCMRHM_custom_ftM_sl336_ll48_pl720_dm64_nh8_el1_dl1_df128_expand2_dc2_fc1_ebtimeF_dtTrue_sixds_weather_p720_s2021_0<<<<<<<<<<<<<<<<<<<<<<<<<<<<<<<<<
test 9820
test shape: (9820, 720, 21) (9820, 720, 21)
test shape: (9820, 720, 21) (9820, 720, 21)
mse:0.31817513704299927, mae:0.33138200640678406, dtw:Not calculated

=== FINAL MATRIX solar-96 ===
Command: /home/cwh/Time-Series-Library/.venv/bin/python -u /home/cwh/Time-Series-Library/run.py --task_name long_term_forecast --is_training 1 --root_path /home/cwh/Time-Series-Library/dataset/solar --data_path solar.csv --model_id solar_336_96_sixds_solar_p96_s2021 --model GraphMambaCMRHM --seed 2021 --data custom --features M --target channel_99 --seq_len 336 --label_len 48 --pred_len 96 --enc_in 137 --dec_in 137 --c_out 137 --patch_len 4 --stride 2 --d_model 64 --d_ff 128 --d_state 32 --d_conv 2 --e_layers 1 --expand 2 --mamba_version 1 --mamba_bidirectional 1 --use_graph 1 --use_time_mamba 1 --use_patch 1 --use_decomp 1 --moving_avg 25 --dual_scale_scan_mode auto --periodic_period 24 --periodic_local_patch 4 --periodic_local_stride 2 --periodic_period_stride 12 --periodic_use_adapter 1 --graph_alpha 0.5 --graph_top_k 2 --graph_sample_size 2000 --graph_sample_method uniform --static_graph_mode weighted --graph_cache 1 --dropout 0.1 --batch_size 16 --learning_rate 0.0005 --lradj type1 --train_epochs 100 --patience 6 --num_workers 0 --gpu 0 --des sixds_solar_p96_s2021 --itr 1 --test_after_train 1
Log: /home/cwh/Time-Series-Library/logs/graphmamba_cmrhm_six_dataset_final/logs/sixds_solar_p96_s2021.log
Using GPU
Args in experiment:
[1mBasic Config[0m
  Task Name:          long_term_forecast  Is Training:        1                   
  Model ID:           solar_336_96_sixds_solar_p96_s2021Model:              GraphMambaCMRHM     

[1mData Loader[0m
  Data:               custom              Root Path:          /home/cwh/Time-Series-Library/dataset/solar
  Data Path:          solar.csv           Features:           M                   
  Target:             channel_99          Freq:               h                   
  Checkpoints:        ./checkpoints/      

[1mForecasting Task[0m
  Seq Len:            336                 Label Len:          48                  
  Pred Len:           96                  Seasonal Patterns:  Monthly             
  Inverse:            0                   

[1mModel Parameters[0m
  Top k:              5                   Num Kernels:        6                   
  Enc In:             137                 Dec In:             137                 
  C Out:              137                 d model:            64                  
  n heads:            8                   e layers:           1                   
  d layers:           1                   d FF:               128                 
  Moving Avg:         25                  Factor:             1                   
  Distil:             1                   Dropout:            0.1                 
  Embed:              timeF               Activation:         gelu                

[1mRun Parameters[0m
  Num Workers:        0                   Itr:                1                   
  Train Epochs:       100                 Batch Size:         16                  
  Patience:           6                   Learning Rate:      0.0005              
  Des:                sixds_solar_p96_s2021Loss:               MSE                 
  Lradj:              type1               Use Amp:            0                   

[1mGPU[0m
  Use GPU:            1                   GPU:                0                   
  Use Multi GPU:      0                   Devices:            0,1,2,3             

[1mDe-stationary Projector Params[0m
  P Hidden Dims:      128, 128            P Hidden Layers:    2                   

Use GPU: cuda:0
🚀 Lazy Loading: GraphMambaCMRHM ...
[GraphMamba] Building 137x137 static graph from 2000 training samples
[GraphMamba] Saved static graph: /home/cwh/Time-Series-Library/dataset/solar/solar_adj_train_custom_M_uniform_2000_seed2021.npy
>>>>>>>start training : long_term_forecast_solar_336_96_sixds_solar_p96_s2021_GraphMambaCMRHM_custom_ftM_sl336_ll48_pl96_dm64_nh8_el1_dl1_df128_expand2_dc2_fc1_ebtimeF_dtTrue_sixds_solar_p96_s2021_0>>>>>>>>>>>>>>>>>>>>>>>>>>
train 36361
val 5161
	iters: 100, epoch: 1 | loss: 0.3658427
	speed: 0.1227s/iter; left time: 27870.8528s
	iters: 200, epoch: 1 | loss: 0.3147289
	speed: 0.1215s/iter; left time: 27585.5477s
	iters: 300, epoch: 1 | loss: 0.3433810
	speed: 0.1216s/iter; left time: 27605.5061s
	iters: 400, epoch: 1 | loss: 0.2768997
	speed: 0.1213s/iter; left time: 27520.8579s
	iters: 500, epoch: 1 | loss: 0.2215220
	speed: 0.1211s/iter; left time: 27462.4105s
	iters: 600, epoch: 1 | loss: 0.3029135
	speed: 0.1207s/iter; left time: 27352.6887s
	iters: 700, epoch: 1 | loss: 0.1876803
	speed: 0.1213s/iter; left time: 27494.6504s
	iters: 800, epoch: 1 | loss: 0.2111367
	speed: 0.1215s/iter; left time: 27530.9297s
	iters: 900, epoch: 1 | loss: 0.2346408
	speed: 0.1216s/iter; left time: 27527.9819s
	iters: 1000, epoch: 1 | loss: 0.1385114
	speed: 0.1217s/iter; left time: 27531.4454s
	iters: 1100, epoch: 1 | loss: 0.2062935
	speed: 0.1214s/iter; left time: 27469.6845s
	iters: 1200, epoch: 1 | loss: 0.2089305
	speed: 0.1215s/iter; left time: 27473.0663s
	iters: 1300, epoch: 1 | loss: 0.2318512
	speed: 0.1209s/iter; left time: 27315.5665s
	iters: 1400, epoch: 1 | loss: 0.2526747
	speed: 0.1213s/iter; left time: 27412.9161s
	iters: 1500, epoch: 1 | loss: 0.2107472
	speed: 0.1211s/iter; left time: 27333.9788s
	iters: 1600, epoch: 1 | loss: 0.2018319
	speed: 0.1211s/iter; left time: 27324.6964s
	iters: 1700, epoch: 1 | loss: 0.2024520
	speed: 0.1210s/iter; left time: 27299.7244s
	iters: 1800, epoch: 1 | loss: 0.1687389
	speed: 0.1214s/iter; left time: 27376.4383s
	iters: 1900, epoch: 1 | loss: 0.1625115
	speed: 0.1213s/iter; left time: 27335.3731s
	iters: 2000, epoch: 1 | loss: 0.1932910
	speed: 0.1212s/iter; left time: 27299.4151s
	iters: 2100, epoch: 1 | loss: 0.2077159
	speed: 0.1208s/iter; left time: 27208.1980s
	iters: 2200, epoch: 1 | loss: 0.1586772
	speed: 0.1210s/iter; left time: 27242.5951s
Epoch: 1 cost time: 275.7274332046509
Epoch: 1, Steps: 2273 | Train Loss: 0.2487494 Vali Loss: 0.1636358
Validation loss decreased (inf --> 0.163636).  Saving model ...
Updating learning rate to 0.0005
	iters: 100, epoch: 2 | loss: 0.1990974
	speed: 0.3001s/iter; left time: 67507.7581s
	iters: 200, epoch: 2 | loss: 0.3042580
	speed: 0.1214s/iter; left time: 27288.1277s
	iters: 300, epoch: 2 | loss: 0.1542175
	speed: 0.1214s/iter; left time: 27275.2311s
	iters: 400, epoch: 2 | loss: 0.1390180
	speed: 0.1217s/iter; left time: 27342.3145s
	iters: 500, epoch: 2 | loss: 0.1722991
	speed: 0.1211s/iter; left time: 27193.0487s
	iters: 600, epoch: 2 | loss: 0.1833509
	speed: 0.1211s/iter; left time: 27177.2947s
	iters: 700, epoch: 2 | loss: 0.2384923
	speed: 0.1208s/iter; left time: 27105.1253s
	iters: 800, epoch: 2 | loss: 0.1361168
	speed: 0.1211s/iter; left time: 27161.6607s
	iters: 900, epoch: 2 | loss: 0.2870687
	speed: 0.1208s/iter; left time: 27081.2664s
	iters: 1000, epoch: 2 | loss: 0.1484329
	speed: 0.1209s/iter; left time: 27088.1321s
	iters: 1100, epoch: 2 | loss: 0.1642601
	speed: 0.1214s/iter; left time: 27183.0965s
	iters: 1200, epoch: 2 | loss: 0.1897987
	speed: 0.1216s/iter; left time: 27213.3914s
	iters: 1300, epoch: 2 | loss: 0.1378595
	speed: 0.1210s/iter; left time: 27068.3983s
	iters: 1400, epoch: 2 | loss: 0.1278322
	speed: 0.1213s/iter; left time: 27124.3593s
	iters: 1500, epoch: 2 | loss: 0.2780706
	speed: 0.1209s/iter; left time: 27013.5038s
	iters: 1600, epoch: 2 | loss: 0.1424332
	speed: 0.1212s/iter; left time: 27073.6164s
	iters: 1700, epoch: 2 | loss: 0.2131691
	speed: 0.1217s/iter; left time: 27170.0896s
	iters: 1800, epoch: 2 | loss: 0.2488271
	speed: 0.1209s/iter; left time: 26988.7296s
	iters: 1900, epoch: 2 | loss: 0.1457904
	speed: 0.1213s/iter; left time: 27065.1974s
	iters: 2000, epoch: 2 | loss: 0.1206101
	speed: 0.1209s/iter; left time: 26954.1590s
	iters: 2100, epoch: 2 | loss: 0.1339679
	speed: 0.1212s/iter; left time: 27020.9520s
	iters: 2200, epoch: 2 | loss: 0.1539508
	speed: 0.1206s/iter; left time: 26875.1265s
Epoch: 2 cost time: 275.2378408908844
Epoch: 2, Steps: 2273 | Train Loss: 0.1808877 Vali Loss: 0.1597911
Validation loss decreased (0.163636 --> 0.159791).  Saving model ...
Updating learning rate to 0.00025
	iters: 100, epoch: 3 | loss: 0.1359318
	speed: 0.2993s/iter; left time: 66646.4093s
	iters: 200, epoch: 3 | loss: 0.1470297
	speed: 0.1209s/iter; left time: 26913.3585s
	iters: 300, epoch: 3 | loss: 0.1910067
	speed: 0.1209s/iter; left time: 26891.2001s
	iters: 400, epoch: 3 | loss: 0.1502752
	speed: 0.1209s/iter; left time: 26883.8909s
	iters: 500, epoch: 3 | loss: 0.1526853
	speed: 0.1207s/iter; left time: 26821.3817s
	iters: 600, epoch: 3 | loss: 0.1475467
	speed: 0.1211s/iter; left time: 26896.5953s
	iters: 700, epoch: 3 | loss: 0.1426388
	speed: 0.1211s/iter; left time: 26887.5736s
	iters: 800, epoch: 3 | loss: 0.1632804
	speed: 0.1211s/iter; left time: 26887.7120s
	iters: 900, epoch: 3 | loss: 0.1137891
	speed: 0.1208s/iter; left time: 26805.6949s
	iters: 1000, epoch: 3 | loss: 0.1275754
	speed: 0.1213s/iter; left time: 26896.4714s
	iters: 1100, epoch: 3 | loss: 0.2619405
	speed: 0.1210s/iter; left time: 26811.1012s
	iters: 1200, epoch: 3 | loss: 0.2263856
	speed: 0.1209s/iter; left time: 26784.9053s
	iters: 1300, epoch: 3 | loss: 0.1238800
	speed: 0.1211s/iter; left time: 26821.3877s
	iters: 1400, epoch: 3 | loss: 0.1488277
	speed: 0.1209s/iter; left time: 26768.9455s
	iters: 1500, epoch: 3 | loss: 0.2291379
	speed: 0.1209s/iter; left time: 26754.6051s
	iters: 1600, epoch: 3 | loss: 0.1744280
	speed: 0.1208s/iter; left time: 26711.7000s
	iters: 1700, epoch: 3 | loss: 0.0967216
	speed: 0.1212s/iter; left time: 26782.5340s
	iters: 1800, epoch: 3 | loss: 0.1316963
	speed: 0.1214s/iter; left time: 26834.1655s
	iters: 1900, epoch: 3 | loss: 0.1432743
	speed: 0.1427s/iter; left time: 31510.6734s
	iters: 2000, epoch: 3 | loss: 0.0927316
	speed: 0.1211s/iter; left time: 26738.9798s
	iters: 2100, epoch: 3 | loss: 0.1321563
	speed: 0.1212s/iter; left time: 26737.1459s
	iters: 2200, epoch: 3 | loss: 0.1826003
	speed: 0.1209s/iter; left time: 26675.6704s
Epoch: 3 cost time: 277.19285702705383
Epoch: 3, Steps: 2273 | Train Loss: 0.1724783 Vali Loss: 0.1551368
Validation loss decreased (0.159791 --> 0.155137).  Saving model ...
Updating learning rate to 0.000125
	iters: 100, epoch: 4 | loss: 0.1244506
	speed: 0.3004s/iter; left time: 66201.6751s
	iters: 200, epoch: 4 | loss: 0.1655731
	speed: 0.1217s/iter; left time: 26807.7114s
	iters: 300, epoch: 4 | loss: 0.0996572
	speed: 0.1210s/iter; left time: 26648.4294s
	iters: 400, epoch: 4 | loss: 0.2125820
	speed: 0.1212s/iter; left time: 26671.7858s
	iters: 500, epoch: 4 | loss: 0.1854160
	speed: 0.1209s/iter; left time: 26589.0846s
	iters: 600, epoch: 4 | loss: 0.1745858
	speed: 0.1204s/iter; left time: 26474.7510s
	iters: 700, epoch: 4 | loss: 0.2042748
	speed: 0.1214s/iter; left time: 26680.3644s
	iters: 800, epoch: 4 | loss: 0.1159980
	speed: 0.1212s/iter; left time: 26617.3608s
	iters: 900, epoch: 4 | loss: 0.1339815
	speed: 0.1214s/iter; left time: 26668.2019s
	iters: 1000, epoch: 4 | loss: 0.1281392
	speed: 0.1208s/iter; left time: 26519.9084s
	iters: 1100, epoch: 4 | loss: 0.2044282
	speed: 0.1210s/iter; left time: 26543.1699s
	iters: 1200, epoch: 4 | loss: 0.1694966
	speed: 0.1215s/iter; left time: 26651.2421s
	iters: 1300, epoch: 4 | loss: 0.1645306
	speed: 0.1211s/iter; left time: 26546.8075s
	iters: 1400, epoch: 4 | loss: 0.1805781
	speed: 0.1212s/iter; left time: 26552.6232s
	iters: 1500, epoch: 4 | loss: 0.1349569
	speed: 0.1213s/iter; left time: 26566.6753s
	iters: 1600, epoch: 4 | loss: 0.1634130
	speed: 0.1216s/iter; left time: 26608.5915s
	iters: 1700, epoch: 4 | loss: 0.2286669
	speed: 0.1211s/iter; left time: 26502.1427s
	iters: 1800, epoch: 4 | loss: 0.1153321
	speed: 0.1212s/iter; left time: 26498.7738s
	iters: 1900, epoch: 4 | loss: 0.1194111
	speed: 0.1222s/iter; left time: 26717.0737s
	iters: 2000, epoch: 4 | loss: 0.1368915
	speed: 0.1217s/iter; left time: 26590.7379s
	iters: 2100, epoch: 4 | loss: 0.1288285
	speed: 0.1222s/iter; left time: 26682.0126s
	iters: 2200, epoch: 4 | loss: 0.1183197
	speed: 0.1217s/iter; left time: 26561.1855s
Epoch: 4 cost time: 275.6924817562103
Epoch: 4, Steps: 2273 | Train Loss: 0.1697439 Vali Loss: 0.1559527
EarlyStopping counter: 1 out of 6
Updating learning rate to 6.25e-05
	iters: 100, epoch: 5 | loss: 0.1733266
	speed: 0.3013s/iter; left time: 65725.6641s
	iters: 200, epoch: 5 | loss: 0.1941102
	speed: 0.1212s/iter; left time: 26429.0006s
	iters: 300, epoch: 5 | loss: 0.1754817
	speed: 0.1211s/iter; left time: 26383.9386s
	iters: 400, epoch: 5 | loss: 0.2163297
	speed: 0.1209s/iter; left time: 26323.8146s
	iters: 500, epoch: 5 | loss: 0.1214256
	speed: 0.1212s/iter; left time: 26385.8437s
	iters: 600, epoch: 5 | loss: 0.1140347
	speed: 0.1214s/iter; left time: 26414.3491s
	iters: 700, epoch: 5 | loss: 0.2075137
	speed: 0.1214s/iter; left time: 26405.2557s
	iters: 800, epoch: 5 | loss: 0.1399556
	speed: 0.1212s/iter; left time: 26346.5386s
	iters: 900, epoch: 5 | loss: 0.2067670
	speed: 0.1209s/iter; left time: 26278.2566s
	iters: 1000, epoch: 5 | loss: 0.1945673
	speed: 0.1210s/iter; left time: 26283.8761s
	iters: 1100, epoch: 5 | loss: 0.1687399
	speed: 0.1215s/iter; left time: 26378.8079s
	iters: 1200, epoch: 5 | loss: 0.0758099
	speed: 0.1210s/iter; left time: 26268.5525s
	iters: 1300, epoch: 5 | loss: 0.2662190
	speed: 0.1221s/iter; left time: 26477.4420s
	iters: 1400, epoch: 5 | loss: 0.0978665
	speed: 0.1218s/iter; left time: 26414.6641s
	iters: 1500, epoch: 5 | loss: 0.1644140
	speed: 0.1216s/iter; left time: 26348.0615s
	iters: 1600, epoch: 5 | loss: 0.1127097
	speed: 0.1215s/iter; left time: 26322.6576s
	iters: 1700, epoch: 5 | loss: 0.1525975
	speed: 0.1214s/iter; left time: 26277.3888s
	iters: 1800, epoch: 5 | loss: 0.0913458
	speed: 0.1211s/iter; left time: 26213.4956s
	iters: 1900, epoch: 5 | loss: 0.1721147
	speed: 0.1217s/iter; left time: 26324.7802s
	iters: 2000, epoch: 5 | loss: 0.1923766
	speed: 0.1214s/iter; left time: 26248.3373s
	iters: 2100, epoch: 5 | loss: 0.0901214
	speed: 0.1216s/iter; left time: 26268.2303s
	iters: 2200, epoch: 5 | loss: 0.0911958
	speed: 0.1211s/iter; left time: 26163.9582s
Epoch: 5 cost time: 275.73067903518677
Epoch: 5, Steps: 2273 | Train Loss: 0.1682132 Vali Loss: 0.1538972
Validation loss decreased (0.155137 --> 0.153897).  Saving model ...
Updating learning rate to 3.125e-05
	iters: 100, epoch: 6 | loss: 0.1280662
	speed: 0.3013s/iter; left time: 65029.4800s
	iters: 200, epoch: 6 | loss: 0.1332243
	speed: 0.1214s/iter; left time: 26195.9473s
	iters: 300, epoch: 6 | loss: 0.1730252
	speed: 0.1214s/iter; left time: 26168.8013s
	iters: 400, epoch: 6 | loss: 0.2905693
	speed: 0.1214s/iter; left time: 26175.5840s
	iters: 500, epoch: 6 | loss: 0.2202402
	speed: 0.1214s/iter; left time: 26154.5121s
	iters: 600, epoch: 6 | loss: 0.1352516
	speed: 0.1215s/iter; left time: 26162.2296s
	iters: 700, epoch: 6 | loss: 0.1065735
	speed: 0.1212s/iter; left time: 26096.0313s
	iters: 800, epoch: 6 | loss: 0.1703296
	speed: 0.1220s/iter; left time: 26239.9467s
	iters: 900, epoch: 6 | loss: 0.1499755
	speed: 0.1216s/iter; left time: 26152.7930s
	iters: 1000, epoch: 6 | loss: 0.2273884
	speed: 0.1211s/iter; left time: 26024.2081s
	iters: 1100, epoch: 6 | loss: 0.1142238
	speed: 0.1207s/iter; left time: 25936.2851s
	iters: 1200, epoch: 6 | loss: 0.1459768
	speed: 0.1220s/iter; left time: 26203.4837s
	iters: 1300, epoch: 6 | loss: 0.1460855
	speed: 0.1219s/iter; left time: 26168.3718s
	iters: 1400, epoch: 6 | loss: 0.1914921
	speed: 0.1214s/iter; left time: 26050.7114s
	iters: 1500, epoch: 6 | loss: 0.2293385
	speed: 0.1209s/iter; left time: 25929.9590s
	iters: 1600, epoch: 6 | loss: 0.1483028
	speed: 0.1215s/iter; left time: 26039.1485s
	iters: 1700, epoch: 6 | loss: 0.1172165
	speed: 0.1221s/iter; left time: 26165.3456s
	iters: 1800, epoch: 6 | loss: 0.1533142
	speed: 0.1215s/iter; left time: 26011.6193s
	iters: 1900, epoch: 6 | loss: 0.1778392
	speed: 0.1215s/iter; left time: 25998.6199s
	iters: 2000, epoch: 6 | loss: 0.1375746
	speed: 0.1217s/iter; left time: 26030.8929s
	iters: 2100, epoch: 6 | loss: 0.1258593
	speed: 0.1217s/iter; left time: 26017.6495s
	iters: 2200, epoch: 6 | loss: 0.1400438
	speed: 0.1217s/iter; left time: 26018.2313s
Epoch: 6 cost time: 276.09342551231384
Epoch: 6, Steps: 2273 | Train Loss: 0.1673614 Vali Loss: 0.1536730
Validation loss decreased (0.153897 --> 0.153673).  Saving model ...
Updating learning rate to 1.5625e-05
	iters: 100, epoch: 7 | loss: 0.1693775
	speed: 0.3006s/iter; left time: 64189.8329s
	iters: 200, epoch: 7 | loss: 0.1320648
	speed: 0.1218s/iter; left time: 26003.7195s
	iters: 300, epoch: 7 | loss: 0.1592696
	speed: 0.1217s/iter; left time: 25970.6358s
	iters: 400, epoch: 7 | loss: 0.1897949
	speed: 0.1218s/iter; left time: 25975.4727s
	iters: 500, epoch: 7 | loss: 0.1746532
	speed: 0.1216s/iter; left time: 25930.0159s
	iters: 600, epoch: 7 | loss: 0.2204404
	speed: 0.1217s/iter; left time: 25938.6397s
	iters: 700, epoch: 7 | loss: 0.1056017
	speed: 0.1217s/iter; left time: 25924.5112s
	iters: 800, epoch: 7 | loss: 0.1661697
	speed: 0.1219s/iter; left time: 25952.6699s
	iters: 900, epoch: 7 | loss: 0.1199009
	speed: 0.1219s/iter; left time: 25931.1080s
	iters: 1000, epoch: 7 | loss: 0.1202674
	speed: 0.1211s/iter; left time: 25758.6952s
	iters: 1100, epoch: 7 | loss: 0.1478944
	speed: 0.1217s/iter; left time: 25869.5578s
	iters: 1200, epoch: 7 | loss: 0.1573490
	speed: 0.1216s/iter; left time: 25839.2662s
	iters: 1300, epoch: 7 | loss: 0.2639110
	speed: 0.1212s/iter; left time: 25737.6546s
	iters: 1400, epoch: 7 | loss: 0.1058704
	speed: 0.1214s/iter; left time: 25764.9814s
	iters: 1500, epoch: 7 | loss: 0.1682594
	speed: 0.1222s/iter; left time: 25920.5860s
	iters: 1600, epoch: 7 | loss: 0.1682667
	speed: 0.1209s/iter; left time: 25640.4652s
	iters: 1700, epoch: 7 | loss: 0.1243349
	speed: 0.1212s/iter; left time: 25698.3357s
	iters: 1800, epoch: 7 | loss: 0.1653240
	speed: 0.1215s/iter; left time: 25746.8903s
	iters: 1900, epoch: 7 | loss: 0.2935793
	speed: 0.1216s/iter; left time: 25742.7315s
	iters: 2000, epoch: 7 | loss: 0.1996370
	speed: 0.1215s/iter; left time: 25715.0760s
	iters: 2100, epoch: 7 | loss: 0.1259163
	speed: 0.1213s/iter; left time: 25670.4679s
	iters: 2200, epoch: 7 | loss: 0.1784247
	speed: 0.1210s/iter; left time: 25588.5252s
Epoch: 7 cost time: 276.1835045814514
Epoch: 7, Steps: 2273 | Train Loss: 0.1669217 Vali Loss: 0.1530323
Validation loss decreased (0.153673 --> 0.153032).  Saving model ...
Updating learning rate to 7.8125e-06
	iters: 100, epoch: 8 | loss: 0.0879959
	speed: 0.3010s/iter; left time: 63595.3030s
	iters: 200, epoch: 8 | loss: 0.0827355
	speed: 0.1215s/iter; left time: 25666.5161s
	iters: 300, epoch: 8 | loss: 0.1368155
	speed: 0.1214s/iter; left time: 25623.1017s
	iters: 400, epoch: 8 | loss: 0.1923999
	speed: 0.1217s/iter; left time: 25686.8176s
	iters: 500, epoch: 8 | loss: 0.2514957
	speed: 0.1210s/iter; left time: 25521.7987s
	iters: 600, epoch: 8 | loss: 0.1429458
	speed: 0.1217s/iter; left time: 25655.3017s
	iters: 700, epoch: 8 | loss: 0.1152011
	speed: 0.1217s/iter; left time: 25636.1564s
	iters: 800, epoch: 8 | loss: 0.2053461
	speed: 0.1215s/iter; left time: 25593.9790s
	iters: 900, epoch: 8 | loss: 0.1989017
	speed: 0.1216s/iter; left time: 25594.3687s
	iters: 1000, epoch: 8 | loss: 0.1681820
	speed: 0.1210s/iter; left time: 25452.4451s
	iters: 1100, epoch: 8 | loss: 0.1711560
	speed: 0.1209s/iter; left time: 25424.7502s
	iters: 1200, epoch: 8 | loss: 0.2099411
	speed: 0.1216s/iter; left time: 25562.3610s
	iters: 1300, epoch: 8 | loss: 0.2478541
	speed: 0.1216s/iter; left time: 25552.9143s
	iters: 1400, epoch: 8 | loss: 0.1853568
	speed: 0.1221s/iter; left time: 25647.8622s
	iters: 1500, epoch: 8 | loss: 0.1879526
	speed: 0.1215s/iter; left time: 25492.5671s
	iters: 1600, epoch: 8 | loss: 0.1734821
	speed: 0.1211s/iter; left time: 25415.8760s
	iters: 1700, epoch: 8 | loss: 0.1024783
	speed: 0.1217s/iter; left time: 25515.2921s
	iters: 1800, epoch: 8 | loss: 0.1378610
	speed: 0.1216s/iter; left time: 25481.9792s
	iters: 1900, epoch: 8 | loss: 0.1852914
	speed: 0.1218s/iter; left time: 25506.0307s
	iters: 2000, epoch: 8 | loss: 0.0925392
	speed: 0.1221s/iter; left time: 25575.0718s
	iters: 2100, epoch: 8 | loss: 0.2044857
	speed: 0.1216s/iter; left time: 25450.3348s
	iters: 2200, epoch: 8 | loss: 0.1788768
	speed: 0.1213s/iter; left time: 25365.5503s
Epoch: 8 cost time: 276.1328797340393
Epoch: 8, Steps: 2273 | Train Loss: 0.1666884 Vali Loss: 0.1525789
Validation loss decreased (0.153032 --> 0.152579).  Saving model ...
Updating learning rate to 3.90625e-06
	iters: 100, epoch: 9 | loss: 0.1231673
	speed: 0.3012s/iter; left time: 62964.2150s
	iters: 200, epoch: 9 | loss: 0.1596524
	speed: 0.1217s/iter; left time: 25428.7864s
	iters: 300, epoch: 9 | loss: 0.1612407
	speed: 0.1218s/iter; left time: 25429.3932s
	iters: 400, epoch: 9 | loss: 0.1626162
	speed: 0.1215s/iter; left time: 25364.0884s
	iters: 500, epoch: 9 | loss: 0.1662644
	speed: 0.1212s/iter; left time: 25275.8083s
	iters: 600, epoch: 9 | loss: 0.2661818
	speed: 0.1216s/iter; left time: 25348.6989s
	iters: 700, epoch: 9 | loss: 0.1959276
	speed: 0.1216s/iter; left time: 25335.5728s
	iters: 800, epoch: 9 | loss: 0.1404605
	speed: 0.1211s/iter; left time: 25231.3729s
	iters: 900, epoch: 9 | loss: 0.1875214
	speed: 0.1210s/iter; left time: 25187.2606s
	iters: 1000, epoch: 9 | loss: 0.1216036
	speed: 0.1217s/iter; left time: 25321.2268s
	iters: 1100, epoch: 9 | loss: 0.1027898
	speed: 0.1217s/iter; left time: 25311.7892s
	iters: 1200, epoch: 9 | loss: 0.2241992
	speed: 0.1217s/iter; left time: 25297.4519s
	iters: 1300, epoch: 9 | loss: 0.1517616
	speed: 0.1209s/iter; left time: 25117.3249s
	iters: 1400, epoch: 9 | loss: 0.1725141
	speed: 0.1219s/iter; left time: 25318.8646s
	iters: 1500, epoch: 9 | loss: 0.2036073
	speed: 0.1221s/iter; left time: 25344.9937s
	iters: 1600, epoch: 9 | loss: 0.1117375
	speed: 0.1219s/iter; left time: 25288.3632s
	iters: 1700, epoch: 9 | loss: 0.2086785
	speed: 0.1214s/iter; left time: 25185.5611s
	iters: 1800, epoch: 9 | loss: 0.1373134
	speed: 0.1216s/iter; left time: 25203.4779s
	iters: 1900, epoch: 9 | loss: 0.1592041
	speed: 0.1218s/iter; left time: 25233.0019s
	iters: 2000, epoch: 9 | loss: 0.3420637
	speed: 0.1222s/iter; left time: 25299.5651s
	iters: 2100, epoch: 9 | loss: 0.1555717
	speed: 0.1221s/iter; left time: 25271.4754s
	iters: 2200, epoch: 9 | loss: 0.1109078
	speed: 0.1217s/iter; left time: 25185.9869s
Epoch: 9 cost time: 276.3915400505066
Epoch: 9, Steps: 2273 | Train Loss: 0.1665720 Vali Loss: 0.1523898
Validation loss decreased (0.152579 --> 0.152390).  Saving model ...
Updating learning rate to 1.953125e-06
	iters: 100, epoch: 10 | loss: 0.1883784
	speed: 0.3007s/iter; left time: 62161.6138s
	iters: 200, epoch: 10 | loss: 0.1652597
	speed: 0.1213s/iter; left time: 25064.4128s
	iters: 300, epoch: 10 | loss: 0.1756352
	speed: 0.1217s/iter; left time: 25130.2662s
	iters: 400, epoch: 10 | loss: 0.1929925
	speed: 0.1215s/iter; left time: 25085.3329s
	iters: 500, epoch: 10 | loss: 0.1575569
	speed: 0.1209s/iter; left time: 24940.4227s
	iters: 600, epoch: 10 | loss: 0.1465259
	speed: 0.1210s/iter; left time: 24952.8178s
	iters: 700, epoch: 10 | loss: 0.2128170
	speed: 0.1214s/iter; left time: 25026.2052s
	iters: 800, epoch: 10 | loss: 0.1672107
	speed: 0.1212s/iter; left time: 24973.3967s
	iters: 900, epoch: 10 | loss: 0.1282378
	speed: 0.1212s/iter; left time: 24962.2239s
	iters: 1000, epoch: 10 | loss: 0.2074585
	speed: 0.1216s/iter; left time: 25038.3990s
	iters: 1100, epoch: 10 | loss: 0.1817795
	speed: 0.1214s/iter; left time: 24967.3831s
	iters: 1200, epoch: 10 | loss: 0.1674546
	speed: 0.1217s/iter; left time: 25023.7739s
	iters: 1300, epoch: 10 | loss: 0.2099701
	speed: 0.1215s/iter; left time: 24976.2802s
	iters: 1400, epoch: 10 | loss: 0.1327136
	speed: 0.1217s/iter; left time: 24993.4606s
	iters: 1500, epoch: 10 | loss: 0.0878498
	speed: 0.1212s/iter; left time: 24891.2489s
	iters: 1600, epoch: 10 | loss: 0.1258019
	speed: 0.1214s/iter; left time: 24925.4588s
	iters: 1700, epoch: 10 | loss: 0.1183766
	speed: 0.1213s/iter; left time: 24885.8867s
	iters: 1800, epoch: 10 | loss: 0.2345680
	speed: 0.1218s/iter; left time: 24975.0379s
	iters: 1900, epoch: 10 | loss: 0.1090027
	speed: 0.1212s/iter; left time: 24846.9880s
	iters: 2000, epoch: 10 | loss: 0.1839327
	speed: 0.1209s/iter; left time: 24766.7554s
	iters: 2100, epoch: 10 | loss: 0.1772047
	speed: 0.1216s/iter; left time: 24896.6177s
	iters: 2200, epoch: 10 | loss: 0.1751961
	speed: 0.1211s/iter; left time: 24785.6625s
Epoch: 10 cost time: 275.75858521461487
Epoch: 10, Steps: 2273 | Train Loss: 0.1665055 Vali Loss: 0.1525438
EarlyStopping counter: 1 out of 6
Updating learning rate to 9.765625e-07
	iters: 100, epoch: 11 | loss: 0.1481944
	speed: 0.3004s/iter; left time: 61431.8906s
	iters: 200, epoch: 11 | loss: 0.1377783
	speed: 0.1216s/iter; left time: 24851.8792s
	iters: 300, epoch: 11 | loss: 0.2396610
	speed: 0.1215s/iter; left time: 24817.4768s
	iters: 400, epoch: 11 | loss: 0.1839503
	speed: 0.1213s/iter; left time: 24762.1972s
	iters: 500, epoch: 11 | loss: 0.1723104
	speed: 0.1213s/iter; left time: 24754.0660s
	iters: 600, epoch: 11 | loss: 0.0961472
	speed: 0.1215s/iter; left time: 24780.1366s
	iters: 700, epoch: 11 | loss: 0.1509979
	speed: 0.1211s/iter; left time: 24679.5018s
	iters: 800, epoch: 11 | loss: 0.1307818
	speed: 0.1215s/iter; left time: 24749.8166s
	iters: 900, epoch: 11 | loss: 0.3328755
	speed: 0.1215s/iter; left time: 24742.7504s
	iters: 1000, epoch: 11 | loss: 0.1786759
	speed: 0.1211s/iter; left time: 24646.2446s
	iters: 1100, epoch: 11 | loss: 0.1909686
	speed: 0.1215s/iter; left time: 24723.1209s
	iters: 1200, epoch: 11 | loss: 0.2423987
	speed: 0.1210s/iter; left time: 24608.8945s
	iters: 1300, epoch: 11 | loss: 0.1193757
	speed: 0.1212s/iter; left time: 24635.3061s
	iters: 1400, epoch: 11 | loss: 0.1214170
	speed: 0.1209s/iter; left time: 24557.9611s
	iters: 1500, epoch: 11 | loss: 0.2591032
	speed: 0.1215s/iter; left time: 24680.8408s
	iters: 1600, epoch: 11 | loss: 0.1664483
	speed: 0.1213s/iter; left time: 24618.4812s
	iters: 1700, epoch: 11 | loss: 0.2373292
	speed: 0.1213s/iter; left time: 24603.2885s
	iters: 1800, epoch: 11 | loss: 0.1537171
	speed: 0.1213s/iter; left time: 24602.2163s
	iters: 1900, epoch: 11 | loss: 0.1588096
	speed: 0.1211s/iter; left time: 24537.5536s
	iters: 2000, epoch: 11 | loss: 0.1509761
	speed: 0.1213s/iter; left time: 24572.4102s
	iters: 2100, epoch: 11 | loss: 0.0761657
	speed: 0.1215s/iter; left time: 24593.6128s
	iters: 2200, epoch: 11 | loss: 0.2167601
	speed: 0.1216s/iter; left time: 24603.4411s
Epoch: 11 cost time: 275.6533863544464
Epoch: 11, Steps: 2273 | Train Loss: 0.1664681 Vali Loss: 0.1524136
EarlyStopping counter: 2 out of 6
Updating learning rate to 4.8828125e-07
	iters: 100, epoch: 12 | loss: 0.0836853
	speed: 0.3011s/iter; left time: 60878.0805s
	iters: 200, epoch: 12 | loss: 0.1594617
	speed: 0.1212s/iter; left time: 24498.1774s
	iters: 300, epoch: 12 | loss: 0.2216563
	speed: 0.1213s/iter; left time: 24509.8460s
	iters: 400, epoch: 12 | loss: 0.2094675
	speed: 0.1209s/iter; left time: 24415.4937s
	iters: 500, epoch: 12 | loss: 0.1846074
	speed: 0.1211s/iter; left time: 24437.6943s
	iters: 600, epoch: 12 | loss: 0.1475676
	speed: 0.1209s/iter; left time: 24385.5597s
	iters: 700, epoch: 12 | loss: 0.1406192
	speed: 0.1212s/iter; left time: 24436.9097s
	iters: 800, epoch: 12 | loss: 0.1696583
	speed: 0.1213s/iter; left time: 24435.0559s
	iters: 900, epoch: 12 | loss: 0.2129145
	speed: 0.1217s/iter; left time: 24502.0857s
	iters: 1000, epoch: 12 | loss: 0.1521739
	speed: 0.1214s/iter; left time: 24436.4064s
	iters: 1100, epoch: 12 | loss: 0.1922841
	speed: 0.1213s/iter; left time: 24395.6221s
	iters: 1200, epoch: 12 | loss: 0.1358454
	speed: 0.1216s/iter; left time: 24457.1076s
	iters: 1300, epoch: 12 | loss: 0.1511791
	speed: 0.1214s/iter; left time: 24409.3022s
	iters: 1400, epoch: 12 | loss: 0.1998543
	speed: 0.1217s/iter; left time: 24449.7039s
	iters: 1500, epoch: 12 | loss: 0.1022335
	speed: 0.1210s/iter; left time: 24289.9072s
	iters: 1600, epoch: 12 | loss: 0.1488791
	speed: 0.1213s/iter; left time: 24353.0328s
	iters: 1700, epoch: 12 | loss: 0.1239030
	speed: 0.1212s/iter; left time: 24308.4700s
	iters: 1800, epoch: 12 | loss: 0.1346908
	speed: 0.1213s/iter; left time: 24320.9760s
	iters: 1900, epoch: 12 | loss: 0.1934606
	speed: 0.1210s/iter; left time: 24256.9089s
	iters: 2000, epoch: 12 | loss: 0.1508926
	speed: 0.1212s/iter; left time: 24285.6927s
	iters: 2100, epoch: 12 | loss: 0.1994557
	speed: 0.1213s/iter; left time: 24282.7151s
	iters: 2200, epoch: 12 | loss: 0.1477769
	speed: 0.1214s/iter; left time: 24293.5204s
Epoch: 12 cost time: 275.5716598033905
Epoch: 12, Steps: 2273 | Train Loss: 0.1664576 Vali Loss: 0.1524762
EarlyStopping counter: 3 out of 6
Updating learning rate to 2.44140625e-07
	iters: 100, epoch: 13 | loss: 0.1169988
	speed: 0.2999s/iter; left time: 59956.8664s
	iters: 200, epoch: 13 | loss: 0.1468381
	speed: 0.1218s/iter; left time: 24336.9576s
	iters: 300, epoch: 13 | loss: 0.0922062
	speed: 0.1212s/iter; left time: 24211.6563s
	iters: 400, epoch: 13 | loss: 0.1292907
	speed: 0.1219s/iter; left time: 24331.2392s
	iters: 500, epoch: 13 | loss: 0.1753572
	speed: 0.1215s/iter; left time: 24242.6773s
	iters: 600, epoch: 13 | loss: 0.1607157
	speed: 0.1215s/iter; left time: 24236.8774s
	iters: 700, epoch: 13 | loss: 0.1538970
	speed: 0.1216s/iter; left time: 24244.4721s
	iters: 800, epoch: 13 | loss: 0.2319749
	speed: 0.1215s/iter; left time: 24212.8813s
	iters: 900, epoch: 13 | loss: 0.1770660
	speed: 0.1210s/iter; left time: 24085.9895s
	iters: 1000, epoch: 13 | loss: 0.3123581
	speed: 0.1212s/iter; left time: 24127.1230s
	iters: 1100, epoch: 13 | loss: 0.1833367
	speed: 0.1214s/iter; left time: 24150.8426s
	iters: 1200, epoch: 13 | loss: 0.2185272
	speed: 0.1209s/iter; left time: 24046.9784s
	iters: 1300, epoch: 13 | loss: 0.1645003
	speed: 0.1213s/iter; left time: 24112.3492s
	iters: 1400, epoch: 13 | loss: 0.1489956
	speed: 0.1212s/iter; left time: 24069.3378s
	iters: 1500, epoch: 13 | loss: 0.2186815
	speed: 0.1215s/iter; left time: 24113.6898s
	iters: 1600, epoch: 13 | loss: 0.2382411
	speed: 0.1215s/iter; left time: 24112.0647s
	iters: 1700, epoch: 13 | loss: 0.0902960
	speed: 0.1215s/iter; left time: 24092.7518s
	iters: 1800, epoch: 13 | loss: 0.2612236
	speed: 0.1217s/iter; left time: 24117.0084s
	iters: 1900, epoch: 13 | loss: 0.2049226
	speed: 0.1212s/iter; left time: 24008.8197s
	iters: 2000, epoch: 13 | loss: 0.1536547
	speed: 0.1216s/iter; left time: 24087.2370s
	iters: 2100, epoch: 13 | loss: 0.2250246
	speed: 0.1212s/iter; left time: 23978.7766s
	iters: 2200, epoch: 13 | loss: 0.1346201
	speed: 0.1217s/iter; left time: 24079.6612s
Epoch: 13 cost time: 275.90892791748047
Epoch: 13, Steps: 2273 | Train Loss: 0.1664264 Vali Loss: 0.1525062
EarlyStopping counter: 4 out of 6
Updating learning rate to 1.220703125e-07
	iters: 100, epoch: 14 | loss: 0.1946213
	speed: 0.3008s/iter; left time: 59457.7029s
	iters: 200, epoch: 14 | loss: 0.1401174
	speed: 0.1210s/iter; left time: 23895.9421s
	iters: 300, epoch: 14 | loss: 0.1247226
	speed: 0.1216s/iter; left time: 24001.7071s
	iters: 400, epoch: 14 | loss: 0.1464341
	speed: 0.1212s/iter; left time: 23916.3929s
	iters: 500, epoch: 14 | loss: 0.1457233
	speed: 0.1214s/iter; left time: 23939.3237s
	iters: 600, epoch: 14 | loss: 0.0881688
	speed: 0.1213s/iter; left time: 23912.6854s
	iters: 700, epoch: 14 | loss: 0.1334510
	speed: 0.1213s/iter; left time: 23909.1745s
	iters: 800, epoch: 14 | loss: 0.1117545
	speed: 0.1216s/iter; left time: 23949.5226s
	iters: 900, epoch: 14 | loss: 0.1400783
	speed: 0.1214s/iter; left time: 23888.0207s
	iters: 1000, epoch: 14 | loss: 0.2283590
	speed: 0.1213s/iter; left time: 23864.9863s
	iters: 1100, epoch: 14 | loss: 0.1432533
	speed: 0.1212s/iter; left time: 23834.0449s
	iters: 1200, epoch: 14 | loss: 0.1635094
	speed: 0.1207s/iter; left time: 23723.5915s
	iters: 1300, epoch: 14 | loss: 0.0965157
	speed: 0.1214s/iter; left time: 23846.5653s
	iters: 1400, epoch: 14 | loss: 0.1634687
	speed: 0.1211s/iter; left time: 23783.1158s
	iters: 1500, epoch: 14 | loss: 0.1923791
	speed: 0.1212s/iter; left time: 23792.6755s
	iters: 1600, epoch: 14 | loss: 0.1880288
	speed: 0.1213s/iter; left time: 23798.7184s
	iters: 1700, epoch: 14 | loss: 0.2047554
	speed: 0.1217s/iter; left time: 23868.0436s
	iters: 1800, epoch: 14 | loss: 0.1621216
	speed: 0.1215s/iter; left time: 23806.8274s
	iters: 1900, epoch: 14 | loss: 0.1156730
	speed: 0.1214s/iter; left time: 23781.5101s
	iters: 2000, epoch: 14 | loss: 0.0763274
	speed: 0.1211s/iter; left time: 23714.0331s
	iters: 2100, epoch: 14 | loss: 0.2141474
	speed: 0.1210s/iter; left time: 23674.9815s
	iters: 2200, epoch: 14 | loss: 0.1647302
	speed: 0.1214s/iter; left time: 23735.4602s
Epoch: 14 cost time: 275.6243441104889
Epoch: 14, Steps: 2273 | Train Loss: 0.1664144 Vali Loss: 0.1525099
EarlyStopping counter: 5 out of 6
Updating learning rate to 6.103515625e-08
	iters: 100, epoch: 15 | loss: 0.2654848
	speed: 0.3014s/iter; left time: 58879.3151s
	iters: 200, epoch: 15 | loss: 0.2179622
	speed: 0.1211s/iter; left time: 23644.0867s
	iters: 300, epoch: 15 | loss: 0.1352928
	speed: 0.1212s/iter; left time: 23655.5768s
	iters: 400, epoch: 15 | loss: 0.1100877
	speed: 0.1214s/iter; left time: 23674.9975s
	iters: 500, epoch: 15 | loss: 0.1345128
	speed: 0.1210s/iter; left time: 23601.3712s
	iters: 600, epoch: 15 | loss: 0.1486306
	speed: 0.1213s/iter; left time: 23639.6811s
	iters: 700, epoch: 15 | loss: 0.2235942
	speed: 0.1206s/iter; left time: 23496.5673s
	iters: 800, epoch: 15 | loss: 0.2098603
	speed: 0.1209s/iter; left time: 23534.4027s
	iters: 900, epoch: 15 | loss: 0.2580095
	speed: 0.1211s/iter; left time: 23569.0651s
	iters: 1000, epoch: 15 | loss: 0.0956562
	speed: 0.1212s/iter; left time: 23575.3429s
	iters: 1100, epoch: 15 | loss: 0.1343932
	speed: 0.1211s/iter; left time: 23537.1881s
	iters: 1200, epoch: 15 | loss: 0.1846277
	speed: 0.1215s/iter; left time: 23600.9180s
	iters: 1300, epoch: 15 | loss: 0.1214722
	speed: 0.1215s/iter; left time: 23587.4450s
	iters: 1400, epoch: 15 | loss: 0.1482019
	speed: 0.1213s/iter; left time: 23532.1963s
	iters: 1500, epoch: 15 | loss: 0.1194055
	speed: 0.1211s/iter; left time: 23497.4628s
	iters: 1600, epoch: 15 | loss: 0.0980431
	speed: 0.1211s/iter; left time: 23482.3471s
	iters: 1700, epoch: 15 | loss: 0.1267215
	speed: 0.1214s/iter; left time: 23515.4665s
	iters: 1800, epoch: 15 | loss: 0.2290792
	speed: 0.1212s/iter; left time: 23469.7054s
	iters: 1900, epoch: 15 | loss: 0.1566013
	speed: 0.1212s/iter; left time: 23460.7855s
	iters: 2000, epoch: 15 | loss: 0.1138070
	speed: 0.1215s/iter; left time: 23510.3469s
	iters: 2100, epoch: 15 | loss: 0.1900477
	speed: 0.1214s/iter; left time: 23470.9636s
	iters: 2200, epoch: 15 | loss: 0.1882331
	speed: 0.1212s/iter; left time: 23435.0566s
Epoch: 15 cost time: 275.41462111473083
Epoch: 15, Steps: 2273 | Train Loss: 0.1664135 Vali Loss: 0.1525093
EarlyStopping counter: 6 out of 6
Early stopping
VALIDATION_RESULT {"best_epoch": 9, "best_mae": 0.21962147965583487, "best_mse": 0.1523898408484252, "epochs_ran": 15, "metric_version": "element_weighted_v1"}
>>>>>>>testing : long_term_forecast_solar_336_96_sixds_solar_p96_s2021_GraphMambaCMRHM_custom_ftM_sl336_ll48_pl96_dm64_nh8_el1_dl1_df128_expand2_dc2_fc1_ebtimeF_dtTrue_sixds_solar_p96_s2021_0<<<<<<<<<<<<<<<<<<<<<<<<<<<<<<<<<
test 10417
test shape: (10417, 96, 137) (10417, 96, 137)
test shape: (10417, 96, 137) (10417, 96, 137)
mse:0.19971461594104767, mae:0.25275862216949463, dtw:Not calculated

=== FINAL MATRIX solar-192 ===
Command: /home/cwh/Time-Series-Library/.venv/bin/python -u /home/cwh/Time-Series-Library/run.py --task_name long_term_forecast --is_training 1 --root_path /home/cwh/Time-Series-Library/dataset/solar --data_path solar.csv --model_id solar_336_192_sixds_solar_p192_s2021 --model GraphMambaCMRHM --seed 2021 --data custom --features M --target channel_99 --seq_len 336 --label_len 48 --pred_len 192 --enc_in 137 --dec_in 137 --c_out 137 --patch_len 4 --stride 2 --d_model 64 --d_ff 128 --d_state 32 --d_conv 2 --e_layers 1 --expand 2 --mamba_version 1 --mamba_bidirectional 1 --use_graph 1 --use_time_mamba 1 --use_patch 1 --use_decomp 1 --moving_avg 25 --dual_scale_scan_mode auto --periodic_period 24 --periodic_local_patch 4 --periodic_local_stride 2 --periodic_period_stride 12 --periodic_use_adapter 1 --graph_alpha 0.5 --graph_top_k 2 --graph_sample_size 2000 --graph_sample_method uniform --static_graph_mode weighted --graph_cache 1 --dropout 0.1 --batch_size 16 --learning_rate 0.0005 --lradj type1 --train_epochs 100 --patience 6 --num_workers 0 --gpu 0 --des sixds_solar_p192_s2021 --itr 1 --test_after_train 1
Log: /home/cwh/Time-Series-Library/logs/graphmamba_cmrhm_six_dataset_final/logs/sixds_solar_p192_s2021.log
Using GPU
Args in experiment:
[1mBasic Config[0m
  Task Name:          long_term_forecast  Is Training:        1                   
  Model ID:           solar_336_192_sixds_solar_p192_s2021Model:              GraphMambaCMRHM     

[1mData Loader[0m
  Data:               custom              Root Path:          /home/cwh/Time-Series-Library/dataset/solar
  Data Path:          solar.csv           Features:           M                   
  Target:             channel_99          Freq:               h                   
  Checkpoints:        ./checkpoints/      

[1mForecasting Task[0m
  Seq Len:            336                 Label Len:          48                  
  Pred Len:           192                 Seasonal Patterns:  Monthly             
  Inverse:            0                   

[1mModel Parameters[0m
  Top k:              5                   Num Kernels:        6                   
  Enc In:             137                 Dec In:             137                 
  C Out:              137                 d model:            64                  
  n heads:            8                   e layers:           1                   
  d layers:           1                   d FF:               128                 
  Moving Avg:         25                  Factor:             1                   
  Distil:             1                   Dropout:            0.1                 
  Embed:              timeF               Activation:         gelu                

[1mRun Parameters[0m
  Num Workers:        0                   Itr:                1                   
  Train Epochs:       100                 Batch Size:         16                  
  Patience:           6                   Learning Rate:      0.0005              
  Des:                sixds_solar_p192_s2021Loss:               MSE                 
  Lradj:              type1               Use Amp:            0                   

[1mGPU[0m
  Use GPU:            1                   GPU:                0                   
  Use Multi GPU:      0                   Devices:            0,1,2,3             

[1mDe-stationary Projector Params[0m
  P Hidden Dims:      128, 128            P Hidden Layers:    2                   

Use GPU: cuda:0
🚀 Lazy Loading: GraphMambaCMRHM ...
[GraphMamba] Loaded static graph: /home/cwh/Time-Series-Library/dataset/solar/solar_adj_train_custom_M_uniform_2000_seed2021.npy
>>>>>>>start training : long_term_forecast_solar_336_192_sixds_solar_p192_s2021_GraphMambaCMRHM_custom_ftM_sl336_ll48_pl192_dm64_nh8_el1_dl1_df128_expand2_dc2_fc1_ebtimeF_dtTrue_sixds_solar_p192_s2021_0>>>>>>>>>>>>>>>>>>>>>>>>>>
train 36265
val 5065
	iters: 100, epoch: 1 | loss: 0.3695157
	speed: 0.1224s/iter; left time: 27738.4871s
	iters: 200, epoch: 1 | loss: 0.3135863
	speed: 0.1216s/iter; left time: 27532.0395s
	iters: 300, epoch: 1 | loss: 0.3024783
	speed: 0.1216s/iter; left time: 27539.5980s
	iters: 400, epoch: 1 | loss: 0.1994631
	speed: 0.1217s/iter; left time: 27538.9111s
	iters: 500, epoch: 1 | loss: 0.2289588
	speed: 0.1217s/iter; left time: 27534.0468s
	iters: 600, epoch: 1 | loss: 0.3565585
	speed: 0.1217s/iter; left time: 27517.8088s
	iters: 700, epoch: 1 | loss: 0.2438810
	speed: 0.1268s/iter; left time: 28663.5249s
	iters: 800, epoch: 1 | loss: 0.3945675
	speed: 0.1217s/iter; left time: 27481.2998s
	iters: 900, epoch: 1 | loss: 0.2586435
	speed: 0.1217s/iter; left time: 27490.9589s
	iters: 1000, epoch: 1 | loss: 0.2233048
	speed: 0.1219s/iter; left time: 27522.0488s
	iters: 1100, epoch: 1 | loss: 0.2071955
	speed: 0.1219s/iter; left time: 27501.9066s
	iters: 1200, epoch: 1 | loss: 0.2745721
	speed: 0.1215s/iter; left time: 27396.6083s
	iters: 1300, epoch: 1 | loss: 0.2069947
	speed: 0.1216s/iter; left time: 27416.3482s
	iters: 1400, epoch: 1 | loss: 0.2812706
	speed: 0.1214s/iter; left time: 27358.5623s
	iters: 1500, epoch: 1 | loss: 0.1915283
	speed: 0.1213s/iter; left time: 27305.6352s
	iters: 1600, epoch: 1 | loss: 0.2113529
	speed: 0.1218s/iter; left time: 27418.1912s
	iters: 1700, epoch: 1 | loss: 0.2143898
	speed: 0.1217s/iter; left time: 27373.1992s
	iters: 1800, epoch: 1 | loss: 0.1768495
	speed: 0.1210s/iter; left time: 27215.3887s
	iters: 1900, epoch: 1 | loss: 0.2552585
	speed: 0.1219s/iter; left time: 27399.8687s
	iters: 2000, epoch: 1 | loss: 0.2078216
	speed: 0.1217s/iter; left time: 27354.6417s
	iters: 2100, epoch: 1 | loss: 0.1955745
	speed: 0.1218s/iter; left time: 27364.3524s
	iters: 2200, epoch: 1 | loss: 0.2341788
	speed: 0.1218s/iter; left time: 27337.7631s
Epoch: 1 cost time: 276.3572874069214
Epoch: 1, Steps: 2267 | Train Loss: 0.2621116 Vali Loss: 0.1869689
Validation loss decreased (inf --> 0.186969).  Saving model ...
Updating learning rate to 0.0005
	iters: 100, epoch: 2 | loss: 0.1574765
	speed: 0.2930s/iter; left time: 65729.9603s
	iters: 200, epoch: 2 | loss: 0.1734937
	speed: 0.1216s/iter; left time: 27276.3248s
	iters: 300, epoch: 2 | loss: 0.2171496
	speed: 0.1211s/iter; left time: 27152.9695s
	iters: 400, epoch: 2 | loss: 0.1933130
	speed: 0.1212s/iter; left time: 27147.8809s
	iters: 500, epoch: 2 | loss: 0.2128832
	speed: 0.1217s/iter; left time: 27250.0595s
	iters: 600, epoch: 2 | loss: 0.2485919
	speed: 0.1216s/iter; left time: 27222.2112s
	iters: 700, epoch: 2 | loss: 0.1529923
	speed: 0.1219s/iter; left time: 27270.5279s
	iters: 800, epoch: 2 | loss: 0.2229122
	speed: 0.1214s/iter; left time: 27158.1835s
	iters: 900, epoch: 2 | loss: 0.1743193
	speed: 0.1214s/iter; left time: 27138.2643s
	iters: 1000, epoch: 2 | loss: 0.1484684
	speed: 0.1217s/iter; left time: 27182.2616s
	iters: 1100, epoch: 2 | loss: 0.2041475
	speed: 0.1220s/iter; left time: 27249.8119s
	iters: 1200, epoch: 2 | loss: 0.2216900
	speed: 0.1217s/iter; left time: 27162.5266s
	iters: 1300, epoch: 2 | loss: 0.1299197
	speed: 0.1224s/iter; left time: 27319.3724s
	iters: 1400, epoch: 2 | loss: 0.2143719
	speed: 0.1213s/iter; left time: 27063.5227s
	iters: 1500, epoch: 2 | loss: 0.1917713
	speed: 0.1212s/iter; left time: 27029.9880s
	iters: 1600, epoch: 2 | loss: 0.2130199
	speed: 0.1216s/iter; left time: 27096.5726s
	iters: 1700, epoch: 2 | loss: 0.1588339
	speed: 0.1215s/iter; left time: 27061.6093s
	iters: 1800, epoch: 2 | loss: 0.1736162
	speed: 0.1212s/iter; left time: 26976.9431s
	iters: 1900, epoch: 2 | loss: 0.1536115
	speed: 0.1217s/iter; left time: 27079.7267s
	iters: 2000, epoch: 2 | loss: 0.1805394
	speed: 0.1215s/iter; left time: 27015.6657s
	iters: 2100, epoch: 2 | loss: 0.2460611
	speed: 0.1214s/iter; left time: 26994.9195s
	iters: 2200, epoch: 2 | loss: 0.1520880
	speed: 0.1216s/iter; left time: 27030.8605s
Epoch: 2 cost time: 275.4695043563843
Epoch: 2, Steps: 2267 | Train Loss: 0.1982741 Vali Loss: 0.1798170
Validation loss decreased (0.186969 --> 0.179817).  Saving model ...
Updating learning rate to 0.00025
	iters: 100, epoch: 3 | loss: 0.1893688
	speed: 0.2928s/iter; left time: 65026.6529s
	iters: 200, epoch: 3 | loss: 0.2102663
	speed: 0.1215s/iter; left time: 26963.0763s
	iters: 300, epoch: 3 | loss: 0.2260317
	speed: 0.1214s/iter; left time: 26932.6926s
	iters: 400, epoch: 3 | loss: 0.2192491
	speed: 0.1219s/iter; left time: 27033.1315s
	iters: 500, epoch: 3 | loss: 0.1878121
	speed: 0.1216s/iter; left time: 26948.1847s
	iters: 600, epoch: 3 | loss: 0.2074450
	speed: 0.1214s/iter; left time: 26900.2404s
	iters: 700, epoch: 3 | loss: 0.1876279
	speed: 0.1214s/iter; left time: 26883.9355s
	iters: 800, epoch: 3 | loss: 0.2394908
	speed: 0.1221s/iter; left time: 27024.5112s
	iters: 900, epoch: 3 | loss: 0.2497633
	speed: 0.1211s/iter; left time: 26806.1811s
	iters: 1000, epoch: 3 | loss: 0.1609727
	speed: 0.1216s/iter; left time: 26883.2158s
	iters: 1100, epoch: 3 | loss: 0.2860934
	speed: 0.1217s/iter; left time: 26912.2223s
	iters: 1200, epoch: 3 | loss: 0.1736570
	speed: 0.1216s/iter; left time: 26872.3011s
	iters: 1300, epoch: 3 | loss: 0.2306605
	speed: 0.1216s/iter; left time: 26859.1462s
	iters: 1400, epoch: 3 | loss: 0.2009158
	speed: 0.1218s/iter; left time: 26896.1996s
	iters: 1500, epoch: 3 | loss: 0.1909729
	speed: 0.1219s/iter; left time: 26907.9467s
	iters: 1600, epoch: 3 | loss: 0.2383535
	speed: 0.1216s/iter; left time: 26823.8523s
	iters: 1700, epoch: 3 | loss: 0.1961981
	speed: 0.1213s/iter; left time: 26736.7581s
	iters: 1800, epoch: 3 | loss: 0.1842513
	speed: 0.1214s/iter; left time: 26748.4990s
	iters: 1900, epoch: 3 | loss: 0.1893292
	speed: 0.1218s/iter; left time: 26830.5862s
	iters: 2000, epoch: 3 | loss: 0.1496218
	speed: 0.1213s/iter; left time: 26711.3737s
	iters: 2100, epoch: 3 | loss: 0.1333185
	speed: 0.1212s/iter; left time: 26673.8448s
	iters: 2200, epoch: 3 | loss: 0.1692772
	speed: 0.1218s/iter; left time: 26788.6605s
Epoch: 3 cost time: 275.5275559425354
Epoch: 3, Steps: 2267 | Train Loss: 0.1893168 Vali Loss: 0.1749143
Validation loss decreased (0.179817 --> 0.174914).  Saving model ...
Updating learning rate to 0.000125
	iters: 100, epoch: 4 | loss: 0.2102354
	speed: 0.2933s/iter; left time: 64459.5347s
	iters: 200, epoch: 4 | loss: 0.1380124
	speed: 0.1217s/iter; left time: 26729.3439s
	iters: 300, epoch: 4 | loss: 0.2034958
	speed: 0.1214s/iter; left time: 26663.7330s
	iters: 400, epoch: 4 | loss: 0.2246357
	speed: 0.1215s/iter; left time: 26679.2583s
	iters: 500, epoch: 4 | loss: 0.1849653
	speed: 0.1221s/iter; left time: 26796.1345s
	iters: 600, epoch: 4 | loss: 0.1502490
	speed: 0.1239s/iter; left time: 27168.1948s
	iters: 700, epoch: 4 | loss: 0.1937344
	speed: 0.1219s/iter; left time: 26727.5851s
	iters: 800, epoch: 4 | loss: 0.1971148
	speed: 0.1215s/iter; left time: 26630.3847s
	iters: 900, epoch: 4 | loss: 0.2104210
	speed: 0.1217s/iter; left time: 26647.8396s
	iters: 1000, epoch: 4 | loss: 0.2556474
	speed: 0.1214s/iter; left time: 26570.4390s
	iters: 1100, epoch: 4 | loss: 0.1827840
	speed: 0.1216s/iter; left time: 26596.5129s
	iters: 1200, epoch: 4 | loss: 0.1863546
	speed: 0.1216s/iter; left time: 26595.2498s
	iters: 1300, epoch: 4 | loss: 0.1835067
	speed: 0.1215s/iter; left time: 26552.4332s
	iters: 1400, epoch: 4 | loss: 0.1885198
	speed: 0.1219s/iter; left time: 26642.7226s
	iters: 1500, epoch: 4 | loss: 0.1143168
	speed: 0.1217s/iter; left time: 26568.8025s
	iters: 1600, epoch: 4 | loss: 0.1400368
	speed: 0.1212s/iter; left time: 26467.2798s
	iters: 1700, epoch: 4 | loss: 0.2951885
	speed: 0.1219s/iter; left time: 26605.9611s
	iters: 1800, epoch: 4 | loss: 0.1730539
	speed: 0.1215s/iter; left time: 26501.8505s
	iters: 1900, epoch: 4 | loss: 0.2545745
	speed: 0.1218s/iter; left time: 26550.6278s
	iters: 2000, epoch: 4 | loss: 0.1460209
	speed: 0.1217s/iter; left time: 26520.0074s
	iters: 2100, epoch: 4 | loss: 0.2026908
	speed: 0.1218s/iter; left time: 26531.5712s
	iters: 2200, epoch: 4 | loss: 0.1406706
	speed: 0.1219s/iter; left time: 26536.2500s
Epoch: 4 cost time: 275.94832396507263
Epoch: 4, Steps: 2267 | Train Loss: 0.1860813 Vali Loss: 0.1730065
Validation loss decreased (0.174914 --> 0.173006).  Saving model ...
Updating learning rate to 6.25e-05
	iters: 100, epoch: 5 | loss: 0.1752721
	speed: 0.2926s/iter; left time: 63644.0664s
	iters: 200, epoch: 5 | loss: 0.1942156
	speed: 0.1217s/iter; left time: 26456.4760s
	iters: 300, epoch: 5 | loss: 0.1929979
	speed: 0.1217s/iter; left time: 26455.5147s
	iters: 400, epoch: 5 | loss: 0.1906299
	speed: 0.1214s/iter; left time: 26376.7358s
	iters: 500, epoch: 5 | loss: 0.2436018
	speed: 0.1216s/iter; left time: 26393.9004s
	iters: 600, epoch: 5 | loss: 0.1516920
	speed: 0.1212s/iter; left time: 26301.3050s
	iters: 700, epoch: 5 | loss: 0.2631969
	speed: 0.1218s/iter; left time: 26419.8716s
	iters: 800, epoch: 5 | loss: 0.1666079
	speed: 0.1220s/iter; left time: 26447.5595s
	iters: 900, epoch: 5 | loss: 0.1482141
	speed: 0.1214s/iter; left time: 26308.6720s
	iters: 1000, epoch: 5 | loss: 0.2491460
	speed: 0.1219s/iter; left time: 26415.3273s
	iters: 1100, epoch: 5 | loss: 0.1317429
	speed: 0.1221s/iter; left time: 26441.9039s
	iters: 1200, epoch: 5 | loss: 0.2460516
	speed: 0.1218s/iter; left time: 26350.9731s
	iters: 1300, epoch: 5 | loss: 0.2178577
	speed: 0.1222s/iter; left time: 26425.4167s
	iters: 1400, epoch: 5 | loss: 0.1899341
	speed: 0.1213s/iter; left time: 26229.5266s
	iters: 1500, epoch: 5 | loss: 0.1443589
	speed: 0.1217s/iter; left time: 26295.7289s
	iters: 1600, epoch: 5 | loss: 0.2248210
	speed: 0.1213s/iter; left time: 26213.0096s
	iters: 1700, epoch: 5 | loss: 0.1791691
	speed: 0.1219s/iter; left time: 26314.4914s
	iters: 1800, epoch: 5 | loss: 0.1406141
	speed: 0.1215s/iter; left time: 26234.1733s
	iters: 1900, epoch: 5 | loss: 0.1698001
	speed: 0.1217s/iter; left time: 26246.5292s
	iters: 2000, epoch: 5 | loss: 0.1791863
	speed: 0.1223s/iter; left time: 26370.1418s
	iters: 2100, epoch: 5 | loss: 0.1299056
	speed: 0.1220s/iter; left time: 26289.5462s
	iters: 2200, epoch: 5 | loss: 0.1833403
	speed: 0.1213s/iter; left time: 26130.0652s
Epoch: 5 cost time: 275.80523467063904
Epoch: 5, Steps: 2267 | Train Loss: 0.1843399 Vali Loss: 0.1703487
Validation loss decreased (0.173006 --> 0.170349).  Saving model ...
Updating learning rate to 3.125e-05
	iters: 100, epoch: 6 | loss: 0.1778273
	speed: 0.2935s/iter; left time: 63175.4831s
	iters: 200, epoch: 6 | loss: 0.1691331
	speed: 0.1220s/iter; left time: 26246.9617s
	iters: 300, epoch: 6 | loss: 0.1901899
	speed: 0.1217s/iter; left time: 26165.4108s
	iters: 400, epoch: 6 | loss: 0.1359335
	speed: 0.1217s/iter; left time: 26167.3793s
	iters: 500, epoch: 6 | loss: 0.1735611
	speed: 0.1218s/iter; left time: 26176.8171s
	iters: 600, epoch: 6 | loss: 0.1569444
	speed: 0.1222s/iter; left time: 26234.0717s
	iters: 700, epoch: 6 | loss: 0.2275917
	speed: 0.1220s/iter; left time: 26184.4094s
	iters: 800, epoch: 6 | loss: 0.1398015
	speed: 0.1217s/iter; left time: 26106.2781s
	iters: 900, epoch: 6 | loss: 0.2127271
	speed: 0.1219s/iter; left time: 26139.2975s
	iters: 1000, epoch: 6 | loss: 0.1472260
	speed: 0.1216s/iter; left time: 26073.9511s
	iters: 1100, epoch: 6 | loss: 0.1961099
	speed: 0.1218s/iter; left time: 26098.6641s
	iters: 1200, epoch: 6 | loss: 0.2106611
	speed: 0.1220s/iter; left time: 26133.8826s
	iters: 1300, epoch: 6 | loss: 0.1858401
	speed: 0.1220s/iter; left time: 26108.8344s
	iters: 1400, epoch: 6 | loss: 0.1098961
	speed: 0.1217s/iter; left time: 26039.3196s
	iters: 1500, epoch: 6 | loss: 0.1595864
	speed: 0.1218s/iter; left time: 26058.4354s
	iters: 1600, epoch: 6 | loss: 0.2142898
	speed: 0.1215s/iter; left time: 25962.2033s
	iters: 1700, epoch: 6 | loss: 0.2177144
	speed: 0.1218s/iter; left time: 26026.7033s
	iters: 1800, epoch: 6 | loss: 0.2559781
	speed: 0.1215s/iter; left time: 25942.4803s
	iters: 1900, epoch: 6 | loss: 0.1518112
	speed: 0.1217s/iter; left time: 25974.3561s
	iters: 2000, epoch: 6 | loss: 0.1100670
	speed: 0.1223s/iter; left time: 26083.9948s
	iters: 2100, epoch: 6 | loss: 0.1930086
	speed: 0.1213s/iter; left time: 25864.9768s
	iters: 2200, epoch: 6 | loss: 0.1599547
	speed: 0.1220s/iter; left time: 26001.8529s
Epoch: 6 cost time: 276.03665137290955
Epoch: 6, Steps: 2267 | Train Loss: 0.1834600 Vali Loss: 0.1700610
Validation loss decreased (0.170349 --> 0.170061).  Saving model ...
Updating learning rate to 1.5625e-05
	iters: 100, epoch: 7 | loss: 0.1884658
	speed: 0.2933s/iter; left time: 62469.5646s
	iters: 200, epoch: 7 | loss: 0.1623361
	speed: 0.1216s/iter; left time: 25895.9035s
	iters: 300, epoch: 7 | loss: 0.1737758
	speed: 0.1219s/iter; left time: 25946.1256s
	iters: 400, epoch: 7 | loss: 0.2044635
	speed: 0.1220s/iter; left time: 25945.1989s
	iters: 500, epoch: 7 | loss: 0.2234243
	speed: 0.1215s/iter; left time: 25835.4105s
	iters: 600, epoch: 7 | loss: 0.1446461
	speed: 0.1220s/iter; left time: 25918.1044s
	iters: 700, epoch: 7 | loss: 0.1717532
	speed: 0.1223s/iter; left time: 25969.8809s
	iters: 800, epoch: 7 | loss: 0.1607002
	speed: 0.1223s/iter; left time: 25974.2945s
	iters: 900, epoch: 7 | loss: 0.2446749
	speed: 0.1221s/iter; left time: 25918.0642s
	iters: 1000, epoch: 7 | loss: 0.2472060
	speed: 0.1220s/iter; left time: 25875.3347s
	iters: 1100, epoch: 7 | loss: 0.1597261
	speed: 0.1222s/iter; left time: 25902.5542s
	iters: 1200, epoch: 7 | loss: 0.2241420
	speed: 0.1224s/iter; left time: 25945.5586s
	iters: 1300, epoch: 7 | loss: 0.2541595
	speed: 0.1223s/iter; left time: 25907.8523s
	iters: 1400, epoch: 7 | loss: 0.3040345
	speed: 0.1224s/iter; left time: 25918.9204s
	iters: 1500, epoch: 7 | loss: 0.2045446
	speed: 0.1223s/iter; left time: 25873.1657s
	iters: 1600, epoch: 7 | loss: 0.1836925
	speed: 0.1222s/iter; left time: 25845.9796s
	iters: 1700, epoch: 7 | loss: 0.1782162
	speed: 0.1220s/iter; left time: 25780.9511s
	iters: 1800, epoch: 7 | loss: 0.1886904
	speed: 0.1218s/iter; left time: 25730.5740s
	iters: 1900, epoch: 7 | loss: 0.1531190
	speed: 0.1220s/iter; left time: 25767.2524s
	iters: 2000, epoch: 7 | loss: 0.1512410
	speed: 0.1220s/iter; left time: 25757.0360s
	iters: 2100, epoch: 7 | loss: 0.1953515
	speed: 0.1221s/iter; left time: 25756.8527s
	iters: 2200, epoch: 7 | loss: 0.1338712
	speed: 0.1213s/iter; left time: 25587.9611s
Epoch: 7 cost time: 276.52082896232605
Epoch: 7, Steps: 2267 | Train Loss: 0.1829498 Vali Loss: 0.1704748
EarlyStopping counter: 1 out of 6
Updating learning rate to 7.8125e-06
	iters: 100, epoch: 8 | loss: 0.1684904
	speed: 0.2935s/iter; left time: 61843.0827s
	iters: 200, epoch: 8 | loss: 0.2062784
	speed: 0.1219s/iter; left time: 25670.8920s
	iters: 300, epoch: 8 | loss: 0.2057582
	speed: 0.1218s/iter; left time: 25649.0585s
	iters: 400, epoch: 8 | loss: 0.1458525
	speed: 0.1216s/iter; left time: 25592.7497s
	iters: 500, epoch: 8 | loss: 0.1829831
	speed: 0.1217s/iter; left time: 25598.0234s
	iters: 600, epoch: 8 | loss: 0.2174112
	speed: 0.1216s/iter; left time: 25564.4525s
	iters: 700, epoch: 8 | loss: 0.2667187
	speed: 0.1218s/iter; left time: 25591.4255s
	iters: 800, epoch: 8 | loss: 0.1781119
	speed: 0.1219s/iter; left time: 25599.5258s
	iters: 900, epoch: 8 | loss: 0.1865993
	speed: 0.1217s/iter; left time: 25554.0786s
	iters: 1000, epoch: 8 | loss: 0.2040905
	speed: 0.1219s/iter; left time: 25578.1387s
	iters: 1100, epoch: 8 | loss: 0.1619066
	speed: 0.1217s/iter; left time: 25519.9497s
	iters: 1200, epoch: 8 | loss: 0.1824641
	speed: 0.1218s/iter; left time: 25531.3440s
	iters: 1300, epoch: 8 | loss: 0.1229954
	speed: 0.1220s/iter; left time: 25553.9115s
	iters: 1400, epoch: 8 | loss: 0.1882884
	speed: 0.1218s/iter; left time: 25518.9495s
	iters: 1500, epoch: 8 | loss: 0.2842810
	speed: 0.1214s/iter; left time: 25407.8722s
	iters: 1600, epoch: 8 | loss: 0.1656298
	speed: 0.1220s/iter; left time: 25526.2657s
	iters: 1700, epoch: 8 | loss: 0.2133468
	speed: 0.1218s/iter; left time: 25473.0920s
	iters: 1800, epoch: 8 | loss: 0.2294547
	speed: 0.1218s/iter; left time: 25470.1903s
	iters: 1900, epoch: 8 | loss: 0.1401703
	speed: 0.1214s/iter; left time: 25369.1704s
	iters: 2000, epoch: 8 | loss: 0.1749643
	speed: 0.1216s/iter; left time: 25398.1970s
	iters: 2100, epoch: 8 | loss: 0.1871542
	speed: 0.1220s/iter; left time: 25473.5707s
	iters: 2200, epoch: 8 | loss: 0.1544444
	speed: 0.1216s/iter; left time: 25373.4427s
Epoch: 8 cost time: 275.9644424915314
Epoch: 8, Steps: 2267 | Train Loss: 0.1827013 Vali Loss: 0.1692740
Validation loss decreased (0.170061 --> 0.169274).  Saving model ...
Updating learning rate to 3.90625e-06
	iters: 100, epoch: 9 | loss: 0.2148074
	speed: 0.2932s/iter; left time: 61114.5298s
	iters: 200, epoch: 9 | loss: 0.1193309
	speed: 0.1216s/iter; left time: 25339.4644s
	iters: 300, epoch: 9 | loss: 0.1331514
	speed: 0.1222s/iter; left time: 25445.8384s
	iters: 400, epoch: 9 | loss: 0.2009260
	speed: 0.1218s/iter; left time: 25353.2137s
	iters: 500, epoch: 9 | loss: 0.2191873
	speed: 0.1217s/iter; left time: 25320.9476s
	iters: 600, epoch: 9 | loss: 0.2168654
	speed: 0.1219s/iter; left time: 25345.4210s
	iters: 700, epoch: 9 | loss: 0.2851379
	speed: 0.1214s/iter; left time: 25244.1873s
	iters: 800, epoch: 9 | loss: 0.2188427
	speed: 0.1222s/iter; left time: 25384.8920s
	iters: 900, epoch: 9 | loss: 0.2073050
	speed: 0.1213s/iter; left time: 25198.5975s
	iters: 1000, epoch: 9 | loss: 0.1497199
	speed: 0.1214s/iter; left time: 25202.5734s
	iters: 1100, epoch: 9 | loss: 0.1767864
	speed: 0.1217s/iter; left time: 25257.3886s
	iters: 1200, epoch: 9 | loss: 0.1956821
	speed: 0.1216s/iter; left time: 25224.5837s
	iters: 1300, epoch: 9 | loss: 0.2006038
	speed: 0.1215s/iter; left time: 25181.8117s
	iters: 1400, epoch: 9 | loss: 0.2217039
	speed: 0.1222s/iter; left time: 25305.2920s
	iters: 1500, epoch: 9 | loss: 0.1883182
	speed: 0.1219s/iter; left time: 25232.7313s
	iters: 1600, epoch: 9 | loss: 0.1598207
	speed: 0.1217s/iter; left time: 25180.1265s
	iters: 1700, epoch: 9 | loss: 0.1682826
	speed: 0.1218s/iter; left time: 25187.4550s
	iters: 1800, epoch: 9 | loss: 0.1173437
	speed: 0.1216s/iter; left time: 25138.0509s
	iters: 1900, epoch: 9 | loss: 0.2230470
	speed: 0.1219s/iter; left time: 25196.0635s
	iters: 2000, epoch: 9 | loss: 0.1890794
	speed: 0.1224s/iter; left time: 25274.6710s
	iters: 2100, epoch: 9 | loss: 0.2028494
	speed: 0.1219s/iter; left time: 25173.0637s
	iters: 2200, epoch: 9 | loss: 0.1880834
	speed: 0.1217s/iter; left time: 25114.1045s
Epoch: 9 cost time: 275.95990657806396
Epoch: 9, Steps: 2267 | Train Loss: 0.1825813 Vali Loss: 0.1696538
EarlyStopping counter: 1 out of 6
Updating learning rate to 1.953125e-06
	iters: 100, epoch: 10 | loss: 0.1429955
	speed: 0.2929s/iter; left time: 60398.8428s
	iters: 200, epoch: 10 | loss: 0.1651802
	speed: 0.1221s/iter; left time: 25166.3845s
	iters: 300, epoch: 10 | loss: 0.1396679
	speed: 0.1215s/iter; left time: 25031.5768s
	iters: 400, epoch: 10 | loss: 0.1526024
	speed: 0.1214s/iter; left time: 24989.1002s
	iters: 500, epoch: 10 | loss: 0.1954687
	speed: 0.1225s/iter; left time: 25211.4748s
	iters: 600, epoch: 10 | loss: 0.2591362
	speed: 0.1218s/iter; left time: 25044.7858s
	iters: 700, epoch: 10 | loss: 0.1503287
	speed: 0.1215s/iter; left time: 24975.5205s
	iters: 800, epoch: 10 | loss: 0.2340107
	speed: 0.1218s/iter; left time: 25021.9889s
	iters: 900, epoch: 10 | loss: 0.1452427
	speed: 0.1223s/iter; left time: 25110.4288s
	iters: 1000, epoch: 10 | loss: 0.2304477
	speed: 0.1218s/iter; left time: 25011.0767s
	iters: 1100, epoch: 10 | loss: 0.1513485
	speed: 0.1217s/iter; left time: 24974.3164s
	iters: 1200, epoch: 10 | loss: 0.1591214
	speed: 0.1215s/iter; left time: 24910.1423s
	iters: 1300, epoch: 10 | loss: 0.1857104
	speed: 0.1225s/iter; left time: 25112.8718s
	iters: 1400, epoch: 10 | loss: 0.1492754
	speed: 0.1219s/iter; left time: 24969.2740s
	iters: 1500, epoch: 10 | loss: 0.2170787
	speed: 0.1213s/iter; left time: 24845.7964s
	iters: 1600, epoch: 10 | loss: 0.1735269
	speed: 0.1213s/iter; left time: 24836.3459s
	iters: 1700, epoch: 10 | loss: 0.1705770
	speed: 0.1215s/iter; left time: 24867.5122s
	iters: 1800, epoch: 10 | loss: 0.2424945
	speed: 0.1219s/iter; left time: 24918.1138s
	iters: 1900, epoch: 10 | loss: 0.1734068
	speed: 0.1219s/iter; left time: 24926.3326s
	iters: 2000, epoch: 10 | loss: 0.1803624
	speed: 0.1219s/iter; left time: 24903.7588s
	iters: 2100, epoch: 10 | loss: 0.1930714
	speed: 0.1223s/iter; left time: 24966.7919s
	iters: 2200, epoch: 10 | loss: 0.2278315
	speed: 0.1218s/iter; left time: 24860.9092s
Epoch: 10 cost time: 275.9809937477112
Epoch: 10, Steps: 2267 | Train Loss: 0.1825122 Vali Loss: 0.1694968
EarlyStopping counter: 2 out of 6
Updating learning rate to 9.765625e-07
	iters: 100, epoch: 11 | loss: 0.1648034
	speed: 0.2928s/iter; left time: 59716.6664s
	iters: 200, epoch: 11 | loss: 0.1235788
	speed: 0.1217s/iter; left time: 24797.5072s
	iters: 300, epoch: 11 | loss: 0.0990466
	speed: 0.1211s/iter; left time: 24678.7305s
	iters: 400, epoch: 11 | loss: 0.1778799
	speed: 0.1219s/iter; left time: 24815.4580s
	iters: 500, epoch: 11 | loss: 0.1573982
	speed: 0.1216s/iter; left time: 24752.9733s
	iters: 600, epoch: 11 | loss: 0.2069146
	speed: 0.1217s/iter; left time: 24757.3162s
	iters: 700, epoch: 11 | loss: 0.1761780
	speed: 0.1219s/iter; left time: 24793.2460s
	iters: 800, epoch: 11 | loss: 0.1605873
	speed: 0.1220s/iter; left time: 24803.4417s
	iters: 900, epoch: 11 | loss: 0.2330696
	speed: 0.1212s/iter; left time: 24628.5630s
	iters: 1000, epoch: 11 | loss: 0.1704708
	speed: 0.1213s/iter; left time: 24634.2762s
	iters: 1100, epoch: 11 | loss: 0.1555472
	speed: 0.1218s/iter; left time: 24721.6455s
	iters: 1200, epoch: 11 | loss: 0.1901649
	speed: 0.1214s/iter; left time: 24616.4037s
	iters: 1300, epoch: 11 | loss: 0.1502910
	speed: 0.1221s/iter; left time: 24747.8599s
	iters: 1400, epoch: 11 | loss: 0.2343037
	speed: 0.1220s/iter; left time: 24720.8536s
	iters: 1500, epoch: 11 | loss: 0.2344920
	speed: 0.1220s/iter; left time: 24701.8640s
	iters: 1600, epoch: 11 | loss: 0.1844229
	speed: 0.1216s/iter; left time: 24623.6697s
	iters: 1700, epoch: 11 | loss: 0.2393890
	speed: 0.1216s/iter; left time: 24598.6205s
	iters: 1800, epoch: 11 | loss: 0.1754220
	speed: 0.1219s/iter; left time: 24652.1196s
	iters: 1900, epoch: 11 | loss: 0.2251978
	speed: 0.1214s/iter; left time: 24546.7348s
	iters: 2000, epoch: 11 | loss: 0.1687127
	speed: 0.1218s/iter; left time: 24597.6022s
	iters: 2100, epoch: 11 | loss: 0.1872859
	speed: 0.1218s/iter; left time: 24593.6134s
	iters: 2200, epoch: 11 | loss: 0.1815083
	speed: 0.1215s/iter; left time: 24515.4931s
Epoch: 11 cost time: 275.8071961402893
Epoch: 11, Steps: 2267 | Train Loss: 0.1824826 Vali Loss: 0.1694844
EarlyStopping counter: 3 out of 6
Updating learning rate to 4.8828125e-07
	iters: 100, epoch: 12 | loss: 0.2731834
	speed: 0.2926s/iter; left time: 58999.7748s
	iters: 200, epoch: 12 | loss: 0.1787761
	speed: 0.1217s/iter; left time: 24524.1397s
	iters: 300, epoch: 12 | loss: 0.1124545
	speed: 0.1220s/iter; left time: 24579.0351s
	iters: 400, epoch: 12 | loss: 0.1542852
	speed: 0.1214s/iter; left time: 24447.8789s
	iters: 500, epoch: 12 | loss: 0.2535343
	speed: 0.1219s/iter; left time: 24539.0079s
	iters: 600, epoch: 12 | loss: 0.1344513
	speed: 0.1220s/iter; left time: 24538.9227s
	iters: 700, epoch: 12 | loss: 0.1957377
	speed: 0.1210s/iter; left time: 24331.2557s
	iters: 800, epoch: 12 | loss: 0.2061209
	speed: 0.1217s/iter; left time: 24447.3477s
	iters: 900, epoch: 12 | loss: 0.1789412
	speed: 0.1216s/iter; left time: 24417.0439s
	iters: 1000, epoch: 12 | loss: 0.1694482
	speed: 0.1217s/iter; left time: 24436.1022s
	iters: 1100, epoch: 12 | loss: 0.1360805
	speed: 0.1217s/iter; left time: 24429.0483s
	iters: 1200, epoch: 12 | loss: 0.1478222
	speed: 0.1216s/iter; left time: 24396.7533s
	iters: 1300, epoch: 12 | loss: 0.1962384
	speed: 0.1218s/iter; left time: 24408.7330s
	iters: 1400, epoch: 12 | loss: 0.2495009
	speed: 0.1220s/iter; left time: 24443.5110s
	iters: 1500, epoch: 12 | loss: 0.1466332
	speed: 0.1217s/iter; left time: 24376.3030s
	iters: 1600, epoch: 12 | loss: 0.1885772
	speed: 0.1214s/iter; left time: 24290.9618s
	iters: 1700, epoch: 12 | loss: 0.1710161
	speed: 0.1215s/iter; left time: 24300.7010s
	iters: 1800, epoch: 12 | loss: 0.1626128
	speed: 0.1215s/iter; left time: 24286.4411s
	iters: 1900, epoch: 12 | loss: 0.1993943
	speed: 0.1216s/iter; left time: 24308.6056s
	iters: 2000, epoch: 12 | loss: 0.1624159
	speed: 0.1213s/iter; left time: 24221.3855s
	iters: 2100, epoch: 12 | loss: 0.1473440
	speed: 0.1214s/iter; left time: 24246.4813s
	iters: 2200, epoch: 12 | loss: 0.1948937
	speed: 0.1216s/iter; left time: 24270.2037s
Epoch: 12 cost time: 275.6154725551605
Epoch: 12, Steps: 2267 | Train Loss: 0.1824524 Vali Loss: 0.1695191
EarlyStopping counter: 4 out of 6
Updating learning rate to 2.44140625e-07
	iters: 100, epoch: 13 | loss: 0.1553057
	speed: 0.2922s/iter; left time: 58254.2365s
	iters: 200, epoch: 13 | loss: 0.3079241
	speed: 0.1215s/iter; left time: 24207.6545s
	iters: 300, epoch: 13 | loss: 0.2735030
	speed: 0.1219s/iter; left time: 24289.0720s
	iters: 400, epoch: 13 | loss: 0.1852767
	speed: 0.1213s/iter; left time: 24146.4372s
	iters: 500, epoch: 13 | loss: 0.1831445
	speed: 0.1218s/iter; left time: 24228.4350s
	iters: 600, epoch: 13 | loss: 0.1720224
	speed: 0.1219s/iter; left time: 24239.7610s
	iters: 700, epoch: 13 | loss: 0.1740886
	speed: 0.1215s/iter; left time: 24144.1634s
	iters: 800, epoch: 13 | loss: 0.2502761
	speed: 0.1222s/iter; left time: 24289.9278s
	iters: 900, epoch: 13 | loss: 0.1422518
	speed: 0.1219s/iter; left time: 24206.5596s
	iters: 1000, epoch: 13 | loss: 0.1646787
	speed: 0.1216s/iter; left time: 24146.8391s
	iters: 1100, epoch: 13 | loss: 0.1837403
	speed: 0.1215s/iter; left time: 24104.9557s
	iters: 1200, epoch: 13 | loss: 0.1707951
	speed: 0.1218s/iter; left time: 24147.6687s
	iters: 1300, epoch: 13 | loss: 0.1776487
	speed: 0.1213s/iter; left time: 24036.5747s
	iters: 1400, epoch: 13 | loss: 0.1584145
	speed: 0.1215s/iter; left time: 24067.7159s
	iters: 1500, epoch: 13 | loss: 0.1319392
	speed: 0.1217s/iter; left time: 24100.5384s
	iters: 1600, epoch: 13 | loss: 0.2442943
	speed: 0.1218s/iter; left time: 24111.7332s
	iters: 1700, epoch: 13 | loss: 0.1497810
	speed: 0.1218s/iter; left time: 24084.4859s
	iters: 1800, epoch: 13 | loss: 0.1941687
	speed: 0.1219s/iter; left time: 24098.1671s
	iters: 1900, epoch: 13 | loss: 0.1815106
	speed: 0.1216s/iter; left time: 24021.6314s
	iters: 2000, epoch: 13 | loss: 0.1909688
	speed: 0.1217s/iter; left time: 24027.6223s
	iters: 2100, epoch: 13 | loss: 0.2034214
	speed: 0.1216s/iter; left time: 24000.8474s
	iters: 2200, epoch: 13 | loss: 0.1984520
	speed: 0.1424s/iter; left time: 28102.9888s
Epoch: 13 cost time: 277.7534019947052
Epoch: 13, Steps: 2267 | Train Loss: 0.1824290 Vali Loss: 0.1695227
EarlyStopping counter: 5 out of 6
Updating learning rate to 1.220703125e-07
	iters: 100, epoch: 14 | loss: 0.1711182
	speed: 0.2919s/iter; left time: 57547.9872s
	iters: 200, epoch: 14 | loss: 0.2508037
	speed: 0.1212s/iter; left time: 23889.2247s
	iters: 300, epoch: 14 | loss: 0.1302179
	speed: 0.1215s/iter; left time: 23933.3572s
	iters: 400, epoch: 14 | loss: 0.1957364
	speed: 0.1212s/iter; left time: 23854.9079s
	iters: 500, epoch: 14 | loss: 0.1640708
	speed: 0.1214s/iter; left time: 23890.1934s
	iters: 600, epoch: 14 | loss: 0.1718224
	speed: 0.1211s/iter; left time: 23814.5589s
	iters: 700, epoch: 14 | loss: 0.1867030
	speed: 0.1216s/iter; left time: 23906.8000s
	iters: 800, epoch: 14 | loss: 0.1862419
	speed: 0.1220s/iter; left time: 23969.7643s
	iters: 900, epoch: 14 | loss: 0.2169013
	speed: 0.1217s/iter; left time: 23891.1284s
	iters: 1000, epoch: 14 | loss: 0.1307192
	speed: 0.1215s/iter; left time: 23843.9172s
	iters: 1100, epoch: 14 | loss: 0.1620078
	speed: 0.1214s/iter; left time: 23811.4597s
	iters: 1200, epoch: 14 | loss: 0.1550150
	speed: 0.1215s/iter; left time: 23812.7836s
	iters: 1300, epoch: 14 | loss: 0.1804316
	speed: 0.1215s/iter; left time: 23808.2088s
	iters: 1400, epoch: 14 | loss: 0.1569207
	speed: 0.1216s/iter; left time: 23813.4301s
	iters: 1500, epoch: 14 | loss: 0.2044320
	speed: 0.1219s/iter; left time: 23866.3236s
	iters: 1600, epoch: 14 | loss: 0.1795025
	speed: 0.1214s/iter; left time: 23748.6375s
	iters: 1700, epoch: 14 | loss: 0.1471370
	speed: 0.1215s/iter; left time: 23764.3839s
	iters: 1800, epoch: 14 | loss: 0.1644508
	speed: 0.1217s/iter; left time: 23777.6663s
	iters: 1900, epoch: 14 | loss: 0.1878204
	speed: 0.1216s/iter; left time: 23745.0416s
	iters: 2000, epoch: 14 | loss: 0.1994591
	speed: 0.1218s/iter; left time: 23786.0575s
	iters: 2100, epoch: 14 | loss: 0.1851762
	speed: 0.1217s/iter; left time: 23741.1304s
	iters: 2200, epoch: 14 | loss: 0.1521204
	speed: 0.1214s/iter; left time: 23677.1486s
Epoch: 14 cost time: 275.440630197525
Epoch: 14, Steps: 2267 | Train Loss: 0.1824276 Vali Loss: 0.1695209
EarlyStopping counter: 6 out of 6
Early stopping
VALIDATION_RESULT {"best_epoch": 8, "best_mae": 0.2338633504021549, "best_mse": 0.16927397235375566, "epochs_ran": 14, "metric_version": "element_weighted_v1"}
>>>>>>>testing : long_term_forecast_solar_336_192_sixds_solar_p192_s2021_GraphMambaCMRHM_custom_ftM_sl336_ll48_pl192_dm64_nh8_el1_dl1_df128_expand2_dc2_fc1_ebtimeF_dtTrue_sixds_solar_p192_s2021_0<<<<<<<<<<<<<<<<<<<<<<<<<<<<<<<<<
test 10321
test shape: (10321, 192, 137) (10321, 192, 137)
test shape: (10321, 192, 137) (10321, 192, 137)
mse:0.22743776440620422, mae:0.2721284329891205, dtw:Not calculated

=== FINAL MATRIX solar-336 ===
Command: /home/cwh/Time-Series-Library/.venv/bin/python -u /home/cwh/Time-Series-Library/run.py --task_name long_term_forecast --is_training 1 --root_path /home/cwh/Time-Series-Library/dataset/solar --data_path solar.csv --model_id solar_336_336_sixds_solar_p336_s2021 --model GraphMambaCMRHM --seed 2021 --data custom --features M --target channel_99 --seq_len 336 --label_len 48 --pred_len 336 --enc_in 137 --dec_in 137 --c_out 137 --patch_len 4 --stride 2 --d_model 64 --d_ff 128 --d_state 32 --d_conv 2 --e_layers 1 --expand 2 --mamba_version 1 --mamba_bidirectional 1 --use_graph 1 --use_time_mamba 1 --use_patch 1 --use_decomp 1 --moving_avg 25 --dual_scale_scan_mode auto --periodic_period 24 --periodic_local_patch 4 --periodic_local_stride 2 --periodic_period_stride 12 --periodic_use_adapter 1 --graph_alpha 0.5 --graph_top_k 2 --graph_sample_size 2000 --graph_sample_method uniform --static_graph_mode weighted --graph_cache 1 --dropout 0.1 --batch_size 16 --learning_rate 0.0005 --lradj type1 --train_epochs 100 --patience 6 --num_workers 0 --gpu 0 --des sixds_solar_p336_s2021 --itr 1 --test_after_train 1
Log: /home/cwh/Time-Series-Library/logs/graphmamba_cmrhm_six_dataset_final/logs/sixds_solar_p336_s2021.log
Using GPU
Args in experiment:
[1mBasic Config[0m
  Task Name:          long_term_forecast  Is Training:        1                   
  Model ID:           solar_336_336_sixds_solar_p336_s2021Model:              GraphMambaCMRHM     

[1mData Loader[0m
  Data:               custom              Root Path:          /home/cwh/Time-Series-Library/dataset/solar
  Data Path:          solar.csv           Features:           M                   
  Target:             channel_99          Freq:               h                   
  Checkpoints:        ./checkpoints/      

[1mForecasting Task[0m
  Seq Len:            336                 Label Len:          48                  
  Pred Len:           336                 Seasonal Patterns:  Monthly             
  Inverse:            0                   

[1mModel Parameters[0m
  Top k:              5                   Num Kernels:        6                   
  Enc In:             137                 Dec In:             137                 
  C Out:              137                 d model:            64                  
  n heads:            8                   e layers:           1                   
  d layers:           1                   d FF:               128                 
  Moving Avg:         25                  Factor:             1                   
  Distil:             1                   Dropout:            0.1                 
  Embed:              timeF               Activation:         gelu                

[1mRun Parameters[0m
  Num Workers:        0                   Itr:                1                   
  Train Epochs:       100                 Batch Size:         16                  
  Patience:           6                   Learning Rate:      0.0005              
  Des:                sixds_solar_p336_s2021Loss:               MSE                 
  Lradj:              type1               Use Amp:            0                   

[1mGPU[0m
  Use GPU:            1                   GPU:                0                   
  Use Multi GPU:      0                   Devices:            0,1,2,3             

[1mDe-stationary Projector Params[0m
  P Hidden Dims:      128, 128            P Hidden Layers:    2                   

Use GPU: cuda:0
🚀 Lazy Loading: GraphMambaCMRHM ...
[GraphMamba] Loaded static graph: /home/cwh/Time-Series-Library/dataset/solar/solar_adj_train_custom_M_uniform_2000_seed2021.npy
>>>>>>>start training : long_term_forecast_solar_336_336_sixds_solar_p336_s2021_GraphMambaCMRHM_custom_ftM_sl336_ll48_pl336_dm64_nh8_el1_dl1_df128_expand2_dc2_fc1_ebtimeF_dtTrue_sixds_solar_p336_s2021_0>>>>>>>>>>>>>>>>>>>>>>>>>>
train 36121
val 4921
	iters: 100, epoch: 1 | loss: 0.3913400
	speed: 0.1233s/iter; left time: 27832.6445s
	iters: 200, epoch: 1 | loss: 0.4241557
	speed: 0.1216s/iter; left time: 27443.2670s
	iters: 300, epoch: 1 | loss: 0.3580211
	speed: 0.1215s/iter; left time: 27390.5066s
	iters: 400, epoch: 1 | loss: 0.2429330
	speed: 0.1225s/iter; left time: 27617.3205s
	iters: 500, epoch: 1 | loss: 0.3114919
	speed: 0.1221s/iter; left time: 27511.4502s
	iters: 600, epoch: 1 | loss: 0.2984008
	speed: 0.1222s/iter; left time: 27528.2378s
	iters: 700, epoch: 1 | loss: 0.2390160
	speed: 0.1222s/iter; left time: 27509.9736s
	iters: 800, epoch: 1 | loss: 0.2377876
	speed: 0.1228s/iter; left time: 27626.6573s
	iters: 900, epoch: 1 | loss: 0.2430874
	speed: 0.1224s/iter; left time: 27527.9012s
	iters: 1000, epoch: 1 | loss: 0.2347071
	speed: 0.1220s/iter; left time: 27435.5727s
	iters: 1100, epoch: 1 | loss: 0.2731139
	speed: 0.1224s/iter; left time: 27499.3170s
	iters: 1200, epoch: 1 | loss: 0.2747970
	speed: 0.1224s/iter; left time: 27481.5364s
	iters: 1300, epoch: 1 | loss: 0.2367494
	speed: 0.1222s/iter; left time: 27424.4835s
	iters: 1400, epoch: 1 | loss: 0.3256209
	speed: 0.1221s/iter; left time: 27402.4556s
	iters: 1500, epoch: 1 | loss: 0.1698213
	speed: 0.1224s/iter; left time: 27464.1727s
	iters: 1600, epoch: 1 | loss: 0.1881161
	speed: 0.1224s/iter; left time: 27433.7022s
	iters: 1700, epoch: 1 | loss: 0.2214329
	speed: 0.1225s/iter; left time: 27444.6487s
	iters: 1800, epoch: 1 | loss: 0.2132139
	speed: 0.1220s/iter; left time: 27333.6341s
	iters: 1900, epoch: 1 | loss: 0.1932562
	speed: 0.1217s/iter; left time: 27240.0986s
	iters: 2000, epoch: 1 | loss: 0.2121018
	speed: 0.1221s/iter; left time: 27331.0581s
	iters: 2100, epoch: 1 | loss: 0.2367493
	speed: 0.1222s/iter; left time: 27342.1467s
	iters: 2200, epoch: 1 | loss: 0.2515042
	speed: 0.1223s/iter; left time: 27340.6992s
Epoch: 1 cost time: 276.02563548088074
Epoch: 1, Steps: 2258 | Train Loss: 0.2673149 Vali Loss: 0.1943242
Validation loss decreased (inf --> 0.194324).  Saving model ...
Updating learning rate to 0.0005
	iters: 100, epoch: 2 | loss: 0.1575194
	speed: 0.2831s/iter; left time: 63246.7511s
	iters: 200, epoch: 2 | loss: 0.1953797
	speed: 0.1222s/iter; left time: 27289.7068s
	iters: 300, epoch: 2 | loss: 0.2107182
	speed: 0.1222s/iter; left time: 27282.9043s
	iters: 400, epoch: 2 | loss: 0.2276707
	speed: 0.1223s/iter; left time: 27298.5479s
	iters: 500, epoch: 2 | loss: 0.2310477
	speed: 0.1216s/iter; left time: 27123.0106s
	iters: 600, epoch: 2 | loss: 0.2589228
	speed: 0.1222s/iter; left time: 27237.2913s
	iters: 700, epoch: 2 | loss: 0.2823748
	speed: 0.1225s/iter; left time: 27292.0051s
	iters: 800, epoch: 2 | loss: 0.1567423
	speed: 0.1222s/iter; left time: 27221.7857s
	iters: 900, epoch: 2 | loss: 0.1675454
	speed: 0.1224s/iter; left time: 27259.8101s
	iters: 1000, epoch: 2 | loss: 0.2241063
	speed: 0.1222s/iter; left time: 27186.4043s
	iters: 1100, epoch: 2 | loss: 0.2177188
	speed: 0.1219s/iter; left time: 27108.6772s
	iters: 1200, epoch: 2 | loss: 0.1593314
	speed: 0.1221s/iter; left time: 27154.9219s
	iters: 1300, epoch: 2 | loss: 0.2013604
	speed: 0.1225s/iter; left time: 27230.3184s
	iters: 1400, epoch: 2 | loss: 0.2469546
	speed: 0.1232s/iter; left time: 27364.3466s
	iters: 1500, epoch: 2 | loss: 0.2072013
	speed: 0.1226s/iter; left time: 27213.3096s
	iters: 1600, epoch: 2 | loss: 0.2188265
	speed: 0.1224s/iter; left time: 27160.8360s
	iters: 1700, epoch: 2 | loss: 0.2343068
	speed: 0.1225s/iter; left time: 27166.9970s
	iters: 1800, epoch: 2 | loss: 0.1811891
	speed: 0.1223s/iter; left time: 27110.4410s
	iters: 1900, epoch: 2 | loss: 0.1863753
	speed: 0.1223s/iter; left time: 27115.3142s
	iters: 2000, epoch: 2 | loss: 0.2010727
	speed: 0.1228s/iter; left time: 27196.2073s
	iters: 2100, epoch: 2 | loss: 0.1886970
	speed: 0.1224s/iter; left time: 27115.1809s
	iters: 2200, epoch: 2 | loss: 0.2425753
	speed: 0.1223s/iter; left time: 27071.8474s
Epoch: 2 cost time: 276.18440341949463
Epoch: 2, Steps: 2258 | Train Loss: 0.2057032 Vali Loss: 0.1892269
Validation loss decreased (0.194324 --> 0.189227).  Saving model ...
Updating learning rate to 0.00025
	iters: 100, epoch: 3 | loss: 0.1931737
	speed: 0.2817s/iter; left time: 62301.1675s
	iters: 200, epoch: 3 | loss: 0.2123407
	speed: 0.1223s/iter; left time: 27030.6772s
	iters: 300, epoch: 3 | loss: 0.1462847
	speed: 0.1221s/iter; left time: 26971.9625s
	iters: 400, epoch: 3 | loss: 0.2012808
	speed: 0.1223s/iter; left time: 27023.8787s
	iters: 500, epoch: 3 | loss: 0.1934590
	speed: 0.1228s/iter; left time: 27116.6801s
	iters: 600, epoch: 3 | loss: 0.1599923
	speed: 0.1221s/iter; left time: 26942.1523s
	iters: 700, epoch: 3 | loss: 0.2415893
	speed: 0.1221s/iter; left time: 26924.5532s
	iters: 800, epoch: 3 | loss: 0.2184207
	speed: 0.1225s/iter; left time: 27019.1370s
	iters: 900, epoch: 3 | loss: 0.1965488
	speed: 0.1224s/iter; left time: 26982.1696s
	iters: 1000, epoch: 3 | loss: 0.2320724
	speed: 0.1225s/iter; left time: 26978.9352s
	iters: 1100, epoch: 3 | loss: 0.1688734
	speed: 0.1221s/iter; left time: 26886.0391s
	iters: 1200, epoch: 3 | loss: 0.1902843
	speed: 0.1222s/iter; left time: 26886.7203s
	iters: 1300, epoch: 3 | loss: 0.2195466
	speed: 0.1226s/iter; left time: 26972.0386s
	iters: 1400, epoch: 3 | loss: 0.1828719
	speed: 0.1226s/iter; left time: 26948.9081s
	iters: 1500, epoch: 3 | loss: 0.1994640
	speed: 0.1223s/iter; left time: 26872.5486s
	iters: 1600, epoch: 3 | loss: 0.2031443
	speed: 0.1217s/iter; left time: 26725.3621s
	iters: 1700, epoch: 3 | loss: 0.1661271
	speed: 0.1224s/iter; left time: 26875.4900s
	iters: 1800, epoch: 3 | loss: 0.1820314
	speed: 0.1224s/iter; left time: 26858.4349s
	iters: 1900, epoch: 3 | loss: 0.2333491
	speed: 0.1223s/iter; left time: 26840.9563s
	iters: 2000, epoch: 3 | loss: 0.2201284
	speed: 0.1227s/iter; left time: 26912.3514s
	iters: 2100, epoch: 3 | loss: 0.1927355
	speed: 0.1228s/iter; left time: 26911.4290s
	iters: 2200, epoch: 3 | loss: 0.1613867
	speed: 0.1227s/iter; left time: 26888.2498s
Epoch: 3 cost time: 276.1981770992279
Epoch: 3, Steps: 2258 | Train Loss: 0.1988451 Vali Loss: 0.1840639
Validation loss decreased (0.189227 --> 0.184064).  Saving model ...
Updating learning rate to 0.000125
	iters: 100, epoch: 4 | loss: 0.1874926
	speed: 0.2819s/iter; left time: 61708.2343s
	iters: 200, epoch: 4 | loss: 0.1618104
	speed: 0.1226s/iter; left time: 26831.5089s
	iters: 300, epoch: 4 | loss: 0.2325429
	speed: 0.1224s/iter; left time: 26770.9333s
	iters: 400, epoch: 4 | loss: 0.2860267
	speed: 0.1226s/iter; left time: 26811.2601s
	iters: 500, epoch: 4 | loss: 0.1848114
	speed: 0.1226s/iter; left time: 26780.4945s
	iters: 600, epoch: 4 | loss: 0.2233503
	speed: 0.1224s/iter; left time: 26730.8227s
	iters: 700, epoch: 4 | loss: 0.1880969
	speed: 0.1223s/iter; left time: 26702.2390s
	iters: 800, epoch: 4 | loss: 0.1466353
	speed: 0.1221s/iter; left time: 26646.9903s
	iters: 900, epoch: 4 | loss: 0.1513591
	speed: 0.1222s/iter; left time: 26657.7005s
	iters: 1000, epoch: 4 | loss: 0.1482465
	speed: 0.1219s/iter; left time: 26570.4058s
	iters: 1100, epoch: 4 | loss: 0.2068631
	speed: 0.1226s/iter; left time: 26708.4931s
	iters: 1200, epoch: 4 | loss: 0.2752272
	speed: 0.1226s/iter; left time: 26708.3661s
	iters: 1300, epoch: 4 | loss: 0.1760751
	speed: 0.1226s/iter; left time: 26691.9058s
	iters: 1400, epoch: 4 | loss: 0.1977561
	speed: 0.1223s/iter; left time: 26611.4631s
	iters: 1500, epoch: 4 | loss: 0.1878947
	speed: 0.1223s/iter; left time: 26602.0393s
	iters: 1600, epoch: 4 | loss: 0.1627625
	speed: 0.1222s/iter; left time: 26566.6438s
	iters: 1700, epoch: 4 | loss: 0.2321770
	speed: 0.1223s/iter; left time: 26572.5272s
	iters: 1800, epoch: 4 | loss: 0.1978845
	speed: 0.1222s/iter; left time: 26546.0443s
	iters: 1900, epoch: 4 | loss: 0.1752904
	speed: 0.1223s/iter; left time: 26562.8025s
	iters: 2000, epoch: 4 | loss: 0.2198334
	speed: 0.1221s/iter; left time: 26506.2269s
	iters: 2100, epoch: 4 | loss: 0.1732875
	speed: 0.1224s/iter; left time: 26542.3872s
	iters: 2200, epoch: 4 | loss: 0.2242084
	speed: 0.1227s/iter; left time: 26608.7175s
Epoch: 4 cost time: 276.1451110839844
Epoch: 4, Steps: 2258 | Train Loss: 0.1961580 Vali Loss: 0.1818466
Validation loss decreased (0.184064 --> 0.181847).  Saving model ...
Updating learning rate to 6.25e-05
	iters: 100, epoch: 5 | loss: 0.1926316
	speed: 0.2813s/iter; left time: 60950.7758s
	iters: 200, epoch: 5 | loss: 0.1855252
	speed: 0.1223s/iter; left time: 26479.2013s
	iters: 300, epoch: 5 | loss: 0.1930669
	speed: 0.1224s/iter; left time: 26496.9219s
	iters: 400, epoch: 5 | loss: 0.2222934
	speed: 0.1225s/iter; left time: 26494.9776s
	iters: 500, epoch: 5 | loss: 0.1717722
	speed: 0.1225s/iter; left time: 26493.3655s
	iters: 600, epoch: 5 | loss: 0.2301058
	speed: 0.1227s/iter; left time: 26522.1159s
	iters: 700, epoch: 5 | loss: 0.1942919
	speed: 0.1226s/iter; left time: 26486.6913s
	iters: 800, epoch: 5 | loss: 0.1477289
	speed: 0.1222s/iter; left time: 26401.1334s
	iters: 900, epoch: 5 | loss: 0.2452585
	speed: 0.1221s/iter; left time: 26357.7362s
	iters: 1000, epoch: 5 | loss: 0.2428692
	speed: 0.1224s/iter; left time: 26420.6293s
	iters: 1100, epoch: 5 | loss: 0.1690345
	speed: 0.1221s/iter; left time: 26334.6967s
	iters: 1200, epoch: 5 | loss: 0.2072097
	speed: 0.1223s/iter; left time: 26366.5999s
	iters: 1300, epoch: 5 | loss: 0.1836920
	speed: 0.1224s/iter; left time: 26380.3994s
	iters: 1400, epoch: 5 | loss: 0.1901392
	speed: 0.1226s/iter; left time: 26402.8766s
	iters: 1500, epoch: 5 | loss: 0.2247754
	speed: 0.1221s/iter; left time: 26278.9118s
	iters: 1600, epoch: 5 | loss: 0.2211543
	speed: 0.1226s/iter; left time: 26376.0955s
	iters: 1700, epoch: 5 | loss: 0.1349139
	speed: 0.1225s/iter; left time: 26338.7441s
	iters: 1800, epoch: 5 | loss: 0.2107996
	speed: 0.1224s/iter; left time: 26315.8174s
	iters: 1900, epoch: 5 | loss: 0.2217143
	speed: 0.1223s/iter; left time: 26283.1016s
	iters: 2000, epoch: 5 | loss: 0.2466018
	speed: 0.1223s/iter; left time: 26274.0795s
	iters: 2100, epoch: 5 | loss: 0.2214404
	speed: 0.1225s/iter; left time: 26301.6473s
	iters: 2200, epoch: 5 | loss: 0.1876416
	speed: 0.1233s/iter; left time: 26445.9583s
Epoch: 5 cost time: 276.32741832733154
Epoch: 5, Steps: 2258 | Train Loss: 0.1945776 Vali Loss: 0.1809022
Validation loss decreased (0.181847 --> 0.180902).  Saving model ...
Updating learning rate to 3.125e-05
	iters: 100, epoch: 6 | loss: 0.2468447
	speed: 0.2822s/iter; left time: 60497.9339s
	iters: 200, epoch: 6 | loss: 0.1829049
	speed: 0.1226s/iter; left time: 26267.8493s
	iters: 300, epoch: 6 | loss: 0.1922771
	speed: 0.1222s/iter; left time: 26169.3331s
	iters: 400, epoch: 6 | loss: 0.1653404
	speed: 0.1225s/iter; left time: 26225.1982s
	iters: 500, epoch: 6 | loss: 0.1671942
	speed: 0.1222s/iter; left time: 26146.9500s
	iters: 600, epoch: 6 | loss: 0.2099089
	speed: 0.1221s/iter; left time: 26115.8113s
	iters: 700, epoch: 6 | loss: 0.1852405
	speed: 0.1226s/iter; left time: 26209.2988s
	iters: 800, epoch: 6 | loss: 0.1623423
	speed: 0.1225s/iter; left time: 26185.0805s
	iters: 900, epoch: 6 | loss: 0.2306110
	speed: 0.1225s/iter; left time: 26165.6719s
	iters: 1000, epoch: 6 | loss: 0.2096981
	speed: 0.1227s/iter; left time: 26208.2189s
	iters: 1100, epoch: 6 | loss: 0.2081382
	speed: 0.1224s/iter; left time: 26119.7088s
	iters: 1200, epoch: 6 | loss: 0.1724934
	speed: 0.1226s/iter; left time: 26160.5021s
	iters: 1300, epoch: 6 | loss: 0.1431492
	speed: 0.1224s/iter; left time: 26098.8076s
	iters: 1400, epoch: 6 | loss: 0.1470539
	speed: 0.1221s/iter; left time: 26027.7389s
	iters: 1500, epoch: 6 | loss: 0.1501141
	speed: 0.1224s/iter; left time: 26078.3228s
	iters: 1600, epoch: 6 | loss: 0.2770630
	speed: 0.1227s/iter; left time: 26133.7031s
	iters: 1700, epoch: 6 | loss: 0.1963749
	speed: 0.1223s/iter; left time: 26026.9903s
	iters: 1800, epoch: 6 | loss: 0.2475231
	speed: 0.1222s/iter; left time: 26003.3784s
	iters: 1900, epoch: 6 | loss: 0.1814683
	speed: 0.1221s/iter; left time: 25950.5304s
	iters: 2000, epoch: 6 | loss: 0.1387713
	speed: 0.1228s/iter; left time: 26097.5845s
	iters: 2100, epoch: 6 | loss: 0.1694198
	speed: 0.1222s/iter; left time: 25966.1572s
	iters: 2200, epoch: 6 | loss: 0.2112574
	speed: 0.1220s/iter; left time: 25905.2318s
Epoch: 6 cost time: 276.250248670578
Epoch: 6, Steps: 2258 | Train Loss: 0.1936480 Vali Loss: 0.1805255
Validation loss decreased (0.180902 --> 0.180525).  Saving model ...
Updating learning rate to 1.5625e-05
	iters: 100, epoch: 7 | loss: 0.1491826
	speed: 0.2826s/iter; left time: 59963.3699s
	iters: 200, epoch: 7 | loss: 0.2198020
	speed: 0.1225s/iter; left time: 25980.6544s
	iters: 300, epoch: 7 | loss: 0.2054355
	speed: 0.1225s/iter; left time: 25966.0395s
	iters: 400, epoch: 7 | loss: 0.2565668
	speed: 0.1223s/iter; left time: 25915.2679s
	iters: 500, epoch: 7 | loss: 0.1620048
	speed: 0.1223s/iter; left time: 25901.8695s
	iters: 600, epoch: 7 | loss: 0.1888551
	speed: 0.1223s/iter; left time: 25895.6106s
	iters: 700, epoch: 7 | loss: 0.1881214
	speed: 0.1222s/iter; left time: 25845.6641s
	iters: 800, epoch: 7 | loss: 0.2149847
	speed: 0.1227s/iter; left time: 25934.7631s
	iters: 900, epoch: 7 | loss: 0.1947228
	speed: 0.1222s/iter; left time: 25821.8889s
	iters: 1000, epoch: 7 | loss: 0.2021007
	speed: 0.1223s/iter; left time: 25843.3577s
	iters: 1100, epoch: 7 | loss: 0.2540001
	speed: 0.1227s/iter; left time: 25911.6749s
	iters: 1200, epoch: 7 | loss: 0.2103538
	speed: 0.1220s/iter; left time: 25744.7747s
	iters: 1300, epoch: 7 | loss: 0.1965754
	speed: 0.1222s/iter; left time: 25777.4684s
	iters: 1400, epoch: 7 | loss: 0.2399147
	speed: 0.1223s/iter; left time: 25779.7586s
	iters: 1500, epoch: 7 | loss: 0.2559600
	speed: 0.1224s/iter; left time: 25796.1290s
	iters: 1600, epoch: 7 | loss: 0.2140125
	speed: 0.1224s/iter; left time: 25775.9748s
	iters: 1700, epoch: 7 | loss: 0.1940439
	speed: 0.1229s/iter; left time: 25874.5591s
	iters: 1800, epoch: 7 | loss: 0.2153212
	speed: 0.1225s/iter; left time: 25773.2245s
	iters: 1900, epoch: 7 | loss: 0.1814636
	speed: 0.1222s/iter; left time: 25712.5787s
	iters: 2000, epoch: 7 | loss: 0.1773069
	speed: 0.1219s/iter; left time: 25626.9043s
	iters: 2100, epoch: 7 | loss: 0.1785123
	speed: 0.1223s/iter; left time: 25700.4954s
	iters: 2200, epoch: 7 | loss: 0.1330338
	speed: 0.1223s/iter; left time: 25686.4671s
Epoch: 7 cost time: 276.2079610824585
Epoch: 7, Steps: 2258 | Train Loss: 0.1931808 Vali Loss: 0.1799767
Validation loss decreased (0.180525 --> 0.179977).  Saving model ...
Updating learning rate to 7.8125e-06
	iters: 100, epoch: 8 | loss: 0.2089843
	speed: 0.2827s/iter; left time: 59338.0876s
	iters: 200, epoch: 8 | loss: 0.1715215
	speed: 0.1225s/iter; left time: 25699.5719s
	iters: 300, epoch: 8 | loss: 0.1627240
	speed: 0.1222s/iter; left time: 25624.4336s
	iters: 400, epoch: 8 | loss: 0.2226796
	speed: 0.1224s/iter; left time: 25655.6873s
	iters: 500, epoch: 8 | loss: 0.2081565
	speed: 0.1225s/iter; left time: 25668.5153s
	iters: 600, epoch: 8 | loss: 0.1509924
	speed: 0.1224s/iter; left time: 25627.4948s
	iters: 700, epoch: 8 | loss: 0.1830229
	speed: 0.1223s/iter; left time: 25587.3759s
	iters: 800, epoch: 8 | loss: 0.2610460
	speed: 0.1223s/iter; left time: 25589.3436s
	iters: 900, epoch: 8 | loss: 0.2429567
	speed: 0.1228s/iter; left time: 25678.3102s
	iters: 1000, epoch: 8 | loss: 0.1467055
	speed: 0.1224s/iter; left time: 25580.0039s
	iters: 1100, epoch: 8 | loss: 0.1800688
	speed: 0.1217s/iter; left time: 25430.6378s
	iters: 1200, epoch: 8 | loss: 0.1272898
	speed: 0.1228s/iter; left time: 25643.2970s
	iters: 1300, epoch: 8 | loss: 0.2071046
	speed: 0.1225s/iter; left time: 25557.6178s
	iters: 1400, epoch: 8 | loss: 0.1722060
	speed: 0.1224s/iter; left time: 25526.5460s
	iters: 1500, epoch: 8 | loss: 0.2527305
	speed: 0.1226s/iter; left time: 25560.2741s
	iters: 1600, epoch: 8 | loss: 0.2363483
	speed: 0.1224s/iter; left time: 25515.4266s
	iters: 1700, epoch: 8 | loss: 0.2241898
	speed: 0.1225s/iter; left time: 25511.7072s
	iters: 1800, epoch: 8 | loss: 0.1904881
	speed: 0.1226s/iter; left time: 25533.2883s
	iters: 1900, epoch: 8 | loss: 0.2406046
	speed: 0.1224s/iter; left time: 25471.7295s
	iters: 2000, epoch: 8 | loss: 0.1800383
	speed: 0.1223s/iter; left time: 25446.3914s
	iters: 2100, epoch: 8 | loss: 0.1817807
	speed: 0.1227s/iter; left time: 25506.5088s
	iters: 2200, epoch: 8 | loss: 0.2165322
	speed: 0.1223s/iter; left time: 25408.0047s
Epoch: 8 cost time: 276.3320953845978
Epoch: 8, Steps: 2258 | Train Loss: 0.1929244 Vali Loss: 0.1799808
EarlyStopping counter: 1 out of 6
Updating learning rate to 3.90625e-06
	iters: 100, epoch: 9 | loss: 0.1827647
	speed: 0.2819s/iter; left time: 58538.9629s
	iters: 200, epoch: 9 | loss: 0.1381425
	speed: 0.1226s/iter; left time: 25440.5765s
	iters: 300, epoch: 9 | loss: 0.2011340
	speed: 0.1223s/iter; left time: 25364.2646s
	iters: 400, epoch: 9 | loss: 0.1667097
	speed: 0.1224s/iter; left time: 25369.3743s
	iters: 500, epoch: 9 | loss: 0.2074101
	speed: 0.1223s/iter; left time: 25343.8682s
	iters: 600, epoch: 9 | loss: 0.1987779
	speed: 0.1227s/iter; left time: 25419.2957s
	iters: 700, epoch: 9 | loss: 0.2168713
	speed: 0.1224s/iter; left time: 25331.6110s
	iters: 800, epoch: 9 | loss: 0.2420771
	speed: 0.1226s/iter; left time: 25373.8060s
	iters: 900, epoch: 9 | loss: 0.1849495
	speed: 0.1225s/iter; left time: 25327.3098s
	iters: 1000, epoch: 9 | loss: 0.1664612
	speed: 0.1224s/iter; left time: 25295.9234s
	iters: 1100, epoch: 9 | loss: 0.1254326
	speed: 0.1226s/iter; left time: 25323.5094s
	iters: 1200, epoch: 9 | loss: 0.1885898
	speed: 0.1225s/iter; left time: 25291.5900s
	iters: 1300, epoch: 9 | loss: 0.1464431
	speed: 0.1224s/iter; left time: 25261.0942s
	iters: 1400, epoch: 9 | loss: 0.1507314
	speed: 0.1222s/iter; left time: 25212.6424s
	iters: 1500, epoch: 9 | loss: 0.1802238
	speed: 0.1224s/iter; left time: 25250.9492s
	iters: 1600, epoch: 9 | loss: 0.1888128
	speed: 0.1220s/iter; left time: 25145.3751s
	iters: 1700, epoch: 9 | loss: 0.1776674
	speed: 0.1223s/iter; left time: 25207.7180s
	iters: 1800, epoch: 9 | loss: 0.1434832
	speed: 0.1223s/iter; left time: 25193.9201s
	iters: 1900, epoch: 9 | loss: 0.1839859
	speed: 0.1224s/iter; left time: 25194.6780s
	iters: 2000, epoch: 9 | loss: 0.1543609
	speed: 0.1223s/iter; left time: 25169.5815s
	iters: 2100, epoch: 9 | loss: 0.1592818
	speed: 0.1226s/iter; left time: 25213.1024s
	iters: 2200, epoch: 9 | loss: 0.1929543
	speed: 0.1225s/iter; left time: 25184.1032s
Epoch: 9 cost time: 276.2786157131195
Epoch: 9, Steps: 2258 | Train Loss: 0.1927670 Vali Loss: 0.1799721
Validation loss decreased (0.179977 --> 0.179972).  Saving model ...
Updating learning rate to 1.953125e-06
	iters: 100, epoch: 10 | loss: 0.1957630
	speed: 0.2815s/iter; left time: 57820.5896s
	iters: 200, epoch: 10 | loss: 0.1879843
	speed: 0.1223s/iter; left time: 25108.3420s
	iters: 300, epoch: 10 | loss: 0.1807562
	speed: 0.1225s/iter; left time: 25143.2045s
	iters: 400, epoch: 10 | loss: 0.1967164
	speed: 0.1222s/iter; left time: 25054.8613s
	iters: 500, epoch: 10 | loss: 0.1637864
	speed: 0.1224s/iter; left time: 25082.2520s
	iters: 600, epoch: 10 | loss: 0.2062933
	speed: 0.1223s/iter; left time: 25061.7603s
	iters: 700, epoch: 10 | loss: 0.1625859
	speed: 0.1226s/iter; left time: 25109.9186s
	iters: 800, epoch: 10 | loss: 0.2459987
	speed: 0.1230s/iter; left time: 25168.0467s
	iters: 900, epoch: 10 | loss: 0.2033255
	speed: 0.1226s/iter; left time: 25085.8630s
	iters: 1000, epoch: 10 | loss: 0.1718094
	speed: 0.1222s/iter; left time: 24989.7056s
	iters: 1100, epoch: 10 | loss: 0.1724243
	speed: 0.1223s/iter; left time: 25004.0786s
	iters: 1200, epoch: 10 | loss: 0.2128136
	speed: 0.1222s/iter; left time: 24968.6112s
	iters: 1300, epoch: 10 | loss: 0.2048884
	speed: 0.1223s/iter; left time: 24962.6613s
	iters: 1400, epoch: 10 | loss: 0.2014145
	speed: 0.1220s/iter; left time: 24895.3508s
	iters: 1500, epoch: 10 | loss: 0.2057590
	speed: 0.1227s/iter; left time: 25028.4003s
	iters: 1600, epoch: 10 | loss: 0.1532121
	speed: 0.1224s/iter; left time: 24947.1464s
	iters: 1700, epoch: 10 | loss: 0.2595703
	speed: 0.1226s/iter; left time: 24985.8575s
	iters: 1800, epoch: 10 | loss: 0.1432178
	speed: 0.1221s/iter; left time: 24871.5354s
	iters: 1900, epoch: 10 | loss: 0.1806392
	speed: 0.1226s/iter; left time: 24959.7906s
	iters: 2000, epoch: 10 | loss: 0.2283305
	speed: 0.1226s/iter; left time: 24940.5214s
	iters: 2100, epoch: 10 | loss: 0.1919897
	speed: 0.1224s/iter; left time: 24886.4016s
	iters: 2200, epoch: 10 | loss: 0.1624888
	speed: 0.1224s/iter; left time: 24887.6758s
Epoch: 10 cost time: 276.2605435848236
Epoch: 10, Steps: 2258 | Train Loss: 0.1927512 Vali Loss: 0.1799121
Validation loss decreased (0.179972 --> 0.179912).  Saving model ...
Updating learning rate to 9.765625e-07
	iters: 100, epoch: 11 | loss: 0.2328762
	speed: 0.2812s/iter; left time: 57118.9088s
	iters: 200, epoch: 11 | loss: 0.1350670
	speed: 0.1223s/iter; left time: 24824.4484s
	iters: 300, epoch: 11 | loss: 0.1921222
	speed: 0.1222s/iter; left time: 24791.5001s
	iters: 400, epoch: 11 | loss: 0.1540960
	speed: 0.1225s/iter; left time: 24849.9816s
	iters: 500, epoch: 11 | loss: 0.1718432
	speed: 0.1225s/iter; left time: 24827.7913s
	iters: 600, epoch: 11 | loss: 0.2278724
	speed: 0.1221s/iter; left time: 24735.0296s
	iters: 700, epoch: 11 | loss: 0.1899899
	speed: 0.1224s/iter; left time: 24794.0860s
	iters: 800, epoch: 11 | loss: 0.2098669
	speed: 0.1225s/iter; left time: 24790.9071s
	iters: 900, epoch: 11 | loss: 0.2327337
	speed: 0.1226s/iter; left time: 24796.3321s
	iters: 1000, epoch: 11 | loss: 0.1448831
	speed: 0.1226s/iter; left time: 24783.9233s
	iters: 1100, epoch: 11 | loss: 0.1605170
	speed: 0.1223s/iter; left time: 24712.7593s
	iters: 1200, epoch: 11 | loss: 0.2409173
	speed: 0.1219s/iter; left time: 24627.2954s
	iters: 1300, epoch: 11 | loss: 0.1930801
	speed: 0.1227s/iter; left time: 24765.8901s
	iters: 1400, epoch: 11 | loss: 0.2285842
	speed: 0.1228s/iter; left time: 24782.1863s
	iters: 1500, epoch: 11 | loss: 0.1357671
	speed: 0.1223s/iter; left time: 24665.7209s
	iters: 1600, epoch: 11 | loss: 0.2415298
	speed: 0.1224s/iter; left time: 24676.1785s
	iters: 1700, epoch: 11 | loss: 0.1726704
	speed: 0.1227s/iter; left time: 24720.0904s
	iters: 1800, epoch: 11 | loss: 0.1707546
	speed: 0.1231s/iter; left time: 24803.9057s
	iters: 1900, epoch: 11 | loss: 0.2209722
	speed: 0.1222s/iter; left time: 24593.5463s
	iters: 2000, epoch: 11 | loss: 0.1288874
	speed: 0.1222s/iter; left time: 24579.5163s
	iters: 2100, epoch: 11 | loss: 0.1983587
	speed: 0.1218s/iter; left time: 24500.3596s
	iters: 2200, epoch: 11 | loss: 0.1407335
	speed: 0.1225s/iter; left time: 24631.0471s
Epoch: 11 cost time: 276.2119300365448
Epoch: 11, Steps: 2258 | Train Loss: 0.1926732 Vali Loss: 0.1798490
Validation loss decreased (0.179912 --> 0.179849).  Saving model ...
Updating learning rate to 4.8828125e-07
	iters: 100, epoch: 12 | loss: 0.2104349
	speed: 0.2819s/iter; left time: 56632.8448s
	iters: 200, epoch: 12 | loss: 0.1659811
	speed: 0.1218s/iter; left time: 24445.0338s
	iters: 300, epoch: 12 | loss: 0.1530340
	speed: 0.1223s/iter; left time: 24541.1294s
	iters: 400, epoch: 12 | loss: 0.1641312
	speed: 0.1223s/iter; left time: 24529.5622s
	iters: 500, epoch: 12 | loss: 0.2122466
	speed: 0.1227s/iter; left time: 24593.9223s
	iters: 600, epoch: 12 | loss: 0.1651403
	speed: 0.1224s/iter; left time: 24531.2485s
	iters: 700, epoch: 12 | loss: 0.1836822
	speed: 0.1229s/iter; left time: 24616.8776s
	iters: 800, epoch: 12 | loss: 0.2234392
	speed: 0.1226s/iter; left time: 24545.9777s
	iters: 900, epoch: 12 | loss: 0.2205035
	speed: 0.1220s/iter; left time: 24400.4283s
	iters: 1000, epoch: 12 | loss: 0.2022985
	speed: 0.1431s/iter; left time: 28608.6061s
	iters: 1100, epoch: 12 | loss: 0.2242819
	speed: 0.1222s/iter; left time: 24430.6622s
	iters: 1200, epoch: 12 | loss: 0.2079823
	speed: 0.1226s/iter; left time: 24499.4071s
	iters: 1300, epoch: 12 | loss: 0.1590366
	speed: 0.1222s/iter; left time: 24403.8537s
	iters: 1400, epoch: 12 | loss: 0.2375821
	speed: 0.1222s/iter; left time: 24388.6089s
	iters: 1500, epoch: 12 | loss: 0.2282330
	speed: 0.1219s/iter; left time: 24306.4630s
	iters: 1600, epoch: 12 | loss: 0.2239146
	speed: 0.1224s/iter; left time: 24407.4769s
	iters: 1700, epoch: 12 | loss: 0.1445383
	speed: 0.1228s/iter; left time: 24469.9823s
	iters: 1800, epoch: 12 | loss: 0.2079463
	speed: 0.1227s/iter; left time: 24444.6786s
	iters: 1900, epoch: 12 | loss: 0.1352947
	speed: 0.1223s/iter; left time: 24353.1021s
	iters: 2000, epoch: 12 | loss: 0.2121966
	speed: 0.1223s/iter; left time: 24336.9215s
	iters: 2100, epoch: 12 | loss: 0.1412040
	speed: 0.1220s/iter; left time: 24261.3534s
	iters: 2200, epoch: 12 | loss: 0.2049212
	speed: 0.1224s/iter; left time: 24336.0497s
Epoch: 12 cost time: 278.2642743587494
Epoch: 12, Steps: 2258 | Train Loss: 0.1926513 Vali Loss: 0.1798275
Validation loss decreased (0.179849 --> 0.179828).  Saving model ...
Updating learning rate to 2.44140625e-07
	iters: 100, epoch: 13 | loss: 0.1928577
	speed: 0.2819s/iter; left time: 55986.2160s
	iters: 200, epoch: 13 | loss: 0.1883308
	speed: 0.1221s/iter; left time: 24243.6084s
	iters: 300, epoch: 13 | loss: 0.2221522
	speed: 0.1219s/iter; left time: 24187.2962s
	iters: 400, epoch: 13 | loss: 0.2337662
	speed: 0.1220s/iter; left time: 24186.0406s
	iters: 500, epoch: 13 | loss: 0.2091068
	speed: 0.1219s/iter; left time: 24159.4322s
	iters: 600, epoch: 13 | loss: 0.2701336
	speed: 0.1216s/iter; left time: 24095.9346s
	iters: 700, epoch: 13 | loss: 0.2195269
	speed: 0.1221s/iter; left time: 24182.0467s
	iters: 800, epoch: 13 | loss: 0.2133362
	speed: 0.1223s/iter; left time: 24209.7367s
	iters: 900, epoch: 13 | loss: 0.1649919
	speed: 0.1220s/iter; left time: 24129.1013s
	iters: 1000, epoch: 13 | loss: 0.1642608
	speed: 0.1219s/iter; left time: 24094.6379s
	iters: 1100, epoch: 13 | loss: 0.1614899
	speed: 0.1222s/iter; left time: 24138.3646s
	iters: 1200, epoch: 13 | loss: 0.1856473
	speed: 0.1220s/iter; left time: 24104.8946s
	iters: 1300, epoch: 13 | loss: 0.2204453
	speed: 0.1221s/iter; left time: 24098.4907s
	iters: 1400, epoch: 13 | loss: 0.1638894
	speed: 0.1216s/iter; left time: 23983.2247s
	iters: 1500, epoch: 13 | loss: 0.2060406
	speed: 0.1220s/iter; left time: 24053.0408s
	iters: 1600, epoch: 13 | loss: 0.1339903
	speed: 0.1224s/iter; left time: 24122.7967s
	iters: 1700, epoch: 13 | loss: 0.2634659
	speed: 0.1218s/iter; left time: 23991.8531s
	iters: 1800, epoch: 13 | loss: 0.1620615
	speed: 0.1221s/iter; left time: 24033.7564s
	iters: 1900, epoch: 13 | loss: 0.1900330
	speed: 0.1216s/iter; left time: 23938.8549s
	iters: 2000, epoch: 13 | loss: 0.1913623
	speed: 0.1216s/iter; left time: 23915.2931s
	iters: 2100, epoch: 13 | loss: 0.1676027
	speed: 0.1219s/iter; left time: 23970.7175s
	iters: 2200, epoch: 13 | loss: 0.1808363
	speed: 0.1225s/iter; left time: 24078.3377s
Epoch: 13 cost time: 275.4110929965973
Epoch: 13, Steps: 2258 | Train Loss: 0.1926594 Vali Loss: 0.1798246
Validation loss decreased (0.179828 --> 0.179825).  Saving model ...
Updating learning rate to 1.220703125e-07
	iters: 100, epoch: 14 | loss: 0.1908006
	speed: 0.2818s/iter; left time: 55329.2136s
	iters: 200, epoch: 14 | loss: 0.2399531
	speed: 0.1221s/iter; left time: 23960.4449s
	iters: 300, epoch: 14 | loss: 0.2497392
	speed: 0.1221s/iter; left time: 23942.9114s
	iters: 400, epoch: 14 | loss: 0.1568081
	speed: 0.1221s/iter; left time: 23937.0153s
	iters: 500, epoch: 14 | loss: 0.2074151
	speed: 0.1217s/iter; left time: 23853.4549s
	iters: 600, epoch: 14 | loss: 0.1632626
	speed: 0.1218s/iter; left time: 23851.2361s
	iters: 700, epoch: 14 | loss: 0.2194697
	speed: 0.1219s/iter; left time: 23860.4711s
	iters: 800, epoch: 14 | loss: 0.2334196
	speed: 0.1216s/iter; left time: 23796.1968s
	iters: 900, epoch: 14 | loss: 0.1953690
	speed: 0.1220s/iter; left time: 23856.8581s
	iters: 1000, epoch: 14 | loss: 0.2041565
	speed: 0.1221s/iter; left time: 23857.6333s
	iters: 1100, epoch: 14 | loss: 0.2251957
	speed: 0.1217s/iter; left time: 23774.5446s
	iters: 1200, epoch: 14 | loss: 0.1528903
	speed: 0.1221s/iter; left time: 23848.0891s
	iters: 1300, epoch: 14 | loss: 0.2327336
	speed: 0.1222s/iter; left time: 23851.5775s
	iters: 1400, epoch: 14 | loss: 0.2033193
	speed: 0.1219s/iter; left time: 23785.7360s
	iters: 1500, epoch: 14 | loss: 0.1401749
	speed: 0.1220s/iter; left time: 23788.9396s
	iters: 1600, epoch: 14 | loss: 0.2343163
	speed: 0.1220s/iter; left time: 23768.2852s
	iters: 1700, epoch: 14 | loss: 0.1856996
	speed: 0.1221s/iter; left time: 23786.6920s
	iters: 1800, epoch: 14 | loss: 0.2006456
	speed: 0.1221s/iter; left time: 23759.9658s
	iters: 1900, epoch: 14 | loss: 0.1577850
	speed: 0.1224s/iter; left time: 23818.9088s
	iters: 2000, epoch: 14 | loss: 0.1532239
	speed: 0.1227s/iter; left time: 23868.0936s
	iters: 2100, epoch: 14 | loss: 0.1980389
	speed: 0.1225s/iter; left time: 23808.6974s
	iters: 2200, epoch: 14 | loss: 0.1923330
	speed: 0.1221s/iter; left time: 23722.5693s
Epoch: 14 cost time: 275.52176308631897
Epoch: 14, Steps: 2258 | Train Loss: 0.1926500 Vali Loss: 0.1798255
EarlyStopping counter: 1 out of 6
Updating learning rate to 6.103515625e-08
	iters: 100, epoch: 15 | loss: 0.2070554
	speed: 0.2814s/iter; left time: 54614.8753s
	iters: 200, epoch: 15 | loss: 0.1776194
	speed: 0.1219s/iter; left time: 23646.8300s
	iters: 300, epoch: 15 | loss: 0.2227222
	speed: 0.1220s/iter; left time: 23660.5762s
	iters: 400, epoch: 15 | loss: 0.2061646
	speed: 0.1226s/iter; left time: 23750.7120s
	iters: 500, epoch: 15 | loss: 0.2128956
	speed: 0.1224s/iter; left time: 23710.6549s
	iters: 600, epoch: 15 | loss: 0.1659489
	speed: 0.1219s/iter; left time: 23593.4988s
	iters: 700, epoch: 15 | loss: 0.2069912
	speed: 0.1224s/iter; left time: 23680.8596s
	iters: 800, epoch: 15 | loss: 0.1450212
	speed: 0.1223s/iter; left time: 23646.9594s
	iters: 900, epoch: 15 | loss: 0.2166749
	speed: 0.1223s/iter; left time: 23647.5790s
	iters: 1000, epoch: 15 | loss: 0.1672899
	speed: 0.1229s/iter; left time: 23736.6496s
	iters: 1100, epoch: 15 | loss: 0.2065882
	speed: 0.1224s/iter; left time: 23625.4982s
	iters: 1200, epoch: 15 | loss: 0.1986008
	speed: 0.1225s/iter; left time: 23641.1543s
	iters: 1300, epoch: 15 | loss: 0.1970818
	speed: 0.1223s/iter; left time: 23594.3823s
	iters: 1400, epoch: 15 | loss: 0.1858245
	speed: 0.1221s/iter; left time: 23532.4653s
	iters: 1500, epoch: 15 | loss: 0.1781567
	speed: 0.1224s/iter; left time: 23580.5579s
	iters: 1600, epoch: 15 | loss: 0.1605962
	speed: 0.1225s/iter; left time: 23596.1877s
	iters: 1700, epoch: 15 | loss: 0.1568087
	speed: 0.1223s/iter; left time: 23537.5887s
	iters: 1800, epoch: 15 | loss: 0.2090880
	speed: 0.1222s/iter; left time: 23518.6735s
	iters: 1900, epoch: 15 | loss: 0.1917999
	speed: 0.1220s/iter; left time: 23461.7136s
	iters: 2000, epoch: 15 | loss: 0.2244956
	speed: 0.1222s/iter; left time: 23477.9280s
	iters: 2100, epoch: 15 | loss: 0.1612101
	speed: 0.1222s/iter; left time: 23463.7820s
	iters: 2200, epoch: 15 | loss: 0.1701891
	speed: 0.1228s/iter; left time: 23571.9766s
Epoch: 15 cost time: 276.07487869262695
Epoch: 15, Steps: 2258 | Train Loss: 0.1926471 Vali Loss: 0.1798265
EarlyStopping counter: 2 out of 6
Updating learning rate to 3.0517578125e-08
	iters: 100, epoch: 16 | loss: 0.3160001
	speed: 0.2816s/iter; left time: 54012.4699s
	iters: 200, epoch: 16 | loss: 0.2069643
	speed: 0.1223s/iter; left time: 23442.2847s
	iters: 300, epoch: 16 | loss: 0.1426332
	speed: 0.1220s/iter; left time: 23373.8970s
	iters: 400, epoch: 16 | loss: 0.2475143
	speed: 0.1224s/iter; left time: 23442.8113s
	iters: 500, epoch: 16 | loss: 0.2345455
	speed: 0.1219s/iter; left time: 23339.4335s
	iters: 600, epoch: 16 | loss: 0.1875172
	speed: 0.1224s/iter; left time: 23416.2518s
	iters: 700, epoch: 16 | loss: 0.1658316
	speed: 0.1224s/iter; left time: 23406.2996s
	iters: 800, epoch: 16 | loss: 0.1749528
	speed: 0.1223s/iter; left time: 23378.7491s
	iters: 900, epoch: 16 | loss: 0.1689814
	speed: 0.1220s/iter; left time: 23297.5247s
	iters: 1000, epoch: 16 | loss: 0.1740304
	speed: 0.1224s/iter; left time: 23375.9924s
	iters: 1100, epoch: 16 | loss: 0.1606753
	speed: 0.1226s/iter; left time: 23404.9073s
	iters: 1200, epoch: 16 | loss: 0.1398709
	speed: 0.1228s/iter; left time: 23430.1726s
	iters: 1300, epoch: 16 | loss: 0.2258218
	speed: 0.1230s/iter; left time: 23449.3550s
	iters: 1400, epoch: 16 | loss: 0.2091850
	speed: 0.1223s/iter; left time: 23293.0528s
	iters: 1500, epoch: 16 | loss: 0.1907745
	speed: 0.1225s/iter; left time: 23331.2140s
	iters: 1600, epoch: 16 | loss: 0.1957185
	speed: 0.1223s/iter; left time: 23282.6077s
	iters: 1700, epoch: 16 | loss: 0.1750421
	speed: 0.1228s/iter; left time: 23353.2021s
	iters: 1800, epoch: 16 | loss: 0.2510452
	speed: 0.1219s/iter; left time: 23176.0511s
	iters: 1900, epoch: 16 | loss: 0.2398163
	speed: 0.1222s/iter; left time: 23222.7682s
	iters: 2000, epoch: 16 | loss: 0.1635222
	speed: 0.1226s/iter; left time: 23286.3824s
	iters: 2100, epoch: 16 | loss: 0.2084880
	speed: 0.1227s/iter; left time: 23285.5431s
	iters: 2200, epoch: 16 | loss: 0.1749204
	speed: 0.1224s/iter; left time: 23220.2477s
Epoch: 16 cost time: 276.2061483860016
Epoch: 16, Steps: 2258 | Train Loss: 0.1926522 Vali Loss: 0.1798270
EarlyStopping counter: 3 out of 6
Updating learning rate to 1.52587890625e-08
	iters: 100, epoch: 17 | loss: 0.1780457
	speed: 0.2810s/iter; left time: 53270.6732s
	iters: 200, epoch: 17 | loss: 0.2350027
	speed: 0.1219s/iter; left time: 23103.4012s
	iters: 300, epoch: 17 | loss: 0.2250797
	speed: 0.1226s/iter; left time: 23212.1895s
	iters: 400, epoch: 17 | loss: 0.2544323
	speed: 0.1222s/iter; left time: 23129.9016s
	iters: 500, epoch: 17 | loss: 0.2024999
	speed: 0.1222s/iter; left time: 23119.2765s
	iters: 600, epoch: 17 | loss: 0.1806006
	speed: 0.1221s/iter; left time: 23085.3333s
	iters: 700, epoch: 17 | loss: 0.1543196
	speed: 0.1221s/iter; left time: 23077.9827s
	iters: 800, epoch: 17 | loss: 0.1507419
	speed: 0.1221s/iter; left time: 23069.5741s
	iters: 900, epoch: 17 | loss: 0.1568865
	speed: 0.1221s/iter; left time: 23048.3512s
	iters: 1000, epoch: 17 | loss: 0.2102410
	speed: 0.1227s/iter; left time: 23153.5139s
	iters: 1100, epoch: 17 | loss: 0.1473567
	speed: 0.1225s/iter; left time: 23105.3718s
	iters: 1200, epoch: 17 | loss: 0.2456631
	speed: 0.1224s/iter; left time: 23062.5913s
	iters: 1300, epoch: 17 | loss: 0.1233848
	speed: 0.1216s/iter; left time: 22910.6243s
	iters: 1400, epoch: 17 | loss: 0.1313519
	speed: 0.1222s/iter; left time: 23006.6415s
	iters: 1500, epoch: 17 | loss: 0.1565170
	speed: 0.1226s/iter; left time: 23071.0008s
	iters: 1600, epoch: 17 | loss: 0.2153357
	speed: 0.1220s/iter; left time: 22947.9817s
	iters: 1700, epoch: 17 | loss: 0.1649303
	speed: 0.1223s/iter; left time: 22997.0739s
	iters: 1800, epoch: 17 | loss: 0.1535411
	speed: 0.1226s/iter; left time: 23027.4865s
	iters: 1900, epoch: 17 | loss: 0.2180756
	speed: 0.1223s/iter; left time: 22960.4986s
	iters: 2000, epoch: 17 | loss: 0.2201878
	speed: 0.1225s/iter; left time: 22994.6291s
	iters: 2100, epoch: 17 | loss: 0.1959240
	speed: 0.1225s/iter; left time: 22971.5523s
	iters: 2200, epoch: 17 | loss: 0.2076759
	speed: 0.1222s/iter; left time: 22907.0065s
Epoch: 17 cost time: 275.98801374435425
Epoch: 17, Steps: 2258 | Train Loss: 0.1926434 Vali Loss: 0.1798270
EarlyStopping counter: 4 out of 6
Updating learning rate to 7.62939453125e-09
	iters: 100, epoch: 18 | loss: 0.2169514
	speed: 0.2810s/iter; left time: 52639.2434s
	iters: 200, epoch: 18 | loss: 0.1775722
	speed: 0.1223s/iter; left time: 22895.1269s
	iters: 300, epoch: 18 | loss: 0.1630184
	speed: 0.1223s/iter; left time: 22890.8666s
	iters: 400, epoch: 18 | loss: 0.2292833
	speed: 0.1224s/iter; left time: 22894.4220s
	iters: 500, epoch: 18 | loss: 0.1669996
	speed: 0.1228s/iter; left time: 22948.2719s
	iters: 600, epoch: 18 | loss: 0.1492332
	speed: 0.1220s/iter; left time: 22789.8636s
	iters: 700, epoch: 18 | loss: 0.1895608
	speed: 0.1220s/iter; left time: 22775.5001s
	iters: 800, epoch: 18 | loss: 0.1550926
	speed: 0.1224s/iter; left time: 22835.1770s
	iters: 900, epoch: 18 | loss: 0.1901011
	speed: 0.1227s/iter; left time: 22877.7263s
	iters: 1000, epoch: 18 | loss: 0.1953492
	speed: 0.1225s/iter; left time: 22841.0411s
	iters: 1100, epoch: 18 | loss: 0.1962669
	speed: 0.1226s/iter; left time: 22840.2844s
	iters: 1200, epoch: 18 | loss: 0.2113422
	speed: 0.1222s/iter; left time: 22747.6743s
	iters: 1300, epoch: 18 | loss: 0.1811310
	speed: 0.1230s/iter; left time: 22888.6696s
	iters: 1400, epoch: 18 | loss: 0.2371646
	speed: 0.1220s/iter; left time: 22701.1429s
	iters: 1500, epoch: 18 | loss: 0.2509613
	speed: 0.1220s/iter; left time: 22682.7125s
	iters: 1600, epoch: 18 | loss: 0.2118204
	speed: 0.1221s/iter; left time: 22683.8778s
	iters: 1700, epoch: 18 | loss: 0.2196764
	speed: 0.1223s/iter; left time: 22712.7001s
	iters: 1800, epoch: 18 | loss: 0.2198709
	speed: 0.1223s/iter; left time: 22706.4087s
	iters: 1900, epoch: 18 | loss: 0.1906358
	speed: 0.1219s/iter; left time: 22622.4599s
	iters: 2000, epoch: 18 | loss: 0.2113242
	speed: 0.1213s/iter; left time: 22490.8070s
	iters: 2100, epoch: 18 | loss: 0.2261112
	speed: 0.1221s/iter; left time: 22626.7605s
	iters: 2200, epoch: 18 | loss: 0.1618460
	speed: 0.1220s/iter; left time: 22604.6344s
Epoch: 18 cost time: 275.9263300895691
Epoch: 18, Steps: 2258 | Train Loss: 0.1926345 Vali Loss: 0.1798274
EarlyStopping counter: 5 out of 6
Updating learning rate to 3.814697265625e-09
	iters: 100, epoch: 19 | loss: 0.1587347
	speed: 0.2810s/iter; left time: 51995.4368s
	iters: 200, epoch: 19 | loss: 0.2558640
	speed: 0.1226s/iter; left time: 22674.4617s
	iters: 300, epoch: 19 | loss: 0.1787670
	speed: 0.1219s/iter; left time: 22541.0377s
	iters: 400, epoch: 19 | loss: 0.2271557
	speed: 0.1221s/iter; left time: 22554.3451s
	iters: 500, epoch: 19 | loss: 0.1965770
	speed: 0.1222s/iter; left time: 22570.7507s
	iters: 600, epoch: 19 | loss: 0.1405906
	speed: 0.1224s/iter; left time: 22586.7812s
	iters: 700, epoch: 19 | loss: 0.1850052
	speed: 0.1222s/iter; left time: 22532.8653s
	iters: 800, epoch: 19 | loss: 0.2176486
	speed: 0.1224s/iter; left time: 22559.0918s
	iters: 900, epoch: 19 | loss: 0.1976063
	speed: 0.1223s/iter; left time: 22532.0647s
	iters: 1000, epoch: 19 | loss: 0.1554641
	speed: 0.1223s/iter; left time: 22515.8314s
	iters: 1100, epoch: 19 | loss: 0.2167319
	speed: 0.1221s/iter; left time: 22477.9832s
	iters: 1200, epoch: 19 | loss: 0.1809400
	speed: 0.1222s/iter; left time: 22486.8966s
	iters: 1300, epoch: 19 | loss: 0.1606661
	speed: 0.1220s/iter; left time: 22429.3767s
	iters: 1400, epoch: 19 | loss: 0.2233074
	speed: 0.1225s/iter; left time: 22509.1342s
	iters: 1500, epoch: 19 | loss: 0.1760024
	speed: 0.1223s/iter; left time: 22465.1289s
	iters: 1600, epoch: 19 | loss: 0.1989101
	speed: 0.1219s/iter; left time: 22372.3227s
	iters: 1700, epoch: 19 | loss: 0.1695520
	speed: 0.1221s/iter; left time: 22403.4318s
	iters: 1800, epoch: 19 | loss: 0.1888911
	speed: 0.1225s/iter; left time: 22458.3534s
	iters: 1900, epoch: 19 | loss: 0.1764635
	speed: 0.1224s/iter; left time: 22429.9224s
	iters: 2000, epoch: 19 | loss: 0.2435165
	speed: 0.1224s/iter; left time: 22418.2697s
	iters: 2100, epoch: 19 | loss: 0.1633358
	speed: 0.1226s/iter; left time: 22438.6049s
	iters: 2200, epoch: 19 | loss: 0.1448175
	speed: 0.1225s/iter; left time: 22406.6155s
Epoch: 19 cost time: 276.0215346813202
Epoch: 19, Steps: 2258 | Train Loss: 0.1926576 Vali Loss: 0.1798274
EarlyStopping counter: 6 out of 6
Early stopping
VALIDATION_RESULT {"best_epoch": 13, "best_mae": 0.24276615871511098, "best_mse": 0.17982456123106527, "epochs_ran": 19, "metric_version": "element_weighted_v1"}
>>>>>>>testing : long_term_forecast_solar_336_336_sixds_solar_p336_s2021_GraphMambaCMRHM_custom_ftM_sl336_ll48_pl336_dm64_nh8_el1_dl1_df128_expand2_dc2_fc1_ebtimeF_dtTrue_sixds_solar_p336_s2021_0<<<<<<<<<<<<<<<<<<<<<<<<<<<<<<<<<
test 10177
test shape: (10177, 336, 137) (10177, 336, 137)
test shape: (10177, 336, 137) (10177, 336, 137)
mse:0.2414090931415558, mae:0.28297659754753113, dtw:Not calculated

=== FINAL MATRIX solar-720 ===
Command: /home/cwh/Time-Series-Library/.venv/bin/python -u /home/cwh/Time-Series-Library/run.py --task_name long_term_forecast --is_training 1 --root_path /home/cwh/Time-Series-Library/dataset/solar --data_path solar.csv --model_id solar_336_720_sixds_solar_p720_s2021 --model GraphMambaCMRHM --seed 2021 --data custom --features M --target channel_99 --seq_len 336 --label_len 48 --pred_len 720 --enc_in 137 --dec_in 137 --c_out 137 --patch_len 4 --stride 2 --d_model 64 --d_ff 128 --d_state 32 --d_conv 2 --e_layers 1 --expand 2 --mamba_version 1 --mamba_bidirectional 1 --use_graph 1 --use_time_mamba 1 --use_patch 1 --use_decomp 1 --moving_avg 25 --dual_scale_scan_mode auto --periodic_period 24 --periodic_local_patch 4 --periodic_local_stride 2 --periodic_period_stride 12 --periodic_use_adapter 1 --graph_alpha 0.5 --graph_top_k 2 --graph_sample_size 2000 --graph_sample_method uniform --static_graph_mode weighted --graph_cache 1 --dropout 0.1 --batch_size 16 --learning_rate 0.0005 --lradj type1 --train_epochs 100 --patience 6 --num_workers 0 --gpu 0 --des sixds_solar_p720_s2021 --itr 1 --test_after_train 1
Log: /home/cwh/Time-Series-Library/logs/graphmamba_cmrhm_six_dataset_final/logs/sixds_solar_p720_s2021.log
Using GPU
Args in experiment:
[1mBasic Config[0m
  Task Name:          long_term_forecast  Is Training:        1                   
  Model ID:           solar_336_720_sixds_solar_p720_s2021Model:              GraphMambaCMRHM     

[1mData Loader[0m
  Data:               custom              Root Path:          /home/cwh/Time-Series-Library/dataset/solar
  Data Path:          solar.csv           Features:           M                   
  Target:             channel_99          Freq:               h                   
  Checkpoints:        ./checkpoints/      

[1mForecasting Task[0m
  Seq Len:            336                 Label Len:          48                  
  Pred Len:           720                 Seasonal Patterns:  Monthly             
  Inverse:            0                   

[1mModel Parameters[0m
  Top k:              5                   Num Kernels:        6                   
  Enc In:             137                 Dec In:             137                 
  C Out:              137                 d model:            64                  
  n heads:            8                   e layers:           1                   
  d layers:           1                   d FF:               128                 
  Moving Avg:         25                  Factor:             1                   
  Distil:             1                   Dropout:            0.1                 
  Embed:              timeF               Activation:         gelu                

[1mRun Parameters[0m
  Num Workers:        0                   Itr:                1                   
  Train Epochs:       100                 Batch Size:         16                  
  Patience:           6                   Learning Rate:      0.0005              
  Des:                sixds_solar_p720_s2021Loss:               MSE                 
  Lradj:              type1               Use Amp:            0                   

[1mGPU[0m
  Use GPU:            1                   GPU:                0                   
  Use Multi GPU:      0                   Devices:            0,1,2,3             

[1mDe-stationary Projector Params[0m
  P Hidden Dims:      128, 128            P Hidden Layers:    2                   

Use GPU: cuda:0
🚀 Lazy Loading: GraphMambaCMRHM ...
[GraphMamba] Loaded static graph: /home/cwh/Time-Series-Library/dataset/solar/solar_adj_train_custom_M_uniform_2000_seed2021.npy
>>>>>>>start training : long_term_forecast_solar_336_720_sixds_solar_p720_s2021_GraphMambaCMRHM_custom_ftM_sl336_ll48_pl720_dm64_nh8_el1_dl1_df128_expand2_dc2_fc1_ebtimeF_dtTrue_sixds_solar_p720_s2021_0>>>>>>>>>>>>>>>>>>>>>>>>>>
train 35737
val 4537
	iters: 100, epoch: 1 | loss: 0.5649257
	speed: 0.1261s/iter; left time: 28165.8872s
	iters: 200, epoch: 1 | loss: 0.4193153
	speed: 0.1240s/iter; left time: 27674.4258s
	iters: 300, epoch: 1 | loss: 0.2985244
	speed: 0.1248s/iter; left time: 27838.3139s
	iters: 400, epoch: 1 | loss: 0.2503713
	speed: 0.1248s/iter; left time: 27825.5787s
	iters: 500, epoch: 1 | loss: 0.2479163
	speed: 0.1250s/iter; left time: 27862.2604s
	iters: 600, epoch: 1 | loss: 0.2401676
	speed: 0.1251s/iter; left time: 27869.9398s
	iters: 700, epoch: 1 | loss: 0.2524227
	speed: 0.1243s/iter; left time: 27690.3535s
	iters: 800, epoch: 1 | loss: 0.2512908
	speed: 0.1249s/iter; left time: 27804.5064s
	iters: 900, epoch: 1 | loss: 0.2389671
	speed: 0.1250s/iter; left time: 27814.3337s
	iters: 1000, epoch: 1 | loss: 0.2145610
	speed: 0.1251s/iter; left time: 27833.0972s
	iters: 1100, epoch: 1 | loss: 0.2191699
	speed: 0.1248s/iter; left time: 27736.8482s
	iters: 1200, epoch: 1 | loss: 0.2122774
	speed: 0.1251s/iter; left time: 27788.6553s
	iters: 1300, epoch: 1 | loss: 0.2246597
	speed: 0.1249s/iter; left time: 27745.2495s
	iters: 1400, epoch: 1 | loss: 0.2526104
	speed: 0.1251s/iter; left time: 27768.8445s
	iters: 1500, epoch: 1 | loss: 0.2391116
	speed: 0.1250s/iter; left time: 27745.4455s
	iters: 1600, epoch: 1 | loss: 0.2253560
	speed: 0.1248s/iter; left time: 27690.9408s
	iters: 1700, epoch: 1 | loss: 0.2219755
	speed: 0.1249s/iter; left time: 27691.0374s
	iters: 1800, epoch: 1 | loss: 0.1673153
	speed: 0.1252s/iter; left time: 27749.9578s
	iters: 1900, epoch: 1 | loss: 0.1810001
	speed: 0.1252s/iter; left time: 27731.4182s
	iters: 2000, epoch: 1 | loss: 0.2028893
	speed: 0.1247s/iter; left time: 27599.7111s
	iters: 2100, epoch: 1 | loss: 0.2132327
	speed: 0.1250s/iter; left time: 27671.6975s
	iters: 2200, epoch: 1 | loss: 0.1760976
	speed: 0.1253s/iter; left time: 27716.9820s
Epoch: 1 cost time: 279.1570701599121
Epoch: 1, Steps: 2234 | Train Loss: 0.2717167 Vali Loss: 0.1810687
Validation loss decreased (inf --> 0.181069).  Saving model ...
Updating learning rate to 0.0005
	iters: 100, epoch: 2 | loss: 0.2122230
	speed: 0.2538s/iter; left time: 56105.8777s
	iters: 200, epoch: 2 | loss: 0.1679364
	speed: 0.1251s/iter; left time: 27638.6254s
	iters: 300, epoch: 2 | loss: 0.2396773
	speed: 0.1248s/iter; left time: 27566.8146s
	iters: 400, epoch: 2 | loss: 0.1893744
	speed: 0.1249s/iter; left time: 27573.9067s
	iters: 500, epoch: 2 | loss: 0.1727259
	speed: 0.1245s/iter; left time: 27480.1694s
	iters: 600, epoch: 2 | loss: 0.2284620
	speed: 0.1250s/iter; left time: 27581.4903s
	iters: 700, epoch: 2 | loss: 0.1929930
	speed: 0.1247s/iter; left time: 27487.8659s
	iters: 800, epoch: 2 | loss: 0.2663290
	speed: 0.1248s/iter; left time: 27494.5585s
	iters: 900, epoch: 2 | loss: 0.2057260
	speed: 0.1247s/iter; left time: 27473.9839s
	iters: 1000, epoch: 2 | loss: 0.2310299
	speed: 0.1250s/iter; left time: 27526.1998s
	iters: 1100, epoch: 2 | loss: 0.2088636
	speed: 0.1251s/iter; left time: 27528.4613s
	iters: 1200, epoch: 2 | loss: 0.1474162
	speed: 0.1251s/iter; left time: 27522.0614s
	iters: 1300, epoch: 2 | loss: 0.2137705
	speed: 0.1249s/iter; left time: 27453.3345s
	iters: 1400, epoch: 2 | loss: 0.1912209
	speed: 0.1249s/iter; left time: 27443.6838s
	iters: 1500, epoch: 2 | loss: 0.1875976
	speed: 0.1247s/iter; left time: 27401.5653s
	iters: 1600, epoch: 2 | loss: 0.1649297
	speed: 0.1246s/iter; left time: 27352.8286s
	iters: 1700, epoch: 2 | loss: 0.2107202
	speed: 0.1247s/iter; left time: 27369.2334s
	iters: 1800, epoch: 2 | loss: 0.2155226
	speed: 0.1250s/iter; left time: 27423.4942s
	iters: 1900, epoch: 2 | loss: 0.2164605
	speed: 0.1250s/iter; left time: 27409.9182s
	iters: 2000, epoch: 2 | loss: 0.1541992
	speed: 0.1249s/iter; left time: 27369.0711s
	iters: 2100, epoch: 2 | loss: 0.2058228
	speed: 0.1249s/iter; left time: 27366.2834s
	iters: 2200, epoch: 2 | loss: 0.2183992
	speed: 0.1245s/iter; left time: 27266.2535s
Epoch: 2 cost time: 278.81845140457153
Epoch: 2, Steps: 2234 | Train Loss: 0.2088566 Vali Loss: 0.1759104
Validation loss decreased (0.181069 --> 0.175910).  Saving model ...
Updating learning rate to 0.00025
	iters: 100, epoch: 3 | loss: 0.2240395
	speed: 0.2549s/iter; left time: 55773.0949s
	iters: 200, epoch: 3 | loss: 0.1604033
	speed: 0.1248s/iter; left time: 27301.3224s
	iters: 300, epoch: 3 | loss: 0.1884167
	speed: 0.1246s/iter; left time: 27252.5318s
	iters: 400, epoch: 3 | loss: 0.1957478
	speed: 0.1252s/iter; left time: 27367.5274s
	iters: 500, epoch: 3 | loss: 0.2491295
	speed: 0.1249s/iter; left time: 27289.0165s
	iters: 600, epoch: 3 | loss: 0.1801905
	speed: 0.1249s/iter; left time: 27279.5082s
	iters: 700, epoch: 3 | loss: 0.2033719
	speed: 0.1248s/iter; left time: 27235.9400s
	iters: 800, epoch: 3 | loss: 0.1661645
	speed: 0.1246s/iter; left time: 27180.4453s
	iters: 900, epoch: 3 | loss: 0.2546248
	speed: 0.1245s/iter; left time: 27155.7761s
	iters: 1000, epoch: 3 | loss: 0.1641114
	speed: 0.1245s/iter; left time: 27137.9595s
	iters: 1100, epoch: 3 | loss: 0.1830019
	speed: 0.1245s/iter; left time: 27113.1371s
	iters: 1200, epoch: 3 | loss: 0.1904397
	speed: 0.1243s/iter; left time: 27074.2445s
	iters: 1300, epoch: 3 | loss: 0.1985208
	speed: 0.1249s/iter; left time: 27189.4491s
	iters: 1400, epoch: 3 | loss: 0.1866275
	speed: 0.1249s/iter; left time: 27169.3769s
	iters: 1500, epoch: 3 | loss: 0.2450417
	speed: 0.1246s/iter; left time: 27099.9191s
	iters: 1600, epoch: 3 | loss: 0.1887117
	speed: 0.1245s/iter; left time: 27052.8708s
	iters: 1700, epoch: 3 | loss: 0.1550847
	speed: 0.1249s/iter; left time: 27137.1469s
	iters: 1800, epoch: 3 | loss: 0.1848810
	speed: 0.1248s/iter; left time: 27097.3960s
	iters: 1900, epoch: 3 | loss: 0.2251882
	speed: 0.1248s/iter; left time: 27086.5112s
	iters: 2000, epoch: 3 | loss: 0.2448876
	speed: 0.1247s/iter; left time: 27053.4144s
	iters: 2100, epoch: 3 | loss: 0.2030137
	speed: 0.1247s/iter; left time: 27028.8340s
	iters: 2200, epoch: 3 | loss: 0.2378841
	speed: 0.1249s/iter; left time: 27066.9505s
Epoch: 3 cost time: 278.5609142780304
Epoch: 3, Steps: 2234 | Train Loss: 0.2022677 Vali Loss: 0.1722602
Validation loss decreased (0.175910 --> 0.172260).  Saving model ...
Updating learning rate to 0.000125
	iters: 100, epoch: 4 | loss: 0.1825546
	speed: 0.2536s/iter; left time: 54934.1033s
	iters: 200, epoch: 4 | loss: 0.2307819
	speed: 0.1251s/iter; left time: 27089.2960s
	iters: 300, epoch: 4 | loss: 0.1954344
	speed: 0.1248s/iter; left time: 26996.2528s
	iters: 400, epoch: 4 | loss: 0.1922881
	speed: 0.1248s/iter; left time: 26992.0200s
	iters: 500, epoch: 4 | loss: 0.2359593
	speed: 0.1243s/iter; left time: 26881.6208s
	iters: 600, epoch: 4 | loss: 0.2075614
	speed: 0.1246s/iter; left time: 26923.1940s
	iters: 700, epoch: 4 | loss: 0.2906704
	speed: 0.1247s/iter; left time: 26925.0152s
	iters: 800, epoch: 4 | loss: 0.1989475
	speed: 0.1244s/iter; left time: 26848.1246s
	iters: 900, epoch: 4 | loss: 0.1729461
	speed: 0.1244s/iter; left time: 26855.1055s
	iters: 1000, epoch: 4 | loss: 0.1777553
	speed: 0.1247s/iter; left time: 26908.4223s
	iters: 1100, epoch: 4 | loss: 0.1758663
	speed: 0.1250s/iter; left time: 26958.5472s
	iters: 1200, epoch: 4 | loss: 0.2659733
	speed: 0.1247s/iter; left time: 26875.3888s
	iters: 1300, epoch: 4 | loss: 0.2189634
	speed: 0.1247s/iter; left time: 26862.9952s
	iters: 1400, epoch: 4 | loss: 0.2117938
	speed: 0.1245s/iter; left time: 26814.4036s
	iters: 1500, epoch: 4 | loss: 0.2228435
	speed: 0.1245s/iter; left time: 26802.2369s
	iters: 1600, epoch: 4 | loss: 0.2040151
	speed: 0.1243s/iter; left time: 26733.3478s
	iters: 1700, epoch: 4 | loss: 0.2523119
	speed: 0.1248s/iter; left time: 26828.1753s
	iters: 1800, epoch: 4 | loss: 0.1497211
	speed: 0.1246s/iter; left time: 26776.5953s
	iters: 1900, epoch: 4 | loss: 0.2398553
	speed: 0.1248s/iter; left time: 26815.8697s
	iters: 2000, epoch: 4 | loss: 0.1457261
	speed: 0.1248s/iter; left time: 26798.5922s
	iters: 2100, epoch: 4 | loss: 0.1579555
	speed: 0.1248s/iter; left time: 26780.6633s
	iters: 2200, epoch: 4 | loss: 0.1937302
	speed: 0.1245s/iter; left time: 26695.6835s
Epoch: 4 cost time: 278.39888286590576
Epoch: 4, Steps: 2234 | Train Loss: 0.1997035 Vali Loss: 0.1720324
Validation loss decreased (0.172260 --> 0.172032).  Saving model ...
Updating learning rate to 6.25e-05
	iters: 100, epoch: 5 | loss: 0.1847520
	speed: 0.2533s/iter; left time: 54304.4465s
	iters: 200, epoch: 5 | loss: 0.2282143
	speed: 0.1247s/iter; left time: 26726.2595s
	iters: 300, epoch: 5 | loss: 0.2177462
	speed: 0.1246s/iter; left time: 26687.6316s
	iters: 400, epoch: 5 | loss: 0.2355369
	speed: 0.1248s/iter; left time: 26705.9039s
	iters: 500, epoch: 5 | loss: 0.1856094
	speed: 0.1247s/iter; left time: 26676.5572s
	iters: 600, epoch: 5 | loss: 0.1606208
	speed: 0.1245s/iter; left time: 26626.8483s
	iters: 700, epoch: 5 | loss: 0.2203310
	speed: 0.1249s/iter; left time: 26703.8415s
	iters: 800, epoch: 5 | loss: 0.1632003
	speed: 0.1249s/iter; left time: 26689.7620s
	iters: 900, epoch: 5 | loss: 0.2463832
	speed: 0.1247s/iter; left time: 26640.9667s
	iters: 1000, epoch: 5 | loss: 0.2320799
	speed: 0.1250s/iter; left time: 26679.2459s
	iters: 1100, epoch: 5 | loss: 0.1824814
	speed: 0.1244s/iter; left time: 26547.3594s
	iters: 1200, epoch: 5 | loss: 0.1792614
	speed: 0.1246s/iter; left time: 26575.2750s
	iters: 1300, epoch: 5 | loss: 0.1794676
	speed: 0.1247s/iter; left time: 26584.0541s
	iters: 1400, epoch: 5 | loss: 0.1881599
	speed: 0.1248s/iter; left time: 26590.6746s
	iters: 1500, epoch: 5 | loss: 0.2141332
	speed: 0.1245s/iter; left time: 26509.6368s
	iters: 1600, epoch: 5 | loss: 0.2570518
	speed: 0.1248s/iter; left time: 26558.9138s
	iters: 1700, epoch: 5 | loss: 0.1877174
	speed: 0.1247s/iter; left time: 26527.6227s
	iters: 1800, epoch: 5 | loss: 0.2057236
	speed: 0.1247s/iter; left time: 26528.1003s
	iters: 1900, epoch: 5 | loss: 0.2368177
	speed: 0.1296s/iter; left time: 27548.5873s
	iters: 2000, epoch: 5 | loss: 0.1723852
	speed: 0.1247s/iter; left time: 26502.8830s
	iters: 2100, epoch: 5 | loss: 0.2075901
	speed: 0.1250s/iter; left time: 26540.4266s
	iters: 2200, epoch: 5 | loss: 0.2667073
	speed: 0.1242s/iter; left time: 26370.0460s
Epoch: 5 cost time: 278.95576429367065
Epoch: 5, Steps: 2234 | Train Loss: 0.1984160 Vali Loss: 0.1696040
Validation loss decreased (0.172032 --> 0.169604).  Saving model ...
Updating learning rate to 3.125e-05
	iters: 100, epoch: 6 | loss: 0.2287438
	speed: 0.2525s/iter; left time: 53567.7790s
	iters: 200, epoch: 6 | loss: 0.1529154
	speed: 0.1244s/iter; left time: 26367.8342s
	iters: 300, epoch: 6 | loss: 0.1750171
	speed: 0.1246s/iter; left time: 26402.1451s
	iters: 400, epoch: 6 | loss: 0.1452254
	speed: 0.1249s/iter; left time: 26459.6030s
	iters: 500, epoch: 6 | loss: 0.1712080
	speed: 0.1247s/iter; left time: 26408.8337s
	iters: 600, epoch: 6 | loss: 0.1841027
	speed: 0.1249s/iter; left time: 26423.6867s
	iters: 700, epoch: 6 | loss: 0.2196892
	speed: 0.1247s/iter; left time: 26383.7670s
	iters: 800, epoch: 6 | loss: 0.1987414
	speed: 0.1247s/iter; left time: 26369.4084s
	iters: 900, epoch: 6 | loss: 0.1730625
	speed: 0.1248s/iter; left time: 26369.8614s
	iters: 1000, epoch: 6 | loss: 0.2144255
	speed: 0.1249s/iter; left time: 26381.1968s
	iters: 1100, epoch: 6 | loss: 0.1771223
	speed: 0.1246s/iter; left time: 26306.8391s
	iters: 1200, epoch: 6 | loss: 0.1928519
	speed: 0.1246s/iter; left time: 26284.5428s
	iters: 1300, epoch: 6 | loss: 0.1842081
	speed: 0.1251s/iter; left time: 26382.4723s
	iters: 1400, epoch: 6 | loss: 0.1610042
	speed: 0.1248s/iter; left time: 26319.8102s
	iters: 1500, epoch: 6 | loss: 0.1833281
	speed: 0.1249s/iter; left time: 26310.7479s
	iters: 1600, epoch: 6 | loss: 0.2429054
	speed: 0.1243s/iter; left time: 26185.1983s
	iters: 1700, epoch: 6 | loss: 0.2018688
	speed: 0.1247s/iter; left time: 26257.0722s
	iters: 1800, epoch: 6 | loss: 0.1923551
	speed: 0.1247s/iter; left time: 26238.1901s
	iters: 1900, epoch: 6 | loss: 0.2311900
	speed: 0.1251s/iter; left time: 26307.2620s
	iters: 2000, epoch: 6 | loss: 0.1485862
	speed: 0.1244s/iter; left time: 26150.2339s
	iters: 2100, epoch: 6 | loss: 0.1788064
	speed: 0.1240s/iter; left time: 26046.1572s
	iters: 2200, epoch: 6 | loss: 0.1492048
	speed: 0.1249s/iter; left time: 26225.2565s
Epoch: 6 cost time: 278.45762944221497
Epoch: 6, Steps: 2234 | Train Loss: 0.1976206 Vali Loss: 0.1684341
Validation loss decreased (0.169604 --> 0.168434).  Saving model ...
Updating learning rate to 1.5625e-05
	iters: 100, epoch: 7 | loss: 0.1717847
	speed: 0.2528s/iter; left time: 53064.2530s
	iters: 200, epoch: 7 | loss: 0.2419175
	speed: 0.1244s/iter; left time: 26102.8790s
	iters: 300, epoch: 7 | loss: 0.1987088
	speed: 0.1247s/iter; left time: 26144.7253s
	iters: 400, epoch: 7 | loss: 0.1894574
	speed: 0.1246s/iter; left time: 26125.4568s
	iters: 500, epoch: 7 | loss: 0.2666183
	speed: 0.1248s/iter; left time: 26142.6248s
	iters: 600, epoch: 7 | loss: 0.1886696
	speed: 0.1247s/iter; left time: 26118.6605s
	iters: 700, epoch: 7 | loss: 0.1619665
	speed: 0.1243s/iter; left time: 26012.9755s
	iters: 800, epoch: 7 | loss: 0.2333817
	speed: 0.1249s/iter; left time: 26131.0216s
	iters: 900, epoch: 7 | loss: 0.2552115
	speed: 0.1249s/iter; left time: 26115.3349s
	iters: 1000, epoch: 7 | loss: 0.2049664
	speed: 0.1246s/iter; left time: 26046.5568s
	iters: 1100, epoch: 7 | loss: 0.2164371
	speed: 0.1245s/iter; left time: 26016.0478s
	iters: 1200, epoch: 7 | loss: 0.1884911
	speed: 0.1245s/iter; left time: 26000.1440s
	iters: 1300, epoch: 7 | loss: 0.1877845
	speed: 0.1249s/iter; left time: 26069.4667s
	iters: 1400, epoch: 7 | loss: 0.2335930
	speed: 0.1250s/iter; left time: 26074.0521s
	iters: 1500, epoch: 7 | loss: 0.1976529
	speed: 0.1248s/iter; left time: 26020.8869s
	iters: 1600, epoch: 7 | loss: 0.1917575
	speed: 0.1244s/iter; left time: 25916.9343s
	iters: 1700, epoch: 7 | loss: 0.1682017
	speed: 0.1244s/iter; left time: 25910.6064s
	iters: 1800, epoch: 7 | loss: 0.1696744
	speed: 0.1246s/iter; left time: 25948.9796s
	iters: 1900, epoch: 7 | loss: 0.1462297
	speed: 0.1245s/iter; left time: 25902.3635s
	iters: 2000, epoch: 7 | loss: 0.1992550
	speed: 0.1245s/iter; left time: 25893.3325s
	iters: 2100, epoch: 7 | loss: 0.2390326
	speed: 0.1246s/iter; left time: 25900.5269s
	iters: 2200, epoch: 7 | loss: 0.1763849
	speed: 0.1248s/iter; left time: 25927.1611s
Epoch: 7 cost time: 278.3190670013428
Epoch: 7, Steps: 2234 | Train Loss: 0.1971776 Vali Loss: 0.1689799
EarlyStopping counter: 1 out of 6
Updating learning rate to 7.8125e-06
	iters: 100, epoch: 8 | loss: 0.1923557
	speed: 0.2536s/iter; left time: 52662.3068s
	iters: 200, epoch: 8 | loss: 0.2184484
	speed: 0.1243s/iter; left time: 25809.0293s
	iters: 300, epoch: 8 | loss: 0.2048060
	speed: 0.1241s/iter; left time: 25745.7331s
	iters: 400, epoch: 8 | loss: 0.1805399
	speed: 0.1243s/iter; left time: 25767.8136s
	iters: 500, epoch: 8 | loss: 0.2435223
	speed: 0.1244s/iter; left time: 25789.6162s
	iters: 600, epoch: 8 | loss: 0.2039893
	speed: 0.1236s/iter; left time: 25596.2442s
	iters: 700, epoch: 8 | loss: 0.1386794
	speed: 0.1238s/iter; left time: 25630.0400s
	iters: 800, epoch: 8 | loss: 0.1914303
	speed: 0.1246s/iter; left time: 25777.9816s
	iters: 900, epoch: 8 | loss: 0.1535283
	speed: 0.1245s/iter; left time: 25755.6628s
	iters: 1000, epoch: 8 | loss: 0.1793349
	speed: 0.1249s/iter; left time: 25820.9355s
	iters: 1100, epoch: 8 | loss: 0.2323280
	speed: 0.1243s/iter; left time: 25684.3959s
	iters: 1200, epoch: 8 | loss: 0.1981614
	speed: 0.1248s/iter; left time: 25770.0534s
	iters: 1300, epoch: 8 | loss: 0.1443707
	speed: 0.1240s/iter; left time: 25597.1848s
	iters: 1400, epoch: 8 | loss: 0.2542937
	speed: 0.1248s/iter; left time: 25751.8751s
	iters: 1500, epoch: 8 | loss: 0.1744544
	speed: 0.1246s/iter; left time: 25705.4203s
	iters: 1600, epoch: 8 | loss: 0.2154653
	speed: 0.1248s/iter; left time: 25732.5060s
	iters: 1700, epoch: 8 | loss: 0.1739595
	speed: 0.1247s/iter; left time: 25702.4774s
	iters: 1800, epoch: 8 | loss: 0.2004513
	speed: 0.1246s/iter; left time: 25669.1207s
	iters: 1900, epoch: 8 | loss: 0.1917443
	speed: 0.1247s/iter; left time: 25668.0221s
	iters: 2000, epoch: 8 | loss: 0.2218326
	speed: 0.1247s/iter; left time: 25653.4711s
	iters: 2100, epoch: 8 | loss: 0.1645997
	speed: 0.1241s/iter; left time: 25531.8532s
	iters: 2200, epoch: 8 | loss: 0.1996879
	speed: 0.1244s/iter; left time: 25578.6135s
Epoch: 8 cost time: 277.90996742248535
Epoch: 8, Steps: 2234 | Train Loss: 0.1969330 Vali Loss: 0.1692415
EarlyStopping counter: 2 out of 6
Updating learning rate to 3.90625e-06
	iters: 100, epoch: 9 | loss: 0.2017932
	speed: 0.2537s/iter; left time: 52120.6397s
	iters: 200, epoch: 9 | loss: 0.2206450
	speed: 0.1245s/iter; left time: 25571.8239s
	iters: 300, epoch: 9 | loss: 0.2214142
	speed: 0.1248s/iter; left time: 25605.6311s
	iters: 400, epoch: 9 | loss: 0.1849576
	speed: 0.1245s/iter; left time: 25535.0716s
	iters: 500, epoch: 9 | loss: 0.2281691
	speed: 0.1246s/iter; left time: 25537.1444s
	iters: 600, epoch: 9 | loss: 0.2341600
	speed: 0.1239s/iter; left time: 25393.4609s
	iters: 700, epoch: 9 | loss: 0.2387985
	speed: 0.1242s/iter; left time: 25439.4826s
	iters: 800, epoch: 9 | loss: 0.2135037
	speed: 0.1241s/iter; left time: 25416.6299s
	iters: 900, epoch: 9 | loss: 0.1872016
	speed: 0.1244s/iter; left time: 25446.2956s
	iters: 1000, epoch: 9 | loss: 0.2462006
	speed: 0.1247s/iter; left time: 25510.5473s
	iters: 1100, epoch: 9 | loss: 0.1671799
	speed: 0.1243s/iter; left time: 25409.2308s
	iters: 1200, epoch: 9 | loss: 0.1839910
	speed: 0.1244s/iter; left time: 25420.1042s
	iters: 1300, epoch: 9 | loss: 0.2205071
	speed: 0.1247s/iter; left time: 25469.5694s
	iters: 1400, epoch: 9 | loss: 0.1948179
	speed: 0.1247s/iter; left time: 25455.8918s
	iters: 1500, epoch: 9 | loss: 0.1923075
	speed: 0.1246s/iter; left time: 25413.9473s
	iters: 1600, epoch: 9 | loss: 0.2060852
	speed: 0.1245s/iter; left time: 25391.0796s
	iters: 1700, epoch: 9 | loss: 0.2442429
	speed: 0.1245s/iter; left time: 25373.7758s
	iters: 1800, epoch: 9 | loss: 0.1706219
	speed: 0.1248s/iter; left time: 25429.5128s
	iters: 1900, epoch: 9 | loss: 0.2220736
	speed: 0.1246s/iter; left time: 25366.4593s
	iters: 2000, epoch: 9 | loss: 0.1466959
	speed: 0.1252s/iter; left time: 25481.9623s
	iters: 2100, epoch: 9 | loss: 0.1521946
	speed: 0.1249s/iter; left time: 25403.6716s
	iters: 2200, epoch: 9 | loss: 0.1926110
	speed: 0.1248s/iter; left time: 25383.3451s
Epoch: 9 cost time: 278.1694219112396
Epoch: 9, Steps: 2234 | Train Loss: 0.1968121 Vali Loss: 0.1688086
EarlyStopping counter: 3 out of 6
Updating learning rate to 1.953125e-06
	iters: 100, epoch: 10 | loss: 0.1925986
	speed: 0.2533s/iter; left time: 51477.7858s
	iters: 200, epoch: 10 | loss: 0.2289253
	speed: 0.1250s/iter; left time: 25395.9434s
	iters: 300, epoch: 10 | loss: 0.1569579
	speed: 0.1248s/iter; left time: 25341.6271s
	iters: 400, epoch: 10 | loss: 0.1973699
	speed: 0.1249s/iter; left time: 25339.9137s
	iters: 500, epoch: 10 | loss: 0.2023972
	speed: 0.1247s/iter; left time: 25280.6333s
	iters: 600, epoch: 10 | loss: 0.1959280
	speed: 0.1243s/iter; left time: 25198.1405s
	iters: 700, epoch: 10 | loss: 0.1837121
	speed: 0.1245s/iter; left time: 25213.8079s
	iters: 800, epoch: 10 | loss: 0.1970774
	speed: 0.1247s/iter; left time: 25258.1072s
	iters: 900, epoch: 10 | loss: 0.1878111
	speed: 0.1245s/iter; left time: 25202.5847s
	iters: 1000, epoch: 10 | loss: 0.2418057
	speed: 0.1247s/iter; left time: 25223.8652s
	iters: 1100, epoch: 10 | loss: 0.2157003
	speed: 0.1246s/iter; left time: 25185.2199s
	iters: 1200, epoch: 10 | loss: 0.2409663
	speed: 0.1244s/iter; left time: 25140.3131s
	iters: 1300, epoch: 10 | loss: 0.2046207
	speed: 0.1249s/iter; left time: 25230.8279s
	iters: 1400, epoch: 10 | loss: 0.1696681
	speed: 0.1246s/iter; left time: 25156.0863s
	iters: 1500, epoch: 10 | loss: 0.1716772
	speed: 0.1249s/iter; left time: 25206.6107s
	iters: 1600, epoch: 10 | loss: 0.1917301
	speed: 0.1244s/iter; left time: 25081.8787s
	iters: 1700, epoch: 10 | loss: 0.1750633
	speed: 0.1244s/iter; left time: 25083.8157s
	iters: 1800, epoch: 10 | loss: 0.2012721
	speed: 0.1245s/iter; left time: 25083.4436s
	iters: 1900, epoch: 10 | loss: 0.1721565
	speed: 0.1249s/iter; left time: 25144.2472s
	iters: 2000, epoch: 10 | loss: 0.1977270
	speed: 0.1248s/iter; left time: 25128.9704s
	iters: 2100, epoch: 10 | loss: 0.2152602
	speed: 0.1249s/iter; left time: 25138.0563s
	iters: 2200, epoch: 10 | loss: 0.1862657
	speed: 0.1241s/iter; left time: 24949.1755s
Epoch: 10 cost time: 278.3177502155304
Epoch: 10, Steps: 2234 | Train Loss: 0.1967514 Vali Loss: 0.1687913
EarlyStopping counter: 4 out of 6
Updating learning rate to 9.765625e-07
	iters: 100, epoch: 11 | loss: 0.2452279
	speed: 0.2513s/iter; left time: 50495.1180s
	iters: 200, epoch: 11 | loss: 0.1968071
	speed: 0.1235s/iter; left time: 24796.9389s
	iters: 300, epoch: 11 | loss: 0.1801609
	speed: 0.1235s/iter; left time: 24797.4248s
	iters: 400, epoch: 11 | loss: 0.1662247
	speed: 0.1234s/iter; left time: 24766.8771s
	iters: 500, epoch: 11 | loss: 0.2429267
	speed: 0.1240s/iter; left time: 24879.3476s
	iters: 600, epoch: 11 | loss: 0.1696007
	speed: 0.1250s/iter; left time: 25060.7048s
	iters: 700, epoch: 11 | loss: 0.1990370
	speed: 0.1248s/iter; left time: 24998.4248s
	iters: 800, epoch: 11 | loss: 0.1942831
	speed: 0.1250s/iter; left time: 25029.1219s
	iters: 900, epoch: 11 | loss: 0.1536211
	speed: 0.1251s/iter; left time: 25039.4434s
	iters: 1000, epoch: 11 | loss: 0.1731973
	speed: 0.1247s/iter; left time: 24951.4045s
	iters: 1100, epoch: 11 | loss: 0.2576890
	speed: 0.1249s/iter; left time: 24977.7200s
	iters: 1200, epoch: 11 | loss: 0.2601241
	speed: 0.1248s/iter; left time: 24947.3664s
	iters: 1300, epoch: 11 | loss: 0.1752589
	speed: 0.1250s/iter; left time: 24976.9947s
	iters: 1400, epoch: 11 | loss: 0.2128198
	speed: 0.1250s/iter; left time: 24963.3640s
	iters: 1500, epoch: 11 | loss: 0.1611069
	speed: 0.1247s/iter; left time: 24890.0551s
	iters: 1600, epoch: 11 | loss: 0.2464419
	speed: 0.1247s/iter; left time: 24880.9330s
	iters: 1700, epoch: 11 | loss: 0.1927223
	speed: 0.1246s/iter; left time: 24846.6073s
	iters: 1800, epoch: 11 | loss: 0.1568122
	speed: 0.1248s/iter; left time: 24859.1607s
	iters: 1900, epoch: 11 | loss: 0.2240939
	speed: 0.1250s/iter; left time: 24892.4987s
	iters: 2000, epoch: 11 | loss: 0.2136015
	speed: 0.1254s/iter; left time: 24958.6642s
	iters: 2100, epoch: 11 | loss: 0.1800153
	speed: 0.1249s/iter; left time: 24859.8466s
	iters: 2200, epoch: 11 | loss: 0.1958299
	speed: 0.1248s/iter; left time: 24827.5026s
Epoch: 11 cost time: 278.2620966434479
Epoch: 11, Steps: 2234 | Train Loss: 0.1967103 Vali Loss: 0.1689646
EarlyStopping counter: 5 out of 6
Updating learning rate to 4.8828125e-07
	iters: 100, epoch: 12 | loss: 0.2402379
	speed: 0.2531s/iter; left time: 50299.8750s
	iters: 200, epoch: 12 | loss: 0.1929978
	speed: 0.1250s/iter; left time: 24833.7627s
	iters: 300, epoch: 12 | loss: 0.2153831
	speed: 0.1248s/iter; left time: 24782.6315s
	iters: 400, epoch: 12 | loss: 0.2674851
	speed: 0.1249s/iter; left time: 24783.0550s
	iters: 500, epoch: 12 | loss: 0.1784803
	speed: 0.1244s/iter; left time: 24667.1693s
	iters: 600, epoch: 12 | loss: 0.2270783
	speed: 0.1252s/iter; left time: 24824.7707s
	iters: 700, epoch: 12 | loss: 0.1796069
	speed: 0.1252s/iter; left time: 24808.2628s
	iters: 800, epoch: 12 | loss: 0.2140613
	speed: 0.1248s/iter; left time: 24706.2254s
	iters: 900, epoch: 12 | loss: 0.1979734
	speed: 0.1246s/iter; left time: 24661.4410s
	iters: 1000, epoch: 12 | loss: 0.2377315
	speed: 0.1249s/iter; left time: 24703.1612s
	iters: 1100, epoch: 12 | loss: 0.1981535
	speed: 0.1247s/iter; left time: 24650.5949s
	iters: 1200, epoch: 12 | loss: 0.2098313
	speed: 0.1245s/iter; left time: 24610.5008s
	iters: 1300, epoch: 12 | loss: 0.1621874
	speed: 0.1251s/iter; left time: 24706.0468s
	iters: 1400, epoch: 12 | loss: 0.1640905
	speed: 0.1246s/iter; left time: 24607.8397s
	iters: 1500, epoch: 12 | loss: 0.1786018
	speed: 0.1248s/iter; left time: 24626.3729s
	iters: 1600, epoch: 12 | loss: 0.2103754
	speed: 0.1245s/iter; left time: 24559.8349s
	iters: 1700, epoch: 12 | loss: 0.1796397
	speed: 0.1248s/iter; left time: 24598.0742s
	iters: 1800, epoch: 12 | loss: 0.1792282
	speed: 0.1251s/iter; left time: 24647.8287s
	iters: 1900, epoch: 12 | loss: 0.2276888
	speed: 0.1248s/iter; left time: 24581.1415s
	iters: 2000, epoch: 12 | loss: 0.1744850
	speed: 0.1247s/iter; left time: 24551.4158s
	iters: 2100, epoch: 12 | loss: 0.2555151
	speed: 0.1243s/iter; left time: 24446.6176s
	iters: 2200, epoch: 12 | loss: 0.1807236
	speed: 0.1245s/iter; left time: 24488.6781s
Epoch: 12 cost time: 278.63057494163513
Epoch: 12, Steps: 2234 | Train Loss: 0.1967023 Vali Loss: 0.1689464
EarlyStopping counter: 6 out of 6
Early stopping
VALIDATION_RESULT {"best_epoch": 6, "best_mae": 0.2373832850454745, "best_mse": 0.16843405258898136, "epochs_ran": 12, "metric_version": "element_weighted_v1"}
>>>>>>>testing : long_term_forecast_solar_336_720_sixds_solar_p720_s2021_GraphMambaCMRHM_custom_ftM_sl336_ll48_pl720_dm64_nh8_el1_dl1_df128_expand2_dc2_fc1_ebtimeF_dtTrue_sixds_solar_p720_s2021_0<<<<<<<<<<<<<<<<<<<<<<<<<<<<<<<<<
test 9793
test shape: (9793, 720, 137) (9793, 720, 137)
test shape: (9793, 720, 137) (9793, 720, 137)
mse:0.2376740425825119, mae:0.28287652134895325, dtw:Not calculated
Matrix finished: 24/24 records; failures=0
