dataset,horizon,origin,phase,step,series,value
ETTm1,96,1065,observed_context,-96,Observed history,10.621999740600586
ETTm1,96,1065,observed_context,-95,Observed history,11.114999771118164
ETTm1,96,1065,observed_context,-94,Observed history,11.536999702453613
ETTm1,96,1065,observed_context,-93,Observed history,11.678000450134277
ETTm1,96,1065,observed_context,-92,Observed history,11.536999702453613
ETTm1,96,1065,observed_context,-91,Observed history,11.536999702453613
ETTm1,96,1065,observed_context,-90,Observed history,11.326000213623047
ETTm1,96,1065,observed_context,-89,Observed history,11.114999771118164
ETTm1,96,1065,observed_context,-88,Observed history,10.904000282287598
ETTm1,96,1065,observed_context,-87,Observed history,10.270999908447266
ETTm1,96,1065,observed_context,-86,Observed history,10.0600004196167
ETTm1,96,1065,observed_context,-85,Observed history,10.482000350952148
ETTm1,96,1065,observed_context,-84,Observed history,10.833000183105469
ETTm1,96,1065,observed_context,-83,Observed history,10.762999534606934
ETTm1,96,1065,observed_context,-82,Observed history,10.621999740600586
ETTm1,96,1065,observed_context,-81,Observed history,10.621999740600586
ETTm1,96,1065,observed_context,-80,Observed history,10.482000350952148
ETTm1,96,1065,observed_context,-79,Observed history,10.552000045776367
ETTm1,96,1065,observed_context,-78,Observed history,10.904000282287598
ETTm1,96,1065,observed_context,-77,Observed history,10.973999977111816
ETTm1,96,1065,observed_context,-76,Observed history,10.904000282287598
ETTm1,96,1065,observed_context,-75,Observed history,10.973999977111816
ETTm1,96,1065,observed_context,-74,Observed history,10.833000183105469
ETTm1,96,1065,observed_context,-73,Observed history,11.043999671936035
ETTm1,96,1065,observed_context,-72,Observed history,11.395999908447266
ETTm1,96,1065,observed_context,-71,Observed history,11.678000450134277
ETTm1,96,1065,observed_context,-70,Observed history,11.114999771118164
ETTm1,96,1065,observed_context,-69,Observed history,10.973999977111816
ETTm1,96,1065,observed_context,-68,Observed history,10.621999740600586
ETTm1,96,1065,observed_context,-67,Observed history,11.043999671936035
ETTm1,96,1065,observed_context,-66,Observed history,11.958999633789062
ETTm1,96,1065,observed_context,-65,Observed history,10.270999908447266
ETTm1,96,1065,observed_context,-64,Observed history,10.130000114440918
ETTm1,96,1065,observed_context,-63,Observed history,9.98900032043457
ETTm1,96,1065,observed_context,-62,Observed history,10.0600004196167
ETTm1,96,1065,observed_context,-61,Observed history,10.762999534606934
ETTm1,96,1065,observed_context,-60,Observed history,11.043999671936035
ETTm1,96,1065,observed_context,-59,Observed history,10.973999977111816
ETTm1,96,1065,observed_context,-58,Observed history,10.762999534606934
ETTm1,96,1065,observed_context,-57,Observed history,10.973999977111816
ETTm1,96,1065,observed_context,-56,Observed history,10.973999977111816
ETTm1,96,1065,observed_context,-55,Observed history,11.043999671936035
ETTm1,96,1065,observed_context,-54,Observed history,11.607000350952148
ETTm1,96,1065,observed_context,-53,Observed history,11.958999633789062
ETTm1,96,1065,observed_context,-52,Observed history,12.380999565124512
ETTm1,96,1065,observed_context,-51,Observed history,11.536999702453613
ETTm1,96,1065,observed_context,-50,Observed history,11.536999702453613
ETTm1,96,1065,observed_context,-49,Observed history,11.326000213623047
ETTm1,96,1065,observed_context,-48,Observed history,11.467000007629395
ETTm1,96,1065,observed_context,-47,Observed history,11.395999908447266
ETTm1,96,1065,observed_context,-46,Observed history,11.1850004196167
ETTm1,96,1065,observed_context,-45,Observed history,10.270999908447266
ETTm1,96,1065,observed_context,-44,Observed history,10.340999603271484
ETTm1,96,1065,observed_context,-43,Observed history,10.130000114440918
ETTm1,96,1065,observed_context,-42,Observed history,10.270999908447266
ETTm1,96,1065,observed_context,-41,Observed history,10.130000114440918
ETTm1,96,1065,observed_context,-40,Observed history,10.199999809265137
ETTm1,96,1065,observed_context,-39,Observed history,9.918999671936035
ETTm1,96,1065,observed_context,-38,Observed history,10.270999908447266
ETTm1,96,1065,observed_context,-37,Observed history,10.340999603271484
ETTm1,96,1065,observed_context,-36,Observed history,10.130000114440918
ETTm1,96,1065,observed_context,-35,Observed history,9.425999641418457
ETTm1,96,1065,observed_context,-34,Observed history,9.355999946594238
ETTm1,96,1065,observed_context,-33,Observed history,9.21500015258789
ETTm1,96,1065,observed_context,-32,Observed history,9.28600025177002
ETTm1,96,1065,observed_context,-31,Observed history,9.145000457763672
ETTm1,96,1065,observed_context,-30,Observed history,9.003999710083008
ETTm1,96,1065,observed_context,-29,Observed history,8.793000221252441
ETTm1,96,1065,observed_context,-28,Observed history,8.51200008392334
ETTm1,96,1065,observed_context,-27,Observed history,8.86400032043457
ETTm1,96,1065,observed_context,-26,Observed history,8.652999877929688
ETTm1,96,1065,observed_context,-25,Observed history,8.51200008392334
ETTm1,96,1065,observed_context,-24,Observed history,8.15999984741211
ETTm1,96,1065,observed_context,-23,Observed history,8.020000457763672
ETTm1,96,1065,observed_context,-22,Observed history,7.809000015258789
ETTm1,96,1065,observed_context,-21,Observed history,7.878999710083008
ETTm1,96,1065,observed_context,-20,Observed history,7.878999710083008
ETTm1,96,1065,observed_context,-19,Observed history,7.878999710083008
ETTm1,96,1065,observed_context,-18,Observed history,7.73799991607666
ETTm1,96,1065,observed_context,-17,Observed history,7.668000221252441
ETTm1,96,1065,observed_context,-16,Observed history,7.526999473571777
ETTm1,96,1065,observed_context,-15,Observed history,7.73799991607666
ETTm1,96,1065,observed_context,-14,Observed history,7.597001075744629
ETTm1,96,1065,observed_context,-13,Observed history,7.73799991607666
ETTm1,96,1065,observed_context,-12,Observed history,7.315999984741211
ETTm1,96,1065,observed_context,-11,Observed history,7.1050004959106445
ETTm1,96,1065,observed_context,-10,Observed history,7.17500114440918
ETTm1,96,1065,observed_context,-9,Observed history,7.597001075744629
ETTm1,96,1065,observed_context,-8,Observed history,7.456999778747559
ETTm1,96,1065,observed_context,-7,Observed history,6.9639997482299805
ETTm1,96,1065,observed_context,-6,Observed history,6.894000053405762
ETTm1,96,1065,observed_context,-5,Observed history,7.034999847412109
ETTm1,96,1065,observed_context,-4,Observed history,6.9639997482299805
ETTm1,96,1065,observed_context,-3,Observed history,6.9639997482299805
ETTm1,96,1065,observed_context,-2,Observed history,7.034999847412109
ETTm1,96,1065,observed_context,-1,Observed history,7.315999984741211
ETTm1,96,1065,forecast,0,Ground truth,7.246000289916992
ETTm1,96,1065,forecast,1,Ground truth,7.034999847412109
ETTm1,96,1065,forecast,2,Ground truth,7.034999847412109
ETTm1,96,1065,forecast,3,Ground truth,6.613000869750977
ETTm1,96,1065,forecast,4,Ground truth,6.261000633239746
ETTm1,96,1065,forecast,5,Ground truth,6.752999305725098
ETTm1,96,1065,forecast,6,Ground truth,6.683000564575195
ETTm1,96,1065,forecast,7,Ground truth,6.613000869750977
ETTm1,96,1065,forecast,8,Ground truth,6.894000053405762
ETTm1,96,1065,forecast,9,Ground truth,6.824000358581543
ETTm1,96,1065,forecast,10,Ground truth,6.824000358581543
ETTm1,96,1065,forecast,11,Ground truth,6.4720001220703125
ETTm1,96,1065,forecast,12,Ground truth,6.541999816894531
ETTm1,96,1065,forecast,13,Ground truth,6.402000427246094
ETTm1,96,1065,forecast,14,Ground truth,5.909000396728516
ETTm1,96,1065,forecast,15,Ground truth,6.119999885559082
ETTm1,96,1065,forecast,16,Ground truth,5.909000396728516
ETTm1,96,1065,forecast,17,Ground truth,5.839000701904297
ETTm1,96,1065,forecast,18,Ground truth,5.697999954223633
ETTm1,96,1065,forecast,19,Ground truth,5.627999305725098
ETTm1,96,1065,forecast,20,Ground truth,5.697999954223633
ETTm1,96,1065,forecast,21,Ground truth,5.909000396728516
ETTm1,96,1065,forecast,22,Ground truth,5.557000160217285
ETTm1,96,1065,forecast,23,Ground truth,5.627999305725098
ETTm1,96,1065,forecast,24,Ground truth,5.697999954223633
ETTm1,96,1065,forecast,25,Ground truth,5.697999954223633
ETTm1,96,1065,forecast,26,Ground truth,5.767999649047852
ETTm1,96,1065,forecast,27,Ground truth,5.627999305725098
ETTm1,96,1065,forecast,28,Ground truth,6.119999885559082
ETTm1,96,1065,forecast,29,Ground truth,5.909000396728516
ETTm1,96,1065,forecast,30,Ground truth,6.261000633239746
ETTm1,96,1065,forecast,31,Ground truth,6.261000633239746
ETTm1,96,1065,forecast,32,Ground truth,6.613000869750977
ETTm1,96,1065,forecast,33,Ground truth,7.1050004959106445
ETTm1,96,1065,forecast,34,Ground truth,6.613000869750977
ETTm1,96,1065,forecast,35,Ground truth,6.752999305725098
ETTm1,96,1065,forecast,36,Ground truth,7.1050004959106445
ETTm1,96,1065,forecast,37,Ground truth,7.17500114440918
ETTm1,96,1065,forecast,38,Ground truth,7.1050004959106445
ETTm1,96,1065,forecast,39,Ground truth,6.824000358581543
ETTm1,96,1065,forecast,40,Ground truth,7.597001075744629
ETTm1,96,1065,forecast,41,Ground truth,7.809000015258789
ETTm1,96,1065,forecast,42,Ground truth,8.581999778747559
ETTm1,96,1065,forecast,43,Ground truth,9.567000389099121
ETTm1,96,1065,forecast,44,Ground truth,9.708000183105469
ETTm1,96,1065,forecast,45,Ground truth,9.355999946594238
ETTm1,96,1065,forecast,46,Ground truth,9.567000389099121
ETTm1,96,1065,forecast,47,Ground truth,9.567000389099121
ETTm1,96,1065,forecast,48,Ground truth,9.496999740600586
ETTm1,96,1065,forecast,49,Ground truth,8.793000221252441
ETTm1,96,1065,forecast,50,Ground truth,8.652999877929688
ETTm1,96,1065,forecast,51,Ground truth,8.652999877929688
ETTm1,96,1065,forecast,52,Ground truth,9.21500015258789
ETTm1,96,1065,forecast,53,Ground truth,9.145000457763672
ETTm1,96,1065,forecast,54,Ground truth,9.355999946594238
ETTm1,96,1065,forecast,55,Ground truth,9.355999946594238
ETTm1,96,1065,forecast,56,Ground truth,9.145000457763672
ETTm1,96,1065,forecast,57,Ground truth,9.21500015258789
ETTm1,96,1065,forecast,58,Ground truth,9.637999534606934
ETTm1,96,1065,forecast,59,Ground truth,9.637999534606934
ETTm1,96,1065,forecast,60,Ground truth,9.21500015258789
ETTm1,96,1065,forecast,61,Ground truth,8.722999572753906
ETTm1,96,1065,forecast,62,Ground truth,8.581999778747559
ETTm1,96,1065,forecast,63,Ground truth,8.230999946594238
ETTm1,96,1065,forecast,64,Ground truth,8.300999641418457
ETTm1,96,1065,forecast,65,Ground truth,8.371000289916992
ETTm1,96,1065,forecast,66,Ground truth,8.371000289916992
ETTm1,96,1065,forecast,67,Ground truth,8.300999641418457
ETTm1,96,1065,forecast,68,Ground truth,8.442000389099121
ETTm1,96,1065,forecast,69,Ground truth,8.581999778747559
ETTm1,96,1065,forecast,70,Ground truth,8.652999877929688
ETTm1,96,1065,forecast,71,Ground truth,8.722999572753906
ETTm1,96,1065,forecast,72,Ground truth,8.86400032043457
ETTm1,96,1065,forecast,73,Ground truth,8.722999572753906
ETTm1,96,1065,forecast,74,Ground truth,8.722999572753906
ETTm1,96,1065,forecast,75,Ground truth,9.003999710083008
ETTm1,96,1065,forecast,76,Ground truth,8.86400032043457
ETTm1,96,1065,forecast,77,Ground truth,8.230999946594238
ETTm1,96,1065,forecast,78,Ground truth,7.878999710083008
ETTm1,96,1065,forecast,79,Ground truth,7.948999404907227
ETTm1,96,1065,forecast,80,Ground truth,7.948999404907227
ETTm1,96,1065,forecast,81,Ground truth,7.668000221252441
ETTm1,96,1065,forecast,82,Ground truth,7.668000221252441
ETTm1,96,1065,forecast,83,Ground truth,7.456999778747559
ETTm1,96,1065,forecast,84,Ground truth,7.386000633239746
ETTm1,96,1065,forecast,85,Ground truth,7.386000633239746
ETTm1,96,1065,forecast,86,Ground truth,7.17500114440918
ETTm1,96,1065,forecast,87,Ground truth,7.315999984741211
ETTm1,96,1065,forecast,88,Ground truth,6.824000358581543
ETTm1,96,1065,forecast,89,Ground truth,6.824000358581543
ETTm1,96,1065,forecast,90,Ground truth,6.894000053405762
ETTm1,96,1065,forecast,91,Ground truth,6.541999816894531
ETTm1,96,1065,forecast,92,Ground truth,6.331000328063965
ETTm1,96,1065,forecast,93,Ground truth,6.541999816894531
ETTm1,96,1065,forecast,94,Ground truth,6.824000358581543
ETTm1,96,1065,forecast,95,Ground truth,6.402000427246094
ETTm1,96,1065,forecast,0,TimeRole,7.4648332595825195
ETTm1,96,1065,forecast,1,TimeRole,7.581995964050293
ETTm1,96,1065,forecast,2,TimeRole,7.72667121887207
ETTm1,96,1065,forecast,3,TimeRole,7.8721160888671875
ETTm1,96,1065,forecast,4,TimeRole,7.984938621520996
ETTm1,96,1065,forecast,5,TimeRole,8.061375617980957
ETTm1,96,1065,forecast,6,TimeRole,8.111814498901367
ETTm1,96,1065,forecast,7,TimeRole,8.272671699523926
ETTm1,96,1065,forecast,8,TimeRole,8.223592758178711
ETTm1,96,1065,forecast,9,TimeRole,8.390656471252441
ETTm1,96,1065,forecast,10,TimeRole,8.37775993347168
ETTm1,96,1065,forecast,11,TimeRole,8.507926940917969
ETTm1,96,1065,forecast,12,TimeRole,8.528813362121582
ETTm1,96,1065,forecast,13,TimeRole,8.695441246032715
ETTm1,96,1065,forecast,14,TimeRole,8.61998176574707
ETTm1,96,1065,forecast,15,TimeRole,8.712329864501953
ETTm1,96,1065,forecast,16,TimeRole,8.800764083862305
ETTm1,96,1065,forecast,17,TimeRole,8.951154708862305
ETTm1,96,1065,forecast,18,TimeRole,8.883056640625
ETTm1,96,1065,forecast,19,TimeRole,8.996468544006348
ETTm1,96,1065,forecast,20,TimeRole,8.960295677185059
ETTm1,96,1065,forecast,21,TimeRole,8.962969779968262
ETTm1,96,1065,forecast,22,TimeRole,8.98408317565918
ETTm1,96,1065,forecast,23,TimeRole,9.034736633300781
ETTm1,96,1065,forecast,24,TimeRole,8.957894325256348
ETTm1,96,1065,forecast,25,TimeRole,8.965523719787598
ETTm1,96,1065,forecast,26,TimeRole,9.021931648254395
ETTm1,96,1065,forecast,27,TimeRole,9.035350799560547
ETTm1,96,1065,forecast,28,TimeRole,9.097942352294922
ETTm1,96,1065,forecast,29,TimeRole,9.092911720275879
ETTm1,96,1065,forecast,30,TimeRole,9.316678047180176
ETTm1,96,1065,forecast,31,TimeRole,9.26712417602539
ETTm1,96,1065,forecast,32,TimeRole,9.41943645477295
ETTm1,96,1065,forecast,33,TimeRole,9.558524131774902
ETTm1,96,1065,forecast,34,TimeRole,9.57022762298584
ETTm1,96,1065,forecast,35,TimeRole,9.70773983001709
ETTm1,96,1065,forecast,36,TimeRole,9.647406578063965
ETTm1,96,1065,forecast,37,TimeRole,9.534524917602539
ETTm1,96,1065,forecast,38,TimeRole,9.627367973327637
ETTm1,96,1065,forecast,39,TimeRole,9.686994552612305
ETTm1,96,1065,forecast,40,TimeRole,9.743721961975098
ETTm1,96,1065,forecast,41,TimeRole,9.671619415283203
ETTm1,96,1065,forecast,42,TimeRole,9.931844711303711
ETTm1,96,1065,forecast,43,TimeRole,10.071365356445312
ETTm1,96,1065,forecast,44,TimeRole,10.094151496887207
ETTm1,96,1065,forecast,45,TimeRole,9.981391906738281
ETTm1,96,1065,forecast,46,TimeRole,9.819494247436523
ETTm1,96,1065,forecast,47,TimeRole,9.758955955505371
ETTm1,96,1065,forecast,48,TimeRole,9.869586944580078
ETTm1,96,1065,forecast,49,TimeRole,9.735861778259277
ETTm1,96,1065,forecast,50,TimeRole,9.750299453735352
ETTm1,96,1065,forecast,51,TimeRole,9.74149227142334
ETTm1,96,1065,forecast,52,TimeRole,9.633286476135254
ETTm1,96,1065,forecast,53,TimeRole,9.651086807250977
ETTm1,96,1065,forecast,54,TimeRole,9.598541259765625
ETTm1,96,1065,forecast,55,TimeRole,9.719853401184082
ETTm1,96,1065,forecast,56,TimeRole,9.726868629455566
ETTm1,96,1065,forecast,57,TimeRole,9.77209758758545
ETTm1,96,1065,forecast,58,TimeRole,9.79473876953125
ETTm1,96,1065,forecast,59,TimeRole,9.724661827087402
ETTm1,96,1065,forecast,60,TimeRole,9.638481140136719
ETTm1,96,1065,forecast,61,TimeRole,9.44009017944336
ETTm1,96,1065,forecast,62,TimeRole,9.330055236816406
ETTm1,96,1065,forecast,63,TimeRole,9.284293174743652
ETTm1,96,1065,forecast,64,TimeRole,9.131019592285156
ETTm1,96,1065,forecast,65,TimeRole,9.024253845214844
ETTm1,96,1065,forecast,66,TimeRole,8.895732879638672
ETTm1,96,1065,forecast,67,TimeRole,8.873518943786621
ETTm1,96,1065,forecast,68,TimeRole,8.788627624511719
ETTm1,96,1065,forecast,69,TimeRole,8.761408805847168
ETTm1,96,1065,forecast,70,TimeRole,8.853575706481934
ETTm1,96,1065,forecast,71,TimeRole,8.705602645874023
ETTm1,96,1065,forecast,72,TimeRole,8.679363250732422
ETTm1,96,1065,forecast,73,TimeRole,8.604376792907715
ETTm1,96,1065,forecast,74,TimeRole,8.575716972351074
ETTm1,96,1065,forecast,75,TimeRole,8.528726577758789
ETTm1,96,1065,forecast,76,TimeRole,8.45294189453125
ETTm1,96,1065,forecast,77,TimeRole,8.447590827941895
ETTm1,96,1065,forecast,78,TimeRole,8.350428581237793
ETTm1,96,1065,forecast,79,TimeRole,8.415271759033203
ETTm1,96,1065,forecast,80,TimeRole,8.382854461669922
ETTm1,96,1065,forecast,81,TimeRole,8.383657455444336
ETTm1,96,1065,forecast,82,TimeRole,8.469005584716797
ETTm1,96,1065,forecast,83,TimeRole,8.381120681762695
ETTm1,96,1065,forecast,84,TimeRole,8.3733491897583
ETTm1,96,1065,forecast,85,TimeRole,8.380997657775879
ETTm1,96,1065,forecast,86,TimeRole,8.406270027160645
ETTm1,96,1065,forecast,87,TimeRole,8.463167190551758
ETTm1,96,1065,forecast,88,TimeRole,8.4651460647583
ETTm1,96,1065,forecast,89,TimeRole,8.418764114379883
ETTm1,96,1065,forecast,90,TimeRole,8.294303894042969
ETTm1,96,1065,forecast,91,TimeRole,8.22804069519043
ETTm1,96,1065,forecast,92,TimeRole,8.436563491821289
ETTm1,96,1065,forecast,93,TimeRole,8.520957946777344
ETTm1,96,1065,forecast,94,TimeRole,8.504100799560547
ETTm1,96,1065,forecast,95,TimeRole,8.574158668518066
ETTm1,96,1065,forecast,0,RGSP-96,7.595392227172852
ETTm1,96,1065,forecast,1,RGSP-96,7.7827253341674805
ETTm1,96,1065,forecast,2,RGSP-96,8.021232604980469
ETTm1,96,1065,forecast,3,RGSP-96,8.243119239807129
ETTm1,96,1065,forecast,4,RGSP-96,8.368982315063477
ETTm1,96,1065,forecast,5,RGSP-96,8.484212875366211
ETTm1,96,1065,forecast,6,RGSP-96,8.601943016052246
ETTm1,96,1065,forecast,7,RGSP-96,8.628569602966309
ETTm1,96,1065,forecast,8,RGSP-96,8.629799842834473
ETTm1,96,1065,forecast,9,RGSP-96,8.672714233398438
ETTm1,96,1065,forecast,10,RGSP-96,8.761662483215332
ETTm1,96,1065,forecast,11,RGSP-96,8.885713577270508
ETTm1,96,1065,forecast,12,RGSP-96,8.999430656433105
ETTm1,96,1065,forecast,13,RGSP-96,9.097434997558594
ETTm1,96,1065,forecast,14,RGSP-96,9.153145790100098
ETTm1,96,1065,forecast,15,RGSP-96,9.164369583129883
ETTm1,96,1065,forecast,16,RGSP-96,9.247674942016602
ETTm1,96,1065,forecast,17,RGSP-96,9.306082725524902
ETTm1,96,1065,forecast,18,RGSP-96,9.327105522155762
ETTm1,96,1065,forecast,19,RGSP-96,9.30522632598877
ETTm1,96,1065,forecast,20,RGSP-96,9.29952621459961
ETTm1,96,1065,forecast,21,RGSP-96,9.286981582641602
ETTm1,96,1065,forecast,22,RGSP-96,9.295004844665527
ETTm1,96,1065,forecast,23,RGSP-96,9.393162727355957
ETTm1,96,1065,forecast,24,RGSP-96,9.475123405456543
ETTm1,96,1065,forecast,25,RGSP-96,9.489144325256348
ETTm1,96,1065,forecast,26,RGSP-96,9.392664909362793
ETTm1,96,1065,forecast,27,RGSP-96,9.428484916687012
ETTm1,96,1065,forecast,28,RGSP-96,9.474437713623047
ETTm1,96,1065,forecast,29,RGSP-96,9.448927879333496
ETTm1,96,1065,forecast,30,RGSP-96,9.464341163635254
ETTm1,96,1065,forecast,31,RGSP-96,9.407233238220215
ETTm1,96,1065,forecast,32,RGSP-96,9.363540649414062
ETTm1,96,1065,forecast,33,RGSP-96,9.384613037109375
ETTm1,96,1065,forecast,34,RGSP-96,9.418011665344238
ETTm1,96,1065,forecast,35,RGSP-96,9.457759857177734
ETTm1,96,1065,forecast,36,RGSP-96,9.45373821258545
ETTm1,96,1065,forecast,37,RGSP-96,9.473106384277344
ETTm1,96,1065,forecast,38,RGSP-96,9.528095245361328
ETTm1,96,1065,forecast,39,RGSP-96,9.580131530761719
ETTm1,96,1065,forecast,40,RGSP-96,9.669309616088867
ETTm1,96,1065,forecast,41,RGSP-96,9.728204727172852
ETTm1,96,1065,forecast,42,RGSP-96,9.853570938110352
ETTm1,96,1065,forecast,43,RGSP-96,9.911693572998047
ETTm1,96,1065,forecast,44,RGSP-96,9.940079689025879
ETTm1,96,1065,forecast,45,RGSP-96,9.877092361450195
ETTm1,96,1065,forecast,46,RGSP-96,9.819804191589355
ETTm1,96,1065,forecast,47,RGSP-96,9.725251197814941
ETTm1,96,1065,forecast,48,RGSP-96,9.736352920532227
ETTm1,96,1065,forecast,49,RGSP-96,9.639904975891113
ETTm1,96,1065,forecast,50,RGSP-96,9.518399238586426
ETTm1,96,1065,forecast,51,RGSP-96,9.443230628967285
ETTm1,96,1065,forecast,52,RGSP-96,9.411154747009277
ETTm1,96,1065,forecast,53,RGSP-96,9.310551643371582
ETTm1,96,1065,forecast,54,RGSP-96,9.322265625
ETTm1,96,1065,forecast,55,RGSP-96,9.388848304748535
ETTm1,96,1065,forecast,56,RGSP-96,9.423019409179688
ETTm1,96,1065,forecast,57,RGSP-96,9.416882514953613
ETTm1,96,1065,forecast,58,RGSP-96,9.46564769744873
ETTm1,96,1065,forecast,59,RGSP-96,9.385209083557129
ETTm1,96,1065,forecast,60,RGSP-96,9.296438217163086
ETTm1,96,1065,forecast,61,RGSP-96,9.281103134155273
ETTm1,96,1065,forecast,62,RGSP-96,9.200907707214355
ETTm1,96,1065,forecast,63,RGSP-96,9.147153854370117
ETTm1,96,1065,forecast,64,RGSP-96,9.09989070892334
ETTm1,96,1065,forecast,65,RGSP-96,8.978177070617676
ETTm1,96,1065,forecast,66,RGSP-96,8.863389015197754
ETTm1,96,1065,forecast,67,RGSP-96,8.749920845031738
ETTm1,96,1065,forecast,68,RGSP-96,8.729378700256348
ETTm1,96,1065,forecast,69,RGSP-96,8.687637329101562
ETTm1,96,1065,forecast,70,RGSP-96,8.648599624633789
ETTm1,96,1065,forecast,71,RGSP-96,8.59889030456543
ETTm1,96,1065,forecast,72,RGSP-96,8.567010879516602
ETTm1,96,1065,forecast,73,RGSP-96,8.4928617477417
ETTm1,96,1065,forecast,74,RGSP-96,8.388362884521484
ETTm1,96,1065,forecast,75,RGSP-96,8.41821575164795
ETTm1,96,1065,forecast,76,RGSP-96,8.364805221557617
ETTm1,96,1065,forecast,77,RGSP-96,8.373367309570312
ETTm1,96,1065,forecast,78,RGSP-96,8.375268936157227
ETTm1,96,1065,forecast,79,RGSP-96,8.436549186706543
ETTm1,96,1065,forecast,80,RGSP-96,8.502613067626953
ETTm1,96,1065,forecast,81,RGSP-96,8.508747100830078
ETTm1,96,1065,forecast,82,RGSP-96,8.532249450683594
ETTm1,96,1065,forecast,83,RGSP-96,8.524725914001465
ETTm1,96,1065,forecast,84,RGSP-96,8.596412658691406
ETTm1,96,1065,forecast,85,RGSP-96,8.677515029907227
ETTm1,96,1065,forecast,86,RGSP-96,8.689163208007812
ETTm1,96,1065,forecast,87,RGSP-96,8.707184791564941
ETTm1,96,1065,forecast,88,RGSP-96,8.763026237487793
ETTm1,96,1065,forecast,89,RGSP-96,8.677118301391602
ETTm1,96,1065,forecast,90,RGSP-96,8.609749794006348
ETTm1,96,1065,forecast,91,RGSP-96,8.596877098083496
ETTm1,96,1065,forecast,92,RGSP-96,8.643424987792969
ETTm1,96,1065,forecast,93,RGSP-96,8.646293640136719
ETTm1,96,1065,forecast,94,RGSP-96,8.671225547790527
ETTm1,96,1065,forecast,95,RGSP-96,8.815603256225586
ETTm1,720,1065,observed_context,-96,Observed history,10.621999740600586
ETTm1,720,1065,observed_context,-95,Observed history,11.114999771118164
ETTm1,720,1065,observed_context,-94,Observed history,11.536999702453613
ETTm1,720,1065,observed_context,-93,Observed history,11.678000450134277
ETTm1,720,1065,observed_context,-92,Observed history,11.536999702453613
ETTm1,720,1065,observed_context,-91,Observed history,11.536999702453613
ETTm1,720,1065,observed_context,-90,Observed history,11.326000213623047
ETTm1,720,1065,observed_context,-89,Observed history,11.114999771118164
ETTm1,720,1065,observed_context,-88,Observed history,10.904000282287598
ETTm1,720,1065,observed_context,-87,Observed history,10.270999908447266
ETTm1,720,1065,observed_context,-86,Observed history,10.0600004196167
ETTm1,720,1065,observed_context,-85,Observed history,10.482000350952148
ETTm1,720,1065,observed_context,-84,Observed history,10.833000183105469
ETTm1,720,1065,observed_context,-83,Observed history,10.762999534606934
ETTm1,720,1065,observed_context,-82,Observed history,10.621999740600586
ETTm1,720,1065,observed_context,-81,Observed history,10.621999740600586
ETTm1,720,1065,observed_context,-80,Observed history,10.482000350952148
ETTm1,720,1065,observed_context,-79,Observed history,10.552000045776367
ETTm1,720,1065,observed_context,-78,Observed history,10.904000282287598
ETTm1,720,1065,observed_context,-77,Observed history,10.973999977111816
ETTm1,720,1065,observed_context,-76,Observed history,10.904000282287598
ETTm1,720,1065,observed_context,-75,Observed history,10.973999977111816
ETTm1,720,1065,observed_context,-74,Observed history,10.833000183105469
ETTm1,720,1065,observed_context,-73,Observed history,11.043999671936035
ETTm1,720,1065,observed_context,-72,Observed history,11.395999908447266
ETTm1,720,1065,observed_context,-71,Observed history,11.678000450134277
ETTm1,720,1065,observed_context,-70,Observed history,11.114999771118164
ETTm1,720,1065,observed_context,-69,Observed history,10.973999977111816
ETTm1,720,1065,observed_context,-68,Observed history,10.621999740600586
ETTm1,720,1065,observed_context,-67,Observed history,11.043999671936035
ETTm1,720,1065,observed_context,-66,Observed history,11.958999633789062
ETTm1,720,1065,observed_context,-65,Observed history,10.270999908447266
ETTm1,720,1065,observed_context,-64,Observed history,10.130000114440918
ETTm1,720,1065,observed_context,-63,Observed history,9.98900032043457
ETTm1,720,1065,observed_context,-62,Observed history,10.0600004196167
ETTm1,720,1065,observed_context,-61,Observed history,10.762999534606934
ETTm1,720,1065,observed_context,-60,Observed history,11.043999671936035
ETTm1,720,1065,observed_context,-59,Observed history,10.973999977111816
ETTm1,720,1065,observed_context,-58,Observed history,10.762999534606934
ETTm1,720,1065,observed_context,-57,Observed history,10.973999977111816
ETTm1,720,1065,observed_context,-56,Observed history,10.973999977111816
ETTm1,720,1065,observed_context,-55,Observed history,11.043999671936035
ETTm1,720,1065,observed_context,-54,Observed history,11.607000350952148
ETTm1,720,1065,observed_context,-53,Observed history,11.958999633789062
ETTm1,720,1065,observed_context,-52,Observed history,12.380999565124512
ETTm1,720,1065,observed_context,-51,Observed history,11.536999702453613
ETTm1,720,1065,observed_context,-50,Observed history,11.536999702453613
ETTm1,720,1065,observed_context,-49,Observed history,11.326000213623047
ETTm1,720,1065,observed_context,-48,Observed history,11.467000007629395
ETTm1,720,1065,observed_context,-47,Observed history,11.395999908447266
ETTm1,720,1065,observed_context,-46,Observed history,11.1850004196167
ETTm1,720,1065,observed_context,-45,Observed history,10.270999908447266
ETTm1,720,1065,observed_context,-44,Observed history,10.340999603271484
ETTm1,720,1065,observed_context,-43,Observed history,10.130000114440918
ETTm1,720,1065,observed_context,-42,Observed history,10.270999908447266
ETTm1,720,1065,observed_context,-41,Observed history,10.130000114440918
ETTm1,720,1065,observed_context,-40,Observed history,10.199999809265137
ETTm1,720,1065,observed_context,-39,Observed history,9.918999671936035
ETTm1,720,1065,observed_context,-38,Observed history,10.270999908447266
ETTm1,720,1065,observed_context,-37,Observed history,10.340999603271484
ETTm1,720,1065,observed_context,-36,Observed history,10.130000114440918
ETTm1,720,1065,observed_context,-35,Observed history,9.425999641418457
ETTm1,720,1065,observed_context,-34,Observed history,9.355999946594238
ETTm1,720,1065,observed_context,-33,Observed history,9.21500015258789
ETTm1,720,1065,observed_context,-32,Observed history,9.28600025177002
ETTm1,720,1065,observed_context,-31,Observed history,9.145000457763672
ETTm1,720,1065,observed_context,-30,Observed history,9.003999710083008
ETTm1,720,1065,observed_context,-29,Observed history,8.793000221252441
ETTm1,720,1065,observed_context,-28,Observed history,8.51200008392334
ETTm1,720,1065,observed_context,-27,Observed history,8.86400032043457
ETTm1,720,1065,observed_context,-26,Observed history,8.652999877929688
ETTm1,720,1065,observed_context,-25,Observed history,8.51200008392334
ETTm1,720,1065,observed_context,-24,Observed history,8.15999984741211
ETTm1,720,1065,observed_context,-23,Observed history,8.020000457763672
ETTm1,720,1065,observed_context,-22,Observed history,7.809000015258789
ETTm1,720,1065,observed_context,-21,Observed history,7.878999710083008
ETTm1,720,1065,observed_context,-20,Observed history,7.878999710083008
ETTm1,720,1065,observed_context,-19,Observed history,7.878999710083008
ETTm1,720,1065,observed_context,-18,Observed history,7.73799991607666
ETTm1,720,1065,observed_context,-17,Observed history,7.668000221252441
ETTm1,720,1065,observed_context,-16,Observed history,7.526999473571777
ETTm1,720,1065,observed_context,-15,Observed history,7.73799991607666
ETTm1,720,1065,observed_context,-14,Observed history,7.597001075744629
ETTm1,720,1065,observed_context,-13,Observed history,7.73799991607666
ETTm1,720,1065,observed_context,-12,Observed history,7.315999984741211
ETTm1,720,1065,observed_context,-11,Observed history,7.1050004959106445
ETTm1,720,1065,observed_context,-10,Observed history,7.17500114440918
ETTm1,720,1065,observed_context,-9,Observed history,7.597001075744629
ETTm1,720,1065,observed_context,-8,Observed history,7.456999778747559
ETTm1,720,1065,observed_context,-7,Observed history,6.9639997482299805
ETTm1,720,1065,observed_context,-6,Observed history,6.894000053405762
ETTm1,720,1065,observed_context,-5,Observed history,7.034999847412109
ETTm1,720,1065,observed_context,-4,Observed history,6.9639997482299805
ETTm1,720,1065,observed_context,-3,Observed history,6.9639997482299805
ETTm1,720,1065,observed_context,-2,Observed history,7.034999847412109
ETTm1,720,1065,observed_context,-1,Observed history,7.315999984741211
ETTm1,720,1065,forecast,0,Ground truth,7.246000289916992
ETTm1,720,1065,forecast,1,Ground truth,7.034999847412109
ETTm1,720,1065,forecast,2,Ground truth,7.034999847412109
ETTm1,720,1065,forecast,3,Ground truth,6.613000869750977
ETTm1,720,1065,forecast,4,Ground truth,6.261000633239746
ETTm1,720,1065,forecast,5,Ground truth,6.752999305725098
ETTm1,720,1065,forecast,6,Ground truth,6.683000564575195
ETTm1,720,1065,forecast,7,Ground truth,6.613000869750977
ETTm1,720,1065,forecast,8,Ground truth,6.894000053405762
ETTm1,720,1065,forecast,9,Ground truth,6.824000358581543
ETTm1,720,1065,forecast,10,Ground truth,6.824000358581543
ETTm1,720,1065,forecast,11,Ground truth,6.4720001220703125
ETTm1,720,1065,forecast,12,Ground truth,6.541999816894531
ETTm1,720,1065,forecast,13,Ground truth,6.402000427246094
ETTm1,720,1065,forecast,14,Ground truth,5.909000396728516
ETTm1,720,1065,forecast,15,Ground truth,6.119999885559082
ETTm1,720,1065,forecast,16,Ground truth,5.909000396728516
ETTm1,720,1065,forecast,17,Ground truth,5.839000701904297
ETTm1,720,1065,forecast,18,Ground truth,5.697999954223633
ETTm1,720,1065,forecast,19,Ground truth,5.627999305725098
ETTm1,720,1065,forecast,20,Ground truth,5.697999954223633
ETTm1,720,1065,forecast,21,Ground truth,5.909000396728516
ETTm1,720,1065,forecast,22,Ground truth,5.557000160217285
ETTm1,720,1065,forecast,23,Ground truth,5.627999305725098
ETTm1,720,1065,forecast,24,Ground truth,5.697999954223633
ETTm1,720,1065,forecast,25,Ground truth,5.697999954223633
ETTm1,720,1065,forecast,26,Ground truth,5.767999649047852
ETTm1,720,1065,forecast,27,Ground truth,5.627999305725098
ETTm1,720,1065,forecast,28,Ground truth,6.119999885559082
ETTm1,720,1065,forecast,29,Ground truth,5.909000396728516
ETTm1,720,1065,forecast,30,Ground truth,6.261000633239746
ETTm1,720,1065,forecast,31,Ground truth,6.261000633239746
ETTm1,720,1065,forecast,32,Ground truth,6.613000869750977
ETTm1,720,1065,forecast,33,Ground truth,7.1050004959106445
ETTm1,720,1065,forecast,34,Ground truth,6.613000869750977
ETTm1,720,1065,forecast,35,Ground truth,6.752999305725098
ETTm1,720,1065,forecast,36,Ground truth,7.1050004959106445
ETTm1,720,1065,forecast,37,Ground truth,7.17500114440918
ETTm1,720,1065,forecast,38,Ground truth,7.1050004959106445
ETTm1,720,1065,forecast,39,Ground truth,6.824000358581543
ETTm1,720,1065,forecast,40,Ground truth,7.597001075744629
ETTm1,720,1065,forecast,41,Ground truth,7.809000015258789
ETTm1,720,1065,forecast,42,Ground truth,8.581999778747559
ETTm1,720,1065,forecast,43,Ground truth,9.567000389099121
ETTm1,720,1065,forecast,44,Ground truth,9.708000183105469
ETTm1,720,1065,forecast,45,Ground truth,9.355999946594238
ETTm1,720,1065,forecast,46,Ground truth,9.567000389099121
ETTm1,720,1065,forecast,47,Ground truth,9.567000389099121
ETTm1,720,1065,forecast,48,Ground truth,9.496999740600586
ETTm1,720,1065,forecast,49,Ground truth,8.793000221252441
ETTm1,720,1065,forecast,50,Ground truth,8.652999877929688
ETTm1,720,1065,forecast,51,Ground truth,8.652999877929688
ETTm1,720,1065,forecast,52,Ground truth,9.21500015258789
ETTm1,720,1065,forecast,53,Ground truth,9.145000457763672
ETTm1,720,1065,forecast,54,Ground truth,9.355999946594238
ETTm1,720,1065,forecast,55,Ground truth,9.355999946594238
ETTm1,720,1065,forecast,56,Ground truth,9.145000457763672
ETTm1,720,1065,forecast,57,Ground truth,9.21500015258789
ETTm1,720,1065,forecast,58,Ground truth,9.637999534606934
ETTm1,720,1065,forecast,59,Ground truth,9.637999534606934
ETTm1,720,1065,forecast,60,Ground truth,9.21500015258789
ETTm1,720,1065,forecast,61,Ground truth,8.722999572753906
ETTm1,720,1065,forecast,62,Ground truth,8.581999778747559
ETTm1,720,1065,forecast,63,Ground truth,8.230999946594238
ETTm1,720,1065,forecast,64,Ground truth,8.300999641418457
ETTm1,720,1065,forecast,65,Ground truth,8.371000289916992
ETTm1,720,1065,forecast,66,Ground truth,8.371000289916992
ETTm1,720,1065,forecast,67,Ground truth,8.300999641418457
ETTm1,720,1065,forecast,68,Ground truth,8.442000389099121
ETTm1,720,1065,forecast,69,Ground truth,8.581999778747559
ETTm1,720,1065,forecast,70,Ground truth,8.652999877929688
ETTm1,720,1065,forecast,71,Ground truth,8.722999572753906
ETTm1,720,1065,forecast,72,Ground truth,8.86400032043457
ETTm1,720,1065,forecast,73,Ground truth,8.722999572753906
ETTm1,720,1065,forecast,74,Ground truth,8.722999572753906
ETTm1,720,1065,forecast,75,Ground truth,9.003999710083008
ETTm1,720,1065,forecast,76,Ground truth,8.86400032043457
ETTm1,720,1065,forecast,77,Ground truth,8.230999946594238
ETTm1,720,1065,forecast,78,Ground truth,7.878999710083008
ETTm1,720,1065,forecast,79,Ground truth,7.948999404907227
ETTm1,720,1065,forecast,80,Ground truth,7.948999404907227
ETTm1,720,1065,forecast,81,Ground truth,7.668000221252441
ETTm1,720,1065,forecast,82,Ground truth,7.668000221252441
ETTm1,720,1065,forecast,83,Ground truth,7.456999778747559
ETTm1,720,1065,forecast,84,Ground truth,7.386000633239746
ETTm1,720,1065,forecast,85,Ground truth,7.386000633239746
ETTm1,720,1065,forecast,86,Ground truth,7.17500114440918
ETTm1,720,1065,forecast,87,Ground truth,7.315999984741211
ETTm1,720,1065,forecast,88,Ground truth,6.824000358581543
ETTm1,720,1065,forecast,89,Ground truth,6.824000358581543
ETTm1,720,1065,forecast,90,Ground truth,6.894000053405762
ETTm1,720,1065,forecast,91,Ground truth,6.541999816894531
ETTm1,720,1065,forecast,92,Ground truth,6.331000328063965
ETTm1,720,1065,forecast,93,Ground truth,6.541999816894531
ETTm1,720,1065,forecast,94,Ground truth,6.824000358581543
ETTm1,720,1065,forecast,95,Ground truth,6.402000427246094
ETTm1,720,1065,forecast,96,Ground truth,6.050000190734863
ETTm1,720,1065,forecast,97,Ground truth,6.119999885559082
ETTm1,720,1065,forecast,98,Ground truth,6.050000190734863
ETTm1,720,1065,forecast,99,Ground truth,5.909000396728516
ETTm1,720,1065,forecast,100,Ground truth,5.767999649047852
ETTm1,720,1065,forecast,101,Ground truth,5.839000701904297
ETTm1,720,1065,forecast,102,Ground truth,5.697999954223633
ETTm1,720,1065,forecast,103,Ground truth,5.627999305725098
ETTm1,720,1065,forecast,104,Ground truth,5.767999649047852
ETTm1,720,1065,forecast,105,Ground truth,5.697999954223633
ETTm1,720,1065,forecast,106,Ground truth,5.697999954223633
ETTm1,720,1065,forecast,107,Ground truth,5.346000671386719
ETTm1,720,1065,forecast,108,Ground truth,5.697999954223633
ETTm1,720,1065,forecast,109,Ground truth,5.697999954223633
ETTm1,720,1065,forecast,110,Ground truth,5.557000160217285
ETTm1,720,1065,forecast,111,Ground truth,5.697999954223633
ETTm1,720,1065,forecast,112,Ground truth,5.627999305725098
ETTm1,720,1065,forecast,113,Ground truth,5.416999816894531
ETTm1,720,1065,forecast,114,Ground truth,5.346000671386719
ETTm1,720,1065,forecast,115,Ground truth,5.346000671386719
ETTm1,720,1065,forecast,116,Ground truth,5.205999374389648
ETTm1,720,1065,forecast,117,Ground truth,5.205999374389648
ETTm1,720,1065,forecast,118,Ground truth,5.346000671386719
ETTm1,720,1065,forecast,119,Ground truth,5.487000465393066
ETTm1,720,1065,forecast,120,Ground truth,5.697999954223633
ETTm1,720,1065,forecast,121,Ground truth,5.416999816894531
ETTm1,720,1065,forecast,122,Ground truth,5.416999816894531
ETTm1,720,1065,forecast,123,Ground truth,6.050000190734863
ETTm1,720,1065,forecast,124,Ground truth,6.050000190734863
ETTm1,720,1065,forecast,125,Ground truth,5.839000701904297
ETTm1,720,1065,forecast,126,Ground truth,5.557000160217285
ETTm1,720,1065,forecast,127,Ground truth,5.839000701904297
ETTm1,720,1065,forecast,128,Ground truth,6.331000328063965
ETTm1,720,1065,forecast,129,Ground truth,6.4720001220703125
ETTm1,720,1065,forecast,130,Ground truth,6.402000427246094
ETTm1,720,1065,forecast,131,Ground truth,6.402000427246094
ETTm1,720,1065,forecast,132,Ground truth,6.541999816894531
ETTm1,720,1065,forecast,133,Ground truth,6.331000328063965
ETTm1,720,1065,forecast,134,Ground truth,6.541999816894531
ETTm1,720,1065,forecast,135,Ground truth,6.683000564575195
ETTm1,720,1065,forecast,136,Ground truth,6.9639997482299805
ETTm1,720,1065,forecast,137,Ground truth,7.386000633239746
ETTm1,720,1065,forecast,138,Ground truth,8.230999946594238
ETTm1,720,1065,forecast,139,Ground truth,9.425999641418457
ETTm1,720,1065,forecast,140,Ground truth,9.003999710083008
ETTm1,720,1065,forecast,141,Ground truth,9.074999809265137
ETTm1,720,1065,forecast,142,Ground truth,8.51200008392334
ETTm1,720,1065,forecast,143,Ground truth,8.86400032043457
ETTm1,720,1065,forecast,144,Ground truth,8.51200008392334
ETTm1,720,1065,forecast,145,Ground truth,8.51200008392334
ETTm1,720,1065,forecast,146,Ground truth,8.371000289916992
ETTm1,720,1065,forecast,147,Ground truth,8.442000389099121
ETTm1,720,1065,forecast,148,Ground truth,8.15999984741211
ETTm1,720,1065,forecast,149,Ground truth,8.442000389099121
ETTm1,720,1065,forecast,150,Ground truth,8.86400032043457
ETTm1,720,1065,forecast,151,Ground truth,8.793000221252441
ETTm1,720,1065,forecast,152,Ground truth,8.934000015258789
ETTm1,720,1065,forecast,153,Ground truth,9.145000457763672
ETTm1,720,1065,forecast,154,Ground truth,9.28600025177002
ETTm1,720,1065,forecast,155,Ground truth,8.934000015258789
ETTm1,720,1065,forecast,156,Ground truth,9.21500015258789
ETTm1,720,1065,forecast,157,Ground truth,9.003999710083008
ETTm1,720,1065,forecast,158,Ground truth,8.722999572753906
ETTm1,720,1065,forecast,159,Ground truth,8.652999877929688
ETTm1,720,1065,forecast,160,Ground truth,8.51200008392334
ETTm1,720,1065,forecast,161,Ground truth,8.300999641418457
ETTm1,720,1065,forecast,162,Ground truth,8.020000457763672
ETTm1,720,1065,forecast,163,Ground truth,8.300999641418457
ETTm1,720,1065,forecast,164,Ground truth,8.15999984741211
ETTm1,720,1065,forecast,165,Ground truth,8.15999984741211
ETTm1,720,1065,forecast,166,Ground truth,8.020000457763672
ETTm1,720,1065,forecast,167,Ground truth,8.09000015258789
ETTm1,720,1065,forecast,168,Ground truth,7.73799991607666
ETTm1,720,1065,forecast,169,Ground truth,7.668000221252441
ETTm1,720,1065,forecast,170,Ground truth,7.526999473571777
ETTm1,720,1065,forecast,171,Ground truth,7.456999778747559
ETTm1,720,1065,forecast,172,Ground truth,7.526999473571777
ETTm1,720,1065,forecast,173,Ground truth,7.597001075744629
ETTm1,720,1065,forecast,174,Ground truth,7.246000289916992
ETTm1,720,1065,forecast,175,Ground truth,7.1050004959106445
ETTm1,720,1065,forecast,176,Ground truth,7.1050004959106445
ETTm1,720,1065,forecast,177,Ground truth,6.752999305725098
ETTm1,720,1065,forecast,178,Ground truth,7.034999847412109
ETTm1,720,1065,forecast,179,Ground truth,7.034999847412109
ETTm1,720,1065,forecast,180,Ground truth,7.034999847412109
ETTm1,720,1065,forecast,181,Ground truth,7.246000289916992
ETTm1,720,1065,forecast,182,Ground truth,7.246000289916992
ETTm1,720,1065,forecast,183,Ground truth,7.1050004959106445
ETTm1,720,1065,forecast,184,Ground truth,6.9639997482299805
ETTm1,720,1065,forecast,185,Ground truth,6.9639997482299805
ETTm1,720,1065,forecast,186,Ground truth,7.034999847412109
ETTm1,720,1065,forecast,187,Ground truth,7.315999984741211
ETTm1,720,1065,forecast,188,Ground truth,7.456999778747559
ETTm1,720,1065,forecast,189,Ground truth,7.386000633239746
ETTm1,720,1065,forecast,190,Ground truth,7.456999778747559
ETTm1,720,1065,forecast,191,Ground truth,7.878999710083008
ETTm1,720,1065,forecast,192,Ground truth,7.809000015258789
ETTm1,720,1065,forecast,193,Ground truth,8.15999984741211
ETTm1,720,1065,forecast,194,Ground truth,8.15999984741211
ETTm1,720,1065,forecast,195,Ground truth,8.15999984741211
ETTm1,720,1065,forecast,196,Ground truth,7.809000015258789
ETTm1,720,1065,forecast,197,Ground truth,7.878999710083008
ETTm1,720,1065,forecast,198,Ground truth,8.15999984741211
ETTm1,720,1065,forecast,199,Ground truth,7.668000221252441
ETTm1,720,1065,forecast,200,Ground truth,7.668000221252441
ETTm1,720,1065,forecast,201,Ground truth,7.456999778747559
ETTm1,720,1065,forecast,202,Ground truth,7.597001075744629
ETTm1,720,1065,forecast,203,Ground truth,7.809000015258789
ETTm1,720,1065,forecast,204,Ground truth,8.020000457763672
ETTm1,720,1065,forecast,205,Ground truth,8.020000457763672
ETTm1,720,1065,forecast,206,Ground truth,7.878999710083008
ETTm1,720,1065,forecast,207,Ground truth,8.15999984741211
ETTm1,720,1065,forecast,208,Ground truth,8.020000457763672
ETTm1,720,1065,forecast,209,Ground truth,7.73799991607666
ETTm1,720,1065,forecast,210,Ground truth,8.09000015258789
ETTm1,720,1065,forecast,211,Ground truth,8.230999946594238
ETTm1,720,1065,forecast,212,Ground truth,8.15999984741211
ETTm1,720,1065,forecast,213,Ground truth,8.652999877929688
ETTm1,720,1065,forecast,214,Ground truth,8.442000389099121
ETTm1,720,1065,forecast,215,Ground truth,8.300999641418457
ETTm1,720,1065,forecast,216,Ground truth,8.300999641418457
ETTm1,720,1065,forecast,217,Ground truth,8.371000289916992
ETTm1,720,1065,forecast,218,Ground truth,8.300999641418457
ETTm1,720,1065,forecast,219,Ground truth,8.581999778747559
ETTm1,720,1065,forecast,220,Ground truth,8.371000289916992
ETTm1,720,1065,forecast,221,Ground truth,9.145000457763672
ETTm1,720,1065,forecast,222,Ground truth,9.918999671936035
ETTm1,720,1065,forecast,223,Ground truth,10.199999809265137
ETTm1,720,1065,forecast,224,Ground truth,10.41100025177002
ETTm1,720,1065,forecast,225,Ground truth,10.904000282287598
ETTm1,720,1065,forecast,226,Ground truth,10.833000183105469
ETTm1,720,1065,forecast,227,Ground truth,10.692999839782715
ETTm1,720,1065,forecast,228,Ground truth,10.621999740600586
ETTm1,720,1065,forecast,229,Ground truth,10.552000045776367
ETTm1,720,1065,forecast,230,Ground truth,11.043999671936035
ETTm1,720,1065,forecast,231,Ground truth,10.552000045776367
ETTm1,720,1065,forecast,232,Ground truth,10.482000350952148
ETTm1,720,1065,forecast,233,Ground truth,11.1850004196167
ETTm1,720,1065,forecast,234,Ground truth,11.326000213623047
ETTm1,720,1065,forecast,235,Ground truth,12.029000282287598
ETTm1,720,1065,forecast,236,Ground truth,12.451000213623047
ETTm1,720,1065,forecast,237,Ground truth,12.451000213623047
ETTm1,720,1065,forecast,238,Ground truth,12.592000007629395
ETTm1,720,1065,forecast,239,Ground truth,12.944000244140625
ETTm1,720,1065,forecast,240,Ground truth,11.888999938964844
ETTm1,720,1065,forecast,241,Ground truth,12.310999870300293
ETTm1,720,1065,forecast,242,Ground truth,12.592000007629395
ETTm1,720,1065,forecast,243,Ground truth,12.803000450134277
ETTm1,720,1065,forecast,244,Ground truth,12.87399959564209
ETTm1,720,1065,forecast,245,Ground truth,12.803000450134277
ETTm1,720,1065,forecast,246,Ground truth,12.592000007629395
ETTm1,720,1065,forecast,247,Ground truth,13.085000038146973
ETTm1,720,1065,forecast,248,Ground truth,12.803000450134277
ETTm1,720,1065,forecast,249,Ground truth,12.170000076293945
ETTm1,720,1065,forecast,250,Ground truth,12.380999565124512
ETTm1,720,1065,forecast,251,Ground truth,12.310999870300293
ETTm1,720,1065,forecast,252,Ground truth,11.958999633789062
ETTm1,720,1065,forecast,253,Ground truth,11.817999839782715
ETTm1,720,1065,forecast,254,Ground truth,11.536999702453613
ETTm1,720,1065,forecast,255,Ground truth,11.395999908447266
ETTm1,720,1065,forecast,256,Ground truth,11.1850004196167
ETTm1,720,1065,forecast,257,Ground truth,11.043999671936035
ETTm1,720,1065,forecast,258,Ground truth,11.043999671936035
ETTm1,720,1065,forecast,259,Ground truth,10.973999977111816
ETTm1,720,1065,forecast,260,Ground truth,10.973999977111816
ETTm1,720,1065,forecast,261,Ground truth,11.114999771118164
ETTm1,720,1065,forecast,262,Ground truth,11.1850004196167
ETTm1,720,1065,forecast,263,Ground truth,11.326000213623047
ETTm1,720,1065,forecast,264,Ground truth,11.326000213623047
ETTm1,720,1065,forecast,265,Ground truth,11.326000213623047
ETTm1,720,1065,forecast,266,Ground truth,10.904000282287598
ETTm1,720,1065,forecast,267,Ground truth,10.692999839782715
ETTm1,720,1065,forecast,268,Ground truth,10.833000183105469
ETTm1,720,1065,forecast,269,Ground truth,10.621999740600586
ETTm1,720,1065,forecast,270,Ground truth,10.552000045776367
ETTm1,720,1065,forecast,271,Ground truth,10.762999534606934
ETTm1,720,1065,forecast,272,Ground truth,10.692999839782715
ETTm1,720,1065,forecast,273,Ground truth,10.621999740600586
ETTm1,720,1065,forecast,274,Ground truth,10.621999740600586
ETTm1,720,1065,forecast,275,Ground truth,10.621999740600586
ETTm1,720,1065,forecast,276,Ground truth,10.621999740600586
ETTm1,720,1065,forecast,277,Ground truth,10.482000350952148
ETTm1,720,1065,forecast,278,Ground truth,10.270999908447266
ETTm1,720,1065,forecast,279,Ground truth,10.482000350952148
ETTm1,720,1065,forecast,280,Ground truth,10.340999603271484
ETTm1,720,1065,forecast,281,Ground truth,10.482000350952148
ETTm1,720,1065,forecast,282,Ground truth,10.199999809265137
ETTm1,720,1065,forecast,283,Ground truth,10.270999908447266
ETTm1,720,1065,forecast,284,Ground truth,10.199999809265137
ETTm1,720,1065,forecast,285,Ground truth,9.98900032043457
ETTm1,720,1065,forecast,286,Ground truth,10.270999908447266
ETTm1,720,1065,forecast,287,Ground truth,10.130000114440918
ETTm1,720,1065,forecast,288,Ground truth,9.918999671936035
ETTm1,720,1065,forecast,289,Ground truth,10.552000045776367
ETTm1,720,1065,forecast,290,Ground truth,10.199999809265137
ETTm1,720,1065,forecast,291,Ground truth,9.98900032043457
ETTm1,720,1065,forecast,292,Ground truth,9.708000183105469
ETTm1,720,1065,forecast,293,Ground truth,9.848999977111816
ETTm1,720,1065,forecast,294,Ground truth,9.918999671936035
ETTm1,720,1065,forecast,295,Ground truth,9.708000183105469
ETTm1,720,1065,forecast,296,Ground truth,9.637999534606934
ETTm1,720,1065,forecast,297,Ground truth,9.637999534606934
ETTm1,720,1065,forecast,298,Ground truth,9.567000389099121
ETTm1,720,1065,forecast,299,Ground truth,9.567000389099121
ETTm1,720,1065,forecast,300,Ground truth,9.637999534606934
ETTm1,720,1065,forecast,301,Ground truth,9.567000389099121
ETTm1,720,1065,forecast,302,Ground truth,9.567000389099121
ETTm1,720,1065,forecast,303,Ground truth,9.425999641418457
ETTm1,720,1065,forecast,304,Ground truth,9.355999946594238
ETTm1,720,1065,forecast,305,Ground truth,9.777999877929688
ETTm1,720,1065,forecast,306,Ground truth,9.21500015258789
ETTm1,720,1065,forecast,307,Ground truth,9.28600025177002
ETTm1,720,1065,forecast,308,Ground truth,9.567000389099121
ETTm1,720,1065,forecast,309,Ground truth,9.848999977111816
ETTm1,720,1065,forecast,310,Ground truth,10.340999603271484
ETTm1,720,1065,forecast,311,Ground truth,10.340999603271484
ETTm1,720,1065,forecast,312,Ground truth,10.270999908447266
ETTm1,720,1065,forecast,313,Ground truth,9.567000389099121
ETTm1,720,1065,forecast,314,Ground truth,9.918999671936035
ETTm1,720,1065,forecast,315,Ground truth,9.708000183105469
ETTm1,720,1065,forecast,316,Ground truth,9.003999710083008
ETTm1,720,1065,forecast,317,Ground truth,8.934000015258789
ETTm1,720,1065,forecast,318,Ground truth,9.567000389099121
ETTm1,720,1065,forecast,319,Ground truth,9.98900032043457
ETTm1,720,1065,forecast,320,Ground truth,9.848999977111816
ETTm1,720,1065,forecast,321,Ground truth,9.355999946594238
ETTm1,720,1065,forecast,322,Ground truth,9.567000389099121
ETTm1,720,1065,forecast,323,Ground truth,9.918999671936035
ETTm1,720,1065,forecast,324,Ground truth,9.425999641418457
ETTm1,720,1065,forecast,325,Ground truth,9.355999946594238
ETTm1,720,1065,forecast,326,Ground truth,9.425999641418457
ETTm1,720,1065,forecast,327,Ground truth,9.355999946594238
ETTm1,720,1065,forecast,328,Ground truth,9.496999740600586
ETTm1,720,1065,forecast,329,Ground truth,9.848999977111816
ETTm1,720,1065,forecast,330,Ground truth,9.918999671936035
ETTm1,720,1065,forecast,331,Ground truth,9.777999877929688
ETTm1,720,1065,forecast,332,Ground truth,10.340999603271484
ETTm1,720,1065,forecast,333,Ground truth,10.621999740600586
ETTm1,720,1065,forecast,334,Ground truth,10.621999740600586
ETTm1,720,1065,forecast,335,Ground truth,10.904000282287598
ETTm1,720,1065,forecast,336,Ground truth,10.973999977111816
ETTm1,720,1065,forecast,337,Ground truth,10.833000183105469
ETTm1,720,1065,forecast,338,Ground truth,10.621999740600586
ETTm1,720,1065,forecast,339,Ground truth,10.692999839782715
ETTm1,720,1065,forecast,340,Ground truth,10.833000183105469
ETTm1,720,1065,forecast,341,Ground truth,10.973999977111816
ETTm1,720,1065,forecast,342,Ground truth,11.1850004196167
ETTm1,720,1065,forecast,343,Ground truth,11.678000450134277
ETTm1,720,1065,forecast,344,Ground truth,11.817999839782715
ETTm1,720,1065,forecast,345,Ground truth,11.817999839782715
ETTm1,720,1065,forecast,346,Ground truth,11.678000450134277
ETTm1,720,1065,forecast,347,Ground truth,11.1850004196167
ETTm1,720,1065,forecast,348,Ground truth,11.043999671936035
ETTm1,720,1065,forecast,349,Ground truth,11.114999771118164
ETTm1,720,1065,forecast,350,Ground truth,10.973999977111816
ETTm1,720,1065,forecast,351,Ground truth,11.1850004196167
ETTm1,720,1065,forecast,352,Ground truth,11.1850004196167
ETTm1,720,1065,forecast,353,Ground truth,10.973999977111816
ETTm1,720,1065,forecast,354,Ground truth,11.043999671936035
ETTm1,720,1065,forecast,355,Ground truth,10.973999977111816
ETTm1,720,1065,forecast,356,Ground truth,10.621999740600586
ETTm1,720,1065,forecast,357,Ground truth,10.621999740600586
ETTm1,720,1065,forecast,358,Ground truth,10.833000183105469
ETTm1,720,1065,forecast,359,Ground truth,10.973999977111816
ETTm1,720,1065,forecast,360,Ground truth,11.395999908447266
ETTm1,720,1065,forecast,361,Ground truth,10.762999534606934
ETTm1,720,1065,forecast,362,Ground truth,10.973999977111816
ETTm1,720,1065,forecast,363,Ground truth,11.326000213623047
ETTm1,720,1065,forecast,364,Ground truth,10.904000282287598
ETTm1,720,1065,forecast,365,Ground truth,10.41100025177002
ETTm1,720,1065,forecast,366,Ground truth,10.692999839782715
ETTm1,720,1065,forecast,367,Ground truth,11.114999771118164
ETTm1,720,1065,forecast,368,Ground truth,11.114999771118164
ETTm1,720,1065,forecast,369,Ground truth,11.1850004196167
ETTm1,720,1065,forecast,370,Ground truth,10.692999839782715
ETTm1,720,1065,forecast,371,Ground truth,10.904000282287598
ETTm1,720,1065,forecast,372,Ground truth,10.973999977111816
ETTm1,720,1065,forecast,373,Ground truth,11.326000213623047
ETTm1,720,1065,forecast,374,Ground truth,11.043999671936035
ETTm1,720,1065,forecast,375,Ground truth,10.552000045776367
ETTm1,720,1065,forecast,376,Ground truth,10.762999534606934
ETTm1,720,1065,forecast,377,Ground truth,10.762999534606934
ETTm1,720,1065,forecast,378,Ground truth,10.692999839782715
ETTm1,720,1065,forecast,379,Ground truth,10.482000350952148
ETTm1,720,1065,forecast,380,Ground truth,10.199999809265137
ETTm1,720,1065,forecast,381,Ground truth,10.270999908447266
ETTm1,720,1065,forecast,382,Ground truth,10.270999908447266
ETTm1,720,1065,forecast,383,Ground truth,9.708000183105469
ETTm1,720,1065,forecast,384,Ground truth,9.98900032043457
ETTm1,720,1065,forecast,385,Ground truth,9.98900032043457
ETTm1,720,1065,forecast,386,Ground truth,10.199999809265137
ETTm1,720,1065,forecast,387,Ground truth,10.130000114440918
ETTm1,720,1065,forecast,388,Ground truth,10.199999809265137
ETTm1,720,1065,forecast,389,Ground truth,10.270999908447266
ETTm1,720,1065,forecast,390,Ground truth,10.270999908447266
ETTm1,720,1065,forecast,391,Ground truth,10.130000114440918
ETTm1,720,1065,forecast,392,Ground truth,9.637999534606934
ETTm1,720,1065,forecast,393,Ground truth,9.355999946594238
ETTm1,720,1065,forecast,394,Ground truth,9.355999946594238
ETTm1,720,1065,forecast,395,Ground truth,9.425999641418457
ETTm1,720,1065,forecast,396,Ground truth,9.708000183105469
ETTm1,720,1065,forecast,397,Ground truth,9.567000389099121
ETTm1,720,1065,forecast,398,Ground truth,9.918999671936035
ETTm1,720,1065,forecast,399,Ground truth,9.637999534606934
ETTm1,720,1065,forecast,400,Ground truth,9.637999534606934
ETTm1,720,1065,forecast,401,Ground truth,9.777999877929688
ETTm1,720,1065,forecast,402,Ground truth,9.567000389099121
ETTm1,720,1065,forecast,403,Ground truth,9.708000183105469
ETTm1,720,1065,forecast,404,Ground truth,9.496999740600586
ETTm1,720,1065,forecast,405,Ground truth,9.98900032043457
ETTm1,720,1065,forecast,406,Ground truth,9.918999671936035
ETTm1,720,1065,forecast,407,Ground truth,10.270999908447266
ETTm1,720,1065,forecast,408,Ground truth,10.482000350952148
ETTm1,720,1065,forecast,409,Ground truth,9.425999641418457
ETTm1,720,1065,forecast,410,Ground truth,9.074999809265137
ETTm1,720,1065,forecast,411,Ground truth,9.28600025177002
ETTm1,720,1065,forecast,412,Ground truth,9.145000457763672
ETTm1,720,1065,forecast,413,Ground truth,9.074999809265137
ETTm1,720,1065,forecast,414,Ground truth,9.145000457763672
ETTm1,720,1065,forecast,415,Ground truth,9.074999809265137
ETTm1,720,1065,forecast,416,Ground truth,9.425999641418457
ETTm1,720,1065,forecast,417,Ground truth,9.567000389099121
ETTm1,720,1065,forecast,418,Ground truth,9.425999641418457
ETTm1,720,1065,forecast,419,Ground truth,9.145000457763672
ETTm1,720,1065,forecast,420,Ground truth,9.425999641418457
ETTm1,720,1065,forecast,421,Ground truth,9.496999740600586
ETTm1,720,1065,forecast,422,Ground truth,9.777999877929688
ETTm1,720,1065,forecast,423,Ground truth,10.130000114440918
ETTm1,720,1065,forecast,424,Ground truth,10.199999809265137
ETTm1,720,1065,forecast,425,Ground truth,10.340999603271484
ETTm1,720,1065,forecast,426,Ground truth,10.552000045776367
ETTm1,720,1065,forecast,427,Ground truth,11.114999771118164
ETTm1,720,1065,forecast,428,Ground truth,10.904000282287598
ETTm1,720,1065,forecast,429,Ground truth,10.833000183105469
ETTm1,720,1065,forecast,430,Ground truth,10.692999839782715
ETTm1,720,1065,forecast,431,Ground truth,10.833000183105469
ETTm1,720,1065,forecast,432,Ground truth,10.621999740600586
ETTm1,720,1065,forecast,433,Ground truth,10.482000350952148
ETTm1,720,1065,forecast,434,Ground truth,10.552000045776367
ETTm1,720,1065,forecast,435,Ground truth,10.762999534606934
ETTm1,720,1065,forecast,436,Ground truth,10.833000183105469
ETTm1,720,1065,forecast,437,Ground truth,10.621999740600586
ETTm1,720,1065,forecast,438,Ground truth,11.043999671936035
ETTm1,720,1065,forecast,439,Ground truth,10.833000183105469
ETTm1,720,1065,forecast,440,Ground truth,11.114999771118164
ETTm1,720,1065,forecast,441,Ground truth,11.1850004196167
ETTm1,720,1065,forecast,442,Ground truth,11.114999771118164
ETTm1,720,1065,forecast,443,Ground truth,10.833000183105469
ETTm1,720,1065,forecast,444,Ground truth,10.340999603271484
ETTm1,720,1065,forecast,445,Ground truth,10.482000350952148
ETTm1,720,1065,forecast,446,Ground truth,9.98900032043457
ETTm1,720,1065,forecast,447,Ground truth,9.918999671936035
ETTm1,720,1065,forecast,448,Ground truth,9.918999671936035
ETTm1,720,1065,forecast,449,Ground truth,9.918999671936035
ETTm1,720,1065,forecast,450,Ground truth,9.708000183105469
ETTm1,720,1065,forecast,451,Ground truth,9.355999946594238
ETTm1,720,1065,forecast,452,Ground truth,9.21500015258789
ETTm1,720,1065,forecast,453,Ground truth,9.21500015258789
ETTm1,720,1065,forecast,454,Ground truth,9.28600025177002
ETTm1,720,1065,forecast,455,Ground truth,9.003999710083008
ETTm1,720,1065,forecast,456,Ground truth,8.86400032043457
ETTm1,720,1065,forecast,457,Ground truth,8.86400032043457
ETTm1,720,1065,forecast,458,Ground truth,8.722999572753906
ETTm1,720,1065,forecast,459,Ground truth,8.86400032043457
ETTm1,720,1065,forecast,460,Ground truth,8.722999572753906
ETTm1,720,1065,forecast,461,Ground truth,8.581999778747559
ETTm1,720,1065,forecast,462,Ground truth,8.581999778747559
ETTm1,720,1065,forecast,463,Ground truth,8.442000389099121
ETTm1,720,1065,forecast,464,Ground truth,8.371000289916992
ETTm1,720,1065,forecast,465,Ground truth,8.15999984741211
ETTm1,720,1065,forecast,466,Ground truth,8.020000457763672
ETTm1,720,1065,forecast,467,Ground truth,7.809000015258789
ETTm1,720,1065,forecast,468,Ground truth,7.73799991607666
ETTm1,720,1065,forecast,469,Ground truth,7.809000015258789
ETTm1,720,1065,forecast,470,Ground truth,7.597001075744629
ETTm1,720,1065,forecast,471,Ground truth,7.809000015258789
ETTm1,720,1065,forecast,472,Ground truth,7.315999984741211
ETTm1,720,1065,forecast,473,Ground truth,7.386000633239746
ETTm1,720,1065,forecast,474,Ground truth,7.1050004959106445
ETTm1,720,1065,forecast,475,Ground truth,7.034999847412109
ETTm1,720,1065,forecast,476,Ground truth,7.1050004959106445
ETTm1,720,1065,forecast,477,Ground truth,7.1050004959106445
ETTm1,720,1065,forecast,478,Ground truth,7.034999847412109
ETTm1,720,1065,forecast,479,Ground truth,7.034999847412109
ETTm1,720,1065,forecast,480,Ground truth,6.9639997482299805
ETTm1,720,1065,forecast,481,Ground truth,6.9639997482299805
ETTm1,720,1065,forecast,482,Ground truth,6.752999305725098
ETTm1,720,1065,forecast,483,Ground truth,6.752999305725098
ETTm1,720,1065,forecast,484,Ground truth,6.613000869750977
ETTm1,720,1065,forecast,485,Ground truth,6.613000869750977
ETTm1,720,1065,forecast,486,Ground truth,6.402000427246094
ETTm1,720,1065,forecast,487,Ground truth,6.613000869750977
ETTm1,720,1065,forecast,488,Ground truth,6.541999816894531
ETTm1,720,1065,forecast,489,Ground truth,6.613000869750977
ETTm1,720,1065,forecast,490,Ground truth,6.683000564575195
ETTm1,720,1065,forecast,491,Ground truth,6.541999816894531
ETTm1,720,1065,forecast,492,Ground truth,6.402000427246094
ETTm1,720,1065,forecast,493,Ground truth,6.402000427246094
ETTm1,720,1065,forecast,494,Ground truth,6.261000633239746
ETTm1,720,1065,forecast,495,Ground truth,6.119999885559082
ETTm1,720,1065,forecast,496,Ground truth,6.119999885559082
ETTm1,720,1065,forecast,497,Ground truth,5.979000091552734
ETTm1,720,1065,forecast,498,Ground truth,6.119999885559082
ETTm1,720,1065,forecast,499,Ground truth,6.050000190734863
ETTm1,720,1065,forecast,500,Ground truth,6.261000633239746
ETTm1,720,1065,forecast,501,Ground truth,6.261000633239746
ETTm1,720,1065,forecast,502,Ground truth,6.402000427246094
ETTm1,720,1065,forecast,503,Ground truth,6.190999984741211
ETTm1,720,1065,forecast,504,Ground truth,6.4720001220703125
ETTm1,720,1065,forecast,505,Ground truth,6.752999305725098
ETTm1,720,1065,forecast,506,Ground truth,6.683000564575195
ETTm1,720,1065,forecast,507,Ground truth,6.894000053405762
ETTm1,720,1065,forecast,508,Ground truth,7.034999847412109
ETTm1,720,1065,forecast,509,Ground truth,7.456999778747559
ETTm1,720,1065,forecast,510,Ground truth,7.456999778747559
ETTm1,720,1065,forecast,511,Ground truth,7.809000015258789
ETTm1,720,1065,forecast,512,Ground truth,8.442000389099121
ETTm1,720,1065,forecast,513,Ground truth,8.51200008392334
ETTm1,720,1065,forecast,514,Ground truth,8.51200008392334
ETTm1,720,1065,forecast,515,Ground truth,8.371000289916992
ETTm1,720,1065,forecast,516,Ground truth,8.652999877929688
ETTm1,720,1065,forecast,517,Ground truth,8.371000289916992
ETTm1,720,1065,forecast,518,Ground truth,8.51200008392334
ETTm1,720,1065,forecast,519,Ground truth,8.581999778747559
ETTm1,720,1065,forecast,520,Ground truth,9.003999710083008
ETTm1,720,1065,forecast,521,Ground truth,8.86400032043457
ETTm1,720,1065,forecast,522,Ground truth,10.0600004196167
ETTm1,720,1065,forecast,523,Ground truth,10.973999977111816
ETTm1,720,1065,forecast,524,Ground truth,11.255999565124512
ETTm1,720,1065,forecast,525,Ground truth,11.395999908447266
ETTm1,720,1065,forecast,526,Ground truth,11.255999565124512
ETTm1,720,1065,forecast,527,Ground truth,11.1850004196167
ETTm1,720,1065,forecast,528,Ground truth,10.904000282287598
ETTm1,720,1065,forecast,529,Ground truth,10.692999839782715
ETTm1,720,1065,forecast,530,Ground truth,10.762999534606934
ETTm1,720,1065,forecast,531,Ground truth,10.692999839782715
ETTm1,720,1065,forecast,532,Ground truth,10.833000183105469
ETTm1,720,1065,forecast,533,Ground truth,10.762999534606934
ETTm1,720,1065,forecast,534,Ground truth,10.833000183105469
ETTm1,720,1065,forecast,535,Ground truth,10.973999977111816
ETTm1,720,1065,forecast,536,Ground truth,11.114999771118164
ETTm1,720,1065,forecast,537,Ground truth,11.1850004196167
ETTm1,720,1065,forecast,538,Ground truth,11.326000213623047
ETTm1,720,1065,forecast,539,Ground truth,11.326000213623047
ETTm1,720,1065,forecast,540,Ground truth,10.904000282287598
ETTm1,720,1065,forecast,541,Ground truth,10.621999740600586
ETTm1,720,1065,forecast,542,Ground truth,10.621999740600586
ETTm1,720,1065,forecast,543,Ground truth,10.482000350952148
ETTm1,720,1065,forecast,544,Ground truth,10.552000045776367
ETTm1,720,1065,forecast,545,Ground truth,10.130000114440918
ETTm1,720,1065,forecast,546,Ground truth,9.848999977111816
ETTm1,720,1065,forecast,547,Ground truth,9.425999641418457
ETTm1,720,1065,forecast,548,Ground truth,9.355999946594238
ETTm1,720,1065,forecast,549,Ground truth,9.28600025177002
ETTm1,720,1065,forecast,550,Ground truth,9.074999809265137
ETTm1,720,1065,forecast,551,Ground truth,9.425999641418457
ETTm1,720,1065,forecast,552,Ground truth,9.074999809265137
ETTm1,720,1065,forecast,553,Ground truth,9.074999809265137
ETTm1,720,1065,forecast,554,Ground truth,9.074999809265137
ETTm1,720,1065,forecast,555,Ground truth,8.934000015258789
ETTm1,720,1065,forecast,556,Ground truth,8.86400032043457
ETTm1,720,1065,forecast,557,Ground truth,8.722999572753906
ETTm1,720,1065,forecast,558,Ground truth,8.652999877929688
ETTm1,720,1065,forecast,559,Ground truth,8.442000389099121
ETTm1,720,1065,forecast,560,Ground truth,8.230999946594238
ETTm1,720,1065,forecast,561,Ground truth,8.020000457763672
ETTm1,720,1065,forecast,562,Ground truth,8.09000015258789
ETTm1,720,1065,forecast,563,Ground truth,8.09000015258789
ETTm1,720,1065,forecast,564,Ground truth,8.020000457763672
ETTm1,720,1065,forecast,565,Ground truth,8.230999946594238
ETTm1,720,1065,forecast,566,Ground truth,8.442000389099121
ETTm1,720,1065,forecast,567,Ground truth,8.371000289916992
ETTm1,720,1065,forecast,568,Ground truth,8.51200008392334
ETTm1,720,1065,forecast,569,Ground truth,8.652999877929688
ETTm1,720,1065,forecast,570,Ground truth,8.371000289916992
ETTm1,720,1065,forecast,571,Ground truth,8.722999572753906
ETTm1,720,1065,forecast,572,Ground truth,8.934000015258789
ETTm1,720,1065,forecast,573,Ground truth,9.003999710083008
ETTm1,720,1065,forecast,574,Ground truth,8.581999778747559
ETTm1,720,1065,forecast,575,Ground truth,8.442000389099121
ETTm1,720,1065,forecast,576,Ground truth,8.86400032043457
ETTm1,720,1065,forecast,577,Ground truth,8.934000015258789
ETTm1,720,1065,forecast,578,Ground truth,9.21500015258789
ETTm1,720,1065,forecast,579,Ground truth,9.637999534606934
ETTm1,720,1065,forecast,580,Ground truth,9.777999877929688
ETTm1,720,1065,forecast,581,Ground truth,9.777999877929688
ETTm1,720,1065,forecast,582,Ground truth,9.918999671936035
ETTm1,720,1065,forecast,583,Ground truth,9.848999977111816
ETTm1,720,1065,forecast,584,Ground truth,10.0600004196167
ETTm1,720,1065,forecast,585,Ground truth,10.130000114440918
ETTm1,720,1065,forecast,586,Ground truth,9.637999534606934
ETTm1,720,1065,forecast,587,Ground truth,9.496999740600586
ETTm1,720,1065,forecast,588,Ground truth,9.567000389099121
ETTm1,720,1065,forecast,589,Ground truth,9.637999534606934
ETTm1,720,1065,forecast,590,Ground truth,9.777999877929688
ETTm1,720,1065,forecast,591,Ground truth,9.98900032043457
ETTm1,720,1065,forecast,592,Ground truth,10.0600004196167
ETTm1,720,1065,forecast,593,Ground truth,9.848999977111816
ETTm1,720,1065,forecast,594,Ground truth,9.425999641418457
ETTm1,720,1065,forecast,595,Ground truth,9.425999641418457
ETTm1,720,1065,forecast,596,Ground truth,9.496999740600586
ETTm1,720,1065,forecast,597,Ground truth,9.003999710083008
ETTm1,720,1065,forecast,598,Ground truth,8.230999946594238
ETTm1,720,1065,forecast,599,Ground truth,7.597001075744629
ETTm1,720,1065,forecast,600,Ground truth,7.526999473571777
ETTm1,720,1065,forecast,601,Ground truth,7.597001075744629
ETTm1,720,1065,forecast,602,Ground truth,7.456999778747559
ETTm1,720,1065,forecast,603,Ground truth,6.9639997482299805
ETTm1,720,1065,forecast,604,Ground truth,7.17500114440918
ETTm1,720,1065,forecast,605,Ground truth,7.668000221252441
ETTm1,720,1065,forecast,606,Ground truth,7.526999473571777
ETTm1,720,1065,forecast,607,Ground truth,7.809000015258789
ETTm1,720,1065,forecast,608,Ground truth,8.230999946594238
ETTm1,720,1065,forecast,609,Ground truth,8.51200008392334
ETTm1,720,1065,forecast,610,Ground truth,8.300999641418457
ETTm1,720,1065,forecast,611,Ground truth,8.15999984741211
ETTm1,720,1065,forecast,612,Ground truth,8.51200008392334
ETTm1,720,1065,forecast,613,Ground truth,9.21500015258789
ETTm1,720,1065,forecast,614,Ground truth,9.567000389099121
ETTm1,720,1065,forecast,615,Ground truth,9.848999977111816
ETTm1,720,1065,forecast,616,Ground truth,9.777999877929688
ETTm1,720,1065,forecast,617,Ground truth,9.777999877929688
ETTm1,720,1065,forecast,618,Ground truth,10.0600004196167
ETTm1,720,1065,forecast,619,Ground truth,9.145000457763672
ETTm1,720,1065,forecast,620,Ground truth,9.355999946594238
ETTm1,720,1065,forecast,621,Ground truth,9.355999946594238
ETTm1,720,1065,forecast,622,Ground truth,9.425999641418457
ETTm1,720,1065,forecast,623,Ground truth,8.86400032043457
ETTm1,720,1065,forecast,624,Ground truth,9.074999809265137
ETTm1,720,1065,forecast,625,Ground truth,8.934000015258789
ETTm1,720,1065,forecast,626,Ground truth,9.074999809265137
ETTm1,720,1065,forecast,627,Ground truth,8.86400032043457
ETTm1,720,1065,forecast,628,Ground truth,8.581999778747559
ETTm1,720,1065,forecast,629,Ground truth,9.074999809265137
ETTm1,720,1065,forecast,630,Ground truth,9.28600025177002
ETTm1,720,1065,forecast,631,Ground truth,9.074999809265137
ETTm1,720,1065,forecast,632,Ground truth,9.074999809265137
ETTm1,720,1065,forecast,633,Ground truth,8.86400032043457
ETTm1,720,1065,forecast,634,Ground truth,8.581999778747559
ETTm1,720,1065,forecast,635,Ground truth,9.28600025177002
ETTm1,720,1065,forecast,636,Ground truth,9.496999740600586
ETTm1,720,1065,forecast,637,Ground truth,9.355999946594238
ETTm1,720,1065,forecast,638,Ground truth,9.425999641418457
ETTm1,720,1065,forecast,639,Ground truth,9.425999641418457
ETTm1,720,1065,forecast,640,Ground truth,9.074999809265137
ETTm1,720,1065,forecast,641,Ground truth,8.722999572753906
ETTm1,720,1065,forecast,642,Ground truth,8.934000015258789
ETTm1,720,1065,forecast,643,Ground truth,8.371000289916992
ETTm1,720,1065,forecast,644,Ground truth,8.442000389099121
ETTm1,720,1065,forecast,645,Ground truth,8.442000389099121
ETTm1,720,1065,forecast,646,Ground truth,8.442000389099121
ETTm1,720,1065,forecast,647,Ground truth,7.878999710083008
ETTm1,720,1065,forecast,648,Ground truth,8.020000457763672
ETTm1,720,1065,forecast,649,Ground truth,7.878999710083008
ETTm1,720,1065,forecast,650,Ground truth,7.948999404907227
ETTm1,720,1065,forecast,651,Ground truth,7.668000221252441
ETTm1,720,1065,forecast,652,Ground truth,8.15999984741211
ETTm1,720,1065,forecast,653,Ground truth,7.948999404907227
ETTm1,720,1065,forecast,654,Ground truth,8.371000289916992
ETTm1,720,1065,forecast,655,Ground truth,8.300999641418457
ETTm1,720,1065,forecast,656,Ground truth,8.230999946594238
ETTm1,720,1065,forecast,657,Ground truth,8.581999778747559
ETTm1,720,1065,forecast,658,Ground truth,8.09000015258789
ETTm1,720,1065,forecast,659,Ground truth,8.371000289916992
ETTm1,720,1065,forecast,660,Ground truth,8.442000389099121
ETTm1,720,1065,forecast,661,Ground truth,8.300999641418457
ETTm1,720,1065,forecast,662,Ground truth,8.51200008392334
ETTm1,720,1065,forecast,663,Ground truth,8.230999946594238
ETTm1,720,1065,forecast,664,Ground truth,8.020000457763672
ETTm1,720,1065,forecast,665,Ground truth,7.878999710083008
ETTm1,720,1065,forecast,666,Ground truth,7.878999710083008
ETTm1,720,1065,forecast,667,Ground truth,7.878999710083008
ETTm1,720,1065,forecast,668,Ground truth,8.09000015258789
ETTm1,720,1065,forecast,669,Ground truth,8.15999984741211
ETTm1,720,1065,forecast,670,Ground truth,7.668000221252441
ETTm1,720,1065,forecast,671,Ground truth,7.315999984741211
ETTm1,720,1065,forecast,672,Ground truth,7.1050004959106445
ETTm1,720,1065,forecast,673,Ground truth,6.9639997482299805
ETTm1,720,1065,forecast,674,Ground truth,6.824000358581543
ETTm1,720,1065,forecast,675,Ground truth,6.752999305725098
ETTm1,720,1065,forecast,676,Ground truth,6.613000869750977
ETTm1,720,1065,forecast,677,Ground truth,6.824000358581543
ETTm1,720,1065,forecast,678,Ground truth,6.752999305725098
ETTm1,720,1065,forecast,679,Ground truth,6.613000869750977
ETTm1,720,1065,forecast,680,Ground truth,6.261000633239746
ETTm1,720,1065,forecast,681,Ground truth,6.261000633239746
ETTm1,720,1065,forecast,682,Ground truth,5.979000091552734
ETTm1,720,1065,forecast,683,Ground truth,5.979000091552734
ETTm1,720,1065,forecast,684,Ground truth,5.697999954223633
ETTm1,720,1065,forecast,685,Ground truth,5.909000396728516
ETTm1,720,1065,forecast,686,Ground truth,5.697999954223633
ETTm1,720,1065,forecast,687,Ground truth,5.627999305725098
ETTm1,720,1065,forecast,688,Ground truth,5.557000160217285
ETTm1,720,1065,forecast,689,Ground truth,5.767999649047852
ETTm1,720,1065,forecast,690,Ground truth,5.979000091552734
ETTm1,720,1065,forecast,691,Ground truth,5.627999305725098
ETTm1,720,1065,forecast,692,Ground truth,6.050000190734863
ETTm1,720,1065,forecast,693,Ground truth,6.119999885559082
ETTm1,720,1065,forecast,694,Ground truth,5.697999954223633
ETTm1,720,1065,forecast,695,Ground truth,6.050000190734863
ETTm1,720,1065,forecast,696,Ground truth,5.839000701904297
ETTm1,720,1065,forecast,697,Ground truth,6.050000190734863
ETTm1,720,1065,forecast,698,Ground truth,5.909000396728516
ETTm1,720,1065,forecast,699,Ground truth,6.261000633239746
ETTm1,720,1065,forecast,700,Ground truth,6.261000633239746
ETTm1,720,1065,forecast,701,Ground truth,6.331000328063965
ETTm1,720,1065,forecast,702,Ground truth,6.683000564575195
ETTm1,720,1065,forecast,703,Ground truth,7.034999847412109
ETTm1,720,1065,forecast,704,Ground truth,7.034999847412109
ETTm1,720,1065,forecast,705,Ground truth,7.315999984741211
ETTm1,720,1065,forecast,706,Ground truth,7.1050004959106445
ETTm1,720,1065,forecast,707,Ground truth,7.1050004959106445
ETTm1,720,1065,forecast,708,Ground truth,7.1050004959106445
ETTm1,720,1065,forecast,709,Ground truth,7.456999778747559
ETTm1,720,1065,forecast,710,Ground truth,7.73799991607666
ETTm1,720,1065,forecast,711,Ground truth,7.73799991607666
ETTm1,720,1065,forecast,712,Ground truth,8.020000457763672
ETTm1,720,1065,forecast,713,Ground truth,8.020000457763672
ETTm1,720,1065,forecast,714,Ground truth,8.371000289916992
ETTm1,720,1065,forecast,715,Ground truth,9.496999740600586
ETTm1,720,1065,forecast,716,Ground truth,9.074999809265137
ETTm1,720,1065,forecast,717,Ground truth,8.51200008392334
ETTm1,720,1065,forecast,718,Ground truth,8.86400032043457
ETTm1,720,1065,forecast,719,Ground truth,8.722999572753906
ETTm1,720,1065,forecast,0,TimeRole,7.426103591918945
ETTm1,720,1065,forecast,1,TimeRole,7.605401992797852
ETTm1,720,1065,forecast,2,TimeRole,7.685035705566406
ETTm1,720,1065,forecast,3,TimeRole,7.979395866394043
ETTm1,720,1065,forecast,4,TimeRole,7.976581573486328
ETTm1,720,1065,forecast,5,TimeRole,8.081364631652832
ETTm1,720,1065,forecast,6,TimeRole,8.138060569763184
ETTm1,720,1065,forecast,7,TimeRole,7.994175910949707
ETTm1,720,1065,forecast,8,TimeRole,8.014778137207031
ETTm1,720,1065,forecast,9,TimeRole,8.012866973876953
ETTm1,720,1065,forecast,10,TimeRole,8.177224159240723
ETTm1,720,1065,forecast,11,TimeRole,8.224395751953125
ETTm1,720,1065,forecast,12,TimeRole,8.19645881652832
ETTm1,720,1065,forecast,13,TimeRole,8.24355697631836
ETTm1,720,1065,forecast,14,TimeRole,8.351369857788086
ETTm1,720,1065,forecast,15,TimeRole,8.43122386932373
ETTm1,720,1065,forecast,16,TimeRole,8.46001148223877
ETTm1,720,1065,forecast,17,TimeRole,8.593146324157715
ETTm1,720,1065,forecast,18,TimeRole,8.69256591796875
ETTm1,720,1065,forecast,19,TimeRole,8.793696403503418
ETTm1,720,1065,forecast,20,TimeRole,8.795374870300293
ETTm1,720,1065,forecast,21,TimeRole,8.811588287353516
ETTm1,720,1065,forecast,22,TimeRole,8.868812561035156
ETTm1,720,1065,forecast,23,TimeRole,8.925227165222168
ETTm1,720,1065,forecast,24,TimeRole,8.965070724487305
ETTm1,720,1065,forecast,25,TimeRole,8.98173713684082
ETTm1,720,1065,forecast,26,TimeRole,9.0319185256958
ETTm1,720,1065,forecast,27,TimeRole,9.0118989944458
ETTm1,720,1065,forecast,28,TimeRole,9.129927635192871
ETTm1,720,1065,forecast,29,TimeRole,9.230117797851562
ETTm1,720,1065,forecast,30,TimeRole,9.253094673156738
ETTm1,720,1065,forecast,31,TimeRole,9.411787986755371
ETTm1,720,1065,forecast,32,TimeRole,9.518973350524902
ETTm1,720,1065,forecast,33,TimeRole,9.461912155151367
ETTm1,720,1065,forecast,34,TimeRole,9.585953712463379
ETTm1,720,1065,forecast,35,TimeRole,9.500493049621582
ETTm1,720,1065,forecast,36,TimeRole,9.673643112182617
ETTm1,720,1065,forecast,37,TimeRole,9.559877395629883
ETTm1,720,1065,forecast,38,TimeRole,9.69331169128418
ETTm1,720,1065,forecast,39,TimeRole,9.67171859741211
ETTm1,720,1065,forecast,40,TimeRole,9.997177124023438
ETTm1,720,1065,forecast,41,TimeRole,10.23939323425293
ETTm1,720,1065,forecast,42,TimeRole,10.110369682312012
ETTm1,720,1065,forecast,43,TimeRole,10.275280952453613
ETTm1,720,1065,forecast,44,TimeRole,10.409570693969727
ETTm1,720,1065,forecast,45,TimeRole,10.241074562072754
ETTm1,720,1065,forecast,46,TimeRole,10.221085548400879
ETTm1,720,1065,forecast,47,TimeRole,10.363526344299316
ETTm1,720,1065,forecast,48,TimeRole,10.158059120178223
ETTm1,720,1065,forecast,49,TimeRole,10.079426765441895
ETTm1,720,1065,forecast,50,TimeRole,9.850663185119629
ETTm1,720,1065,forecast,51,TimeRole,10.116847038269043
ETTm1,720,1065,forecast,52,TimeRole,9.897025108337402
ETTm1,720,1065,forecast,53,TimeRole,9.70409107208252
ETTm1,720,1065,forecast,54,TimeRole,9.705121994018555
ETTm1,720,1065,forecast,55,TimeRole,9.847829818725586
ETTm1,720,1065,forecast,56,TimeRole,9.79443359375
ETTm1,720,1065,forecast,57,TimeRole,9.900461196899414
ETTm1,720,1065,forecast,58,TimeRole,9.780488014221191
ETTm1,720,1065,forecast,59,TimeRole,9.775609970092773
ETTm1,720,1065,forecast,60,TimeRole,9.737838745117188
ETTm1,720,1065,forecast,61,TimeRole,9.671468734741211
ETTm1,720,1065,forecast,62,TimeRole,9.544829368591309
ETTm1,720,1065,forecast,63,TimeRole,9.475305557250977
ETTm1,720,1065,forecast,64,TimeRole,9.381114959716797
ETTm1,720,1065,forecast,65,TimeRole,9.428321838378906
ETTm1,720,1065,forecast,66,TimeRole,9.325901985168457
ETTm1,720,1065,forecast,67,TimeRole,9.329460144042969
ETTm1,720,1065,forecast,68,TimeRole,9.246996879577637
ETTm1,720,1065,forecast,69,TimeRole,9.22921085357666
ETTm1,720,1065,forecast,70,TimeRole,9.317911148071289
ETTm1,720,1065,forecast,71,TimeRole,9.087708473205566
ETTm1,720,1065,forecast,72,TimeRole,9.292304039001465
ETTm1,720,1065,forecast,73,TimeRole,9.074413299560547
ETTm1,720,1065,forecast,74,TimeRole,8.957012176513672
ETTm1,720,1065,forecast,75,TimeRole,8.960450172424316
ETTm1,720,1065,forecast,76,TimeRole,8.996721267700195
ETTm1,720,1065,forecast,77,TimeRole,8.79283332824707
ETTm1,720,1065,forecast,78,TimeRole,8.775485038757324
ETTm1,720,1065,forecast,79,TimeRole,8.680434226989746
ETTm1,720,1065,forecast,80,TimeRole,8.589540481567383
ETTm1,720,1065,forecast,81,TimeRole,8.601495742797852
ETTm1,720,1065,forecast,82,TimeRole,8.581172943115234
ETTm1,720,1065,forecast,83,TimeRole,8.476825714111328
ETTm1,720,1065,forecast,84,TimeRole,8.467598915100098
ETTm1,720,1065,forecast,85,TimeRole,8.60173225402832
ETTm1,720,1065,forecast,86,TimeRole,8.42495059967041
ETTm1,720,1065,forecast,87,TimeRole,8.525716781616211
ETTm1,720,1065,forecast,88,TimeRole,8.54677963256836
ETTm1,720,1065,forecast,89,TimeRole,8.389067649841309
ETTm1,720,1065,forecast,90,TimeRole,8.272602081298828
ETTm1,720,1065,forecast,91,TimeRole,8.27379035949707
ETTm1,720,1065,forecast,92,TimeRole,8.387982368469238
ETTm1,720,1065,forecast,93,TimeRole,8.220027923583984
ETTm1,720,1065,forecast,94,TimeRole,8.251384735107422
ETTm1,720,1065,forecast,95,TimeRole,8.350878715515137
ETTm1,720,1065,forecast,96,TimeRole,8.38017749786377
ETTm1,720,1065,forecast,97,TimeRole,8.551298141479492
ETTm1,720,1065,forecast,98,TimeRole,8.607608795166016
ETTm1,720,1065,forecast,99,TimeRole,8.692349433898926
ETTm1,720,1065,forecast,100,TimeRole,8.831626892089844
ETTm1,720,1065,forecast,101,TimeRole,8.949263572692871
ETTm1,720,1065,forecast,102,TimeRole,9.00617790222168
ETTm1,720,1065,forecast,103,TimeRole,8.949135780334473
ETTm1,720,1065,forecast,104,TimeRole,8.845405578613281
ETTm1,720,1065,forecast,105,TimeRole,8.769001960754395
ETTm1,720,1065,forecast,106,TimeRole,8.863027572631836
ETTm1,720,1065,forecast,107,TimeRole,8.726585388183594
ETTm1,720,1065,forecast,108,TimeRole,8.778340339660645
ETTm1,720,1065,forecast,109,TimeRole,8.90762996673584
ETTm1,720,1065,forecast,110,TimeRole,9.01380729675293
ETTm1,720,1065,forecast,111,TimeRole,9.09794807434082
ETTm1,720,1065,forecast,112,TimeRole,9.12552547454834
ETTm1,720,1065,forecast,113,TimeRole,9.228452682495117
ETTm1,720,1065,forecast,114,TimeRole,9.12822151184082
ETTm1,720,1065,forecast,115,TimeRole,9.159234046936035
ETTm1,720,1065,forecast,116,TimeRole,9.223489761352539
ETTm1,720,1065,forecast,117,TimeRole,9.141840934753418
ETTm1,720,1065,forecast,118,TimeRole,9.284852027893066
ETTm1,720,1065,forecast,119,TimeRole,9.159126281738281
ETTm1,720,1065,forecast,120,TimeRole,9.20232105255127
ETTm1,720,1065,forecast,121,TimeRole,9.208203315734863
ETTm1,720,1065,forecast,122,TimeRole,9.3056058883667
ETTm1,720,1065,forecast,123,TimeRole,9.250292778015137
ETTm1,720,1065,forecast,124,TimeRole,9.472748756408691
ETTm1,720,1065,forecast,125,TimeRole,9.508413314819336
ETTm1,720,1065,forecast,126,TimeRole,9.66309642791748
ETTm1,720,1065,forecast,127,TimeRole,9.615694999694824
ETTm1,720,1065,forecast,128,TimeRole,9.618021965026855
ETTm1,720,1065,forecast,129,TimeRole,9.584094047546387
ETTm1,720,1065,forecast,130,TimeRole,9.660989761352539
ETTm1,720,1065,forecast,131,TimeRole,9.627568244934082
ETTm1,720,1065,forecast,132,TimeRole,9.889500617980957
ETTm1,720,1065,forecast,133,TimeRole,9.790060043334961
ETTm1,720,1065,forecast,134,TimeRole,9.900555610656738
ETTm1,720,1065,forecast,135,TimeRole,9.963423728942871
ETTm1,720,1065,forecast,136,TimeRole,10.114121437072754
ETTm1,720,1065,forecast,137,TimeRole,10.128495216369629
ETTm1,720,1065,forecast,138,TimeRole,10.166855812072754
ETTm1,720,1065,forecast,139,TimeRole,10.313328742980957
ETTm1,720,1065,forecast,140,TimeRole,10.40699577331543
ETTm1,720,1065,forecast,141,TimeRole,10.47541618347168
ETTm1,720,1065,forecast,142,TimeRole,10.414861679077148
ETTm1,720,1065,forecast,143,TimeRole,10.307258605957031
ETTm1,720,1065,forecast,144,TimeRole,10.375669479370117
ETTm1,720,1065,forecast,145,TimeRole,10.265687942504883
ETTm1,720,1065,forecast,146,TimeRole,10.052851676940918
ETTm1,720,1065,forecast,147,TimeRole,10.06991195678711
ETTm1,720,1065,forecast,148,TimeRole,10.1765775680542
ETTm1,720,1065,forecast,149,TimeRole,10.178315162658691
ETTm1,720,1065,forecast,150,TimeRole,9.983817100524902
ETTm1,720,1065,forecast,151,TimeRole,9.900066375732422
ETTm1,720,1065,forecast,152,TimeRole,10.04151725769043
ETTm1,720,1065,forecast,153,TimeRole,9.979570388793945
ETTm1,720,1065,forecast,154,TimeRole,10.03722095489502
ETTm1,720,1065,forecast,155,TimeRole,10.03678035736084
ETTm1,720,1065,forecast,156,TimeRole,9.999515533447266
ETTm1,720,1065,forecast,157,TimeRole,9.793851852416992
ETTm1,720,1065,forecast,158,TimeRole,9.703266143798828
ETTm1,720,1065,forecast,159,TimeRole,9.630204200744629
ETTm1,720,1065,forecast,160,TimeRole,9.453743934631348
ETTm1,720,1065,forecast,161,TimeRole,9.3570556640625
ETTm1,720,1065,forecast,162,TimeRole,9.187594413757324
ETTm1,720,1065,forecast,163,TimeRole,9.34200668334961
ETTm1,720,1065,forecast,164,TimeRole,9.251866340637207
ETTm1,720,1065,forecast,165,TimeRole,9.16494369506836
ETTm1,720,1065,forecast,166,TimeRole,9.192651748657227
ETTm1,720,1065,forecast,167,TimeRole,8.979475021362305
ETTm1,720,1065,forecast,168,TimeRole,8.962727546691895
ETTm1,720,1065,forecast,169,TimeRole,9.040879249572754
ETTm1,720,1065,forecast,170,TimeRole,9.062708854675293
ETTm1,720,1065,forecast,171,TimeRole,9.008874893188477
ETTm1,720,1065,forecast,172,TimeRole,8.838618278503418
ETTm1,720,1065,forecast,173,TimeRole,8.694230079650879
ETTm1,720,1065,forecast,174,TimeRole,8.688060760498047
ETTm1,720,1065,forecast,175,TimeRole,8.732839584350586
ETTm1,720,1065,forecast,176,TimeRole,8.726507186889648
ETTm1,720,1065,forecast,177,TimeRole,8.751530647277832
ETTm1,720,1065,forecast,178,TimeRole,8.576774597167969
ETTm1,720,1065,forecast,179,TimeRole,8.630054473876953
ETTm1,720,1065,forecast,180,TimeRole,8.577994346618652
ETTm1,720,1065,forecast,181,TimeRole,8.706782341003418
ETTm1,720,1065,forecast,182,TimeRole,8.687862396240234
ETTm1,720,1065,forecast,183,TimeRole,8.491096496582031
ETTm1,720,1065,forecast,184,TimeRole,8.597909927368164
ETTm1,720,1065,forecast,185,TimeRole,8.37205982208252
ETTm1,720,1065,forecast,186,TimeRole,8.460426330566406
ETTm1,720,1065,forecast,187,TimeRole,8.400909423828125
ETTm1,720,1065,forecast,188,TimeRole,8.335275650024414
ETTm1,720,1065,forecast,189,TimeRole,8.463326454162598
ETTm1,720,1065,forecast,190,TimeRole,8.490642547607422
ETTm1,720,1065,forecast,191,TimeRole,8.644152641296387
ETTm1,720,1065,forecast,192,TimeRole,8.71237850189209
ETTm1,720,1065,forecast,193,TimeRole,9.068735122680664
ETTm1,720,1065,forecast,194,TimeRole,9.133891105651855
ETTm1,720,1065,forecast,195,TimeRole,9.109439849853516
ETTm1,720,1065,forecast,196,TimeRole,9.107319831848145
ETTm1,720,1065,forecast,197,TimeRole,9.171011924743652
ETTm1,720,1065,forecast,198,TimeRole,9.185510635375977
ETTm1,720,1065,forecast,199,TimeRole,9.155776977539062
ETTm1,720,1065,forecast,200,TimeRole,9.283513069152832
ETTm1,720,1065,forecast,201,TimeRole,9.098398208618164
ETTm1,720,1065,forecast,202,TimeRole,9.009356498718262
ETTm1,720,1065,forecast,203,TimeRole,9.037633895874023
ETTm1,720,1065,forecast,204,TimeRole,9.223204612731934
ETTm1,720,1065,forecast,205,TimeRole,9.274035453796387
ETTm1,720,1065,forecast,206,TimeRole,9.150876998901367
ETTm1,720,1065,forecast,207,TimeRole,9.304758071899414
ETTm1,720,1065,forecast,208,TimeRole,9.37908935546875
ETTm1,720,1065,forecast,209,TimeRole,9.419148445129395
ETTm1,720,1065,forecast,210,TimeRole,9.449503898620605
ETTm1,720,1065,forecast,211,TimeRole,9.350772857666016
ETTm1,720,1065,forecast,212,TimeRole,9.557811737060547
ETTm1,720,1065,forecast,213,TimeRole,9.523455619812012
ETTm1,720,1065,forecast,214,TimeRole,9.362203598022461
ETTm1,720,1065,forecast,215,TimeRole,9.337569236755371
ETTm1,720,1065,forecast,216,TimeRole,9.462284088134766
ETTm1,720,1065,forecast,217,TimeRole,9.59389591217041
ETTm1,720,1065,forecast,218,TimeRole,9.422624588012695
ETTm1,720,1065,forecast,219,TimeRole,9.328557968139648
ETTm1,720,1065,forecast,220,TimeRole,9.598265647888184
ETTm1,720,1065,forecast,221,TimeRole,9.57175350189209
ETTm1,720,1065,forecast,222,TimeRole,9.731040954589844
ETTm1,720,1065,forecast,223,TimeRole,9.703165054321289
ETTm1,720,1065,forecast,224,TimeRole,9.644493103027344
ETTm1,720,1065,forecast,225,TimeRole,9.721261024475098
ETTm1,720,1065,forecast,226,TimeRole,9.692132949829102
ETTm1,720,1065,forecast,227,TimeRole,9.861741065979004
ETTm1,720,1065,forecast,228,TimeRole,9.851252555847168
ETTm1,720,1065,forecast,229,TimeRole,10.09140396118164
ETTm1,720,1065,forecast,230,TimeRole,9.992321014404297
ETTm1,720,1065,forecast,231,TimeRole,10.218433380126953
ETTm1,720,1065,forecast,232,TimeRole,10.351198196411133
ETTm1,720,1065,forecast,233,TimeRole,10.307031631469727
ETTm1,720,1065,forecast,234,TimeRole,10.534862518310547
ETTm1,720,1065,forecast,235,TimeRole,10.598785400390625
ETTm1,720,1065,forecast,236,TimeRole,10.66229248046875
ETTm1,720,1065,forecast,237,TimeRole,10.740745544433594
ETTm1,720,1065,forecast,238,TimeRole,10.60024356842041
ETTm1,720,1065,forecast,239,TimeRole,10.651165962219238
ETTm1,720,1065,forecast,240,TimeRole,10.433751106262207
ETTm1,720,1065,forecast,241,TimeRole,10.501036643981934
ETTm1,720,1065,forecast,242,TimeRole,10.462471008300781
ETTm1,720,1065,forecast,243,TimeRole,10.329266548156738
ETTm1,720,1065,forecast,244,TimeRole,10.313304901123047
ETTm1,720,1065,forecast,245,TimeRole,10.371671676635742
ETTm1,720,1065,forecast,246,TimeRole,10.341019630432129
ETTm1,720,1065,forecast,247,TimeRole,10.202539443969727
ETTm1,720,1065,forecast,248,TimeRole,10.192246437072754
ETTm1,720,1065,forecast,249,TimeRole,10.08031940460205
ETTm1,720,1065,forecast,250,TimeRole,10.116785049438477
ETTm1,720,1065,forecast,251,TimeRole,10.119630813598633
ETTm1,720,1065,forecast,252,TimeRole,10.097829818725586
ETTm1,720,1065,forecast,253,TimeRole,9.9313325881958
ETTm1,720,1065,forecast,254,TimeRole,9.75228500366211
ETTm1,720,1065,forecast,255,TimeRole,9.666608810424805
ETTm1,720,1065,forecast,256,TimeRole,9.580405235290527
ETTm1,720,1065,forecast,257,TimeRole,9.61383056640625
ETTm1,720,1065,forecast,258,TimeRole,9.528264999389648
ETTm1,720,1065,forecast,259,TimeRole,9.550382614135742
ETTm1,720,1065,forecast,260,TimeRole,9.690781593322754
ETTm1,720,1065,forecast,261,TimeRole,9.541634559631348
ETTm1,720,1065,forecast,262,TimeRole,9.508519172668457
ETTm1,720,1065,forecast,263,TimeRole,9.617267608642578
ETTm1,720,1065,forecast,264,TimeRole,9.435090065002441
ETTm1,720,1065,forecast,265,TimeRole,9.53100299835205
ETTm1,720,1065,forecast,266,TimeRole,9.43852710723877
ETTm1,720,1065,forecast,267,TimeRole,9.4020414352417
ETTm1,720,1065,forecast,268,TimeRole,9.292901039123535
ETTm1,720,1065,forecast,269,TimeRole,9.179136276245117
ETTm1,720,1065,forecast,270,TimeRole,9.271136283874512
ETTm1,720,1065,forecast,271,TimeRole,9.067347526550293
ETTm1,720,1065,forecast,272,TimeRole,9.073463439941406
ETTm1,720,1065,forecast,273,TimeRole,9.1707181930542
ETTm1,720,1065,forecast,274,TimeRole,8.932103157043457
ETTm1,720,1065,forecast,275,TimeRole,8.931852340698242
ETTm1,720,1065,forecast,276,TimeRole,9.149768829345703
ETTm1,720,1065,forecast,277,TimeRole,8.958600044250488
ETTm1,720,1065,forecast,278,TimeRole,8.89132308959961
ETTm1,720,1065,forecast,279,TimeRole,8.800849914550781
ETTm1,720,1065,forecast,280,TimeRole,8.911903381347656
ETTm1,720,1065,forecast,281,TimeRole,8.964088439941406
ETTm1,720,1065,forecast,282,TimeRole,8.753384590148926
ETTm1,720,1065,forecast,283,TimeRole,8.746491432189941
ETTm1,720,1065,forecast,284,TimeRole,8.780213356018066
ETTm1,720,1065,forecast,285,TimeRole,8.729595184326172
ETTm1,720,1065,forecast,286,TimeRole,9.01707935333252
ETTm1,720,1065,forecast,287,TimeRole,9.101595878601074
ETTm1,720,1065,forecast,288,TimeRole,9.167713165283203
ETTm1,720,1065,forecast,289,TimeRole,9.253273010253906
ETTm1,720,1065,forecast,290,TimeRole,9.446734428405762
ETTm1,720,1065,forecast,291,TimeRole,9.31509017944336
ETTm1,720,1065,forecast,292,TimeRole,9.417264938354492
ETTm1,720,1065,forecast,293,TimeRole,9.494776725769043
ETTm1,720,1065,forecast,294,TimeRole,9.576244354248047
ETTm1,720,1065,forecast,295,TimeRole,9.368287086486816
ETTm1,720,1065,forecast,296,TimeRole,9.379819869995117
ETTm1,720,1065,forecast,297,TimeRole,9.243447303771973
ETTm1,720,1065,forecast,298,TimeRole,9.229671478271484
ETTm1,720,1065,forecast,299,TimeRole,9.179879188537598
ETTm1,720,1065,forecast,300,TimeRole,9.457582473754883
ETTm1,720,1065,forecast,301,TimeRole,9.487550735473633
ETTm1,720,1065,forecast,302,TimeRole,9.28707504272461
ETTm1,720,1065,forecast,303,TimeRole,9.369060516357422
ETTm1,720,1065,forecast,304,TimeRole,9.534883499145508
ETTm1,720,1065,forecast,305,TimeRole,9.586224555969238
ETTm1,720,1065,forecast,306,TimeRole,9.631490707397461
ETTm1,720,1065,forecast,307,TimeRole,9.484023094177246
ETTm1,720,1065,forecast,308,TimeRole,9.563034057617188
ETTm1,720,1065,forecast,309,TimeRole,9.421634674072266
ETTm1,720,1065,forecast,310,TimeRole,9.47756290435791
ETTm1,720,1065,forecast,311,TimeRole,9.62414264678955
ETTm1,720,1065,forecast,312,TimeRole,9.58686351776123
ETTm1,720,1065,forecast,313,TimeRole,9.581196784973145
ETTm1,720,1065,forecast,314,TimeRole,9.49289608001709
ETTm1,720,1065,forecast,315,TimeRole,9.536955833435059
ETTm1,720,1065,forecast,316,TimeRole,9.55626106262207
ETTm1,720,1065,forecast,317,TimeRole,9.736127853393555
ETTm1,720,1065,forecast,318,TimeRole,9.768228530883789
ETTm1,720,1065,forecast,319,TimeRole,9.692362785339355
ETTm1,720,1065,forecast,320,TimeRole,9.927519798278809
ETTm1,720,1065,forecast,321,TimeRole,9.703032493591309
ETTm1,720,1065,forecast,322,TimeRole,9.898773193359375
ETTm1,720,1065,forecast,323,TimeRole,10.00558853149414
ETTm1,720,1065,forecast,324,TimeRole,9.791362762451172
ETTm1,720,1065,forecast,325,TimeRole,10.046029090881348
ETTm1,720,1065,forecast,326,TimeRole,10.042594909667969
ETTm1,720,1065,forecast,327,TimeRole,10.133094787597656
ETTm1,720,1065,forecast,328,TimeRole,10.30907154083252
ETTm1,720,1065,forecast,329,TimeRole,10.371926307678223
ETTm1,720,1065,forecast,330,TimeRole,10.430809020996094
ETTm1,720,1065,forecast,331,TimeRole,10.48947811126709
ETTm1,720,1065,forecast,332,TimeRole,10.719374656677246
ETTm1,720,1065,forecast,333,TimeRole,10.647624015808105
ETTm1,720,1065,forecast,334,TimeRole,10.689437866210938
ETTm1,720,1065,forecast,335,TimeRole,10.783463478088379
ETTm1,720,1065,forecast,336,TimeRole,10.512489318847656
ETTm1,720,1065,forecast,337,TimeRole,10.581674575805664
ETTm1,720,1065,forecast,338,TimeRole,10.493185997009277
ETTm1,720,1065,forecast,339,TimeRole,10.265278816223145
ETTm1,720,1065,forecast,340,TimeRole,10.320955276489258
ETTm1,720,1065,forecast,341,TimeRole,10.153829574584961
ETTm1,720,1065,forecast,342,TimeRole,10.307788848876953
ETTm1,720,1065,forecast,343,TimeRole,10.137665748596191
ETTm1,720,1065,forecast,344,TimeRole,10.35497760772705
ETTm1,720,1065,forecast,345,TimeRole,10.22651481628418
ETTm1,720,1065,forecast,346,TimeRole,10.210831642150879
ETTm1,720,1065,forecast,347,TimeRole,10.203853607177734
ETTm1,720,1065,forecast,348,TimeRole,10.16934871673584
ETTm1,720,1065,forecast,349,TimeRole,10.082282066345215
ETTm1,720,1065,forecast,350,TimeRole,9.975225448608398
ETTm1,720,1065,forecast,351,TimeRole,9.999560356140137
ETTm1,720,1065,forecast,352,TimeRole,9.874393463134766
ETTm1,720,1065,forecast,353,TimeRole,9.746282577514648
ETTm1,720,1065,forecast,354,TimeRole,9.809407234191895
ETTm1,720,1065,forecast,355,TimeRole,9.711211204528809
ETTm1,720,1065,forecast,356,TimeRole,9.635002136230469
ETTm1,720,1065,forecast,357,TimeRole,9.562596321105957
ETTm1,720,1065,forecast,358,TimeRole,9.567902565002441
ETTm1,720,1065,forecast,359,TimeRole,9.745596885681152
ETTm1,720,1065,forecast,360,TimeRole,9.706382751464844
ETTm1,720,1065,forecast,361,TimeRole,9.660503387451172
ETTm1,720,1065,forecast,362,TimeRole,9.562788009643555
ETTm1,720,1065,forecast,363,TimeRole,9.437703132629395
ETTm1,720,1065,forecast,364,TimeRole,9.306964874267578
ETTm1,720,1065,forecast,365,TimeRole,9.43388843536377
ETTm1,720,1065,forecast,366,TimeRole,9.327739715576172
ETTm1,720,1065,forecast,367,TimeRole,9.357368469238281
ETTm1,720,1065,forecast,368,TimeRole,9.227015495300293
ETTm1,720,1065,forecast,369,TimeRole,9.275436401367188
ETTm1,720,1065,forecast,370,TimeRole,9.17103099822998
ETTm1,720,1065,forecast,371,TimeRole,9.243067741394043
ETTm1,720,1065,forecast,372,TimeRole,9.086692810058594
ETTm1,720,1065,forecast,373,TimeRole,9.374109268188477
ETTm1,720,1065,forecast,374,TimeRole,9.164776802062988
ETTm1,720,1065,forecast,375,TimeRole,9.15042495727539
ETTm1,720,1065,forecast,376,TimeRole,9.379676818847656
ETTm1,720,1065,forecast,377,TimeRole,9.093107223510742
ETTm1,720,1065,forecast,378,TimeRole,9.118185997009277
ETTm1,720,1065,forecast,379,TimeRole,8.947623252868652
ETTm1,720,1065,forecast,380,TimeRole,9.00096321105957
ETTm1,720,1065,forecast,381,TimeRole,8.957172393798828
ETTm1,720,1065,forecast,382,TimeRole,8.994312286376953
ETTm1,720,1065,forecast,383,TimeRole,9.118939399719238
ETTm1,720,1065,forecast,384,TimeRole,9.184602737426758
ETTm1,720,1065,forecast,385,TimeRole,9.474813461303711
ETTm1,720,1065,forecast,386,TimeRole,9.47876262664795
ETTm1,720,1065,forecast,387,TimeRole,9.603874206542969
ETTm1,720,1065,forecast,388,TimeRole,9.589231491088867
ETTm1,720,1065,forecast,389,TimeRole,9.747424125671387
ETTm1,720,1065,forecast,390,TimeRole,9.673453330993652
ETTm1,720,1065,forecast,391,TimeRole,9.61710262298584
ETTm1,720,1065,forecast,392,TimeRole,9.398022651672363
ETTm1,720,1065,forecast,393,TimeRole,9.481229782104492
ETTm1,720,1065,forecast,394,TimeRole,9.361688613891602
ETTm1,720,1065,forecast,395,TimeRole,9.350732803344727
ETTm1,720,1065,forecast,396,TimeRole,9.416220664978027
ETTm1,720,1065,forecast,397,TimeRole,9.4194974899292
ETTm1,720,1065,forecast,398,TimeRole,9.354230880737305
ETTm1,720,1065,forecast,399,TimeRole,9.83138656616211
ETTm1,720,1065,forecast,400,TimeRole,9.804771423339844
ETTm1,720,1065,forecast,401,TimeRole,9.739178657531738
ETTm1,720,1065,forecast,402,TimeRole,9.6925630569458
ETTm1,720,1065,forecast,403,TimeRole,9.757331848144531
ETTm1,720,1065,forecast,404,TimeRole,9.61333179473877
ETTm1,720,1065,forecast,405,TimeRole,9.674400329589844
ETTm1,720,1065,forecast,406,TimeRole,9.558307647705078
ETTm1,720,1065,forecast,407,TimeRole,9.713006973266602
ETTm1,720,1065,forecast,408,TimeRole,9.790338516235352
ETTm1,720,1065,forecast,409,TimeRole,9.744510650634766
ETTm1,720,1065,forecast,410,TimeRole,9.51457691192627
ETTm1,720,1065,forecast,411,TimeRole,9.673115730285645
ETTm1,720,1065,forecast,412,TimeRole,9.640124320983887
ETTm1,720,1065,forecast,413,TimeRole,9.738861083984375
ETTm1,720,1065,forecast,414,TimeRole,9.998868942260742
ETTm1,720,1065,forecast,415,TimeRole,10.111308097839355
ETTm1,720,1065,forecast,416,TimeRole,10.012300491333008
ETTm1,720,1065,forecast,417,TimeRole,10.093563079833984
ETTm1,720,1065,forecast,418,TimeRole,10.102416038513184
ETTm1,720,1065,forecast,419,TimeRole,10.079873085021973
ETTm1,720,1065,forecast,420,TimeRole,10.266050338745117
ETTm1,720,1065,forecast,421,TimeRole,10.270715713500977
ETTm1,720,1065,forecast,422,TimeRole,10.406848907470703
ETTm1,720,1065,forecast,423,TimeRole,10.444344520568848
ETTm1,720,1065,forecast,424,TimeRole,10.439538955688477
ETTm1,720,1065,forecast,425,TimeRole,10.59388542175293
ETTm1,720,1065,forecast,426,TimeRole,10.750679969787598
ETTm1,720,1065,forecast,427,TimeRole,10.810870170593262
ETTm1,720,1065,forecast,428,TimeRole,10.854764938354492
ETTm1,720,1065,forecast,429,TimeRole,10.894076347351074
ETTm1,720,1065,forecast,430,TimeRole,10.790154457092285
ETTm1,720,1065,forecast,431,TimeRole,10.78437328338623
ETTm1,720,1065,forecast,432,TimeRole,10.724211692810059
ETTm1,720,1065,forecast,433,TimeRole,10.742334365844727
ETTm1,720,1065,forecast,434,TimeRole,10.550098419189453
ETTm1,720,1065,forecast,435,TimeRole,10.752554893493652
ETTm1,720,1065,forecast,436,TimeRole,10.585671424865723
ETTm1,720,1065,forecast,437,TimeRole,10.550185203552246
ETTm1,720,1065,forecast,438,TimeRole,10.556358337402344
ETTm1,720,1065,forecast,439,TimeRole,10.42913818359375
ETTm1,720,1065,forecast,440,TimeRole,10.577534675598145
ETTm1,720,1065,forecast,441,TimeRole,10.481485366821289
ETTm1,720,1065,forecast,442,TimeRole,10.393662452697754
ETTm1,720,1065,forecast,443,TimeRole,10.353318214416504
ETTm1,720,1065,forecast,444,TimeRole,10.429414749145508
ETTm1,720,1065,forecast,445,TimeRole,10.25381088256836
ETTm1,720,1065,forecast,446,TimeRole,10.137347221374512
ETTm1,720,1065,forecast,447,TimeRole,10.048272132873535
ETTm1,720,1065,forecast,448,TimeRole,9.957841873168945
ETTm1,720,1065,forecast,449,TimeRole,9.96031379699707
ETTm1,720,1065,forecast,450,TimeRole,9.990293502807617
ETTm1,720,1065,forecast,451,TimeRole,9.865377426147461
ETTm1,720,1065,forecast,452,TimeRole,9.829215049743652
ETTm1,720,1065,forecast,453,TimeRole,9.825141906738281
ETTm1,720,1065,forecast,454,TimeRole,9.680706977844238
ETTm1,720,1065,forecast,455,TimeRole,9.837947845458984
ETTm1,720,1065,forecast,456,TimeRole,9.699441909790039
ETTm1,720,1065,forecast,457,TimeRole,9.628325462341309
ETTm1,720,1065,forecast,458,TimeRole,9.463537216186523
ETTm1,720,1065,forecast,459,TimeRole,9.572065353393555
ETTm1,720,1065,forecast,460,TimeRole,9.276145935058594
ETTm1,720,1065,forecast,461,TimeRole,9.42512035369873
ETTm1,720,1065,forecast,462,TimeRole,9.30878734588623
ETTm1,720,1065,forecast,463,TimeRole,9.301716804504395
ETTm1,720,1065,forecast,464,TimeRole,9.009389877319336
ETTm1,720,1065,forecast,465,TimeRole,9.11293888092041
ETTm1,720,1065,forecast,466,TimeRole,8.970901489257812
ETTm1,720,1065,forecast,467,TimeRole,9.048409461975098
ETTm1,720,1065,forecast,468,TimeRole,8.946723937988281
ETTm1,720,1065,forecast,469,TimeRole,8.986482620239258
ETTm1,720,1065,forecast,470,TimeRole,9.01696491241455
ETTm1,720,1065,forecast,471,TimeRole,9.011796951293945
ETTm1,720,1065,forecast,472,TimeRole,8.863686561584473
ETTm1,720,1065,forecast,473,TimeRole,8.89649486541748
ETTm1,720,1065,forecast,474,TimeRole,8.707829475402832
ETTm1,720,1065,forecast,475,TimeRole,8.768339157104492
ETTm1,720,1065,forecast,476,TimeRole,8.711994171142578
ETTm1,720,1065,forecast,477,TimeRole,8.5841703414917
ETTm1,720,1065,forecast,478,TimeRole,8.898335456848145
ETTm1,720,1065,forecast,479,TimeRole,9.016796112060547
ETTm1,720,1065,forecast,480,TimeRole,8.917017936706543
ETTm1,720,1065,forecast,481,TimeRole,9.26561164855957
ETTm1,720,1065,forecast,482,TimeRole,9.341084480285645
ETTm1,720,1065,forecast,483,TimeRole,9.173494338989258
ETTm1,720,1065,forecast,484,TimeRole,9.36164379119873
ETTm1,720,1065,forecast,485,TimeRole,9.464662551879883
ETTm1,720,1065,forecast,486,TimeRole,9.434083938598633
ETTm1,720,1065,forecast,487,TimeRole,9.414831161499023
ETTm1,720,1065,forecast,488,TimeRole,9.265310287475586
ETTm1,720,1065,forecast,489,TimeRole,9.213424682617188
ETTm1,720,1065,forecast,490,TimeRole,9.28177547454834
ETTm1,720,1065,forecast,491,TimeRole,9.33691120147705
ETTm1,720,1065,forecast,492,TimeRole,9.462478637695312
ETTm1,720,1065,forecast,493,TimeRole,9.544609069824219
ETTm1,720,1065,forecast,494,TimeRole,9.590039253234863
ETTm1,720,1065,forecast,495,TimeRole,9.430294036865234
ETTm1,720,1065,forecast,496,TimeRole,9.590229034423828
ETTm1,720,1065,forecast,497,TimeRole,9.563911437988281
ETTm1,720,1065,forecast,498,TimeRole,9.498006820678711
ETTm1,720,1065,forecast,499,TimeRole,9.700636863708496
ETTm1,720,1065,forecast,500,TimeRole,9.647565841674805
ETTm1,720,1065,forecast,501,TimeRole,9.560187339782715
ETTm1,720,1065,forecast,502,TimeRole,9.658469200134277
ETTm1,720,1065,forecast,503,TimeRole,9.366661071777344
ETTm1,720,1065,forecast,504,TimeRole,9.674365043640137
ETTm1,720,1065,forecast,505,TimeRole,9.555922508239746
ETTm1,720,1065,forecast,506,TimeRole,9.548619270324707
ETTm1,720,1065,forecast,507,TimeRole,9.638818740844727
ETTm1,720,1065,forecast,508,TimeRole,9.69604778289795
ETTm1,720,1065,forecast,509,TimeRole,9.570594787597656
ETTm1,720,1065,forecast,510,TimeRole,9.844261169433594
ETTm1,720,1065,forecast,511,TimeRole,9.634249687194824
ETTm1,720,1065,forecast,512,TimeRole,9.798656463623047
ETTm1,720,1065,forecast,513,TimeRole,9.899931907653809
ETTm1,720,1065,forecast,514,TimeRole,9.788505554199219
ETTm1,720,1065,forecast,515,TimeRole,9.945394515991211
ETTm1,720,1065,forecast,516,TimeRole,9.991052627563477
ETTm1,720,1065,forecast,517,TimeRole,10.05790901184082
ETTm1,720,1065,forecast,518,TimeRole,9.880789756774902
ETTm1,720,1065,forecast,519,TimeRole,10.088372230529785
ETTm1,720,1065,forecast,520,TimeRole,10.282410621643066
ETTm1,720,1065,forecast,521,TimeRole,10.386585235595703
ETTm1,720,1065,forecast,522,TimeRole,10.373028755187988
ETTm1,720,1065,forecast,523,TimeRole,10.663301467895508
ETTm1,720,1065,forecast,524,TimeRole,10.755719184875488
ETTm1,720,1065,forecast,525,TimeRole,10.575743675231934
ETTm1,720,1065,forecast,526,TimeRole,10.611366271972656
ETTm1,720,1065,forecast,527,TimeRole,10.742782592773438
ETTm1,720,1065,forecast,528,TimeRole,10.707457542419434
ETTm1,720,1065,forecast,529,TimeRole,10.371711730957031
ETTm1,720,1065,forecast,530,TimeRole,10.401080131530762
ETTm1,720,1065,forecast,531,TimeRole,10.39123249053955
ETTm1,720,1065,forecast,532,TimeRole,10.291275024414062
ETTm1,720,1065,forecast,533,TimeRole,10.178879737854004
ETTm1,720,1065,forecast,534,TimeRole,10.290447235107422
ETTm1,720,1065,forecast,535,TimeRole,10.14362621307373
ETTm1,720,1065,forecast,536,TimeRole,10.237908363342285
ETTm1,720,1065,forecast,537,TimeRole,10.30901050567627
ETTm1,720,1065,forecast,538,TimeRole,10.206073760986328
ETTm1,720,1065,forecast,539,TimeRole,10.16110897064209
ETTm1,720,1065,forecast,540,TimeRole,10.137633323669434
ETTm1,720,1065,forecast,541,TimeRole,10.1980562210083
ETTm1,720,1065,forecast,542,TimeRole,9.808614730834961
ETTm1,720,1065,forecast,543,TimeRole,10.014618873596191
ETTm1,720,1065,forecast,544,TimeRole,9.964940071105957
ETTm1,720,1065,forecast,545,TimeRole,9.593228340148926
ETTm1,720,1065,forecast,546,TimeRole,9.68128490447998
ETTm1,720,1065,forecast,547,TimeRole,9.766206741333008
ETTm1,720,1065,forecast,548,TimeRole,9.76880931854248
ETTm1,720,1065,forecast,549,TimeRole,9.51391315460205
ETTm1,720,1065,forecast,550,TimeRole,9.639579772949219
ETTm1,720,1065,forecast,551,TimeRole,9.701884269714355
ETTm1,720,1065,forecast,552,TimeRole,9.647969245910645
ETTm1,720,1065,forecast,553,TimeRole,9.41645336151123
ETTm1,720,1065,forecast,554,TimeRole,9.551687240600586
ETTm1,720,1065,forecast,555,TimeRole,9.571783065795898
ETTm1,720,1065,forecast,556,TimeRole,9.406342506408691
ETTm1,720,1065,forecast,557,TimeRole,9.34050464630127
ETTm1,720,1065,forecast,558,TimeRole,9.275915145874023
ETTm1,720,1065,forecast,559,TimeRole,9.135973930358887
ETTm1,720,1065,forecast,560,TimeRole,9.251662254333496
ETTm1,720,1065,forecast,561,TimeRole,9.123191833496094
ETTm1,720,1065,forecast,562,TimeRole,9.13841438293457
ETTm1,720,1065,forecast,563,TimeRole,9.119850158691406
ETTm1,720,1065,forecast,564,TimeRole,9.387238502502441
ETTm1,720,1065,forecast,565,TimeRole,9.11909294128418
ETTm1,720,1065,forecast,566,TimeRole,9.149670600891113
ETTm1,720,1065,forecast,567,TimeRole,9.072075843811035
ETTm1,720,1065,forecast,568,TimeRole,9.158056259155273
ETTm1,720,1065,forecast,569,TimeRole,9.013976097106934
ETTm1,720,1065,forecast,570,TimeRole,9.050177574157715
ETTm1,720,1065,forecast,571,TimeRole,8.943990707397461
ETTm1,720,1065,forecast,572,TimeRole,8.877872467041016
ETTm1,720,1065,forecast,573,TimeRole,8.883781433105469
ETTm1,720,1065,forecast,574,TimeRole,9.110308647155762
ETTm1,720,1065,forecast,575,TimeRole,9.10634994506836
ETTm1,720,1065,forecast,576,TimeRole,9.285170555114746
ETTm1,720,1065,forecast,577,TimeRole,9.385407447814941
ETTm1,720,1065,forecast,578,TimeRole,9.467233657836914
ETTm1,720,1065,forecast,579,TimeRole,9.666690826416016
ETTm1,720,1065,forecast,580,TimeRole,9.614230155944824
ETTm1,720,1065,forecast,581,TimeRole,9.82091999053955
ETTm1,720,1065,forecast,582,TimeRole,9.716089248657227
ETTm1,720,1065,forecast,583,TimeRole,9.713700294494629
ETTm1,720,1065,forecast,584,TimeRole,9.467740058898926
ETTm1,720,1065,forecast,585,TimeRole,9.401572227478027
ETTm1,720,1065,forecast,586,TimeRole,9.403766632080078
ETTm1,720,1065,forecast,587,TimeRole,9.575092315673828
ETTm1,720,1065,forecast,588,TimeRole,9.542830467224121
ETTm1,720,1065,forecast,589,TimeRole,9.45778751373291
ETTm1,720,1065,forecast,590,TimeRole,9.512333869934082
ETTm1,720,1065,forecast,591,TimeRole,9.623194694519043
ETTm1,720,1065,forecast,592,TimeRole,9.59439468383789
ETTm1,720,1065,forecast,593,TimeRole,9.539041519165039
ETTm1,720,1065,forecast,594,TimeRole,9.653571128845215
ETTm1,720,1065,forecast,595,TimeRole,9.62252426147461
ETTm1,720,1065,forecast,596,TimeRole,9.705842018127441
ETTm1,720,1065,forecast,597,TimeRole,9.575315475463867
ETTm1,720,1065,forecast,598,TimeRole,9.624652862548828
ETTm1,720,1065,forecast,599,TimeRole,9.747661590576172
ETTm1,720,1065,forecast,600,TimeRole,9.581412315368652
ETTm1,720,1065,forecast,601,TimeRole,9.70065975189209
ETTm1,720,1065,forecast,602,TimeRole,9.772029876708984
ETTm1,720,1065,forecast,603,TimeRole,9.792939186096191
ETTm1,720,1065,forecast,604,TimeRole,9.927040100097656
ETTm1,720,1065,forecast,605,TimeRole,10.008431434631348
ETTm1,720,1065,forecast,606,TimeRole,9.998625755310059
ETTm1,720,1065,forecast,607,TimeRole,9.891748428344727
ETTm1,720,1065,forecast,608,TimeRole,10.059679985046387
ETTm1,720,1065,forecast,609,TimeRole,9.881969451904297
ETTm1,720,1065,forecast,610,TimeRole,10.131754875183105
ETTm1,720,1065,forecast,611,TimeRole,10.056225776672363
ETTm1,720,1065,forecast,612,TimeRole,10.06669807434082
ETTm1,720,1065,forecast,613,TimeRole,10.214631080627441
ETTm1,720,1065,forecast,614,TimeRole,10.328948974609375
ETTm1,720,1065,forecast,615,TimeRole,10.424948692321777
ETTm1,720,1065,forecast,616,TimeRole,10.406152725219727
ETTm1,720,1065,forecast,617,TimeRole,10.670923233032227
ETTm1,720,1065,forecast,618,TimeRole,10.891602516174316
ETTm1,720,1065,forecast,619,TimeRole,10.906439781188965
ETTm1,720,1065,forecast,620,TimeRole,11.005254745483398
ETTm1,720,1065,forecast,621,TimeRole,10.864178657531738
ETTm1,720,1065,forecast,622,TimeRole,10.828754425048828
ETTm1,720,1065,forecast,623,TimeRole,10.771153450012207
ETTm1,720,1065,forecast,624,TimeRole,10.82402229309082
ETTm1,720,1065,forecast,625,TimeRole,10.785517692565918
ETTm1,720,1065,forecast,626,TimeRole,10.58471965789795
ETTm1,720,1065,forecast,627,TimeRole,10.516960144042969
ETTm1,720,1065,forecast,628,TimeRole,10.363877296447754
ETTm1,720,1065,forecast,629,TimeRole,10.396209716796875
ETTm1,720,1065,forecast,630,TimeRole,10.364120483398438
ETTm1,720,1065,forecast,631,TimeRole,10.190812110900879
ETTm1,720,1065,forecast,632,TimeRole,10.312259674072266
ETTm1,720,1065,forecast,633,TimeRole,10.313109397888184
ETTm1,720,1065,forecast,634,TimeRole,10.30286979675293
ETTm1,720,1065,forecast,635,TimeRole,10.203763961791992
ETTm1,720,1065,forecast,636,TimeRole,10.189597129821777
ETTm1,720,1065,forecast,637,TimeRole,10.160350799560547
ETTm1,720,1065,forecast,638,TimeRole,10.036128997802734
ETTm1,720,1065,forecast,639,TimeRole,9.879402160644531
ETTm1,720,1065,forecast,640,TimeRole,9.730772018432617
ETTm1,720,1065,forecast,641,TimeRole,9.690908432006836
ETTm1,720,1065,forecast,642,TimeRole,9.570985794067383
ETTm1,720,1065,forecast,643,TimeRole,9.471896171569824
ETTm1,720,1065,forecast,644,TimeRole,9.619813919067383
ETTm1,720,1065,forecast,645,TimeRole,9.418328285217285
ETTm1,720,1065,forecast,646,TimeRole,9.545549392700195
ETTm1,720,1065,forecast,647,TimeRole,9.530872344970703
ETTm1,720,1065,forecast,648,TimeRole,9.227458953857422
ETTm1,720,1065,forecast,649,TimeRole,9.430920600891113
ETTm1,720,1065,forecast,650,TimeRole,9.254408836364746
ETTm1,720,1065,forecast,651,TimeRole,9.11368465423584
ETTm1,720,1065,forecast,652,TimeRole,9.17467975616455
ETTm1,720,1065,forecast,653,TimeRole,8.885516166687012
ETTm1,720,1065,forecast,654,TimeRole,8.88889217376709
ETTm1,720,1065,forecast,655,TimeRole,9.08251667022705
ETTm1,720,1065,forecast,656,TimeRole,8.961874008178711
ETTm1,720,1065,forecast,657,TimeRole,8.787154197692871
ETTm1,720,1065,forecast,658,TimeRole,8.911590576171875
ETTm1,720,1065,forecast,659,TimeRole,8.834697723388672
ETTm1,720,1065,forecast,660,TimeRole,8.785099029541016
ETTm1,720,1065,forecast,661,TimeRole,8.95448112487793
ETTm1,720,1065,forecast,662,TimeRole,8.935051918029785
ETTm1,720,1065,forecast,663,TimeRole,8.839415550231934
ETTm1,720,1065,forecast,664,TimeRole,8.810219764709473
ETTm1,720,1065,forecast,665,TimeRole,8.833638191223145
ETTm1,720,1065,forecast,666,TimeRole,8.65328598022461
ETTm1,720,1065,forecast,667,TimeRole,8.616514205932617
ETTm1,720,1065,forecast,668,TimeRole,8.581883430480957
ETTm1,720,1065,forecast,669,TimeRole,8.566675186157227
ETTm1,720,1065,forecast,670,TimeRole,8.752685546875
ETTm1,720,1065,forecast,671,TimeRole,8.690006256103516
ETTm1,720,1065,forecast,672,TimeRole,8.8968505859375
ETTm1,720,1065,forecast,673,TimeRole,8.887678146362305
ETTm1,720,1065,forecast,674,TimeRole,9.078144073486328
ETTm1,720,1065,forecast,675,TimeRole,9.172879219055176
ETTm1,720,1065,forecast,676,TimeRole,9.194100379943848
ETTm1,720,1065,forecast,677,TimeRole,9.269026756286621
ETTm1,720,1065,forecast,678,TimeRole,9.229743957519531
ETTm1,720,1065,forecast,679,TimeRole,9.209157943725586
ETTm1,720,1065,forecast,680,TimeRole,9.146004676818848
ETTm1,720,1065,forecast,681,TimeRole,9.091477394104004
ETTm1,720,1065,forecast,682,TimeRole,9.028851509094238
ETTm1,720,1065,forecast,683,TimeRole,9.08335018157959
ETTm1,720,1065,forecast,684,TimeRole,9.119697570800781
ETTm1,720,1065,forecast,685,TimeRole,9.188207626342773
ETTm1,720,1065,forecast,686,TimeRole,9.271293640136719
ETTm1,720,1065,forecast,687,TimeRole,9.319841384887695
ETTm1,720,1065,forecast,688,TimeRole,9.430084228515625
ETTm1,720,1065,forecast,689,TimeRole,9.42412281036377
ETTm1,720,1065,forecast,690,TimeRole,9.55063247680664
ETTm1,720,1065,forecast,691,TimeRole,9.611201286315918
ETTm1,720,1065,forecast,692,TimeRole,9.45658016204834
ETTm1,720,1065,forecast,693,TimeRole,9.444903373718262
ETTm1,720,1065,forecast,694,TimeRole,9.616866111755371
ETTm1,720,1065,forecast,695,TimeRole,9.639599800109863
ETTm1,720,1065,forecast,696,TimeRole,9.474851608276367
ETTm1,720,1065,forecast,697,TimeRole,9.621809959411621
ETTm1,720,1065,forecast,698,TimeRole,9.656831741333008
ETTm1,720,1065,forecast,699,TimeRole,9.657876014709473
ETTm1,720,1065,forecast,700,TimeRole,9.841879844665527
ETTm1,720,1065,forecast,701,TimeRole,9.931801795959473
ETTm1,720,1065,forecast,702,TimeRole,9.900089263916016
ETTm1,720,1065,forecast,703,TimeRole,9.953028678894043
ETTm1,720,1065,forecast,704,TimeRole,10.023578643798828
ETTm1,720,1065,forecast,705,TimeRole,10.149297714233398
ETTm1,720,1065,forecast,706,TimeRole,10.137724876403809
ETTm1,720,1065,forecast,707,TimeRole,10.186909675598145
ETTm1,720,1065,forecast,708,TimeRole,10.333662033081055
ETTm1,720,1065,forecast,709,TimeRole,10.378501892089844
ETTm1,720,1065,forecast,710,TimeRole,10.314949989318848
ETTm1,720,1065,forecast,711,TimeRole,10.307616233825684
ETTm1,720,1065,forecast,712,TimeRole,10.482442855834961
ETTm1,720,1065,forecast,713,TimeRole,10.569090843200684
ETTm1,720,1065,forecast,714,TimeRole,10.636123657226562
ETTm1,720,1065,forecast,715,TimeRole,10.83607292175293
ETTm1,720,1065,forecast,716,TimeRole,10.6348295211792
ETTm1,720,1065,forecast,717,TimeRole,10.752633094787598
ETTm1,720,1065,forecast,718,TimeRole,10.686022758483887
ETTm1,720,1065,forecast,719,TimeRole,10.726885795593262
ETTm1,720,1065,forecast,0,RGSP-96,7.6146697998046875
ETTm1,720,1065,forecast,1,RGSP-96,7.868156433105469
ETTm1,720,1065,forecast,2,RGSP-96,7.975630760192871
ETTm1,720,1065,forecast,3,RGSP-96,8.246402740478516
ETTm1,720,1065,forecast,4,RGSP-96,8.344958305358887
ETTm1,720,1065,forecast,5,RGSP-96,8.509767532348633
ETTm1,720,1065,forecast,6,RGSP-96,8.53551959991455
ETTm1,720,1065,forecast,7,RGSP-96,8.482494354248047
ETTm1,720,1065,forecast,8,RGSP-96,8.459135055541992
ETTm1,720,1065,forecast,9,RGSP-96,8.508707046508789
ETTm1,720,1065,forecast,10,RGSP-96,8.571611404418945
ETTm1,720,1065,forecast,11,RGSP-96,8.707626342773438
ETTm1,720,1065,forecast,12,RGSP-96,8.813552856445312
ETTm1,720,1065,forecast,13,RGSP-96,8.882746696472168
ETTm1,720,1065,forecast,14,RGSP-96,8.936771392822266
ETTm1,720,1065,forecast,15,RGSP-96,9.025938987731934
ETTm1,720,1065,forecast,16,RGSP-96,9.063633918762207
ETTm1,720,1065,forecast,17,RGSP-96,9.129246711730957
ETTm1,720,1065,forecast,18,RGSP-96,9.22124195098877
ETTm1,720,1065,forecast,19,RGSP-96,9.2771635055542
ETTm1,720,1065,forecast,20,RGSP-96,9.328006744384766
ETTm1,720,1065,forecast,21,RGSP-96,9.310993194580078
ETTm1,720,1065,forecast,22,RGSP-96,9.32402229309082
ETTm1,720,1065,forecast,23,RGSP-96,9.330774307250977
ETTm1,720,1065,forecast,24,RGSP-96,9.405287742614746
ETTm1,720,1065,forecast,25,RGSP-96,9.414013862609863
ETTm1,720,1065,forecast,26,RGSP-96,9.396476745605469
ETTm1,720,1065,forecast,27,RGSP-96,9.356210708618164
ETTm1,720,1065,forecast,28,RGSP-96,9.409967422485352
ETTm1,720,1065,forecast,29,RGSP-96,9.478800773620605
ETTm1,720,1065,forecast,30,RGSP-96,9.514759063720703
ETTm1,720,1065,forecast,31,RGSP-96,9.418798446655273
ETTm1,720,1065,forecast,32,RGSP-96,9.499485969543457
ETTm1,720,1065,forecast,33,RGSP-96,9.518195152282715
ETTm1,720,1065,forecast,34,RGSP-96,9.589859962463379
ETTm1,720,1065,forecast,35,RGSP-96,9.521981239318848
ETTm1,720,1065,forecast,36,RGSP-96,9.581655502319336
ETTm1,720,1065,forecast,37,RGSP-96,9.604403495788574
ETTm1,720,1065,forecast,38,RGSP-96,9.674484252929688
ETTm1,720,1065,forecast,39,RGSP-96,9.735968589782715
ETTm1,720,1065,forecast,40,RGSP-96,9.879717826843262
ETTm1,720,1065,forecast,41,RGSP-96,9.952932357788086
ETTm1,720,1065,forecast,42,RGSP-96,10.002214431762695
ETTm1,720,1065,forecast,43,RGSP-96,10.142777442932129
ETTm1,720,1065,forecast,44,RGSP-96,10.172747611999512
ETTm1,720,1065,forecast,45,RGSP-96,10.080971717834473
ETTm1,720,1065,forecast,46,RGSP-96,9.974562644958496
ETTm1,720,1065,forecast,47,RGSP-96,9.98440933227539
ETTm1,720,1065,forecast,48,RGSP-96,9.900789260864258
ETTm1,720,1065,forecast,49,RGSP-96,9.764122009277344
ETTm1,720,1065,forecast,50,RGSP-96,9.620138168334961
ETTm1,720,1065,forecast,51,RGSP-96,9.60990047454834
ETTm1,720,1065,forecast,52,RGSP-96,9.44193172454834
ETTm1,720,1065,forecast,53,RGSP-96,9.378210067749023
ETTm1,720,1065,forecast,54,RGSP-96,9.310235023498535
ETTm1,720,1065,forecast,55,RGSP-96,9.316044807434082
ETTm1,720,1065,forecast,56,RGSP-96,9.328673362731934
ETTm1,720,1065,forecast,57,RGSP-96,9.303521156311035
ETTm1,720,1065,forecast,58,RGSP-96,9.282700538635254
ETTm1,720,1065,forecast,59,RGSP-96,9.226783752441406
ETTm1,720,1065,forecast,60,RGSP-96,9.11929988861084
ETTm1,720,1065,forecast,61,RGSP-96,9.077396392822266
ETTm1,720,1065,forecast,62,RGSP-96,8.998208999633789
ETTm1,720,1065,forecast,63,RGSP-96,8.897610664367676
ETTm1,720,1065,forecast,64,RGSP-96,8.882246971130371
ETTm1,720,1065,forecast,65,RGSP-96,8.79577350616455
ETTm1,720,1065,forecast,66,RGSP-96,8.798734664916992
ETTm1,720,1065,forecast,67,RGSP-96,8.709258079528809
ETTm1,720,1065,forecast,68,RGSP-96,8.796721458435059
ETTm1,720,1065,forecast,69,RGSP-96,8.698331832885742
ETTm1,720,1065,forecast,70,RGSP-96,8.72253704071045
ETTm1,720,1065,forecast,71,RGSP-96,8.739863395690918
ETTm1,720,1065,forecast,72,RGSP-96,8.594724655151367
ETTm1,720,1065,forecast,73,RGSP-96,8.537516593933105
ETTm1,720,1065,forecast,74,RGSP-96,8.479654312133789
ETTm1,720,1065,forecast,75,RGSP-96,8.448197364807129
ETTm1,720,1065,forecast,76,RGSP-96,8.441529273986816
ETTm1,720,1065,forecast,77,RGSP-96,8.393757820129395
ETTm1,720,1065,forecast,78,RGSP-96,8.320539474487305
ETTm1,720,1065,forecast,79,RGSP-96,8.268621444702148
ETTm1,720,1065,forecast,80,RGSP-96,8.211716651916504
ETTm1,720,1065,forecast,81,RGSP-96,8.214366912841797
ETTm1,720,1065,forecast,82,RGSP-96,8.2659273147583
ETTm1,720,1065,forecast,83,RGSP-96,8.235018730163574
ETTm1,720,1065,forecast,84,RGSP-96,8.258501052856445
ETTm1,720,1065,forecast,85,RGSP-96,8.202971458435059
ETTm1,720,1065,forecast,86,RGSP-96,8.21364688873291
ETTm1,720,1065,forecast,87,RGSP-96,8.254658699035645
ETTm1,720,1065,forecast,88,RGSP-96,8.367358207702637
ETTm1,720,1065,forecast,89,RGSP-96,8.25686264038086
ETTm1,720,1065,forecast,90,RGSP-96,8.245552062988281
ETTm1,720,1065,forecast,91,RGSP-96,8.186931610107422
ETTm1,720,1065,forecast,92,RGSP-96,8.289314270019531
ETTm1,720,1065,forecast,93,RGSP-96,8.346474647521973
ETTm1,720,1065,forecast,94,RGSP-96,8.387977600097656
ETTm1,720,1065,forecast,95,RGSP-96,8.530272483825684
ETTm1,720,1065,forecast,96,RGSP-96,8.707259178161621
ETTm1,720,1065,forecast,97,RGSP-96,8.841312408447266
ETTm1,720,1065,forecast,98,RGSP-96,8.996920585632324
ETTm1,720,1065,forecast,99,RGSP-96,9.119357109069824
ETTm1,720,1065,forecast,100,RGSP-96,9.197046279907227
ETTm1,720,1065,forecast,101,RGSP-96,9.309412956237793
ETTm1,720,1065,forecast,102,RGSP-96,9.339770317077637
ETTm1,720,1065,forecast,103,RGSP-96,9.332501411437988
ETTm1,720,1065,forecast,104,RGSP-96,9.292299270629883
ETTm1,720,1065,forecast,105,RGSP-96,9.162619590759277
ETTm1,720,1065,forecast,106,RGSP-96,9.151901245117188
ETTm1,720,1065,forecast,107,RGSP-96,9.249549865722656
ETTm1,720,1065,forecast,108,RGSP-96,9.382344245910645
ETTm1,720,1065,forecast,109,RGSP-96,9.454230308532715
ETTm1,720,1065,forecast,110,RGSP-96,9.494587898254395
ETTm1,720,1065,forecast,111,RGSP-96,9.58188533782959
ETTm1,720,1065,forecast,112,RGSP-96,9.646950721740723
ETTm1,720,1065,forecast,113,RGSP-96,9.69859504699707
ETTm1,720,1065,forecast,114,RGSP-96,9.717761039733887
ETTm1,720,1065,forecast,115,RGSP-96,9.753137588500977
ETTm1,720,1065,forecast,116,RGSP-96,9.821126937866211
ETTm1,720,1065,forecast,117,RGSP-96,9.817463874816895
ETTm1,720,1065,forecast,118,RGSP-96,9.747148513793945
ETTm1,720,1065,forecast,119,RGSP-96,9.800671577453613
ETTm1,720,1065,forecast,120,RGSP-96,9.755671501159668
ETTm1,720,1065,forecast,121,RGSP-96,9.77154541015625
ETTm1,720,1065,forecast,122,RGSP-96,9.739361763000488
ETTm1,720,1065,forecast,123,RGSP-96,9.796890258789062
ETTm1,720,1065,forecast,124,RGSP-96,9.726065635681152
ETTm1,720,1065,forecast,125,RGSP-96,9.744132995605469
ETTm1,720,1065,forecast,126,RGSP-96,9.805676460266113
ETTm1,720,1065,forecast,127,RGSP-96,9.745588302612305
ETTm1,720,1065,forecast,128,RGSP-96,9.728466033935547
ETTm1,720,1065,forecast,129,RGSP-96,9.723848342895508
ETTm1,720,1065,forecast,130,RGSP-96,9.751259803771973
ETTm1,720,1065,forecast,131,RGSP-96,9.806648254394531
ETTm1,720,1065,forecast,132,RGSP-96,9.832118034362793
ETTm1,720,1065,forecast,133,RGSP-96,9.880959510803223
ETTm1,720,1065,forecast,134,RGSP-96,9.977534294128418
ETTm1,720,1065,forecast,135,RGSP-96,9.983226776123047
ETTm1,720,1065,forecast,136,RGSP-96,10.024957656860352
ETTm1,720,1065,forecast,137,RGSP-96,10.08161735534668
ETTm1,720,1065,forecast,138,RGSP-96,10.184102058410645
ETTm1,720,1065,forecast,139,RGSP-96,10.31885051727295
ETTm1,720,1065,forecast,140,RGSP-96,10.43461799621582
ETTm1,720,1065,forecast,141,RGSP-96,10.358712196350098
ETTm1,720,1065,forecast,142,RGSP-96,10.306435585021973
ETTm1,720,1065,forecast,143,RGSP-96,10.250680923461914
ETTm1,720,1065,forecast,144,RGSP-96,10.17686939239502
ETTm1,720,1065,forecast,145,RGSP-96,10.103801727294922
ETTm1,720,1065,forecast,146,RGSP-96,9.9476900100708
ETTm1,720,1065,forecast,147,RGSP-96,9.856622695922852
ETTm1,720,1065,forecast,148,RGSP-96,9.724846839904785
ETTm1,720,1065,forecast,149,RGSP-96,9.72214126586914
ETTm1,720,1065,forecast,150,RGSP-96,9.684514999389648
ETTm1,720,1065,forecast,151,RGSP-96,9.673734664916992
ETTm1,720,1065,forecast,152,RGSP-96,9.636837005615234
ETTm1,720,1065,forecast,153,RGSP-96,9.601496696472168
ETTm1,720,1065,forecast,154,RGSP-96,9.624393463134766
ETTm1,720,1065,forecast,155,RGSP-96,9.566873550415039
ETTm1,720,1065,forecast,156,RGSP-96,9.46609878540039
ETTm1,720,1065,forecast,157,RGSP-96,9.347808837890625
ETTm1,720,1065,forecast,158,RGSP-96,9.27043628692627
ETTm1,720,1065,forecast,159,RGSP-96,9.16576099395752
ETTm1,720,1065,forecast,160,RGSP-96,9.099871635437012
ETTm1,720,1065,forecast,161,RGSP-96,9.002029418945312
ETTm1,720,1065,forecast,162,RGSP-96,8.945072174072266
ETTm1,720,1065,forecast,163,RGSP-96,8.878418922424316
ETTm1,720,1065,forecast,164,RGSP-96,8.860759735107422
ETTm1,720,1065,forecast,165,RGSP-96,8.757999420166016
ETTm1,720,1065,forecast,166,RGSP-96,8.775064468383789
ETTm1,720,1065,forecast,167,RGSP-96,8.762669563293457
ETTm1,720,1065,forecast,168,RGSP-96,8.62217903137207
ETTm1,720,1065,forecast,169,RGSP-96,8.628171920776367
ETTm1,720,1065,forecast,170,RGSP-96,8.522685050964355
ETTm1,720,1065,forecast,171,RGSP-96,8.47612476348877
ETTm1,720,1065,forecast,172,RGSP-96,8.444085121154785
ETTm1,720,1065,forecast,173,RGSP-96,8.313146591186523
ETTm1,720,1065,forecast,174,RGSP-96,8.274496078491211
ETTm1,720,1065,forecast,175,RGSP-96,8.274454116821289
ETTm1,720,1065,forecast,176,RGSP-96,8.297359466552734
ETTm1,720,1065,forecast,177,RGSP-96,8.281109809875488
ETTm1,720,1065,forecast,178,RGSP-96,8.242506980895996
ETTm1,720,1065,forecast,179,RGSP-96,8.278611183166504
ETTm1,720,1065,forecast,180,RGSP-96,8.32909107208252
ETTm1,720,1065,forecast,181,RGSP-96,8.28572940826416
ETTm1,720,1065,forecast,182,RGSP-96,8.296003341674805
ETTm1,720,1065,forecast,183,RGSP-96,8.368160247802734
ETTm1,720,1065,forecast,184,RGSP-96,8.360367774963379
ETTm1,720,1065,forecast,185,RGSP-96,8.214010238647461
ETTm1,720,1065,forecast,186,RGSP-96,8.29170036315918
ETTm1,720,1065,forecast,187,RGSP-96,8.295510292053223
ETTm1,720,1065,forecast,188,RGSP-96,8.311200141906738
ETTm1,720,1065,forecast,189,RGSP-96,8.422569274902344
ETTm1,720,1065,forecast,190,RGSP-96,8.567724227905273
ETTm1,720,1065,forecast,191,RGSP-96,8.717697143554688
ETTm1,720,1065,forecast,192,RGSP-96,8.913191795349121
ETTm1,720,1065,forecast,193,RGSP-96,9.16890811920166
ETTm1,720,1065,forecast,194,RGSP-96,9.269060134887695
ETTm1,720,1065,forecast,195,RGSP-96,9.367677688598633
ETTm1,720,1065,forecast,196,RGSP-96,9.5820894241333
ETTm1,720,1065,forecast,197,RGSP-96,9.57560920715332
ETTm1,720,1065,forecast,198,RGSP-96,9.644023895263672
ETTm1,720,1065,forecast,199,RGSP-96,9.55860424041748
ETTm1,720,1065,forecast,200,RGSP-96,9.552509307861328
ETTm1,720,1065,forecast,201,RGSP-96,9.49913215637207
ETTm1,720,1065,forecast,202,RGSP-96,9.539833068847656
ETTm1,720,1065,forecast,203,RGSP-96,9.672924995422363
ETTm1,720,1065,forecast,204,RGSP-96,9.744704246520996
ETTm1,720,1065,forecast,205,RGSP-96,9.815065383911133
ETTm1,720,1065,forecast,206,RGSP-96,9.8815279006958
ETTm1,720,1065,forecast,207,RGSP-96,9.893388748168945
ETTm1,720,1065,forecast,208,RGSP-96,9.910534858703613
ETTm1,720,1065,forecast,209,RGSP-96,9.9589262008667
ETTm1,720,1065,forecast,210,RGSP-96,10.040855407714844
ETTm1,720,1065,forecast,211,RGSP-96,10.037089347839355
ETTm1,720,1065,forecast,212,RGSP-96,10.05882453918457
ETTm1,720,1065,forecast,213,RGSP-96,10.058637619018555
ETTm1,720,1065,forecast,214,RGSP-96,9.94690227508545
ETTm1,720,1065,forecast,215,RGSP-96,9.958478927612305
ETTm1,720,1065,forecast,216,RGSP-96,9.925722122192383
ETTm1,720,1065,forecast,217,RGSP-96,9.97594928741455
ETTm1,720,1065,forecast,218,RGSP-96,9.851714134216309
ETTm1,720,1065,forecast,219,RGSP-96,9.841076850891113
ETTm1,720,1065,forecast,220,RGSP-96,9.95034408569336
ETTm1,720,1065,forecast,221,RGSP-96,9.964552879333496
ETTm1,720,1065,forecast,222,RGSP-96,9.920676231384277
ETTm1,720,1065,forecast,223,RGSP-96,9.862835884094238
ETTm1,720,1065,forecast,224,RGSP-96,9.869518280029297
ETTm1,720,1065,forecast,225,RGSP-96,9.895172119140625
ETTm1,720,1065,forecast,226,RGSP-96,9.942825317382812
ETTm1,720,1065,forecast,227,RGSP-96,9.904227256774902
ETTm1,720,1065,forecast,228,RGSP-96,9.955635070800781
ETTm1,720,1065,forecast,229,RGSP-96,10.073699951171875
ETTm1,720,1065,forecast,230,RGSP-96,10.023447036743164
ETTm1,720,1065,forecast,231,RGSP-96,10.15186595916748
ETTm1,720,1065,forecast,232,RGSP-96,10.174271583557129
ETTm1,720,1065,forecast,233,RGSP-96,10.277931213378906
ETTm1,720,1065,forecast,234,RGSP-96,10.367032051086426
ETTm1,720,1065,forecast,235,RGSP-96,10.438211441040039
ETTm1,720,1065,forecast,236,RGSP-96,10.52421760559082
ETTm1,720,1065,forecast,237,RGSP-96,10.456056594848633
ETTm1,720,1065,forecast,238,RGSP-96,10.366456031799316
ETTm1,720,1065,forecast,239,RGSP-96,10.381178855895996
ETTm1,720,1065,forecast,240,RGSP-96,10.262655258178711
ETTm1,720,1065,forecast,241,RGSP-96,10.13895034790039
ETTm1,720,1065,forecast,242,RGSP-96,10.113485336303711
ETTm1,720,1065,forecast,243,RGSP-96,10.028436660766602
ETTm1,720,1065,forecast,244,RGSP-96,9.86882495880127
ETTm1,720,1065,forecast,245,RGSP-96,9.854641914367676
ETTm1,720,1065,forecast,246,RGSP-96,9.747306823730469
ETTm1,720,1065,forecast,247,RGSP-96,9.646026611328125
ETTm1,720,1065,forecast,248,RGSP-96,9.721479415893555
ETTm1,720,1065,forecast,249,RGSP-96,9.599006652832031
ETTm1,720,1065,forecast,250,RGSP-96,9.599444389343262
ETTm1,720,1065,forecast,251,RGSP-96,9.538596153259277
ETTm1,720,1065,forecast,252,RGSP-96,9.455437660217285
ETTm1,720,1065,forecast,253,RGSP-96,9.362039566040039
ETTm1,720,1065,forecast,254,RGSP-96,9.287402153015137
ETTm1,720,1065,forecast,255,RGSP-96,9.205260276794434
ETTm1,720,1065,forecast,256,RGSP-96,9.146451950073242
ETTm1,720,1065,forecast,257,RGSP-96,9.028733253479004
ETTm1,720,1065,forecast,258,RGSP-96,8.991344451904297
ETTm1,720,1065,forecast,259,RGSP-96,8.963007926940918
ETTm1,720,1065,forecast,260,RGSP-96,8.949243545532227
ETTm1,720,1065,forecast,261,RGSP-96,8.910996437072754
ETTm1,720,1065,forecast,262,RGSP-96,8.933778762817383
ETTm1,720,1065,forecast,263,RGSP-96,8.932061195373535
ETTm1,720,1065,forecast,264,RGSP-96,8.825429916381836
ETTm1,720,1065,forecast,265,RGSP-96,8.84230899810791
ETTm1,720,1065,forecast,266,RGSP-96,8.772576332092285
ETTm1,720,1065,forecast,267,RGSP-96,8.7327241897583
ETTm1,720,1065,forecast,268,RGSP-96,8.74494743347168
ETTm1,720,1065,forecast,269,RGSP-96,8.687524795532227
ETTm1,720,1065,forecast,270,RGSP-96,8.58592414855957
ETTm1,720,1065,forecast,271,RGSP-96,8.482902526855469
ETTm1,720,1065,forecast,272,RGSP-96,8.561474800109863
ETTm1,720,1065,forecast,273,RGSP-96,8.526017189025879
ETTm1,720,1065,forecast,274,RGSP-96,8.456827163696289
ETTm1,720,1065,forecast,275,RGSP-96,8.455612182617188
ETTm1,720,1065,forecast,276,RGSP-96,8.479681968688965
ETTm1,720,1065,forecast,277,RGSP-96,8.45972728729248
ETTm1,720,1065,forecast,278,RGSP-96,8.456787109375
ETTm1,720,1065,forecast,279,RGSP-96,8.514595985412598
ETTm1,720,1065,forecast,280,RGSP-96,8.44286823272705
ETTm1,720,1065,forecast,281,RGSP-96,8.447173118591309
ETTm1,720,1065,forecast,282,RGSP-96,8.491154670715332
ETTm1,720,1065,forecast,283,RGSP-96,8.450060844421387
ETTm1,720,1065,forecast,284,RGSP-96,8.588634490966797
ETTm1,720,1065,forecast,285,RGSP-96,8.678635597229004
ETTm1,720,1065,forecast,286,RGSP-96,8.753698348999023
ETTm1,720,1065,forecast,287,RGSP-96,8.884906768798828
ETTm1,720,1065,forecast,288,RGSP-96,9.033637046813965
ETTm1,720,1065,forecast,289,RGSP-96,9.228629112243652
ETTm1,720,1065,forecast,290,RGSP-96,9.345115661621094
ETTm1,720,1065,forecast,291,RGSP-96,9.470209121704102
ETTm1,720,1065,forecast,292,RGSP-96,9.674551010131836
ETTm1,720,1065,forecast,293,RGSP-96,9.698944091796875
ETTm1,720,1065,forecast,294,RGSP-96,9.658570289611816
ETTm1,720,1065,forecast,295,RGSP-96,9.633288383483887
ETTm1,720,1065,forecast,296,RGSP-96,9.604190826416016
ETTm1,720,1065,forecast,297,RGSP-96,9.62402629852295
ETTm1,720,1065,forecast,298,RGSP-96,9.589445114135742
ETTm1,720,1065,forecast,299,RGSP-96,9.651918411254883
ETTm1,720,1065,forecast,300,RGSP-96,9.79124927520752
ETTm1,720,1065,forecast,301,RGSP-96,9.808484077453613
ETTm1,720,1065,forecast,302,RGSP-96,9.876648902893066
ETTm1,720,1065,forecast,303,RGSP-96,9.917530059814453
ETTm1,720,1065,forecast,304,RGSP-96,9.960721015930176
ETTm1,720,1065,forecast,305,RGSP-96,10.07133674621582
ETTm1,720,1065,forecast,306,RGSP-96,10.023722648620605
ETTm1,720,1065,forecast,307,RGSP-96,10.125262260437012
ETTm1,720,1065,forecast,308,RGSP-96,10.088783264160156
ETTm1,720,1065,forecast,309,RGSP-96,10.086343765258789
ETTm1,720,1065,forecast,310,RGSP-96,10.006391525268555
ETTm1,720,1065,forecast,311,RGSP-96,10.105053901672363
ETTm1,720,1065,forecast,312,RGSP-96,10.090245246887207
ETTm1,720,1065,forecast,313,RGSP-96,10.07201099395752
ETTm1,720,1065,forecast,314,RGSP-96,9.986912727355957
ETTm1,720,1065,forecast,315,RGSP-96,9.968791961669922
ETTm1,720,1065,forecast,316,RGSP-96,9.995598793029785
ETTm1,720,1065,forecast,317,RGSP-96,10.023162841796875
ETTm1,720,1065,forecast,318,RGSP-96,10.073386192321777
ETTm1,720,1065,forecast,319,RGSP-96,10.004508018493652
ETTm1,720,1065,forecast,320,RGSP-96,9.96713638305664
ETTm1,720,1065,forecast,321,RGSP-96,9.953958511352539
ETTm1,720,1065,forecast,322,RGSP-96,9.967022895812988
ETTm1,720,1065,forecast,323,RGSP-96,9.996273040771484
ETTm1,720,1065,forecast,324,RGSP-96,10.036027908325195
ETTm1,720,1065,forecast,325,RGSP-96,10.074435234069824
ETTm1,720,1065,forecast,326,RGSP-96,10.113582611083984
ETTm1,720,1065,forecast,327,RGSP-96,10.20909309387207
ETTm1,720,1065,forecast,328,RGSP-96,10.35406494140625
ETTm1,720,1065,forecast,329,RGSP-96,10.359880447387695
ETTm1,720,1065,forecast,330,RGSP-96,10.44283390045166
ETTm1,720,1065,forecast,331,RGSP-96,10.57938003540039
ETTm1,720,1065,forecast,332,RGSP-96,10.580713272094727
ETTm1,720,1065,forecast,333,RGSP-96,10.56137466430664
ETTm1,720,1065,forecast,334,RGSP-96,10.50798511505127
ETTm1,720,1065,forecast,335,RGSP-96,10.509394645690918
ETTm1,720,1065,forecast,336,RGSP-96,10.391411781311035
ETTm1,720,1065,forecast,337,RGSP-96,10.234334945678711
ETTm1,720,1065,forecast,338,RGSP-96,10.111788749694824
ETTm1,720,1065,forecast,339,RGSP-96,10.044973373413086
ETTm1,720,1065,forecast,340,RGSP-96,9.907757759094238
ETTm1,720,1065,forecast,341,RGSP-96,9.839255332946777
ETTm1,720,1065,forecast,342,RGSP-96,9.854903221130371
ETTm1,720,1065,forecast,343,RGSP-96,9.815654754638672
ETTm1,720,1065,forecast,344,RGSP-96,9.827238082885742
ETTm1,720,1065,forecast,345,RGSP-96,9.819535255432129
ETTm1,720,1065,forecast,346,RGSP-96,9.79372787475586
ETTm1,720,1065,forecast,347,RGSP-96,9.72134780883789
ETTm1,720,1065,forecast,348,RGSP-96,9.554627418518066
ETTm1,720,1065,forecast,349,RGSP-96,9.601990699768066
ETTm1,720,1065,forecast,350,RGSP-96,9.470430374145508
ETTm1,720,1065,forecast,351,RGSP-96,9.431180953979492
ETTm1,720,1065,forecast,352,RGSP-96,9.255128860473633
ETTm1,720,1065,forecast,353,RGSP-96,9.225872993469238
ETTm1,720,1065,forecast,354,RGSP-96,9.218419075012207
ETTm1,720,1065,forecast,355,RGSP-96,9.144708633422852
ETTm1,720,1065,forecast,356,RGSP-96,9.067498207092285
ETTm1,720,1065,forecast,357,RGSP-96,9.043333053588867
ETTm1,720,1065,forecast,358,RGSP-96,8.981603622436523
ETTm1,720,1065,forecast,359,RGSP-96,9.072765350341797
ETTm1,720,1065,forecast,360,RGSP-96,9.012861251831055
ETTm1,720,1065,forecast,361,RGSP-96,8.917704582214355
ETTm1,720,1065,forecast,362,RGSP-96,8.878244400024414
ETTm1,720,1065,forecast,363,RGSP-96,8.830928802490234
ETTm1,720,1065,forecast,364,RGSP-96,8.785552978515625
ETTm1,720,1065,forecast,365,RGSP-96,8.750994682312012
ETTm1,720,1065,forecast,366,RGSP-96,8.744568824768066
ETTm1,720,1065,forecast,367,RGSP-96,8.652318954467773
ETTm1,720,1065,forecast,368,RGSP-96,8.602560997009277
ETTm1,720,1065,forecast,369,RGSP-96,8.603778839111328
ETTm1,720,1065,forecast,370,RGSP-96,8.604082107543945
ETTm1,720,1065,forecast,371,RGSP-96,8.629918098449707
ETTm1,720,1065,forecast,372,RGSP-96,8.63034439086914
ETTm1,720,1065,forecast,373,RGSP-96,8.678010940551758
ETTm1,720,1065,forecast,374,RGSP-96,8.61974811553955
ETTm1,720,1065,forecast,375,RGSP-96,8.641307830810547
ETTm1,720,1065,forecast,376,RGSP-96,8.730813980102539
ETTm1,720,1065,forecast,377,RGSP-96,8.702620506286621
ETTm1,720,1065,forecast,378,RGSP-96,8.61963939666748
ETTm1,720,1065,forecast,379,RGSP-96,8.602471351623535
ETTm1,720,1065,forecast,380,RGSP-96,8.72376537322998
ETTm1,720,1065,forecast,381,RGSP-96,8.670166969299316
ETTm1,720,1065,forecast,382,RGSP-96,8.810721397399902
ETTm1,720,1065,forecast,383,RGSP-96,8.96198844909668
ETTm1,720,1065,forecast,384,RGSP-96,9.1907958984375
ETTm1,720,1065,forecast,385,RGSP-96,9.368611335754395
ETTm1,720,1065,forecast,386,RGSP-96,9.452253341674805
ETTm1,720,1065,forecast,387,RGSP-96,9.60985279083252
ETTm1,720,1065,forecast,388,RGSP-96,9.733325004577637
ETTm1,720,1065,forecast,389,RGSP-96,9.842321395874023
ETTm1,720,1065,forecast,390,RGSP-96,9.871527671813965
ETTm1,720,1065,forecast,391,RGSP-96,9.78097915649414
ETTm1,720,1065,forecast,392,RGSP-96,9.732619285583496
ETTm1,720,1065,forecast,393,RGSP-96,9.74502944946289
ETTm1,720,1065,forecast,394,RGSP-96,9.748847961425781
ETTm1,720,1065,forecast,395,RGSP-96,9.787322998046875
ETTm1,720,1065,forecast,396,RGSP-96,9.782379150390625
ETTm1,720,1065,forecast,397,RGSP-96,9.939665794372559
ETTm1,720,1065,forecast,398,RGSP-96,9.944165229797363
ETTm1,720,1065,forecast,399,RGSP-96,10.070537567138672
ETTm1,720,1065,forecast,400,RGSP-96,10.128744125366211
ETTm1,720,1065,forecast,401,RGSP-96,10.200862884521484
ETTm1,720,1065,forecast,402,RGSP-96,10.197564125061035
ETTm1,720,1065,forecast,403,RGSP-96,10.230708122253418
ETTm1,720,1065,forecast,404,RGSP-96,10.174205780029297
ETTm1,720,1065,forecast,405,RGSP-96,10.18667221069336
ETTm1,720,1065,forecast,406,RGSP-96,10.144953727722168
ETTm1,720,1065,forecast,407,RGSP-96,10.063088417053223
ETTm1,720,1065,forecast,408,RGSP-96,10.116670608520508
ETTm1,720,1065,forecast,409,RGSP-96,10.092164039611816
ETTm1,720,1065,forecast,410,RGSP-96,10.024080276489258
ETTm1,720,1065,forecast,411,RGSP-96,10.051848411560059
ETTm1,720,1065,forecast,412,RGSP-96,9.939065933227539
ETTm1,720,1065,forecast,413,RGSP-96,9.984889030456543
ETTm1,720,1065,forecast,414,RGSP-96,10.118399620056152
ETTm1,720,1065,forecast,415,RGSP-96,10.007367134094238
ETTm1,720,1065,forecast,416,RGSP-96,10.029647827148438
ETTm1,720,1065,forecast,417,RGSP-96,9.995955467224121
ETTm1,720,1065,forecast,418,RGSP-96,10.082108497619629
ETTm1,720,1065,forecast,419,RGSP-96,10.05999755859375
ETTm1,720,1065,forecast,420,RGSP-96,10.098461151123047
ETTm1,720,1065,forecast,421,RGSP-96,10.191889762878418
ETTm1,720,1065,forecast,422,RGSP-96,10.262991905212402
ETTm1,720,1065,forecast,423,RGSP-96,10.269386291503906
ETTm1,720,1065,forecast,424,RGSP-96,10.330220222473145
ETTm1,720,1065,forecast,425,RGSP-96,10.379817008972168
ETTm1,720,1065,forecast,426,RGSP-96,10.513031959533691
ETTm1,720,1065,forecast,427,RGSP-96,10.575785636901855
ETTm1,720,1065,forecast,428,RGSP-96,10.646790504455566
ETTm1,720,1065,forecast,429,RGSP-96,10.598967552185059
ETTm1,720,1065,forecast,430,RGSP-96,10.522908210754395
ETTm1,720,1065,forecast,431,RGSP-96,10.486265182495117
ETTm1,720,1065,forecast,432,RGSP-96,10.415748596191406
ETTm1,720,1065,forecast,433,RGSP-96,10.369728088378906
ETTm1,720,1065,forecast,434,RGSP-96,10.190347671508789
ETTm1,720,1065,forecast,435,RGSP-96,10.207043647766113
ETTm1,720,1065,forecast,436,RGSP-96,10.102144241333008
ETTm1,720,1065,forecast,437,RGSP-96,10.026742935180664
ETTm1,720,1065,forecast,438,RGSP-96,10.007023811340332
ETTm1,720,1065,forecast,439,RGSP-96,10.024317741394043
ETTm1,720,1065,forecast,440,RGSP-96,9.94146728515625
ETTm1,720,1065,forecast,441,RGSP-96,9.975972175598145
ETTm1,720,1065,forecast,442,RGSP-96,9.918957710266113
ETTm1,720,1065,forecast,443,RGSP-96,9.868391990661621
ETTm1,720,1065,forecast,444,RGSP-96,9.74931526184082
ETTm1,720,1065,forecast,445,RGSP-96,9.700840950012207
ETTm1,720,1065,forecast,446,RGSP-96,9.587275505065918
ETTm1,720,1065,forecast,447,RGSP-96,9.543458938598633
ETTm1,720,1065,forecast,448,RGSP-96,9.400598526000977
ETTm1,720,1065,forecast,449,RGSP-96,9.407327651977539
ETTm1,720,1065,forecast,450,RGSP-96,9.329712867736816
ETTm1,720,1065,forecast,451,RGSP-96,9.285026550292969
ETTm1,720,1065,forecast,452,RGSP-96,9.227503776550293
ETTm1,720,1065,forecast,453,RGSP-96,9.173833847045898
ETTm1,720,1065,forecast,454,RGSP-96,9.161906242370605
ETTm1,720,1065,forecast,455,RGSP-96,9.132696151733398
ETTm1,720,1065,forecast,456,RGSP-96,9.07314682006836
ETTm1,720,1065,forecast,457,RGSP-96,9.076005935668945
ETTm1,720,1065,forecast,458,RGSP-96,8.942550659179688
ETTm1,720,1065,forecast,459,RGSP-96,8.880317687988281
ETTm1,720,1065,forecast,460,RGSP-96,8.884854316711426
ETTm1,720,1065,forecast,461,RGSP-96,8.80643367767334
ETTm1,720,1065,forecast,462,RGSP-96,8.78270435333252
ETTm1,720,1065,forecast,463,RGSP-96,8.697724342346191
ETTm1,720,1065,forecast,464,RGSP-96,8.60314655303955
ETTm1,720,1065,forecast,465,RGSP-96,8.596221923828125
ETTm1,720,1065,forecast,466,RGSP-96,8.517990112304688
ETTm1,720,1065,forecast,467,RGSP-96,8.564984321594238
ETTm1,720,1065,forecast,468,RGSP-96,8.554183006286621
ETTm1,720,1065,forecast,469,RGSP-96,8.550653457641602
ETTm1,720,1065,forecast,470,RGSP-96,8.586328506469727
ETTm1,720,1065,forecast,471,RGSP-96,8.548369407653809
ETTm1,720,1065,forecast,472,RGSP-96,8.531095504760742
ETTm1,720,1065,forecast,473,RGSP-96,8.467495918273926
ETTm1,720,1065,forecast,474,RGSP-96,8.440540313720703
ETTm1,720,1065,forecast,475,RGSP-96,8.490880012512207
ETTm1,720,1065,forecast,476,RGSP-96,8.559298515319824
ETTm1,720,1065,forecast,477,RGSP-96,8.584376335144043
ETTm1,720,1065,forecast,478,RGSP-96,8.767990112304688
ETTm1,720,1065,forecast,479,RGSP-96,8.93078899383545
ETTm1,720,1065,forecast,480,RGSP-96,9.05750846862793
ETTm1,720,1065,forecast,481,RGSP-96,9.200932502746582
ETTm1,720,1065,forecast,482,RGSP-96,9.365476608276367
ETTm1,720,1065,forecast,483,RGSP-96,9.474148750305176
ETTm1,720,1065,forecast,484,RGSP-96,9.530011177062988
ETTm1,720,1065,forecast,485,RGSP-96,9.673394203186035
ETTm1,720,1065,forecast,486,RGSP-96,9.684430122375488
ETTm1,720,1065,forecast,487,RGSP-96,9.673068046569824
ETTm1,720,1065,forecast,488,RGSP-96,9.69227123260498
ETTm1,720,1065,forecast,489,RGSP-96,9.606931686401367
ETTm1,720,1065,forecast,490,RGSP-96,9.677244186401367
ETTm1,720,1065,forecast,491,RGSP-96,9.772810935974121
ETTm1,720,1065,forecast,492,RGSP-96,9.894972801208496
ETTm1,720,1065,forecast,493,RGSP-96,9.94596004486084
ETTm1,720,1065,forecast,494,RGSP-96,9.98214340209961
ETTm1,720,1065,forecast,495,RGSP-96,9.999120712280273
ETTm1,720,1065,forecast,496,RGSP-96,10.040060997009277
ETTm1,720,1065,forecast,497,RGSP-96,10.129158973693848
ETTm1,720,1065,forecast,498,RGSP-96,10.11950969696045
ETTm1,720,1065,forecast,499,RGSP-96,10.214006423950195
ETTm1,720,1065,forecast,500,RGSP-96,10.19081974029541
ETTm1,720,1065,forecast,501,RGSP-96,10.123627662658691
ETTm1,720,1065,forecast,502,RGSP-96,10.102123260498047
ETTm1,720,1065,forecast,503,RGSP-96,10.101627349853516
ETTm1,720,1065,forecast,504,RGSP-96,10.132137298583984
ETTm1,720,1065,forecast,505,RGSP-96,10.02498722076416
ETTm1,720,1065,forecast,506,RGSP-96,10.029844284057617
ETTm1,720,1065,forecast,507,RGSP-96,9.960712432861328
ETTm1,720,1065,forecast,508,RGSP-96,9.975878715515137
ETTm1,720,1065,forecast,509,RGSP-96,9.99097728729248
ETTm1,720,1065,forecast,510,RGSP-96,9.993379592895508
ETTm1,720,1065,forecast,511,RGSP-96,10.015153884887695
ETTm1,720,1065,forecast,512,RGSP-96,9.960990905761719
ETTm1,720,1065,forecast,513,RGSP-96,9.984606742858887
ETTm1,720,1065,forecast,514,RGSP-96,9.992836952209473
ETTm1,720,1065,forecast,515,RGSP-96,9.970102310180664
ETTm1,720,1065,forecast,516,RGSP-96,10.026749610900879
ETTm1,720,1065,forecast,517,RGSP-96,9.974577903747559
ETTm1,720,1065,forecast,518,RGSP-96,10.090566635131836
ETTm1,720,1065,forecast,519,RGSP-96,10.161290168762207
ETTm1,720,1065,forecast,520,RGSP-96,10.2343111038208
ETTm1,720,1065,forecast,521,RGSP-96,10.29636001586914
ETTm1,720,1065,forecast,522,RGSP-96,10.317854881286621
ETTm1,720,1065,forecast,523,RGSP-96,10.527511596679688
ETTm1,720,1065,forecast,524,RGSP-96,10.533973693847656
ETTm1,720,1065,forecast,525,RGSP-96,10.477143287658691
ETTm1,720,1065,forecast,526,RGSP-96,10.426823616027832
ETTm1,720,1065,forecast,527,RGSP-96,10.338791847229004
ETTm1,720,1065,forecast,528,RGSP-96,10.241107940673828
ETTm1,720,1065,forecast,529,RGSP-96,10.218328475952148
ETTm1,720,1065,forecast,530,RGSP-96,10.14806079864502
ETTm1,720,1065,forecast,531,RGSP-96,9.971779823303223
ETTm1,720,1065,forecast,532,RGSP-96,9.857147216796875
ETTm1,720,1065,forecast,533,RGSP-96,9.858445167541504
ETTm1,720,1065,forecast,534,RGSP-96,9.83268928527832
ETTm1,720,1065,forecast,535,RGSP-96,9.780500411987305
ETTm1,720,1065,forecast,536,RGSP-96,9.815560340881348
ETTm1,720,1065,forecast,537,RGSP-96,9.72138786315918
ETTm1,720,1065,forecast,538,RGSP-96,9.749205589294434
ETTm1,720,1065,forecast,539,RGSP-96,9.69028091430664
ETTm1,720,1065,forecast,540,RGSP-96,9.608054161071777
ETTm1,720,1065,forecast,541,RGSP-96,9.503602027893066
ETTm1,720,1065,forecast,542,RGSP-96,9.410649299621582
ETTm1,720,1065,forecast,543,RGSP-96,9.386269569396973
ETTm1,720,1065,forecast,544,RGSP-96,9.278072357177734
ETTm1,720,1065,forecast,545,RGSP-96,9.173738479614258
ETTm1,720,1065,forecast,546,RGSP-96,9.140642166137695
ETTm1,720,1065,forecast,547,RGSP-96,9.150800704956055
ETTm1,720,1065,forecast,548,RGSP-96,9.10750961303711
ETTm1,720,1065,forecast,549,RGSP-96,9.079492568969727
ETTm1,720,1065,forecast,550,RGSP-96,9.073691368103027
ETTm1,720,1065,forecast,551,RGSP-96,9.068699836730957
ETTm1,720,1065,forecast,552,RGSP-96,8.954895973205566
ETTm1,720,1065,forecast,553,RGSP-96,8.897476196289062
ETTm1,720,1065,forecast,554,RGSP-96,8.928275108337402
ETTm1,720,1065,forecast,555,RGSP-96,8.885632514953613
ETTm1,720,1065,forecast,556,RGSP-96,8.803923606872559
ETTm1,720,1065,forecast,557,RGSP-96,8.794865608215332
ETTm1,720,1065,forecast,558,RGSP-96,8.75542163848877
ETTm1,720,1065,forecast,559,RGSP-96,8.725048065185547
ETTm1,720,1065,forecast,560,RGSP-96,8.604781150817871
ETTm1,720,1065,forecast,561,RGSP-96,8.626025199890137
ETTm1,720,1065,forecast,562,RGSP-96,8.667692184448242
ETTm1,720,1065,forecast,563,RGSP-96,8.594282150268555
ETTm1,720,1065,forecast,564,RGSP-96,8.632922172546387
ETTm1,720,1065,forecast,565,RGSP-96,8.611815452575684
ETTm1,720,1065,forecast,566,RGSP-96,8.669177055358887
ETTm1,720,1065,forecast,567,RGSP-96,8.680182456970215
ETTm1,720,1065,forecast,568,RGSP-96,8.666065216064453
ETTm1,720,1065,forecast,569,RGSP-96,8.6399564743042
ETTm1,720,1065,forecast,570,RGSP-96,8.664706230163574
ETTm1,720,1065,forecast,571,RGSP-96,8.618491172790527
ETTm1,720,1065,forecast,572,RGSP-96,8.70652961730957
ETTm1,720,1065,forecast,573,RGSP-96,8.729484558105469
ETTm1,720,1065,forecast,574,RGSP-96,8.843717575073242
ETTm1,720,1065,forecast,575,RGSP-96,9.015580177307129
ETTm1,720,1065,forecast,576,RGSP-96,9.171891212463379
ETTm1,720,1065,forecast,577,RGSP-96,9.292375564575195
ETTm1,720,1065,forecast,578,RGSP-96,9.437905311584473
ETTm1,720,1065,forecast,579,RGSP-96,9.66281795501709
ETTm1,720,1065,forecast,580,RGSP-96,9.762988090515137
ETTm1,720,1065,forecast,581,RGSP-96,9.864566802978516
ETTm1,720,1065,forecast,582,RGSP-96,9.815120697021484
ETTm1,720,1065,forecast,583,RGSP-96,9.77439022064209
ETTm1,720,1065,forecast,584,RGSP-96,9.812196731567383
ETTm1,720,1065,forecast,585,RGSP-96,9.665179252624512
ETTm1,720,1065,forecast,586,RGSP-96,9.732987403869629
ETTm1,720,1065,forecast,587,RGSP-96,9.808953285217285
ETTm1,720,1065,forecast,588,RGSP-96,9.878746032714844
ETTm1,720,1065,forecast,589,RGSP-96,9.964431762695312
ETTm1,720,1065,forecast,590,RGSP-96,10.036641120910645
ETTm1,720,1065,forecast,591,RGSP-96,10.010941505432129
ETTm1,720,1065,forecast,592,RGSP-96,10.1006441116333
ETTm1,720,1065,forecast,593,RGSP-96,10.107122421264648
ETTm1,720,1065,forecast,594,RGSP-96,10.154793739318848
ETTm1,720,1065,forecast,595,RGSP-96,10.162734031677246
ETTm1,720,1065,forecast,596,RGSP-96,10.206729888916016
ETTm1,720,1065,forecast,597,RGSP-96,10.198737144470215
ETTm1,720,1065,forecast,598,RGSP-96,10.19637393951416
ETTm1,720,1065,forecast,599,RGSP-96,10.125000953674316
ETTm1,720,1065,forecast,600,RGSP-96,10.144268035888672
ETTm1,720,1065,forecast,601,RGSP-96,10.189346313476562
ETTm1,720,1065,forecast,602,RGSP-96,10.120835304260254
ETTm1,720,1065,forecast,603,RGSP-96,10.081871032714844
ETTm1,720,1065,forecast,604,RGSP-96,10.113054275512695
ETTm1,720,1065,forecast,605,RGSP-96,10.185781478881836
ETTm1,720,1065,forecast,606,RGSP-96,10.106832504272461
ETTm1,720,1065,forecast,607,RGSP-96,10.066610336303711
ETTm1,720,1065,forecast,608,RGSP-96,10.151910781860352
ETTm1,720,1065,forecast,609,RGSP-96,10.149775505065918
ETTm1,720,1065,forecast,610,RGSP-96,10.089248657226562
ETTm1,720,1065,forecast,611,RGSP-96,10.119523048400879
ETTm1,720,1065,forecast,612,RGSP-96,10.112356185913086
ETTm1,720,1065,forecast,613,RGSP-96,10.242476463317871
ETTm1,720,1065,forecast,614,RGSP-96,10.206913948059082
ETTm1,720,1065,forecast,615,RGSP-96,10.320941925048828
ETTm1,720,1065,forecast,616,RGSP-96,10.38896369934082
ETTm1,720,1065,forecast,617,RGSP-96,10.424726486206055
ETTm1,720,1065,forecast,618,RGSP-96,10.57744312286377
ETTm1,720,1065,forecast,619,RGSP-96,10.700861930847168
ETTm1,720,1065,forecast,620,RGSP-96,10.693297386169434
ETTm1,720,1065,forecast,621,RGSP-96,10.620002746582031
ETTm1,720,1065,forecast,622,RGSP-96,10.616194725036621
ETTm1,720,1065,forecast,623,RGSP-96,10.534317970275879
ETTm1,720,1065,forecast,624,RGSP-96,10.493886947631836
ETTm1,720,1065,forecast,625,RGSP-96,10.400252342224121
ETTm1,720,1065,forecast,626,RGSP-96,10.25193977355957
ETTm1,720,1065,forecast,627,RGSP-96,10.103218078613281
ETTm1,720,1065,forecast,628,RGSP-96,10.04391098022461
ETTm1,720,1065,forecast,629,RGSP-96,9.962743759155273
ETTm1,720,1065,forecast,630,RGSP-96,9.868237495422363
ETTm1,720,1065,forecast,631,RGSP-96,9.82859992980957
ETTm1,720,1065,forecast,632,RGSP-96,9.94016170501709
ETTm1,720,1065,forecast,633,RGSP-96,9.847599983215332
ETTm1,720,1065,forecast,634,RGSP-96,9.85279369354248
ETTm1,720,1065,forecast,635,RGSP-96,9.746062278747559
ETTm1,720,1065,forecast,636,RGSP-96,9.75268268585205
ETTm1,720,1065,forecast,637,RGSP-96,9.673007011413574
ETTm1,720,1065,forecast,638,RGSP-96,9.59879207611084
ETTm1,720,1065,forecast,639,RGSP-96,9.40005111694336
ETTm1,720,1065,forecast,640,RGSP-96,9.344287872314453
ETTm1,720,1065,forecast,641,RGSP-96,9.285212516784668
ETTm1,720,1065,forecast,642,RGSP-96,9.256665229797363
ETTm1,720,1065,forecast,643,RGSP-96,9.116044998168945
ETTm1,720,1065,forecast,644,RGSP-96,9.140677452087402
ETTm1,720,1065,forecast,645,RGSP-96,9.081869125366211
ETTm1,720,1065,forecast,646,RGSP-96,9.072463989257812
ETTm1,720,1065,forecast,647,RGSP-96,9.03209114074707
ETTm1,720,1065,forecast,648,RGSP-96,8.941338539123535
ETTm1,720,1065,forecast,649,RGSP-96,8.937729835510254
ETTm1,720,1065,forecast,650,RGSP-96,8.90556812286377
ETTm1,720,1065,forecast,651,RGSP-96,8.859796524047852
ETTm1,720,1065,forecast,652,RGSP-96,8.735087394714355
ETTm1,720,1065,forecast,653,RGSP-96,8.656132698059082
ETTm1,720,1065,forecast,654,RGSP-96,8.547892570495605
ETTm1,720,1065,forecast,655,RGSP-96,8.550081253051758
ETTm1,720,1065,forecast,656,RGSP-96,8.571606636047363
ETTm1,720,1065,forecast,657,RGSP-96,8.496524810791016
ETTm1,720,1065,forecast,658,RGSP-96,8.470239639282227
ETTm1,720,1065,forecast,659,RGSP-96,8.535563468933105
ETTm1,720,1065,forecast,660,RGSP-96,8.517693519592285
ETTm1,720,1065,forecast,661,RGSP-96,8.488907814025879
ETTm1,720,1065,forecast,662,RGSP-96,8.525230407714844
ETTm1,720,1065,forecast,663,RGSP-96,8.543843269348145
ETTm1,720,1065,forecast,664,RGSP-96,8.444003105163574
ETTm1,720,1065,forecast,665,RGSP-96,8.52312183380127
ETTm1,720,1065,forecast,666,RGSP-96,8.486230850219727
ETTm1,720,1065,forecast,667,RGSP-96,8.479378700256348
ETTm1,720,1065,forecast,668,RGSP-96,8.443873405456543
ETTm1,720,1065,forecast,669,RGSP-96,8.508382797241211
ETTm1,720,1065,forecast,670,RGSP-96,8.637228965759277
ETTm1,720,1065,forecast,671,RGSP-96,8.781769752502441
ETTm1,720,1065,forecast,672,RGSP-96,8.895906448364258
ETTm1,720,1065,forecast,673,RGSP-96,9.059650421142578
ETTm1,720,1065,forecast,674,RGSP-96,9.180154800415039
ETTm1,720,1065,forecast,675,RGSP-96,9.273338317871094
ETTm1,720,1065,forecast,676,RGSP-96,9.442469596862793
ETTm1,720,1065,forecast,677,RGSP-96,9.476512908935547
ETTm1,720,1065,forecast,678,RGSP-96,9.534387588500977
ETTm1,720,1065,forecast,679,RGSP-96,9.5062837600708
ETTm1,720,1065,forecast,680,RGSP-96,9.443624496459961
ETTm1,720,1065,forecast,681,RGSP-96,9.50788402557373
ETTm1,720,1065,forecast,682,RGSP-96,9.492260932922363
ETTm1,720,1065,forecast,683,RGSP-96,9.516064643859863
ETTm1,720,1065,forecast,684,RGSP-96,9.61495590209961
ETTm1,720,1065,forecast,685,RGSP-96,9.754127502441406
ETTm1,720,1065,forecast,686,RGSP-96,9.790772438049316
ETTm1,720,1065,forecast,687,RGSP-96,9.80117416381836
ETTm1,720,1065,forecast,688,RGSP-96,9.882951736450195
ETTm1,720,1065,forecast,689,RGSP-96,9.969650268554688
ETTm1,720,1065,forecast,690,RGSP-96,10.00741958618164
ETTm1,720,1065,forecast,691,RGSP-96,10.017012596130371
ETTm1,720,1065,forecast,692,RGSP-96,10.069912910461426
ETTm1,720,1065,forecast,693,RGSP-96,10.01125431060791
ETTm1,720,1065,forecast,694,RGSP-96,10.065226554870605
ETTm1,720,1065,forecast,695,RGSP-96,10.018178939819336
ETTm1,720,1065,forecast,696,RGSP-96,9.98569107055664
ETTm1,720,1065,forecast,697,RGSP-96,10.04104232788086
ETTm1,720,1065,forecast,698,RGSP-96,10.025222778320312
ETTm1,720,1065,forecast,699,RGSP-96,9.87517261505127
ETTm1,720,1065,forecast,700,RGSP-96,9.94723129272461
ETTm1,720,1065,forecast,701,RGSP-96,10.00800609588623
ETTm1,720,1065,forecast,702,RGSP-96,10.025385856628418
ETTm1,720,1065,forecast,703,RGSP-96,10.049636840820312
ETTm1,720,1065,forecast,704,RGSP-96,10.016417503356934
ETTm1,720,1065,forecast,705,RGSP-96,9.983596801757812
ETTm1,720,1065,forecast,706,RGSP-96,10.067840576171875
ETTm1,720,1065,forecast,707,RGSP-96,10.110965728759766
ETTm1,720,1065,forecast,708,RGSP-96,10.15501594543457
ETTm1,720,1065,forecast,709,RGSP-96,10.199603080749512
ETTm1,720,1065,forecast,710,RGSP-96,10.206830978393555
ETTm1,720,1065,forecast,711,RGSP-96,10.26223373413086
ETTm1,720,1065,forecast,712,RGSP-96,10.284400939941406
ETTm1,720,1065,forecast,713,RGSP-96,10.345782279968262
ETTm1,720,1065,forecast,714,RGSP-96,10.415018081665039
ETTm1,720,1065,forecast,715,RGSP-96,10.497847557067871
ETTm1,720,1065,forecast,716,RGSP-96,10.474980354309082
ETTm1,720,1065,forecast,717,RGSP-96,10.441254615783691
ETTm1,720,1065,forecast,718,RGSP-96,10.385242462158203
ETTm1,720,1065,forecast,719,RGSP-96,10.298219680786133
ETTh1,96,895,observed_context,-96,Observed history,6.893999099731445
ETTh1,96,895,observed_context,-95,Observed history,7.527000427246094
ETTh1,96,895,observed_context,-94,Observed history,6.9639997482299805
ETTh1,96,895,observed_context,-93,Observed history,7.668000221252441
ETTh1,96,895,observed_context,-92,Observed history,6.893999099731445
ETTh1,96,895,observed_context,-91,Observed history,7.808999061584473
ETTh1,96,895,observed_context,-90,Observed history,9.777999877929688
ETTh1,96,895,observed_context,-89,Observed history,9.98900032043457
ETTh1,96,895,observed_context,-88,Observed history,9.777999877929688
ETTh1,96,895,observed_context,-87,Observed history,9.425999641418457
ETTh1,96,895,observed_context,-86,Observed history,8.442000389099121
ETTh1,96,895,observed_context,-85,Observed history,7.104999542236328
ETTh1,96,895,observed_context,-84,Observed history,6.331000328063965
ETTh1,96,895,observed_context,-83,Observed history,5.697999000549316
ETTh1,96,895,observed_context,-82,Observed history,5.276000022888184
ETTh1,96,895,observed_context,-81,Observed history,4.923999786376953
ETTh1,96,895,observed_context,-80,Observed history,4.643000602722168
ETTh1,96,895,observed_context,-79,Observed history,4.220999717712402
ETTh1,96,895,observed_context,-78,Observed history,4.079999923706055
ETTh1,96,895,observed_context,-77,Observed history,3.7279999256134033
ETTh1,96,895,observed_context,-76,Observed history,3.7279999256134033
ETTh1,96,895,observed_context,-75,Observed history,3.517000436782837
ETTh1,96,895,observed_context,-74,Observed history,3.305999994277954
ETTh1,96,895,observed_context,-73,Observed history,3.447000741958618
ETTh1,96,895,observed_context,-72,Observed history,3.377000093460083
ETTh1,96,895,observed_context,-71,Observed history,3.7279999256134033
ETTh1,96,895,observed_context,-70,Observed history,4.0099992752075195
ETTh1,96,895,observed_context,-69,Observed history,4.220999717712402
ETTh1,96,895,observed_context,-68,Observed history,4.853999137878418
ETTh1,96,895,observed_context,-67,Observed history,5.064999580383301
ETTh1,96,895,observed_context,-66,Observed history,6.61299991607666
ETTh1,96,895,observed_context,-65,Observed history,6.541998863220215
ETTh1,96,895,observed_context,-64,Observed history,6.4720001220703125
ETTh1,96,895,observed_context,-63,Observed history,6.541998863220215
ETTh1,96,895,observed_context,-62,Observed history,7.456999778747559
ETTh1,96,895,observed_context,-61,Observed history,6.9639997482299805
ETTh1,96,895,observed_context,-60,Observed history,6.683000564575195
ETTh1,96,895,observed_context,-59,Observed history,6.4720001220703125
ETTh1,96,895,observed_context,-58,Observed history,6.26099967956543
ETTh1,96,895,observed_context,-57,Observed history,6.402000427246094
ETTh1,96,895,observed_context,-56,Observed history,6.4720001220703125
ETTh1,96,895,observed_context,-55,Observed history,6.823999404907227
ETTh1,96,895,observed_context,-54,Observed history,7.38599967956543
ETTh1,96,895,observed_context,-53,Observed history,7.5970001220703125
ETTh1,96,895,observed_context,-52,Observed history,7.808999061584473
ETTh1,96,895,observed_context,-51,Observed history,7.948999404907227
ETTh1,96,895,observed_context,-50,Observed history,7.668000221252441
ETTh1,96,895,observed_context,-49,Observed history,7.948999404907227
ETTh1,96,895,observed_context,-48,Observed history,8.230999946594238
ETTh1,96,895,observed_context,-47,Observed history,7.948999404907227
ETTh1,96,895,observed_context,-46,Observed history,7.315999984741211
ETTh1,96,895,observed_context,-45,Observed history,7.034999847412109
ETTh1,96,895,observed_context,-44,Observed history,7.527000427246094
ETTh1,96,895,observed_context,-43,Observed history,7.456999778747559
ETTh1,96,895,observed_context,-42,Observed history,7.456999778747559
ETTh1,96,895,observed_context,-41,Observed history,8.020000457763672
ETTh1,96,895,observed_context,-40,Observed history,8.581999778747559
ETTh1,96,895,observed_context,-39,Observed history,9.21500015258789
ETTh1,96,895,observed_context,-38,Observed history,9.21500015258789
ETTh1,96,895,observed_context,-37,Observed history,8.51200008392334
ETTh1,96,895,observed_context,-36,Observed history,8.230999946594238
ETTh1,96,895,observed_context,-35,Observed history,7.808999061584473
ETTh1,96,895,observed_context,-34,Observed history,7.737998962402344
ETTh1,96,895,observed_context,-33,Observed history,8.09000015258789
ETTh1,96,895,observed_context,-32,Observed history,7.879000663757324
ETTh1,96,895,observed_context,-31,Observed history,8.09000015258789
ETTh1,96,895,observed_context,-30,Observed history,7.456999778747559
ETTh1,96,895,observed_context,-29,Observed history,8.230999946594238
ETTh1,96,895,observed_context,-28,Observed history,7.808999061584473
ETTh1,96,895,observed_context,-27,Observed history,5.135000228881836
ETTh1,96,895,observed_context,-26,Observed history,5.205999374389648
ETTh1,96,895,observed_context,-25,Observed history,4.923999786376953
ETTh1,96,895,observed_context,-24,Observed history,4.643000602722168
ETTh1,96,895,observed_context,-23,Observed history,4.853999137878418
ETTh1,96,895,observed_context,-22,Observed history,4.643000602722168
ETTh1,96,895,observed_context,-21,Observed history,4.853999137878418
ETTh1,96,895,observed_context,-20,Observed history,4.501999855041504
ETTh1,96,895,observed_context,-19,Observed history,4.853999137878418
ETTh1,96,895,observed_context,-18,Observed history,4.572999954223633
ETTh1,96,895,observed_context,-17,Observed history,4.994999885559082
ETTh1,96,895,observed_context,-16,Observed history,4.71299934387207
ETTh1,96,895,observed_context,-15,Observed history,4.923999786376953
ETTh1,96,895,observed_context,-14,Observed history,4.36199951171875
ETTh1,96,895,observed_context,-13,Observed history,4.149999618530273
ETTh1,96,895,observed_context,-12,Observed history,4.149999618530273
ETTh1,96,895,observed_context,-11,Observed history,4.079999923706055
ETTh1,96,895,observed_context,-10,Observed history,4.36199951171875
ETTh1,96,895,observed_context,-9,Observed history,3.9389994144439697
ETTh1,96,895,observed_context,-8,Observed history,3.517000436782837
ETTh1,96,895,observed_context,-7,Observed history,3.7990000247955322
ETTh1,96,895,observed_context,-6,Observed history,3.588000535964966
ETTh1,96,895,observed_context,-5,Observed history,3.447000741958618
ETTh1,96,895,observed_context,-4,Observed history,1.758998990058899
ETTh1,96,895,observed_context,-3,Observed history,1.6180001497268677
ETTh1,96,895,observed_context,-2,Observed history,2.532000780105591
ETTh1,96,895,observed_context,-1,Observed history,2.7440006732940674
ETTh1,96,895,forecast,0,Ground truth,2.7440006732940674
ETTh1,96,895,forecast,1,Ground truth,2.8139994144439697
ETTh1,96,895,forecast,2,Ground truth,2.7440006732940674
ETTh1,96,895,forecast,3,Ground truth,2.884000062942505
ETTh1,96,895,forecast,4,Ground truth,2.955000162124634
ETTh1,96,895,forecast,5,Ground truth,2.884000062942505
ETTh1,96,895,forecast,6,Ground truth,3.1659996509552
ETTh1,96,895,forecast,7,Ground truth,3.377000093460083
ETTh1,96,895,forecast,8,Ground truth,3.517000436782837
ETTh1,96,895,forecast,9,Ground truth,3.447000741958618
ETTh1,96,895,forecast,10,Ground truth,3.7279999256134033
ETTh1,96,895,forecast,11,Ground truth,4.220999717712402
ETTh1,96,895,forecast,12,Ground truth,3.588000535964966
ETTh1,96,895,forecast,13,Ground truth,3.2360002994537354
ETTh1,96,895,forecast,14,Ground truth,3.377000093460083
ETTh1,96,895,forecast,15,Ground truth,3.517000436782837
ETTh1,96,895,forecast,16,Ground truth,3.868999719619751
ETTh1,96,895,forecast,17,Ground truth,3.517000436782837
ETTh1,96,895,forecast,18,Ground truth,3.0949995517730713
ETTh1,96,895,forecast,19,Ground truth,3.2360002994537354
ETTh1,96,895,forecast,20,Ground truth,2.7440006732940674
ETTh1,96,895,forecast,21,Ground truth,3.1659996509552
ETTh1,96,895,forecast,22,Ground truth,3.0249998569488525
ETTh1,96,895,forecast,23,Ground truth,3.588000535964966
ETTh1,96,895,forecast,24,Ground truth,3.305999994277954
ETTh1,96,895,forecast,25,Ground truth,3.305999994277954
ETTh1,96,895,forecast,26,Ground truth,3.0949995517730713
ETTh1,96,895,forecast,27,Ground truth,3.0949995517730713
ETTh1,96,895,forecast,28,Ground truth,3.0949995517730713
ETTh1,96,895,forecast,29,Ground truth,3.7990000247955322
ETTh1,96,895,forecast,30,Ground truth,4.079999923706055
ETTh1,96,895,forecast,31,Ground truth,4.2910003662109375
ETTh1,96,895,forecast,32,Ground truth,4.149999618530273
ETTh1,96,895,forecast,33,Ground truth,4.2910003662109375
ETTh1,96,895,forecast,34,Ground truth,4.923999786376953
ETTh1,96,895,forecast,35,Ground truth,4.71299934387207
ETTh1,96,895,forecast,36,Ground truth,4.923999786376953
ETTh1,96,895,forecast,37,Ground truth,4.994999885559082
ETTh1,96,895,forecast,38,Ground truth,4.149999618530273
ETTh1,96,895,forecast,39,Ground truth,3.7990000247955322
ETTh1,96,895,forecast,40,Ground truth,4.220999717712402
ETTh1,96,895,forecast,41,Ground truth,3.7990000247955322
ETTh1,96,895,forecast,42,Ground truth,3.7990000247955322
ETTh1,96,895,forecast,43,Ground truth,3.6580002307891846
ETTh1,96,895,forecast,44,Ground truth,3.6580002307891846
ETTh1,96,895,forecast,45,Ground truth,3.9389994144439697
ETTh1,96,895,forecast,46,Ground truth,4.432000160217285
ETTh1,96,895,forecast,47,Ground truth,4.2910003662109375
ETTh1,96,895,forecast,48,Ground truth,4.432000160217285
ETTh1,96,895,forecast,49,Ground truth,4.2910003662109375
ETTh1,96,895,forecast,50,Ground truth,4.2910003662109375
ETTh1,96,895,forecast,51,Ground truth,4.501999855041504
ETTh1,96,895,forecast,52,Ground truth,4.923999786376953
ETTh1,96,895,forecast,53,Ground truth,5.908999443054199
ETTh1,96,895,forecast,54,Ground truth,6.683000564575195
ETTh1,96,895,forecast,55,Ground truth,7.246000289916992
ETTh1,96,895,forecast,56,Ground truth,7.034999847412109
ETTh1,96,895,forecast,57,Ground truth,7.246000289916992
ETTh1,96,895,forecast,58,Ground truth,6.893999099731445
ETTh1,96,895,forecast,59,Ground truth,6.331000328063965
ETTh1,96,895,forecast,60,Ground truth,6.049999237060547
ETTh1,96,895,forecast,61,Ground truth,5.557000160217285
ETTh1,96,895,forecast,62,Ground truth,5.416999816894531
ETTh1,96,895,forecast,63,Ground truth,5.487000465393066
ETTh1,96,895,forecast,64,Ground truth,5.557000160217285
ETTh1,96,895,forecast,65,Ground truth,5.345999717712402
ETTh1,96,895,forecast,66,Ground truth,5.487000465393066
ETTh1,96,895,forecast,67,Ground truth,5.416999816894531
ETTh1,96,895,forecast,68,Ground truth,5.276000022888184
ETTh1,96,895,forecast,69,Ground truth,5.135000228881836
ETTh1,96,895,forecast,70,Ground truth,4.923999786376953
ETTh1,96,895,forecast,71,Ground truth,4.2910003662109375
ETTh1,96,895,forecast,72,Ground truth,4.923999786376953
ETTh1,96,895,forecast,73,Ground truth,4.853999137878418
ETTh1,96,895,forecast,74,Ground truth,4.501999855041504
ETTh1,96,895,forecast,75,Ground truth,5.135000228881836
ETTh1,96,895,forecast,76,Ground truth,6.893999099731445
ETTh1,96,895,forecast,77,Ground truth,6.26099967956543
ETTh1,96,895,forecast,78,Ground truth,6.893999099731445
ETTh1,96,895,forecast,79,Ground truth,7.38599967956543
ETTh1,96,895,forecast,80,Ground truth,7.456999778747559
ETTh1,96,895,forecast,81,Ground truth,7.668000221252441
ETTh1,96,895,forecast,82,Ground truth,7.104999542236328
ETTh1,96,895,forecast,83,Ground truth,6.402000427246094
ETTh1,96,895,forecast,84,Ground truth,6.331000328063965
ETTh1,96,895,forecast,85,Ground truth,6.331000328063965
ETTh1,96,895,forecast,86,Ground truth,6.61299991607666
ETTh1,96,895,forecast,87,Ground truth,6.752999305725098
ETTh1,96,895,forecast,88,Ground truth,5.205999374389648
ETTh1,96,895,forecast,89,Ground truth,4.853999137878418
ETTh1,96,895,forecast,90,Ground truth,5.557000160217285
ETTh1,96,895,forecast,91,Ground truth,5.839000701904297
ETTh1,96,895,forecast,92,Ground truth,5.627999305725098
ETTh1,96,895,forecast,93,Ground truth,5.345999717712402
ETTh1,96,895,forecast,94,Ground truth,5.627999305725098
ETTh1,96,895,forecast,95,Ground truth,6.26099967956543
ETTh1,96,895,forecast,0,TimeRole,3.4320318698883057
ETTh1,96,895,forecast,1,TimeRole,3.8438665866851807
ETTh1,96,895,forecast,2,TimeRole,4.002054214477539
ETTh1,96,895,forecast,3,TimeRole,4.113949775695801
ETTh1,96,895,forecast,4,TimeRole,4.647648811340332
ETTh1,96,895,forecast,5,TimeRole,4.926502227783203
ETTh1,96,895,forecast,6,TimeRole,5.472901344299316
ETTh1,96,895,forecast,7,TimeRole,5.615134239196777
ETTh1,96,895,forecast,8,TimeRole,5.602723121643066
ETTh1,96,895,forecast,9,TimeRole,5.726617813110352
ETTh1,96,895,forecast,10,TimeRole,5.548725128173828
ETTh1,96,895,forecast,11,TimeRole,5.200898170471191
ETTh1,96,895,forecast,12,TimeRole,4.897388458251953
ETTh1,96,895,forecast,13,TimeRole,4.816065788269043
ETTh1,96,895,forecast,14,TimeRole,4.505892753601074
ETTh1,96,895,forecast,15,TimeRole,4.535923004150391
ETTh1,96,895,forecast,16,TimeRole,4.351580619812012
ETTh1,96,895,forecast,17,TimeRole,4.225075721740723
ETTh1,96,895,forecast,18,TimeRole,4.112997055053711
ETTh1,96,895,forecast,19,TimeRole,4.152500152587891
ETTh1,96,895,forecast,20,TimeRole,3.8556454181671143
ETTh1,96,895,forecast,21,TimeRole,3.4268810749053955
ETTh1,96,895,forecast,22,TimeRole,3.1553537845611572
ETTh1,96,895,forecast,23,TimeRole,3.4548752307891846
ETTh1,96,895,forecast,24,TimeRole,3.5856382846832275
ETTh1,96,895,forecast,25,TimeRole,3.7136261463165283
ETTh1,96,895,forecast,26,TimeRole,3.713963747024536
ETTh1,96,895,forecast,27,TimeRole,3.887382745742798
ETTh1,96,895,forecast,28,TimeRole,3.9504425525665283
ETTh1,96,895,forecast,29,TimeRole,4.425477027893066
ETTh1,96,895,forecast,30,TimeRole,5.013364791870117
ETTh1,96,895,forecast,31,TimeRole,5.519007682800293
ETTh1,96,895,forecast,32,TimeRole,5.52607536315918
ETTh1,96,895,forecast,33,TimeRole,5.688995361328125
ETTh1,96,895,forecast,34,TimeRole,5.482316970825195
ETTh1,96,895,forecast,35,TimeRole,5.335127830505371
ETTh1,96,895,forecast,36,TimeRole,4.871262550354004
ETTh1,96,895,forecast,37,TimeRole,4.822088241577148
ETTh1,96,895,forecast,38,TimeRole,4.467926025390625
ETTh1,96,895,forecast,39,TimeRole,4.324343681335449
ETTh1,96,895,forecast,40,TimeRole,4.120674133300781
ETTh1,96,895,forecast,41,TimeRole,4.150118827819824
ETTh1,96,895,forecast,42,TimeRole,3.979444742202759
ETTh1,96,895,forecast,43,TimeRole,4.0046234130859375
ETTh1,96,895,forecast,44,TimeRole,3.5300467014312744
ETTh1,96,895,forecast,45,TimeRole,3.145784616470337
ETTh1,96,895,forecast,46,TimeRole,3.272575616836548
ETTh1,96,895,forecast,47,TimeRole,3.570305109024048
ETTh1,96,895,forecast,48,TimeRole,3.7918636798858643
ETTh1,96,895,forecast,49,TimeRole,4.082850456237793
ETTh1,96,895,forecast,50,TimeRole,3.8527605533599854
ETTh1,96,895,forecast,51,TimeRole,4.198775291442871
ETTh1,96,895,forecast,52,TimeRole,4.397363662719727
ETTh1,96,895,forecast,53,TimeRole,4.645545959472656
ETTh1,96,895,forecast,54,TimeRole,5.264066696166992
ETTh1,96,895,forecast,55,TimeRole,5.698324203491211
ETTh1,96,895,forecast,56,TimeRole,5.530182838439941
ETTh1,96,895,forecast,57,TimeRole,5.742051124572754
ETTh1,96,895,forecast,58,TimeRole,5.650975227355957
ETTh1,96,895,forecast,59,TimeRole,5.345439910888672
ETTh1,96,895,forecast,60,TimeRole,5.036993980407715
ETTh1,96,895,forecast,61,TimeRole,4.958596229553223
ETTh1,96,895,forecast,62,TimeRole,4.694928169250488
ETTh1,96,895,forecast,63,TimeRole,4.62857723236084
ETTh1,96,895,forecast,64,TimeRole,4.442645072937012
ETTh1,96,895,forecast,65,TimeRole,4.388881683349609
ETTh1,96,895,forecast,66,TimeRole,4.394309997558594
ETTh1,96,895,forecast,67,TimeRole,4.471247673034668
ETTh1,96,895,forecast,68,TimeRole,4.078359603881836
ETTh1,96,895,forecast,69,TimeRole,3.4685442447662354
ETTh1,96,895,forecast,70,TimeRole,3.5003902912139893
ETTh1,96,895,forecast,71,TimeRole,3.477513551712036
ETTh1,96,895,forecast,72,TimeRole,3.7392561435699463
ETTh1,96,895,forecast,73,TimeRole,3.784191370010376
ETTh1,96,895,forecast,74,TimeRole,3.8709652423858643
ETTh1,96,895,forecast,75,TimeRole,4.076116561889648
ETTh1,96,895,forecast,76,TimeRole,4.192990303039551
ETTh1,96,895,forecast,77,TimeRole,4.635951042175293
ETTh1,96,895,forecast,78,TimeRole,5.121031761169434
ETTh1,96,895,forecast,79,TimeRole,5.5461015701293945
ETTh1,96,895,forecast,80,TimeRole,5.4913225173950195
ETTh1,96,895,forecast,81,TimeRole,5.666660308837891
ETTh1,96,895,forecast,82,TimeRole,5.492159843444824
ETTh1,96,895,forecast,83,TimeRole,5.206897735595703
ETTh1,96,895,forecast,84,TimeRole,5.064058303833008
ETTh1,96,895,forecast,85,TimeRole,4.918940544128418
ETTh1,96,895,forecast,86,TimeRole,4.606019020080566
ETTh1,96,895,forecast,87,TimeRole,4.474848747253418
ETTh1,96,895,forecast,88,TimeRole,4.329090118408203
ETTh1,96,895,forecast,89,TimeRole,4.2010345458984375
ETTh1,96,895,forecast,90,TimeRole,4.137210845947266
ETTh1,96,895,forecast,91,TimeRole,4.020136833190918
ETTh1,96,895,forecast,92,TimeRole,3.809988260269165
ETTh1,96,895,forecast,93,TimeRole,3.2222282886505127
ETTh1,96,895,forecast,94,TimeRole,3.2258169651031494
ETTh1,96,895,forecast,95,TimeRole,3.3489468097686768
ETTh1,96,895,forecast,0,DLinear,3.9068825244903564
ETTh1,96,895,forecast,1,DLinear,4.200124740600586
ETTh1,96,895,forecast,2,DLinear,4.419477462768555
ETTh1,96,895,forecast,3,DLinear,4.8041229248046875
ETTh1,96,895,forecast,4,DLinear,5.187535285949707
ETTh1,96,895,forecast,5,DLinear,5.708797454833984
ETTh1,96,895,forecast,6,DLinear,6.215890884399414
ETTh1,96,895,forecast,7,DLinear,6.574507713317871
ETTh1,96,895,forecast,8,DLinear,6.825518608093262
ETTh1,96,895,forecast,9,DLinear,6.818058967590332
ETTh1,96,895,forecast,10,DLinear,6.905660629272461
ETTh1,96,895,forecast,11,DLinear,6.651749610900879
ETTh1,96,895,forecast,12,DLinear,6.2678117752075195
ETTh1,96,895,forecast,13,DLinear,6.1734619140625
ETTh1,96,895,forecast,14,DLinear,5.8403120040893555
ETTh1,96,895,forecast,15,DLinear,5.556093215942383
ETTh1,96,895,forecast,16,DLinear,5.6735687255859375
ETTh1,96,895,forecast,17,DLinear,5.600010871887207
ETTh1,96,895,forecast,18,DLinear,5.2031965255737305
ETTh1,96,895,forecast,19,DLinear,5.486458778381348
ETTh1,96,895,forecast,20,DLinear,5.346795082092285
ETTh1,96,895,forecast,21,DLinear,5.291711807250977
ETTh1,96,895,forecast,22,DLinear,4.905142784118652
ETTh1,96,895,forecast,23,DLinear,4.979522705078125
ETTh1,96,895,forecast,24,DLinear,4.866827011108398
ETTh1,96,895,forecast,25,DLinear,5.524541854858398
ETTh1,96,895,forecast,26,DLinear,5.315451622009277
ETTh1,96,895,forecast,27,DLinear,5.5994157791137695
ETTh1,96,895,forecast,28,DLinear,6.064947128295898
ETTh1,96,895,forecast,29,DLinear,6.225472450256348
ETTh1,96,895,forecast,30,DLinear,6.635876655578613
ETTh1,96,895,forecast,31,DLinear,6.984165191650391
ETTh1,96,895,forecast,32,DLinear,7.0023088455200195
ETTh1,96,895,forecast,33,DLinear,6.677440643310547
ETTh1,96,895,forecast,34,DLinear,6.9566850662231445
ETTh1,96,895,forecast,35,DLinear,7.24467658996582
ETTh1,96,895,forecast,36,DLinear,6.586507797241211
ETTh1,96,895,forecast,37,DLinear,6.376363754272461
ETTh1,96,895,forecast,38,DLinear,6.184595108032227
ETTh1,96,895,forecast,39,DLinear,5.86513614654541
ETTh1,96,895,forecast,40,DLinear,6.077925682067871
ETTh1,96,895,forecast,41,DLinear,6.535904884338379
ETTh1,96,895,forecast,42,DLinear,6.3379926681518555
ETTh1,96,895,forecast,43,DLinear,5.831575393676758
ETTh1,96,895,forecast,44,DLinear,5.83927059173584
ETTh1,96,895,forecast,45,DLinear,5.582930564880371
ETTh1,96,895,forecast,46,DLinear,5.048633575439453
ETTh1,96,895,forecast,47,DLinear,5.18638801574707
ETTh1,96,895,forecast,48,DLinear,5.574454307556152
ETTh1,96,895,forecast,49,DLinear,6.105278015136719
ETTh1,96,895,forecast,50,DLinear,6.5203399658203125
ETTh1,96,895,forecast,51,DLinear,6.433795928955078
ETTh1,96,895,forecast,52,DLinear,6.917329788208008
ETTh1,96,895,forecast,53,DLinear,7.089874267578125
ETTh1,96,895,forecast,54,DLinear,7.414905548095703
ETTh1,96,895,forecast,55,DLinear,7.317230224609375
ETTh1,96,895,forecast,56,DLinear,7.993496894836426
ETTh1,96,895,forecast,57,DLinear,7.499617576599121
ETTh1,96,895,forecast,58,DLinear,7.872013092041016
ETTh1,96,895,forecast,59,DLinear,7.859743118286133
ETTh1,96,895,forecast,60,DLinear,7.4487104415893555
ETTh1,96,895,forecast,61,DLinear,6.9301910400390625
ETTh1,96,895,forecast,62,DLinear,6.760026931762695
ETTh1,96,895,forecast,63,DLinear,6.519909858703613
ETTh1,96,895,forecast,64,DLinear,6.895661354064941
ETTh1,96,895,forecast,65,DLinear,6.752525329589844
ETTh1,96,895,forecast,66,DLinear,6.686028480529785
ETTh1,96,895,forecast,67,DLinear,6.520238876342773
ETTh1,96,895,forecast,68,DLinear,7.005814552307129
ETTh1,96,895,forecast,69,DLinear,6.154068946838379
ETTh1,96,895,forecast,70,DLinear,6.106773376464844
ETTh1,96,895,forecast,71,DLinear,6.027874946594238
ETTh1,96,895,forecast,72,DLinear,6.124547958374023
ETTh1,96,895,forecast,73,DLinear,6.246492385864258
ETTh1,96,895,forecast,74,DLinear,6.532051086425781
ETTh1,96,895,forecast,75,DLinear,6.639039993286133
ETTh1,96,895,forecast,76,DLinear,6.907259941101074
ETTh1,96,895,forecast,77,DLinear,7.250909805297852
ETTh1,96,895,forecast,78,DLinear,7.582374572753906
ETTh1,96,895,forecast,79,DLinear,7.949759483337402
ETTh1,96,895,forecast,80,DLinear,7.989144325256348
ETTh1,96,895,forecast,81,DLinear,7.828767776489258
ETTh1,96,895,forecast,82,DLinear,7.823294639587402
ETTh1,96,895,forecast,83,DLinear,7.482614517211914
ETTh1,96,895,forecast,84,DLinear,7.293694496154785
ETTh1,96,895,forecast,85,DLinear,7.400311470031738
ETTh1,96,895,forecast,86,DLinear,6.854079246520996
ETTh1,96,895,forecast,87,DLinear,7.12944221496582
ETTh1,96,895,forecast,88,DLinear,6.727695465087891
ETTh1,96,895,forecast,89,DLinear,6.734972953796387
ETTh1,96,895,forecast,90,DLinear,6.361806869506836
ETTh1,96,895,forecast,91,DLinear,6.588602066040039
ETTh1,96,895,forecast,92,DLinear,6.532502174377441
ETTh1,96,895,forecast,93,DLinear,6.221515655517578
ETTh1,96,895,forecast,94,DLinear,6.119716644287109
ETTh1,96,895,forecast,95,DLinear,6.102038383483887
ETTh1,720,895,observed_context,-96,Observed history,6.893999099731445
ETTh1,720,895,observed_context,-95,Observed history,7.527000427246094
ETTh1,720,895,observed_context,-94,Observed history,6.9639997482299805
ETTh1,720,895,observed_context,-93,Observed history,7.668000221252441
ETTh1,720,895,observed_context,-92,Observed history,6.893999099731445
ETTh1,720,895,observed_context,-91,Observed history,7.808999061584473
ETTh1,720,895,observed_context,-90,Observed history,9.777999877929688
ETTh1,720,895,observed_context,-89,Observed history,9.98900032043457
ETTh1,720,895,observed_context,-88,Observed history,9.777999877929688
ETTh1,720,895,observed_context,-87,Observed history,9.425999641418457
ETTh1,720,895,observed_context,-86,Observed history,8.442000389099121
ETTh1,720,895,observed_context,-85,Observed history,7.104999542236328
ETTh1,720,895,observed_context,-84,Observed history,6.331000328063965
ETTh1,720,895,observed_context,-83,Observed history,5.697999000549316
ETTh1,720,895,observed_context,-82,Observed history,5.276000022888184
ETTh1,720,895,observed_context,-81,Observed history,4.923999786376953
ETTh1,720,895,observed_context,-80,Observed history,4.643000602722168
ETTh1,720,895,observed_context,-79,Observed history,4.220999717712402
ETTh1,720,895,observed_context,-78,Observed history,4.079999923706055
ETTh1,720,895,observed_context,-77,Observed history,3.7279999256134033
ETTh1,720,895,observed_context,-76,Observed history,3.7279999256134033
ETTh1,720,895,observed_context,-75,Observed history,3.517000436782837
ETTh1,720,895,observed_context,-74,Observed history,3.305999994277954
ETTh1,720,895,observed_context,-73,Observed history,3.447000741958618
ETTh1,720,895,observed_context,-72,Observed history,3.377000093460083
ETTh1,720,895,observed_context,-71,Observed history,3.7279999256134033
ETTh1,720,895,observed_context,-70,Observed history,4.0099992752075195
ETTh1,720,895,observed_context,-69,Observed history,4.220999717712402
ETTh1,720,895,observed_context,-68,Observed history,4.853999137878418
ETTh1,720,895,observed_context,-67,Observed history,5.064999580383301
ETTh1,720,895,observed_context,-66,Observed history,6.61299991607666
ETTh1,720,895,observed_context,-65,Observed history,6.541998863220215
ETTh1,720,895,observed_context,-64,Observed history,6.4720001220703125
ETTh1,720,895,observed_context,-63,Observed history,6.541998863220215
ETTh1,720,895,observed_context,-62,Observed history,7.456999778747559
ETTh1,720,895,observed_context,-61,Observed history,6.9639997482299805
ETTh1,720,895,observed_context,-60,Observed history,6.683000564575195
ETTh1,720,895,observed_context,-59,Observed history,6.4720001220703125
ETTh1,720,895,observed_context,-58,Observed history,6.26099967956543
ETTh1,720,895,observed_context,-57,Observed history,6.402000427246094
ETTh1,720,895,observed_context,-56,Observed history,6.4720001220703125
ETTh1,720,895,observed_context,-55,Observed history,6.823999404907227
ETTh1,720,895,observed_context,-54,Observed history,7.38599967956543
ETTh1,720,895,observed_context,-53,Observed history,7.5970001220703125
ETTh1,720,895,observed_context,-52,Observed history,7.808999061584473
ETTh1,720,895,observed_context,-51,Observed history,7.948999404907227
ETTh1,720,895,observed_context,-50,Observed history,7.668000221252441
ETTh1,720,895,observed_context,-49,Observed history,7.948999404907227
ETTh1,720,895,observed_context,-48,Observed history,8.230999946594238
ETTh1,720,895,observed_context,-47,Observed history,7.948999404907227
ETTh1,720,895,observed_context,-46,Observed history,7.315999984741211
ETTh1,720,895,observed_context,-45,Observed history,7.034999847412109
ETTh1,720,895,observed_context,-44,Observed history,7.527000427246094
ETTh1,720,895,observed_context,-43,Observed history,7.456999778747559
ETTh1,720,895,observed_context,-42,Observed history,7.456999778747559
ETTh1,720,895,observed_context,-41,Observed history,8.020000457763672
ETTh1,720,895,observed_context,-40,Observed history,8.581999778747559
ETTh1,720,895,observed_context,-39,Observed history,9.21500015258789
ETTh1,720,895,observed_context,-38,Observed history,9.21500015258789
ETTh1,720,895,observed_context,-37,Observed history,8.51200008392334
ETTh1,720,895,observed_context,-36,Observed history,8.230999946594238
ETTh1,720,895,observed_context,-35,Observed history,7.808999061584473
ETTh1,720,895,observed_context,-34,Observed history,7.737998962402344
ETTh1,720,895,observed_context,-33,Observed history,8.09000015258789
ETTh1,720,895,observed_context,-32,Observed history,7.879000663757324
ETTh1,720,895,observed_context,-31,Observed history,8.09000015258789
ETTh1,720,895,observed_context,-30,Observed history,7.456999778747559
ETTh1,720,895,observed_context,-29,Observed history,8.230999946594238
ETTh1,720,895,observed_context,-28,Observed history,7.808999061584473
ETTh1,720,895,observed_context,-27,Observed history,5.135000228881836
ETTh1,720,895,observed_context,-26,Observed history,5.205999374389648
ETTh1,720,895,observed_context,-25,Observed history,4.923999786376953
ETTh1,720,895,observed_context,-24,Observed history,4.643000602722168
ETTh1,720,895,observed_context,-23,Observed history,4.853999137878418
ETTh1,720,895,observed_context,-22,Observed history,4.643000602722168
ETTh1,720,895,observed_context,-21,Observed history,4.853999137878418
ETTh1,720,895,observed_context,-20,Observed history,4.501999855041504
ETTh1,720,895,observed_context,-19,Observed history,4.853999137878418
ETTh1,720,895,observed_context,-18,Observed history,4.572999954223633
ETTh1,720,895,observed_context,-17,Observed history,4.994999885559082
ETTh1,720,895,observed_context,-16,Observed history,4.71299934387207
ETTh1,720,895,observed_context,-15,Observed history,4.923999786376953
ETTh1,720,895,observed_context,-14,Observed history,4.36199951171875
ETTh1,720,895,observed_context,-13,Observed history,4.149999618530273
ETTh1,720,895,observed_context,-12,Observed history,4.149999618530273
ETTh1,720,895,observed_context,-11,Observed history,4.079999923706055
ETTh1,720,895,observed_context,-10,Observed history,4.36199951171875
ETTh1,720,895,observed_context,-9,Observed history,3.9389994144439697
ETTh1,720,895,observed_context,-8,Observed history,3.517000436782837
ETTh1,720,895,observed_context,-7,Observed history,3.7990000247955322
ETTh1,720,895,observed_context,-6,Observed history,3.588000535964966
ETTh1,720,895,observed_context,-5,Observed history,3.447000741958618
ETTh1,720,895,observed_context,-4,Observed history,1.758998990058899
ETTh1,720,895,observed_context,-3,Observed history,1.6180001497268677
ETTh1,720,895,observed_context,-2,Observed history,2.532000780105591
ETTh1,720,895,observed_context,-1,Observed history,2.7440006732940674
ETTh1,720,895,forecast,0,Ground truth,2.7440006732940674
ETTh1,720,895,forecast,1,Ground truth,2.8139994144439697
ETTh1,720,895,forecast,2,Ground truth,2.7440006732940674
ETTh1,720,895,forecast,3,Ground truth,2.884000062942505
ETTh1,720,895,forecast,4,Ground truth,2.955000162124634
ETTh1,720,895,forecast,5,Ground truth,2.884000062942505
ETTh1,720,895,forecast,6,Ground truth,3.1659996509552
ETTh1,720,895,forecast,7,Ground truth,3.377000093460083
ETTh1,720,895,forecast,8,Ground truth,3.517000436782837
ETTh1,720,895,forecast,9,Ground truth,3.447000741958618
ETTh1,720,895,forecast,10,Ground truth,3.7279999256134033
ETTh1,720,895,forecast,11,Ground truth,4.220999717712402
ETTh1,720,895,forecast,12,Ground truth,3.588000535964966
ETTh1,720,895,forecast,13,Ground truth,3.2360002994537354
ETTh1,720,895,forecast,14,Ground truth,3.377000093460083
ETTh1,720,895,forecast,15,Ground truth,3.517000436782837
ETTh1,720,895,forecast,16,Ground truth,3.868999719619751
ETTh1,720,895,forecast,17,Ground truth,3.517000436782837
ETTh1,720,895,forecast,18,Ground truth,3.0949995517730713
ETTh1,720,895,forecast,19,Ground truth,3.2360002994537354
ETTh1,720,895,forecast,20,Ground truth,2.7440006732940674
ETTh1,720,895,forecast,21,Ground truth,3.1659996509552
ETTh1,720,895,forecast,22,Ground truth,3.0249998569488525
ETTh1,720,895,forecast,23,Ground truth,3.588000535964966
ETTh1,720,895,forecast,24,Ground truth,3.305999994277954
ETTh1,720,895,forecast,25,Ground truth,3.305999994277954
ETTh1,720,895,forecast,26,Ground truth,3.0949995517730713
ETTh1,720,895,forecast,27,Ground truth,3.0949995517730713
ETTh1,720,895,forecast,28,Ground truth,3.0949995517730713
ETTh1,720,895,forecast,29,Ground truth,3.7990000247955322
ETTh1,720,895,forecast,30,Ground truth,4.079999923706055
ETTh1,720,895,forecast,31,Ground truth,4.2910003662109375
ETTh1,720,895,forecast,32,Ground truth,4.149999618530273
ETTh1,720,895,forecast,33,Ground truth,4.2910003662109375
ETTh1,720,895,forecast,34,Ground truth,4.923999786376953
ETTh1,720,895,forecast,35,Ground truth,4.71299934387207
ETTh1,720,895,forecast,36,Ground truth,4.923999786376953
ETTh1,720,895,forecast,37,Ground truth,4.994999885559082
ETTh1,720,895,forecast,38,Ground truth,4.149999618530273
ETTh1,720,895,forecast,39,Ground truth,3.7990000247955322
ETTh1,720,895,forecast,40,Ground truth,4.220999717712402
ETTh1,720,895,forecast,41,Ground truth,3.7990000247955322
ETTh1,720,895,forecast,42,Ground truth,3.7990000247955322
ETTh1,720,895,forecast,43,Ground truth,3.6580002307891846
ETTh1,720,895,forecast,44,Ground truth,3.6580002307891846
ETTh1,720,895,forecast,45,Ground truth,3.9389994144439697
ETTh1,720,895,forecast,46,Ground truth,4.432000160217285
ETTh1,720,895,forecast,47,Ground truth,4.2910003662109375
ETTh1,720,895,forecast,48,Ground truth,4.432000160217285
ETTh1,720,895,forecast,49,Ground truth,4.2910003662109375
ETTh1,720,895,forecast,50,Ground truth,4.2910003662109375
ETTh1,720,895,forecast,51,Ground truth,4.501999855041504
ETTh1,720,895,forecast,52,Ground truth,4.923999786376953
ETTh1,720,895,forecast,53,Ground truth,5.908999443054199
ETTh1,720,895,forecast,54,Ground truth,6.683000564575195
ETTh1,720,895,forecast,55,Ground truth,7.246000289916992
ETTh1,720,895,forecast,56,Ground truth,7.034999847412109
ETTh1,720,895,forecast,57,Ground truth,7.246000289916992
ETTh1,720,895,forecast,58,Ground truth,6.893999099731445
ETTh1,720,895,forecast,59,Ground truth,6.331000328063965
ETTh1,720,895,forecast,60,Ground truth,6.049999237060547
ETTh1,720,895,forecast,61,Ground truth,5.557000160217285
ETTh1,720,895,forecast,62,Ground truth,5.416999816894531
ETTh1,720,895,forecast,63,Ground truth,5.487000465393066
ETTh1,720,895,forecast,64,Ground truth,5.557000160217285
ETTh1,720,895,forecast,65,Ground truth,5.345999717712402
ETTh1,720,895,forecast,66,Ground truth,5.487000465393066
ETTh1,720,895,forecast,67,Ground truth,5.416999816894531
ETTh1,720,895,forecast,68,Ground truth,5.276000022888184
ETTh1,720,895,forecast,69,Ground truth,5.135000228881836
ETTh1,720,895,forecast,70,Ground truth,4.923999786376953
ETTh1,720,895,forecast,71,Ground truth,4.2910003662109375
ETTh1,720,895,forecast,72,Ground truth,4.923999786376953
ETTh1,720,895,forecast,73,Ground truth,4.853999137878418
ETTh1,720,895,forecast,74,Ground truth,4.501999855041504
ETTh1,720,895,forecast,75,Ground truth,5.135000228881836
ETTh1,720,895,forecast,76,Ground truth,6.893999099731445
ETTh1,720,895,forecast,77,Ground truth,6.26099967956543
ETTh1,720,895,forecast,78,Ground truth,6.893999099731445
ETTh1,720,895,forecast,79,Ground truth,7.38599967956543
ETTh1,720,895,forecast,80,Ground truth,7.456999778747559
ETTh1,720,895,forecast,81,Ground truth,7.668000221252441
ETTh1,720,895,forecast,82,Ground truth,7.104999542236328
ETTh1,720,895,forecast,83,Ground truth,6.402000427246094
ETTh1,720,895,forecast,84,Ground truth,6.331000328063965
ETTh1,720,895,forecast,85,Ground truth,6.331000328063965
ETTh1,720,895,forecast,86,Ground truth,6.61299991607666
ETTh1,720,895,forecast,87,Ground truth,6.752999305725098
ETTh1,720,895,forecast,88,Ground truth,5.205999374389648
ETTh1,720,895,forecast,89,Ground truth,4.853999137878418
ETTh1,720,895,forecast,90,Ground truth,5.557000160217285
ETTh1,720,895,forecast,91,Ground truth,5.839000701904297
ETTh1,720,895,forecast,92,Ground truth,5.627999305725098
ETTh1,720,895,forecast,93,Ground truth,5.345999717712402
ETTh1,720,895,forecast,94,Ground truth,5.627999305725098
ETTh1,720,895,forecast,95,Ground truth,6.26099967956543
ETTh1,720,895,forecast,96,Ground truth,5.276000022888184
ETTh1,720,895,forecast,97,Ground truth,4.432000160217285
ETTh1,720,895,forecast,98,Ground truth,4.0099992752075195
ETTh1,720,895,forecast,99,Ground truth,4.643000602722168
ETTh1,720,895,forecast,100,Ground truth,4.994999885559082
ETTh1,720,895,forecast,101,Ground truth,5.416999816894531
ETTh1,720,895,forecast,102,Ground truth,6.119999885559082
ETTh1,720,895,forecast,103,Ground truth,6.049999237060547
ETTh1,720,895,forecast,104,Ground truth,6.190999984741211
ETTh1,720,895,forecast,105,Ground truth,5.839000701904297
ETTh1,720,895,forecast,106,Ground truth,5.839000701904297
ETTh1,720,895,forecast,107,Ground truth,5.276000022888184
ETTh1,720,895,forecast,108,Ground truth,4.923999786376953
ETTh1,720,895,forecast,109,Ground truth,5.627999305725098
ETTh1,720,895,forecast,110,Ground truth,3.517000436782837
ETTh1,720,895,forecast,111,Ground truth,3.0249998569488525
ETTh1,720,895,forecast,112,Ground truth,2.6730005741119385
ETTh1,720,895,forecast,113,Ground truth,2.6030008792877197
ETTh1,720,895,forecast,114,Ground truth,3.0949995517730713
ETTh1,720,895,forecast,115,Ground truth,3.0949995517730713
ETTh1,720,895,forecast,116,Ground truth,3.7279999256134033
ETTh1,720,895,forecast,117,Ground truth,3.517000436782837
ETTh1,720,895,forecast,118,Ground truth,3.517000436782837
ETTh1,720,895,forecast,119,Ground truth,2.884000062942505
ETTh1,720,895,forecast,120,Ground truth,3.0949995517730713
ETTh1,720,895,forecast,121,Ground truth,3.447000741958618
ETTh1,720,895,forecast,122,Ground truth,2.532000780105591
ETTh1,720,895,forecast,123,Ground truth,3.2360002994537354
ETTh1,720,895,forecast,124,Ground truth,4.783999443054199
ETTh1,720,895,forecast,125,Ground truth,4.432000160217285
ETTh1,720,895,forecast,126,Ground truth,4.994999885559082
ETTh1,720,895,forecast,127,Ground truth,4.853999137878418
ETTh1,720,895,forecast,128,Ground truth,5.064999580383301
ETTh1,720,895,forecast,129,Ground truth,5.205999374389648
ETTh1,720,895,forecast,130,Ground truth,3.7990000247955322
ETTh1,720,895,forecast,131,Ground truth,4.71299934387207
ETTh1,720,895,forecast,132,Ground truth,4.501999855041504
ETTh1,720,895,forecast,133,Ground truth,4.0099992752075195
ETTh1,720,895,forecast,134,Ground truth,3.7990000247955322
ETTh1,720,895,forecast,135,Ground truth,3.6580002307891846
ETTh1,720,895,forecast,136,Ground truth,3.517000436782837
ETTh1,720,895,forecast,137,Ground truth,3.377000093460083
ETTh1,720,895,forecast,138,Ground truth,2.884000062942505
ETTh1,720,895,forecast,139,Ground truth,3.7279999256134033
ETTh1,720,895,forecast,140,Ground truth,3.377000093460083
ETTh1,720,895,forecast,141,Ground truth,3.2360002994537354
ETTh1,720,895,forecast,142,Ground truth,3.0949995517730713
ETTh1,720,895,forecast,143,Ground truth,3.1659996509552
ETTh1,720,895,forecast,144,Ground truth,3.2360002994537354
ETTh1,720,895,forecast,145,Ground truth,3.588000535964966
ETTh1,720,895,forecast,146,Ground truth,3.2360002994537354
ETTh1,720,895,forecast,147,Ground truth,3.377000093460083
ETTh1,720,895,forecast,148,Ground truth,4.2910003662109375
ETTh1,720,895,forecast,149,Ground truth,4.501999855041504
ETTh1,720,895,forecast,150,Ground truth,5.064999580383301
ETTh1,720,895,forecast,151,Ground truth,5.697999000549316
ETTh1,720,895,forecast,152,Ground truth,5.908999443054199
ETTh1,720,895,forecast,153,Ground truth,5.697999000549316
ETTh1,720,895,forecast,154,Ground truth,5.767999649047852
ETTh1,720,895,forecast,155,Ground truth,5.487000465393066
ETTh1,720,895,forecast,156,Ground truth,5.205999374389648
ETTh1,720,895,forecast,157,Ground truth,5.064999580383301
ETTh1,720,895,forecast,158,Ground truth,5.064999580383301
ETTh1,720,895,forecast,159,Ground truth,4.994999885559082
ETTh1,720,895,forecast,160,Ground truth,5.064999580383301
ETTh1,720,895,forecast,161,Ground truth,4.994999885559082
ETTh1,720,895,forecast,162,Ground truth,4.783999443054199
ETTh1,720,895,forecast,163,Ground truth,4.994999885559082
ETTh1,720,895,forecast,164,Ground truth,4.994999885559082
ETTh1,720,895,forecast,165,Ground truth,4.923999786376953
ETTh1,720,895,forecast,166,Ground truth,4.71299934387207
ETTh1,720,895,forecast,167,Ground truth,4.643000602722168
ETTh1,720,895,forecast,168,Ground truth,4.853999137878418
ETTh1,720,895,forecast,169,Ground truth,5.135000228881836
ETTh1,720,895,forecast,170,Ground truth,5.627999305725098
ETTh1,720,895,forecast,171,Ground truth,5.767999649047852
ETTh1,720,895,forecast,172,Ground truth,5.697999000549316
ETTh1,720,895,forecast,173,Ground truth,5.908999443054199
ETTh1,720,895,forecast,174,Ground truth,5.276000022888184
ETTh1,720,895,forecast,175,Ground truth,5.627999305725098
ETTh1,720,895,forecast,176,Ground truth,5.697999000549316
ETTh1,720,895,forecast,177,Ground truth,5.697999000549316
ETTh1,720,895,forecast,178,Ground truth,5.064999580383301
ETTh1,720,895,forecast,179,Ground truth,4.923999786376953
ETTh1,720,895,forecast,180,Ground truth,4.923999786376953
ETTh1,720,895,forecast,181,Ground truth,4.853999137878418
ETTh1,720,895,forecast,182,Ground truth,5.064999580383301
ETTh1,720,895,forecast,183,Ground truth,4.783999443054199
ETTh1,720,895,forecast,184,Ground truth,4.36199951171875
ETTh1,720,895,forecast,185,Ground truth,4.079999923706055
ETTh1,720,895,forecast,186,Ground truth,4.149999618530273
ETTh1,720,895,forecast,187,Ground truth,3.7990000247955322
ETTh1,720,895,forecast,188,Ground truth,3.2360002994537354
ETTh1,720,895,forecast,189,Ground truth,2.180999994277954
ETTh1,720,895,forecast,190,Ground truth,1.0550004243850708
ETTh1,720,895,forecast,191,Ground truth,1.1259995698928833
ETTh1,720,895,forecast,192,Ground truth,1.758998990058899
ETTh1,720,895,forecast,193,Ground truth,1.1259995698928833
ETTh1,720,895,forecast,194,Ground truth,1.828999638557434
ETTh1,720,895,forecast,195,Ground truth,3.1659996509552
ETTh1,720,895,forecast,196,Ground truth,3.517000436782837
ETTh1,720,895,forecast,197,Ground truth,3.0949995517730713
ETTh1,720,895,forecast,198,Ground truth,4.994999885559082
ETTh1,720,895,forecast,199,Ground truth,4.2910003662109375
ETTh1,720,895,forecast,200,Ground truth,4.220999717712402
ETTh1,720,895,forecast,201,Ground truth,4.079999923706055
ETTh1,720,895,forecast,202,Ground truth,4.2910003662109375
ETTh1,720,895,forecast,203,Ground truth,3.868999719619751
ETTh1,720,895,forecast,204,Ground truth,3.868999719619751
ETTh1,720,895,forecast,205,Ground truth,4.079999923706055
ETTh1,720,895,forecast,206,Ground truth,3.7279999256134033
ETTh1,720,895,forecast,207,Ground truth,3.7279999256134033
ETTh1,720,895,forecast,208,Ground truth,3.2360002994537354
ETTh1,720,895,forecast,209,Ground truth,3.377000093460083
ETTh1,720,895,forecast,210,Ground truth,2.955000162124634
ETTh1,720,895,forecast,211,Ground truth,3.2360002994537354
ETTh1,720,895,forecast,212,Ground truth,2.8139994144439697
ETTh1,720,895,forecast,213,Ground truth,2.6730005741119385
ETTh1,720,895,forecast,214,Ground truth,2.955000162124634
ETTh1,720,895,forecast,215,Ground truth,3.0949995517730713
ETTh1,720,895,forecast,216,Ground truth,2.8139994144439697
ETTh1,720,895,forecast,217,Ground truth,2.8139994144439697
ETTh1,720,895,forecast,218,Ground truth,3.7990000247955322
ETTh1,720,895,forecast,219,Ground truth,4.149999618530273
ETTh1,720,895,forecast,220,Ground truth,4.994999885559082
ETTh1,720,895,forecast,221,Ground truth,5.345999717712402
ETTh1,720,895,forecast,222,Ground truth,5.979000091552734
ETTh1,720,895,forecast,223,Ground truth,6.9639997482299805
ETTh1,720,895,forecast,224,Ground truth,6.190999984741211
ETTh1,720,895,forecast,225,Ground truth,6.402000427246094
ETTh1,720,895,forecast,226,Ground truth,6.752999305725098
ETTh1,720,895,forecast,227,Ground truth,5.908999443054199
ETTh1,720,895,forecast,228,Ground truth,5.908999443054199
ETTh1,720,895,forecast,229,Ground truth,5.205999374389648
ETTh1,720,895,forecast,230,Ground truth,5.839000701904297
ETTh1,720,895,forecast,231,Ground truth,5.557000160217285
ETTh1,720,895,forecast,232,Ground truth,5.064999580383301
ETTh1,720,895,forecast,233,Ground truth,4.501999855041504
ETTh1,720,895,forecast,234,Ground truth,4.501999855041504
ETTh1,720,895,forecast,235,Ground truth,3.9389994144439697
ETTh1,720,895,forecast,236,Ground truth,4.36199951171875
ETTh1,720,895,forecast,237,Ground truth,4.220999717712402
ETTh1,720,895,forecast,238,Ground truth,3.447000741958618
ETTh1,720,895,forecast,239,Ground truth,3.9389994144439697
ETTh1,720,895,forecast,240,Ground truth,3.0949995517730713
ETTh1,720,895,forecast,241,Ground truth,4.501999855041504
ETTh1,720,895,forecast,242,Ground truth,4.923999786376953
ETTh1,720,895,forecast,243,Ground truth,4.783999443054199
ETTh1,720,895,forecast,244,Ground truth,4.853999137878418
ETTh1,720,895,forecast,245,Ground truth,5.135000228881836
ETTh1,720,895,forecast,246,Ground truth,6.26099967956543
ETTh1,720,895,forecast,247,Ground truth,5.979000091552734
ETTh1,720,895,forecast,248,Ground truth,4.994999885559082
ETTh1,720,895,forecast,249,Ground truth,4.783999443054199
ETTh1,720,895,forecast,250,Ground truth,5.487000465393066
ETTh1,720,895,forecast,251,Ground truth,5.767999649047852
ETTh1,720,895,forecast,252,Ground truth,5.487000465393066
ETTh1,720,895,forecast,253,Ground truth,5.487000465393066
ETTh1,720,895,forecast,254,Ground truth,4.783999443054199
ETTh1,720,895,forecast,255,Ground truth,4.994999885559082
ETTh1,720,895,forecast,256,Ground truth,4.853999137878418
ETTh1,720,895,forecast,257,Ground truth,4.994999885559082
ETTh1,720,895,forecast,258,Ground truth,4.994999885559082
ETTh1,720,895,forecast,259,Ground truth,4.853999137878418
ETTh1,720,895,forecast,260,Ground truth,4.994999885559082
ETTh1,720,895,forecast,261,Ground truth,5.345999717712402
ETTh1,720,895,forecast,262,Ground truth,5.839000701904297
ETTh1,720,895,forecast,263,Ground truth,5.345999717712402
ETTh1,720,895,forecast,264,Ground truth,4.994999885559082
ETTh1,720,895,forecast,265,Ground truth,5.767999649047852
ETTh1,720,895,forecast,266,Ground truth,6.823999404907227
ETTh1,720,895,forecast,267,Ground truth,7.034999847412109
ETTh1,720,895,forecast,268,Ground truth,7.456999778747559
ETTh1,720,895,forecast,269,Ground truth,7.104999542236328
ETTh1,720,895,forecast,270,Ground truth,8.300999641418457
ETTh1,720,895,forecast,271,Ground truth,8.442000389099121
ETTh1,720,895,forecast,272,Ground truth,7.737998962402344
ETTh1,720,895,forecast,273,Ground truth,7.315999984741211
ETTh1,720,895,forecast,274,Ground truth,7.034999847412109
ETTh1,720,895,forecast,275,Ground truth,6.331000328063965
ETTh1,720,895,forecast,276,Ground truth,6.331000328063965
ETTh1,720,895,forecast,277,Ground truth,5.908999443054199
ETTh1,720,895,forecast,278,Ground truth,5.487000465393066
ETTh1,720,895,forecast,279,Ground truth,5.627999305725098
ETTh1,720,895,forecast,280,Ground truth,5.276000022888184
ETTh1,720,895,forecast,281,Ground truth,4.853999137878418
ETTh1,720,895,forecast,282,Ground truth,4.149999618530273
ETTh1,720,895,forecast,283,Ground truth,2.884000062942505
ETTh1,720,895,forecast,284,Ground truth,2.180999994277954
ETTh1,720,895,forecast,285,Ground truth,1.758998990058899
ETTh1,720,895,forecast,286,Ground truth,1.6180001497268677
ETTh1,720,895,forecast,287,Ground truth,1.4069997072219849
ETTh1,720,895,forecast,288,Ground truth,1.4069997072219849
ETTh1,720,895,forecast,289,Ground truth,1.2659999132156372
ETTh1,720,895,forecast,290,Ground truth,1.828999638557434
ETTh1,720,895,forecast,291,Ground truth,2.392000436782837
ETTh1,720,895,forecast,292,Ground truth,2.884000062942505
ETTh1,720,895,forecast,293,Ground truth,2.6730005741119385
ETTh1,720,895,forecast,294,Ground truth,3.868999719619751
ETTh1,720,895,forecast,295,Ground truth,3.7990000247955322
ETTh1,720,895,forecast,296,Ground truth,3.377000093460083
ETTh1,720,895,forecast,297,Ground truth,3.305999994277954
ETTh1,720,895,forecast,298,Ground truth,3.588000535964966
ETTh1,720,895,forecast,299,Ground truth,3.517000436782837
ETTh1,720,895,forecast,300,Ground truth,2.884000062942505
ETTh1,720,895,forecast,301,Ground truth,2.4620001316070557
ETTh1,720,895,forecast,302,Ground truth,2.180999994277954
ETTh1,720,895,forecast,303,Ground truth,2.180999994277954
ETTh1,720,895,forecast,304,Ground truth,1.8989993333816528
ETTh1,720,895,forecast,305,Ground truth,2.0400002002716064
ETTh1,720,895,forecast,306,Ground truth,1.6879998445510864
ETTh1,720,895,forecast,307,Ground truth,1.758998990058899
ETTh1,720,895,forecast,308,Ground truth,1.3370000123977661
ETTh1,720,895,forecast,309,Ground truth,1.758998990058899
ETTh1,720,895,forecast,310,Ground truth,1.758998990058899
ETTh1,720,895,forecast,311,Ground truth,1.3370000123977661
ETTh1,720,895,forecast,312,Ground truth,1.4069997072219849
ETTh1,720,895,forecast,313,Ground truth,1.3370000123977661
ETTh1,720,895,forecast,314,Ground truth,1.6879998445510864
ETTh1,720,895,forecast,315,Ground truth,2.0400002002716064
ETTh1,720,895,forecast,316,Ground truth,1.828999638557434
ETTh1,720,895,forecast,317,Ground truth,2.0400002002716064
ETTh1,720,895,forecast,318,Ground truth,2.250999689102173
ETTh1,720,895,forecast,319,Ground truth,2.180999994277954
ETTh1,720,895,forecast,320,Ground truth,2.392000436782837
ETTh1,720,895,forecast,321,Ground truth,2.0400002002716064
ETTh1,720,895,forecast,322,Ground truth,2.250999689102173
ETTh1,720,895,forecast,323,Ground truth,2.321000337600708
ETTh1,720,895,forecast,324,Ground truth,2.7440006732940674
ETTh1,720,895,forecast,325,Ground truth,2.7440006732940674
ETTh1,720,895,forecast,326,Ground truth,2.180999994277954
ETTh1,720,895,forecast,327,Ground truth,1.320649971603416e-07
ETTh1,720,895,forecast,328,Ground truth,0.4220010042190552
ETTh1,720,895,forecast,329,Ground truth,1.320649971603416e-07
ETTh1,720,895,forecast,330,Ground truth,-0.5629996061325073
ETTh1,720,895,forecast,331,Ground truth,1.320649971603416e-07
ETTh1,720,895,forecast,332,Ground truth,1.320649971603416e-07
ETTh1,720,895,forecast,333,Ground truth,-0.7740000486373901
ETTh1,720,895,forecast,334,Ground truth,-0.5629996061325073
ETTh1,720,895,forecast,335,Ground truth,1.320649971603416e-07
ETTh1,720,895,forecast,336,Ground truth,1.320649971603416e-07
ETTh1,720,895,forecast,337,Ground truth,1.1259995698928833
ETTh1,720,895,forecast,338,Ground truth,1.4069997072219849
ETTh1,720,895,forecast,339,Ground truth,1.2659999132156372
ETTh1,720,895,forecast,340,Ground truth,1.548000454902649
ETTh1,720,895,forecast,341,Ground truth,1.828999638557434
ETTh1,720,895,forecast,342,Ground truth,1.828999638557434
ETTh1,720,895,forecast,343,Ground truth,1.828999638557434
ETTh1,720,895,forecast,344,Ground truth,1.548000454902649
ETTh1,720,895,forecast,345,Ground truth,1.0550004243850708
ETTh1,720,895,forecast,346,Ground truth,1.548000454902649
ETTh1,720,895,forecast,347,Ground truth,1.8989993333816528
ETTh1,720,895,forecast,348,Ground truth,1.47700035572052
ETTh1,720,895,forecast,349,Ground truth,2.4620001316070557
ETTh1,720,895,forecast,350,Ground truth,2.6730005741119385
ETTh1,720,895,forecast,351,Ground truth,3.0249998569488525
ETTh1,720,895,forecast,352,Ground truth,2.532000780105591
ETTh1,720,895,forecast,353,Ground truth,2.955000162124634
ETTh1,720,895,forecast,354,Ground truth,2.884000062942505
ETTh1,720,895,forecast,355,Ground truth,3.447000741958618
ETTh1,720,895,forecast,356,Ground truth,3.0249998569488525
ETTh1,720,895,forecast,357,Ground truth,3.0949995517730713
ETTh1,720,895,forecast,358,Ground truth,2.321000337600708
ETTh1,720,895,forecast,359,Ground truth,2.6730005741119385
ETTh1,720,895,forecast,360,Ground truth,4.079999923706055
ETTh1,720,895,forecast,361,Ground truth,4.079999923706055
ETTh1,720,895,forecast,362,Ground truth,4.36199951171875
ETTh1,720,895,forecast,363,Ground truth,4.220999717712402
ETTh1,720,895,forecast,364,Ground truth,3.9389994144439697
ETTh1,720,895,forecast,365,Ground truth,2.884000062942505
ETTh1,720,895,forecast,366,Ground truth,2.7440006732940674
ETTh1,720,895,forecast,367,Ground truth,2.884000062942505
ETTh1,720,895,forecast,368,Ground truth,2.392000436782837
ETTh1,720,895,forecast,369,Ground truth,2.955000162124634
ETTh1,720,895,forecast,370,Ground truth,2.180999994277954
ETTh1,720,895,forecast,371,Ground truth,2.7440006732940674
ETTh1,720,895,forecast,372,Ground truth,3.2360002994537354
ETTh1,720,895,forecast,373,Ground truth,2.6030008792877197
ETTh1,720,895,forecast,374,Ground truth,2.6030008792877197
ETTh1,720,895,forecast,375,Ground truth,2.4620001316070557
ETTh1,720,895,forecast,376,Ground truth,2.532000780105591
ETTh1,720,895,forecast,377,Ground truth,2.7440006732940674
ETTh1,720,895,forecast,378,Ground truth,2.4620001316070557
ETTh1,720,895,forecast,379,Ground truth,3.588000535964966
ETTh1,720,895,forecast,380,Ground truth,3.2360002994537354
ETTh1,720,895,forecast,381,Ground truth,3.447000741958618
ETTh1,720,895,forecast,382,Ground truth,3.0949995517730713
ETTh1,720,895,forecast,383,Ground truth,4.0099992752075195
ETTh1,720,895,forecast,384,Ground truth,3.1659996509552
ETTh1,720,895,forecast,385,Ground truth,3.7990000247955322
ETTh1,720,895,forecast,386,Ground truth,4.149999618530273
ETTh1,720,895,forecast,387,Ground truth,3.517000436782837
ETTh1,720,895,forecast,388,Ground truth,4.2910003662109375
ETTh1,720,895,forecast,389,Ground truth,3.868999719619751
ETTh1,720,895,forecast,390,Ground truth,3.6580002307891846
ETTh1,720,895,forecast,391,Ground truth,3.305999994277954
ETTh1,720,895,forecast,392,Ground truth,3.7279999256134033
ETTh1,720,895,forecast,393,Ground truth,3.517000436782837
ETTh1,720,895,forecast,394,Ground truth,4.149999618530273
ETTh1,720,895,forecast,395,Ground truth,3.6580002307891846
ETTh1,720,895,forecast,396,Ground truth,3.447000741958618
ETTh1,720,895,forecast,397,Ground truth,3.7279999256134033
ETTh1,720,895,forecast,398,Ground truth,3.7990000247955322
ETTh1,720,895,forecast,399,Ground truth,3.447000741958618
ETTh1,720,895,forecast,400,Ground truth,3.2360002994537354
ETTh1,720,895,forecast,401,Ground truth,2.6030008792877197
ETTh1,720,895,forecast,402,Ground truth,3.0949995517730713
ETTh1,720,895,forecast,403,Ground truth,2.7440006732940674
ETTh1,720,895,forecast,404,Ground truth,3.0249998569488525
ETTh1,720,895,forecast,405,Ground truth,2.6730005741119385
ETTh1,720,895,forecast,406,Ground truth,2.392000436782837
ETTh1,720,895,forecast,407,Ground truth,2.532000780105591
ETTh1,720,895,forecast,408,Ground truth,2.392000436782837
ETTh1,720,895,forecast,409,Ground truth,2.392000436782837
ETTh1,720,895,forecast,410,Ground truth,2.7440006732940674
ETTh1,720,895,forecast,411,Ground truth,3.7990000247955322
ETTh1,720,895,forecast,412,Ground truth,5.205999374389648
ETTh1,720,895,forecast,413,Ground truth,3.7990000247955322
ETTh1,720,895,forecast,414,Ground truth,5.557000160217285
ETTh1,720,895,forecast,415,Ground truth,6.049999237060547
ETTh1,720,895,forecast,416,Ground truth,5.135000228881836
ETTh1,720,895,forecast,417,Ground truth,5.064999580383301
ETTh1,720,895,forecast,418,Ground truth,4.572999954223633
ETTh1,720,895,forecast,419,Ground truth,4.36199951171875
ETTh1,720,895,forecast,420,Ground truth,3.7990000247955322
ETTh1,720,895,forecast,421,Ground truth,3.868999719619751
ETTh1,720,895,forecast,422,Ground truth,3.517000436782837
ETTh1,720,895,forecast,423,Ground truth,3.7279999256134033
ETTh1,720,895,forecast,424,Ground truth,3.6580002307891846
ETTh1,720,895,forecast,425,Ground truth,3.7279999256134033
ETTh1,720,895,forecast,426,Ground truth,3.447000741958618
ETTh1,720,895,forecast,427,Ground truth,3.0949995517730713
ETTh1,720,895,forecast,428,Ground truth,2.884000062942505
ETTh1,720,895,forecast,429,Ground truth,3.588000535964966
ETTh1,720,895,forecast,430,Ground truth,3.305999994277954
ETTh1,720,895,forecast,431,Ground truth,3.588000535964966
ETTh1,720,895,forecast,432,Ground truth,3.6580002307891846
ETTh1,720,895,forecast,433,Ground truth,3.7990000247955322
ETTh1,720,895,forecast,434,Ground truth,3.6580002307891846
ETTh1,720,895,forecast,435,Ground truth,3.447000741958618
ETTh1,720,895,forecast,436,Ground truth,4.853999137878418
ETTh1,720,895,forecast,437,Ground truth,3.447000741958618
ETTh1,720,895,forecast,438,Ground truth,4.501999855041504
ETTh1,720,895,forecast,439,Ground truth,6.190999984741211
ETTh1,720,895,forecast,440,Ground truth,5.767999649047852
ETTh1,720,895,forecast,441,Ground truth,5.416999816894531
ETTh1,720,895,forecast,442,Ground truth,5.697999000549316
ETTh1,720,895,forecast,443,Ground truth,4.923999786376953
ETTh1,720,895,forecast,444,Ground truth,5.276000022888184
ETTh1,720,895,forecast,445,Ground truth,4.994999885559082
ETTh1,720,895,forecast,446,Ground truth,5.416999816894531
ETTh1,720,895,forecast,447,Ground truth,5.135000228881836
ETTh1,720,895,forecast,448,Ground truth,4.71299934387207
ETTh1,720,895,forecast,449,Ground truth,4.36199951171875
ETTh1,720,895,forecast,450,Ground truth,4.432000160217285
ETTh1,720,895,forecast,451,Ground truth,4.501999855041504
ETTh1,720,895,forecast,452,Ground truth,4.853999137878418
ETTh1,720,895,forecast,453,Ground truth,4.432000160217285
ETTh1,720,895,forecast,454,Ground truth,3.377000093460083
ETTh1,720,895,forecast,455,Ground truth,2.7440006732940674
ETTh1,720,895,forecast,456,Ground truth,4.36199951171875
ETTh1,720,895,forecast,457,Ground truth,3.868999719619751
ETTh1,720,895,forecast,458,Ground truth,4.643000602722168
ETTh1,720,895,forecast,459,Ground truth,3.7279999256134033
ETTh1,720,895,forecast,460,Ground truth,4.220999717712402
ETTh1,720,895,forecast,461,Ground truth,3.7279999256134033
ETTh1,720,895,forecast,462,Ground truth,4.643000602722168
ETTh1,720,895,forecast,463,Ground truth,5.135000228881836
ETTh1,720,895,forecast,464,Ground truth,5.276000022888184
ETTh1,720,895,forecast,465,Ground truth,5.416999816894531
ETTh1,720,895,forecast,466,Ground truth,5.697999000549316
ETTh1,720,895,forecast,467,Ground truth,4.994999885559082
ETTh1,720,895,forecast,468,Ground truth,4.572999954223633
ETTh1,720,895,forecast,469,Ground truth,4.572999954223633
ETTh1,720,895,forecast,470,Ground truth,4.853999137878418
ETTh1,720,895,forecast,471,Ground truth,4.572999954223633
ETTh1,720,895,forecast,472,Ground truth,4.643000602722168
ETTh1,720,895,forecast,473,Ground truth,4.501999855041504
ETTh1,720,895,forecast,474,Ground truth,4.149999618530273
ETTh1,720,895,forecast,475,Ground truth,4.079999923706055
ETTh1,720,895,forecast,476,Ground truth,3.868999719619751
ETTh1,720,895,forecast,477,Ground truth,4.36199951171875
ETTh1,720,895,forecast,478,Ground truth,4.572999954223633
ETTh1,720,895,forecast,479,Ground truth,4.501999855041504
ETTh1,720,895,forecast,480,Ground truth,4.923999786376953
ETTh1,720,895,forecast,481,Ground truth,5.345999717712402
ETTh1,720,895,forecast,482,Ground truth,4.2910003662109375
ETTh1,720,895,forecast,483,Ground truth,3.9389994144439697
ETTh1,720,895,forecast,484,Ground truth,4.643000602722168
ETTh1,720,895,forecast,485,Ground truth,3.7990000247955322
ETTh1,720,895,forecast,486,Ground truth,4.71299934387207
ETTh1,720,895,forecast,487,Ground truth,5.557000160217285
ETTh1,720,895,forecast,488,Ground truth,4.643000602722168
ETTh1,720,895,forecast,489,Ground truth,4.71299934387207
ETTh1,720,895,forecast,490,Ground truth,5.839000701904297
ETTh1,720,895,forecast,491,Ground truth,5.345999717712402
ETTh1,720,895,forecast,492,Ground truth,5.557000160217285
ETTh1,720,895,forecast,493,Ground truth,5.416999816894531
ETTh1,720,895,forecast,494,Ground truth,4.71299934387207
ETTh1,720,895,forecast,495,Ground truth,4.923999786376953
ETTh1,720,895,forecast,496,Ground truth,4.994999885559082
ETTh1,720,895,forecast,497,Ground truth,4.572999954223633
ETTh1,720,895,forecast,498,Ground truth,4.923999786376953
ETTh1,720,895,forecast,499,Ground truth,4.923999786376953
ETTh1,720,895,forecast,500,Ground truth,4.994999885559082
ETTh1,720,895,forecast,501,Ground truth,4.643000602722168
ETTh1,720,895,forecast,502,Ground truth,4.853999137878418
ETTh1,720,895,forecast,503,Ground truth,4.0099992752075195
ETTh1,720,895,forecast,504,Ground truth,4.432000160217285
ETTh1,720,895,forecast,505,Ground truth,4.36199951171875
ETTh1,720,895,forecast,506,Ground truth,4.71299934387207
ETTh1,720,895,forecast,507,Ground truth,5.345999717712402
ETTh1,720,895,forecast,508,Ground truth,5.908999443054199
ETTh1,720,895,forecast,509,Ground truth,5.135000228881836
ETTh1,720,895,forecast,510,Ground truth,7.879000663757324
ETTh1,720,895,forecast,511,Ground truth,8.51200008392334
ETTh1,720,895,forecast,512,Ground truth,7.527000427246094
ETTh1,720,895,forecast,513,Ground truth,7.879000663757324
ETTh1,720,895,forecast,514,Ground truth,6.893999099731445
ETTh1,720,895,forecast,515,Ground truth,6.402000427246094
ETTh1,720,895,forecast,516,Ground truth,5.345999717712402
ETTh1,720,895,forecast,517,Ground truth,5.276000022888184
ETTh1,720,895,forecast,518,Ground truth,4.853999137878418
ETTh1,720,895,forecast,519,Ground truth,4.783999443054199
ETTh1,720,895,forecast,520,Ground truth,4.783999443054199
ETTh1,720,895,forecast,521,Ground truth,4.853999137878418
ETTh1,720,895,forecast,522,Ground truth,4.994999885559082
ETTh1,720,895,forecast,523,Ground truth,5.205999374389648
ETTh1,720,895,forecast,524,Ground truth,4.994999885559082
ETTh1,720,895,forecast,525,Ground truth,4.923999786376953
ETTh1,720,895,forecast,526,Ground truth,4.71299934387207
ETTh1,720,895,forecast,527,Ground truth,4.853999137878418
ETTh1,720,895,forecast,528,Ground truth,5.135000228881836
ETTh1,720,895,forecast,529,Ground truth,5.345999717712402
ETTh1,720,895,forecast,530,Ground truth,5.276000022888184
ETTh1,720,895,forecast,531,Ground truth,6.119999885559082
ETTh1,720,895,forecast,532,Ground truth,7.808999061584473
ETTh1,720,895,forecast,533,Ground truth,7.456999778747559
ETTh1,720,895,forecast,534,Ground truth,9.28600025177002
ETTh1,720,895,forecast,535,Ground truth,9.708000183105469
ETTh1,720,895,forecast,536,Ground truth,7.879000663757324
ETTh1,720,895,forecast,537,Ground truth,7.808999061584473
ETTh1,720,895,forecast,538,Ground truth,7.38599967956543
ETTh1,720,895,forecast,539,Ground truth,6.61299991607666
ETTh1,720,895,forecast,540,Ground truth,6.26099967956543
ETTh1,720,895,forecast,541,Ground truth,6.26099967956543
ETTh1,720,895,forecast,542,Ground truth,5.979000091552734
ETTh1,720,895,forecast,543,Ground truth,5.135000228881836
ETTh1,720,895,forecast,544,Ground truth,5.487000465393066
ETTh1,720,895,forecast,545,Ground truth,5.416999816894531
ETTh1,720,895,forecast,546,Ground truth,5.064999580383301
ETTh1,720,895,forecast,547,Ground truth,5.979000091552734
ETTh1,720,895,forecast,548,Ground truth,4.994999885559082
ETTh1,720,895,forecast,549,Ground truth,5.205999374389648
ETTh1,720,895,forecast,550,Ground truth,5.697999000549316
ETTh1,720,895,forecast,551,Ground truth,5.416999816894531
ETTh1,720,895,forecast,552,Ground truth,4.994999885559082
ETTh1,720,895,forecast,553,Ground truth,5.064999580383301
ETTh1,720,895,forecast,554,Ground truth,6.402000427246094
ETTh1,720,895,forecast,555,Ground truth,6.541998863220215
ETTh1,720,895,forecast,556,Ground truth,7.456999778747559
ETTh1,720,895,forecast,557,Ground truth,7.5970001220703125
ETTh1,720,895,forecast,558,Ground truth,7.879000663757324
ETTh1,720,895,forecast,559,Ground truth,8.230999946594238
ETTh1,720,895,forecast,560,Ground truth,6.4720001220703125
ETTh1,720,895,forecast,561,Ground truth,6.190999984741211
ETTh1,720,895,forecast,562,Ground truth,6.61299991607666
ETTh1,720,895,forecast,563,Ground truth,5.697999000549316
ETTh1,720,895,forecast,564,Ground truth,5.908999443054199
ETTh1,720,895,forecast,565,Ground truth,5.697999000549316
ETTh1,720,895,forecast,566,Ground truth,4.643000602722168
ETTh1,720,895,forecast,567,Ground truth,3.6580002307891846
ETTh1,720,895,forecast,568,Ground truth,3.6580002307891846
ETTh1,720,895,forecast,569,Ground truth,3.588000535964966
ETTh1,720,895,forecast,570,Ground truth,3.6580002307891846
ETTh1,720,895,forecast,571,Ground truth,4.36199951171875
ETTh1,720,895,forecast,572,Ground truth,4.0099992752075195
ETTh1,720,895,forecast,573,Ground truth,4.149999618530273
ETTh1,720,895,forecast,574,Ground truth,2.955000162124634
ETTh1,720,895,forecast,575,Ground truth,3.0949995517730713
ETTh1,720,895,forecast,576,Ground truth,2.6030008792877197
ETTh1,720,895,forecast,577,Ground truth,3.0949995517730713
ETTh1,720,895,forecast,578,Ground truth,2.392000436782837
ETTh1,720,895,forecast,579,Ground truth,2.955000162124634
ETTh1,720,895,forecast,580,Ground truth,4.501999855041504
ETTh1,720,895,forecast,581,Ground truth,2.884000062942505
ETTh1,720,895,forecast,582,Ground truth,3.868999719619751
ETTh1,720,895,forecast,583,Ground truth,4.220999717712402
ETTh1,720,895,forecast,584,Ground truth,3.517000436782837
ETTh1,720,895,forecast,585,Ground truth,3.6580002307891846
ETTh1,720,895,forecast,586,Ground truth,4.643000602722168
ETTh1,720,895,forecast,587,Ground truth,4.994999885559082
ETTh1,720,895,forecast,588,Ground truth,4.643000602722168
ETTh1,720,895,forecast,589,Ground truth,4.994999885559082
ETTh1,720,895,forecast,590,Ground truth,4.783999443054199
ETTh1,720,895,forecast,591,Ground truth,4.643000602722168
ETTh1,720,895,forecast,592,Ground truth,4.220999717712402
ETTh1,720,895,forecast,593,Ground truth,4.501999855041504
ETTh1,720,895,forecast,594,Ground truth,3.868999719619751
ETTh1,720,895,forecast,595,Ground truth,4.572999954223633
ETTh1,720,895,forecast,596,Ground truth,5.276000022888184
ETTh1,720,895,forecast,597,Ground truth,5.345999717712402
ETTh1,720,895,forecast,598,Ground truth,4.994999885559082
ETTh1,720,895,forecast,599,Ground truth,4.923999786376953
ETTh1,720,895,forecast,600,Ground truth,4.783999443054199
ETTh1,720,895,forecast,601,Ground truth,5.345999717712402
ETTh1,720,895,forecast,602,Ground truth,4.853999137878418
ETTh1,720,895,forecast,603,Ground truth,5.205999374389648
ETTh1,720,895,forecast,604,Ground truth,5.908999443054199
ETTh1,720,895,forecast,605,Ground truth,5.487000465393066
ETTh1,720,895,forecast,606,Ground truth,7.034999847412109
ETTh1,720,895,forecast,607,Ground truth,7.456999778747559
ETTh1,720,895,forecast,608,Ground truth,6.26099967956543
ETTh1,720,895,forecast,609,Ground truth,5.979000091552734
ETTh1,720,895,forecast,610,Ground truth,6.049999237060547
ETTh1,720,895,forecast,611,Ground truth,5.205999374389648
ETTh1,720,895,forecast,612,Ground truth,4.71299934387207
ETTh1,720,895,forecast,613,Ground truth,4.572999954223633
ETTh1,720,895,forecast,614,Ground truth,4.853999137878418
ETTh1,720,895,forecast,615,Ground truth,4.783999443054199
ETTh1,720,895,forecast,616,Ground truth,4.432000160217285
ETTh1,720,895,forecast,617,Ground truth,4.2910003662109375
ETTh1,720,895,forecast,618,Ground truth,4.994999885559082
ETTh1,720,895,forecast,619,Ground truth,4.853999137878418
ETTh1,720,895,forecast,620,Ground truth,4.2910003662109375
ETTh1,720,895,forecast,621,Ground truth,4.079999923706055
ETTh1,720,895,forecast,622,Ground truth,4.2910003662109375
ETTh1,720,895,forecast,623,Ground truth,3.868999719619751
ETTh1,720,895,forecast,624,Ground truth,4.149999618530273
ETTh1,720,895,forecast,625,Ground truth,4.432000160217285
ETTh1,720,895,forecast,626,Ground truth,4.71299934387207
ETTh1,720,895,forecast,627,Ground truth,4.079999923706055
ETTh1,720,895,forecast,628,Ground truth,4.853999137878418
ETTh1,720,895,forecast,629,Ground truth,5.345999717712402
ETTh1,720,895,forecast,630,Ground truth,5.416999816894531
ETTh1,720,895,forecast,631,Ground truth,5.487000465393066
ETTh1,720,895,forecast,632,Ground truth,5.487000465393066
ETTh1,720,895,forecast,633,Ground truth,5.487000465393066
ETTh1,720,895,forecast,634,Ground truth,5.908999443054199
ETTh1,720,895,forecast,635,Ground truth,5.767999649047852
ETTh1,720,895,forecast,636,Ground truth,5.697999000549316
ETTh1,720,895,forecast,637,Ground truth,5.135000228881836
ETTh1,720,895,forecast,638,Ground truth,4.2910003662109375
ETTh1,720,895,forecast,639,Ground truth,3.9389994144439697
ETTh1,720,895,forecast,640,Ground truth,3.7279999256134033
ETTh1,720,895,forecast,641,Ground truth,3.305999994277954
ETTh1,720,895,forecast,642,Ground truth,3.2360002994537354
ETTh1,720,895,forecast,643,Ground truth,2.955000162124634
ETTh1,720,895,forecast,644,Ground truth,2.6030008792877197
ETTh1,720,895,forecast,645,Ground truth,2.6030008792877197
ETTh1,720,895,forecast,646,Ground truth,2.180999994277954
ETTh1,720,895,forecast,647,Ground truth,1.8989993333816528
ETTh1,720,895,forecast,648,Ground truth,2.321000337600708
ETTh1,720,895,forecast,649,Ground truth,2.180999994277954
ETTh1,720,895,forecast,650,Ground truth,2.180999994277954
ETTh1,720,895,forecast,651,Ground truth,2.392000436782837
ETTh1,720,895,forecast,652,Ground truth,2.4620001316070557
ETTh1,720,895,forecast,653,Ground truth,2.8139994144439697
ETTh1,720,895,forecast,654,Ground truth,3.0949995517730713
ETTh1,720,895,forecast,655,Ground truth,2.8139994144439697
ETTh1,720,895,forecast,656,Ground truth,2.884000062942505
ETTh1,720,895,forecast,657,Ground truth,3.0249998569488525
ETTh1,720,895,forecast,658,Ground truth,3.447000741958618
ETTh1,720,895,forecast,659,Ground truth,3.305999994277954
ETTh1,720,895,forecast,660,Ground truth,3.305999994277954
ETTh1,720,895,forecast,661,Ground truth,3.7279999256134033
ETTh1,720,895,forecast,662,Ground truth,4.079999923706055
ETTh1,720,895,forecast,663,Ground truth,3.7990000247955322
ETTh1,720,895,forecast,664,Ground truth,4.079999923706055
ETTh1,720,895,forecast,665,Ground truth,4.149999618530273
ETTh1,720,895,forecast,666,Ground truth,4.2910003662109375
ETTh1,720,895,forecast,667,Ground truth,4.36199951171875
ETTh1,720,895,forecast,668,Ground truth,4.643000602722168
ETTh1,720,895,forecast,669,Ground truth,4.783999443054199
ETTh1,720,895,forecast,670,Ground truth,5.205999374389648
ETTh1,720,895,forecast,671,Ground truth,5.135000228881836
ETTh1,720,895,forecast,672,Ground truth,5.345999717712402
ETTh1,720,895,forecast,673,Ground truth,4.501999855041504
ETTh1,720,895,forecast,674,Ground truth,5.135000228881836
ETTh1,720,895,forecast,675,Ground truth,4.572999954223633
ETTh1,720,895,forecast,676,Ground truth,4.994999885559082
ETTh1,720,895,forecast,677,Ground truth,4.853999137878418
ETTh1,720,895,forecast,678,Ground truth,5.416999816894531
ETTh1,720,895,forecast,679,Ground truth,5.135000228881836
ETTh1,720,895,forecast,680,Ground truth,6.049999237060547
ETTh1,720,895,forecast,681,Ground truth,6.4720001220703125
ETTh1,720,895,forecast,682,Ground truth,6.26099967956543
ETTh1,720,895,forecast,683,Ground truth,5.557000160217285
ETTh1,720,895,forecast,684,Ground truth,5.345999717712402
ETTh1,720,895,forecast,685,Ground truth,5.697999000549316
ETTh1,720,895,forecast,686,Ground truth,5.839000701904297
ETTh1,720,895,forecast,687,Ground truth,6.26099967956543
ETTh1,720,895,forecast,688,Ground truth,6.190999984741211
ETTh1,720,895,forecast,689,Ground truth,6.541998863220215
ETTh1,720,895,forecast,690,Ground truth,6.61299991607666
ETTh1,720,895,forecast,691,Ground truth,6.541998863220215
ETTh1,720,895,forecast,692,Ground truth,6.541998863220215
ETTh1,720,895,forecast,693,Ground truth,6.683000564575195
ETTh1,720,895,forecast,694,Ground truth,7.034999847412109
ETTh1,720,895,forecast,695,Ground truth,6.893999099731445
ETTh1,720,895,forecast,696,Ground truth,6.823999404907227
ETTh1,720,895,forecast,697,Ground truth,7.668000221252441
ETTh1,720,895,forecast,698,Ground truth,7.104999542236328
ETTh1,720,895,forecast,699,Ground truth,8.020000457763672
ETTh1,720,895,forecast,700,Ground truth,8.020000457763672
ETTh1,720,895,forecast,701,Ground truth,6.541998863220215
ETTh1,720,895,forecast,702,Ground truth,6.752999305725098
ETTh1,720,895,forecast,703,Ground truth,7.104999542236328
ETTh1,720,895,forecast,704,Ground truth,7.175000190734863
ETTh1,720,895,forecast,705,Ground truth,7.246000289916992
ETTh1,720,895,forecast,706,Ground truth,7.879000663757324
ETTh1,720,895,forecast,707,Ground truth,6.541998863220215
ETTh1,720,895,forecast,708,Ground truth,6.61299991607666
ETTh1,720,895,forecast,709,Ground truth,6.9639997482299805
ETTh1,720,895,forecast,710,Ground truth,6.331000328063965
ETTh1,720,895,forecast,711,Ground truth,5.839000701904297
ETTh1,720,895,forecast,712,Ground truth,7.246000289916992
ETTh1,720,895,forecast,713,Ground truth,7.104999542236328
ETTh1,720,895,forecast,714,Ground truth,7.456999778747559
ETTh1,720,895,forecast,715,Ground truth,6.752999305725098
ETTh1,720,895,forecast,716,Ground truth,5.064999580383301
ETTh1,720,895,forecast,717,Ground truth,4.572999954223633
ETTh1,720,895,forecast,718,Ground truth,3.2360002994537354
ETTh1,720,895,forecast,719,Ground truth,3.377000093460083
ETTh1,720,895,forecast,0,TimeRole,3.272111177444458
ETTh1,720,895,forecast,1,TimeRole,3.8497393131256104
ETTh1,720,895,forecast,2,TimeRole,4.073939323425293
ETTh1,720,895,forecast,3,TimeRole,4.248516082763672
ETTh1,720,895,forecast,4,TimeRole,4.643449783325195
ETTh1,720,895,forecast,5,TimeRole,5.044838905334473
ETTh1,720,895,forecast,6,TimeRole,5.681097984313965
ETTh1,720,895,forecast,7,TimeRole,6.001811981201172
ETTh1,720,895,forecast,8,TimeRole,5.905396461486816
ETTh1,720,895,forecast,9,TimeRole,6.2011260986328125
ETTh1,720,895,forecast,10,TimeRole,5.879472732543945
ETTh1,720,895,forecast,11,TimeRole,5.595643043518066
ETTh1,720,895,forecast,12,TimeRole,5.178178787231445
ETTh1,720,895,forecast,13,TimeRole,4.723880767822266
ETTh1,720,895,forecast,14,TimeRole,4.675961494445801
ETTh1,720,895,forecast,15,TimeRole,4.360394477844238
ETTh1,720,895,forecast,16,TimeRole,4.2072553634643555
ETTh1,720,895,forecast,17,TimeRole,4.266356468200684
ETTh1,720,895,forecast,18,TimeRole,4.149528503417969
ETTh1,720,895,forecast,19,TimeRole,4.104437828063965
ETTh1,720,895,forecast,20,TimeRole,3.9271223545074463
ETTh1,720,895,forecast,21,TimeRole,3.318016290664673
ETTh1,720,895,forecast,22,TimeRole,3.3021137714385986
ETTh1,720,895,forecast,23,TimeRole,3.617628335952759
ETTh1,720,895,forecast,24,TimeRole,3.6283209323883057
ETTh1,720,895,forecast,25,TimeRole,3.660444498062134
ETTh1,720,895,forecast,26,TimeRole,3.8488829135894775
ETTh1,720,895,forecast,27,TimeRole,3.9642250537872314
ETTh1,720,895,forecast,28,TimeRole,4.037632942199707
ETTh1,720,895,forecast,29,TimeRole,4.641848564147949
ETTh1,720,895,forecast,30,TimeRole,5.274641036987305
ETTh1,720,895,forecast,31,TimeRole,5.885561943054199
ETTh1,720,895,forecast,32,TimeRole,5.952281951904297
ETTh1,720,895,forecast,33,TimeRole,6.158038139343262
ETTh1,720,895,forecast,34,TimeRole,6.2264404296875
ETTh1,720,895,forecast,35,TimeRole,5.76243782043457
ETTh1,720,895,forecast,36,TimeRole,5.529753684997559
ETTh1,720,895,forecast,37,TimeRole,5.0332231521606445
ETTh1,720,895,forecast,38,TimeRole,4.805132865905762
ETTh1,720,895,forecast,39,TimeRole,4.64285945892334
ETTh1,720,895,forecast,40,TimeRole,4.366610527038574
ETTh1,720,895,forecast,41,TimeRole,4.234260559082031
ETTh1,720,895,forecast,42,TimeRole,3.9932034015655518
ETTh1,720,895,forecast,43,TimeRole,4.070401191711426
ETTh1,720,895,forecast,44,TimeRole,3.623164415359497
ETTh1,720,895,forecast,45,TimeRole,3.4069626331329346
ETTh1,720,895,forecast,46,TimeRole,3.4052155017852783
ETTh1,720,895,forecast,47,TimeRole,3.932889223098755
ETTh1,720,895,forecast,48,TimeRole,4.039633750915527
ETTh1,720,895,forecast,49,TimeRole,4.459189414978027
ETTh1,720,895,forecast,50,TimeRole,4.312647819519043
ETTh1,720,895,forecast,51,TimeRole,4.570406913757324
ETTh1,720,895,forecast,52,TimeRole,4.745632171630859
ETTh1,720,895,forecast,53,TimeRole,5.150210380554199
ETTh1,720,895,forecast,54,TimeRole,6.010869026184082
ETTh1,720,895,forecast,55,TimeRole,6.0081586837768555
ETTh1,720,895,forecast,56,TimeRole,6.131278991699219
ETTh1,720,895,forecast,57,TimeRole,6.308526039123535
ETTh1,720,895,forecast,58,TimeRole,6.237576484680176
ETTh1,720,895,forecast,59,TimeRole,5.76680850982666
ETTh1,720,895,forecast,60,TimeRole,5.463545799255371
ETTh1,720,895,forecast,61,TimeRole,5.279796600341797
ETTh1,720,895,forecast,62,TimeRole,5.057916641235352
ETTh1,720,895,forecast,63,TimeRole,4.829545021057129
ETTh1,720,895,forecast,64,TimeRole,4.488345146179199
ETTh1,720,895,forecast,65,TimeRole,4.544768333435059
ETTh1,720,895,forecast,66,TimeRole,4.493922233581543
ETTh1,720,895,forecast,67,TimeRole,4.558492660522461
ETTh1,720,895,forecast,68,TimeRole,4.160085678100586
ETTh1,720,895,forecast,69,TimeRole,3.7465975284576416
ETTh1,720,895,forecast,70,TimeRole,3.749931573867798
ETTh1,720,895,forecast,71,TimeRole,4.071689605712891
ETTh1,720,895,forecast,72,TimeRole,4.04864501953125
ETTh1,720,895,forecast,73,TimeRole,4.17012882232666
ETTh1,720,895,forecast,74,TimeRole,4.188355445861816
ETTh1,720,895,forecast,75,TimeRole,4.34330940246582
ETTh1,720,895,forecast,76,TimeRole,4.574235916137695
ETTh1,720,895,forecast,77,TimeRole,5.113041877746582
ETTh1,720,895,forecast,78,TimeRole,5.594780921936035
ETTh1,720,895,forecast,79,TimeRole,5.9620866775512695
ETTh1,720,895,forecast,80,TimeRole,5.977649688720703
ETTh1,720,895,forecast,81,TimeRole,6.135839462280273
ETTh1,720,895,forecast,82,TimeRole,6.042899131774902
ETTh1,720,895,forecast,83,TimeRole,5.730388641357422
ETTh1,720,895,forecast,84,TimeRole,5.5891618728637695
ETTh1,720,895,forecast,85,TimeRole,5.373128890991211
ETTh1,720,895,forecast,86,TimeRole,5.176992416381836
ETTh1,720,895,forecast,87,TimeRole,4.967588424682617
ETTh1,720,895,forecast,88,TimeRole,4.567090034484863
ETTh1,720,895,forecast,89,TimeRole,4.4365692138671875
ETTh1,720,895,forecast,90,TimeRole,4.468749046325684
ETTh1,720,895,forecast,91,TimeRole,4.480739593505859
ETTh1,720,895,forecast,92,TimeRole,4.193846702575684
ETTh1,720,895,forecast,93,TimeRole,3.970721483230591
ETTh1,720,895,forecast,94,TimeRole,4.029491424560547
ETTh1,720,895,forecast,95,TimeRole,3.8848659992218018
ETTh1,720,895,forecast,96,TimeRole,4.315177917480469
ETTh1,720,895,forecast,97,TimeRole,4.344219207763672
ETTh1,720,895,forecast,98,TimeRole,4.322613716125488
ETTh1,720,895,forecast,99,TimeRole,4.641437530517578
ETTh1,720,895,forecast,100,TimeRole,5.01934814453125
ETTh1,720,895,forecast,101,TimeRole,5.372557640075684
ETTh1,720,895,forecast,102,TimeRole,6.1015214920043945
ETTh1,720,895,forecast,103,TimeRole,6.1765336990356445
ETTh1,720,895,forecast,104,TimeRole,6.247654914855957
ETTh1,720,895,forecast,105,TimeRole,6.540435791015625
ETTh1,720,895,forecast,106,TimeRole,6.425238609313965
ETTh1,720,895,forecast,107,TimeRole,6.163478851318359
ETTh1,720,895,forecast,108,TimeRole,5.908111572265625
ETTh1,720,895,forecast,109,TimeRole,5.774832725524902
ETTh1,720,895,forecast,110,TimeRole,5.5844926834106445
ETTh1,720,895,forecast,111,TimeRole,5.334742546081543
ETTh1,720,895,forecast,112,TimeRole,5.172906875610352
ETTh1,720,895,forecast,113,TimeRole,5.217951774597168
ETTh1,720,895,forecast,114,TimeRole,5.073238372802734
ETTh1,720,895,forecast,115,TimeRole,5.287686347961426
ETTh1,720,895,forecast,116,TimeRole,4.892765045166016
ETTh1,720,895,forecast,117,TimeRole,4.3482666015625
ETTh1,720,895,forecast,118,TimeRole,4.531622886657715
ETTh1,720,895,forecast,119,TimeRole,4.710556983947754
ETTh1,720,895,forecast,120,TimeRole,5.027758598327637
ETTh1,720,895,forecast,121,TimeRole,4.913982391357422
ETTh1,720,895,forecast,122,TimeRole,4.96721076965332
ETTh1,720,895,forecast,123,TimeRole,5.094745635986328
ETTh1,720,895,forecast,124,TimeRole,5.123601913452148
ETTh1,720,895,forecast,125,TimeRole,5.479870796203613
ETTh1,720,895,forecast,126,TimeRole,6.0435991287231445
ETTh1,720,895,forecast,127,TimeRole,6.3570966720581055
ETTh1,720,895,forecast,128,TimeRole,6.441069602966309
ETTh1,720,895,forecast,129,TimeRole,6.623316764831543
ETTh1,720,895,forecast,130,TimeRole,6.581965446472168
ETTh1,720,895,forecast,131,TimeRole,6.386857032775879
ETTh1,720,895,forecast,132,TimeRole,5.951245307922363
ETTh1,720,895,forecast,133,TimeRole,5.827058792114258
ETTh1,720,895,forecast,134,TimeRole,5.565770149230957
ETTh1,720,895,forecast,135,TimeRole,5.307336807250977
ETTh1,720,895,forecast,136,TimeRole,5.148937225341797
ETTh1,720,895,forecast,137,TimeRole,5.233194351196289
ETTh1,720,895,forecast,138,TimeRole,5.262319564819336
ETTh1,720,895,forecast,139,TimeRole,5.046395301818848
ETTh1,720,895,forecast,140,TimeRole,4.821803092956543
ETTh1,720,895,forecast,141,TimeRole,4.427285194396973
ETTh1,720,895,forecast,142,TimeRole,4.200538635253906
ETTh1,720,895,forecast,143,TimeRole,4.564339637756348
ETTh1,720,895,forecast,144,TimeRole,4.676889419555664
ETTh1,720,895,forecast,145,TimeRole,4.811413764953613
ETTh1,720,895,forecast,146,TimeRole,4.847088813781738
ETTh1,720,895,forecast,147,TimeRole,5.069727897644043
ETTh1,720,895,forecast,148,TimeRole,5.339421272277832
ETTh1,720,895,forecast,149,TimeRole,5.789422035217285
ETTh1,720,895,forecast,150,TimeRole,6.394867897033691
ETTh1,720,895,forecast,151,TimeRole,6.746405601501465
ETTh1,720,895,forecast,152,TimeRole,6.7550201416015625
ETTh1,720,895,forecast,153,TimeRole,7.037691116333008
ETTh1,720,895,forecast,154,TimeRole,6.70835018157959
ETTh1,720,895,forecast,155,TimeRole,6.445082664489746
ETTh1,720,895,forecast,156,TimeRole,5.921862602233887
ETTh1,720,895,forecast,157,TimeRole,5.611536979675293
ETTh1,720,895,forecast,158,TimeRole,5.5308332443237305
ETTh1,720,895,forecast,159,TimeRole,5.319531440734863
ETTh1,720,895,forecast,160,TimeRole,4.976116180419922
ETTh1,720,895,forecast,161,TimeRole,4.885373115539551
ETTh1,720,895,forecast,162,TimeRole,4.852827072143555
ETTh1,720,895,forecast,163,TimeRole,4.975606918334961
ETTh1,720,895,forecast,164,TimeRole,4.672933578491211
ETTh1,720,895,forecast,165,TimeRole,4.205772399902344
ETTh1,720,895,forecast,166,TimeRole,4.263903617858887
ETTh1,720,895,forecast,167,TimeRole,4.368454933166504
ETTh1,720,895,forecast,168,TimeRole,4.460393905639648
ETTh1,720,895,forecast,169,TimeRole,4.706783294677734
ETTh1,720,895,forecast,170,TimeRole,4.799750328063965
ETTh1,720,895,forecast,171,TimeRole,4.948817253112793
ETTh1,720,895,forecast,172,TimeRole,5.401810646057129
ETTh1,720,895,forecast,173,TimeRole,5.656061172485352
ETTh1,720,895,forecast,174,TimeRole,6.169612884521484
ETTh1,720,895,forecast,175,TimeRole,6.52755069732666
ETTh1,720,895,forecast,176,TimeRole,6.616145133972168
ETTh1,720,895,forecast,177,TimeRole,6.6568098068237305
ETTh1,720,895,forecast,178,TimeRole,6.55385684967041
ETTh1,720,895,forecast,179,TimeRole,6.157742500305176
ETTh1,720,895,forecast,180,TimeRole,5.768655776977539
ETTh1,720,895,forecast,181,TimeRole,5.549033164978027
ETTh1,720,895,forecast,182,TimeRole,5.213526725769043
ETTh1,720,895,forecast,183,TimeRole,4.736784934997559
ETTh1,720,895,forecast,184,TimeRole,4.65264892578125
ETTh1,720,895,forecast,185,TimeRole,4.326401710510254
ETTh1,720,895,forecast,186,TimeRole,4.465696334838867
ETTh1,720,895,forecast,187,TimeRole,4.558524131774902
ETTh1,720,895,forecast,188,TimeRole,4.184816360473633
ETTh1,720,895,forecast,189,TimeRole,4.19011116027832
ETTh1,720,895,forecast,190,TimeRole,4.197840690612793
ETTh1,720,895,forecast,191,TimeRole,4.510961532592773
ETTh1,720,895,forecast,192,TimeRole,4.829231262207031
ETTh1,720,895,forecast,193,TimeRole,4.850427627563477
ETTh1,720,895,forecast,194,TimeRole,5.070803642272949
ETTh1,720,895,forecast,195,TimeRole,5.077261924743652
ETTh1,720,895,forecast,196,TimeRole,5.171252250671387
ETTh1,720,895,forecast,197,TimeRole,5.724939346313477
ETTh1,720,895,forecast,198,TimeRole,6.178707122802734
ETTh1,720,895,forecast,199,TimeRole,6.4932966232299805
ETTh1,720,895,forecast,200,TimeRole,6.528471946716309
ETTh1,720,895,forecast,201,TimeRole,6.709450721740723
ETTh1,720,895,forecast,202,TimeRole,6.692832946777344
ETTh1,720,895,forecast,203,TimeRole,6.38577938079834
ETTh1,720,895,forecast,204,TimeRole,6.061258316040039
ETTh1,720,895,forecast,205,TimeRole,5.84183406829834
ETTh1,720,895,forecast,206,TimeRole,5.679078102111816
ETTh1,720,895,forecast,207,TimeRole,5.215059280395508
ETTh1,720,895,forecast,208,TimeRole,5.266685485839844
ETTh1,720,895,forecast,209,TimeRole,5.155489921569824
ETTh1,720,895,forecast,210,TimeRole,4.793906211853027
ETTh1,720,895,forecast,211,TimeRole,4.883570671081543
ETTh1,720,895,forecast,212,TimeRole,4.395260810852051
ETTh1,720,895,forecast,213,TimeRole,4.151180267333984
ETTh1,720,895,forecast,214,TimeRole,4.058035850524902
ETTh1,720,895,forecast,215,TimeRole,4.056279182434082
ETTh1,720,895,forecast,216,TimeRole,4.127438545227051
ETTh1,720,895,forecast,217,TimeRole,4.455095291137695
ETTh1,720,895,forecast,218,TimeRole,4.413119316101074
ETTh1,720,895,forecast,219,TimeRole,4.915280342102051
ETTh1,720,895,forecast,220,TimeRole,5.135896682739258
ETTh1,720,895,forecast,221,TimeRole,5.508411407470703
ETTh1,720,895,forecast,222,TimeRole,6.2232561111450195
ETTh1,720,895,forecast,223,TimeRole,6.558667182922363
ETTh1,720,895,forecast,224,TimeRole,6.743990898132324
ETTh1,720,895,forecast,225,TimeRole,6.820862770080566
ETTh1,720,895,forecast,226,TimeRole,6.784232139587402
ETTh1,720,895,forecast,227,TimeRole,6.4117631912231445
ETTh1,720,895,forecast,228,TimeRole,6.1328325271606445
ETTh1,720,895,forecast,229,TimeRole,5.790769577026367
ETTh1,720,895,forecast,230,TimeRole,5.5447282791137695
ETTh1,720,895,forecast,231,TimeRole,5.11827278137207
ETTh1,720,895,forecast,232,TimeRole,4.843264579772949
ETTh1,720,895,forecast,233,TimeRole,4.72194766998291
ETTh1,720,895,forecast,234,TimeRole,4.691952705383301
ETTh1,720,895,forecast,235,TimeRole,4.760682106018066
ETTh1,720,895,forecast,236,TimeRole,4.4906415939331055
ETTh1,720,895,forecast,237,TimeRole,4.344104766845703
ETTh1,720,895,forecast,238,TimeRole,4.170406341552734
ETTh1,720,895,forecast,239,TimeRole,4.302909851074219
ETTh1,720,895,forecast,240,TimeRole,4.630537986755371
ETTh1,720,895,forecast,241,TimeRole,4.8387041091918945
ETTh1,720,895,forecast,242,TimeRole,4.740835189819336
ETTh1,720,895,forecast,243,TimeRole,5.043471336364746
ETTh1,720,895,forecast,244,TimeRole,5.242951393127441
ETTh1,720,895,forecast,245,TimeRole,5.669398307800293
ETTh1,720,895,forecast,246,TimeRole,6.09358024597168
ETTh1,720,895,forecast,247,TimeRole,6.190917015075684
ETTh1,720,895,forecast,248,TimeRole,6.31527042388916
ETTh1,720,895,forecast,249,TimeRole,6.681805610656738
ETTh1,720,895,forecast,250,TimeRole,6.527885437011719
ETTh1,720,895,forecast,251,TimeRole,6.309314727783203
ETTh1,720,895,forecast,252,TimeRole,5.970528602600098
ETTh1,720,895,forecast,253,TimeRole,5.792548179626465
ETTh1,720,895,forecast,254,TimeRole,5.620047569274902
ETTh1,720,895,forecast,255,TimeRole,5.064074516296387
ETTh1,720,895,forecast,256,TimeRole,4.873685836791992
ETTh1,720,895,forecast,257,TimeRole,4.881814956665039
ETTh1,720,895,forecast,258,TimeRole,4.933524131774902
ETTh1,720,895,forecast,259,TimeRole,5.076943397521973
ETTh1,720,895,forecast,260,TimeRole,4.929274559020996
ETTh1,720,895,forecast,261,TimeRole,4.608531951904297
ETTh1,720,895,forecast,262,TimeRole,4.369533538818359
ETTh1,720,895,forecast,263,TimeRole,4.673897743225098
ETTh1,720,895,forecast,264,TimeRole,4.801835060119629
ETTh1,720,895,forecast,265,TimeRole,4.767071723937988
ETTh1,720,895,forecast,266,TimeRole,4.8705949783325195
ETTh1,720,895,forecast,267,TimeRole,5.000537872314453
ETTh1,720,895,forecast,268,TimeRole,5.05203914642334
ETTh1,720,895,forecast,269,TimeRole,5.72579288482666
ETTh1,720,895,forecast,270,TimeRole,6.041863441467285
ETTh1,720,895,forecast,271,TimeRole,6.329689979553223
ETTh1,720,895,forecast,272,TimeRole,6.536836624145508
ETTh1,720,895,forecast,273,TimeRole,6.324376106262207
ETTh1,720,895,forecast,274,TimeRole,6.270977973937988
ETTh1,720,895,forecast,275,TimeRole,5.970580101013184
ETTh1,720,895,forecast,276,TimeRole,5.658072471618652
ETTh1,720,895,forecast,277,TimeRole,5.384794235229492
ETTh1,720,895,forecast,278,TimeRole,5.362236976623535
ETTh1,720,895,forecast,279,TimeRole,5.012662887573242
ETTh1,720,895,forecast,280,TimeRole,4.843620300292969
ETTh1,720,895,forecast,281,TimeRole,4.697391510009766
ETTh1,720,895,forecast,282,TimeRole,4.5949296951293945
ETTh1,720,895,forecast,283,TimeRole,4.736931800842285
ETTh1,720,895,forecast,284,TimeRole,4.525678634643555
ETTh1,720,895,forecast,285,TimeRole,4.110633850097656
ETTh1,720,895,forecast,286,TimeRole,4.186341285705566
ETTh1,720,895,forecast,287,TimeRole,4.389388084411621
ETTh1,720,895,forecast,288,TimeRole,4.682814598083496
ETTh1,720,895,forecast,289,TimeRole,4.733283042907715
ETTh1,720,895,forecast,290,TimeRole,4.767820358276367
ETTh1,720,895,forecast,291,TimeRole,5.057503700256348
ETTh1,720,895,forecast,292,TimeRole,5.366264343261719
ETTh1,720,895,forecast,293,TimeRole,5.720555305480957
ETTh1,720,895,forecast,294,TimeRole,6.238475799560547
ETTh1,720,895,forecast,295,TimeRole,6.656425476074219
ETTh1,720,895,forecast,296,TimeRole,6.633217811584473
ETTh1,720,895,forecast,297,TimeRole,6.614620208740234
ETTh1,720,895,forecast,298,TimeRole,6.454093933105469
ETTh1,720,895,forecast,299,TimeRole,6.005016326904297
ETTh1,720,895,forecast,300,TimeRole,5.754118919372559
ETTh1,720,895,forecast,301,TimeRole,5.394354820251465
ETTh1,720,895,forecast,302,TimeRole,5.183900833129883
ETTh1,720,895,forecast,303,TimeRole,4.957837104797363
ETTh1,720,895,forecast,304,TimeRole,4.766598701477051
ETTh1,720,895,forecast,305,TimeRole,4.675798416137695
ETTh1,720,895,forecast,306,TimeRole,4.56295108795166
ETTh1,720,895,forecast,307,TimeRole,4.613194465637207
ETTh1,720,895,forecast,308,TimeRole,4.252967834472656
ETTh1,720,895,forecast,309,TimeRole,3.930687189102173
ETTh1,720,895,forecast,310,TimeRole,3.6961004734039307
ETTh1,720,895,forecast,311,TimeRole,4.136972427368164
ETTh1,720,895,forecast,312,TimeRole,4.364099502563477
ETTh1,720,895,forecast,313,TimeRole,4.658802032470703
ETTh1,720,895,forecast,314,TimeRole,4.688562393188477
ETTh1,720,895,forecast,315,TimeRole,5.029664993286133
ETTh1,720,895,forecast,316,TimeRole,5.28055477142334
ETTh1,720,895,forecast,317,TimeRole,5.738045692443848
ETTh1,720,895,forecast,318,TimeRole,6.142622947692871
ETTh1,720,895,forecast,319,TimeRole,6.463732719421387
ETTh1,720,895,forecast,320,TimeRole,6.557207107543945
ETTh1,720,895,forecast,321,TimeRole,6.565756797790527
ETTh1,720,895,forecast,322,TimeRole,6.498164176940918
ETTh1,720,895,forecast,323,TimeRole,6.186074256896973
ETTh1,720,895,forecast,324,TimeRole,5.975948333740234
ETTh1,720,895,forecast,325,TimeRole,5.687773704528809
ETTh1,720,895,forecast,326,TimeRole,5.397913932800293
ETTh1,720,895,forecast,327,TimeRole,4.935907363891602
ETTh1,720,895,forecast,328,TimeRole,4.89432430267334
ETTh1,720,895,forecast,329,TimeRole,4.664799690246582
ETTh1,720,895,forecast,330,TimeRole,4.631014823913574
ETTh1,720,895,forecast,331,TimeRole,4.567740440368652
ETTh1,720,895,forecast,332,TimeRole,4.247941017150879
ETTh1,720,895,forecast,333,TimeRole,4.03346061706543
ETTh1,720,895,forecast,334,TimeRole,3.9515507221221924
ETTh1,720,895,forecast,335,TimeRole,4.4294328689575195
ETTh1,720,895,forecast,336,TimeRole,4.799302101135254
ETTh1,720,895,forecast,337,TimeRole,5.090392112731934
ETTh1,720,895,forecast,338,TimeRole,5.204903602600098
ETTh1,720,895,forecast,339,TimeRole,5.410369873046875
ETTh1,720,895,forecast,340,TimeRole,5.694196701049805
ETTh1,720,895,forecast,341,TimeRole,6.201650619506836
ETTh1,720,895,forecast,342,TimeRole,6.545870780944824
ETTh1,720,895,forecast,343,TimeRole,6.756172180175781
ETTh1,720,895,forecast,344,TimeRole,6.680787086486816
ETTh1,720,895,forecast,345,TimeRole,6.866443634033203
ETTh1,720,895,forecast,346,TimeRole,6.638269424438477
ETTh1,720,895,forecast,347,TimeRole,6.217118263244629
ETTh1,720,895,forecast,348,TimeRole,5.896090507507324
ETTh1,720,895,forecast,349,TimeRole,5.815485954284668
ETTh1,720,895,forecast,350,TimeRole,5.533710479736328
ETTh1,720,895,forecast,351,TimeRole,5.434637069702148
ETTh1,720,895,forecast,352,TimeRole,5.105792999267578
ETTh1,720,895,forecast,353,TimeRole,5.059752464294434
ETTh1,720,895,forecast,354,TimeRole,4.831449508666992
ETTh1,720,895,forecast,355,TimeRole,4.8826751708984375
ETTh1,720,895,forecast,356,TimeRole,4.501124382019043
ETTh1,720,895,forecast,357,TimeRole,4.197501182556152
ETTh1,720,895,forecast,358,TimeRole,4.079729080200195
ETTh1,720,895,forecast,359,TimeRole,4.07911491394043
ETTh1,720,895,forecast,360,TimeRole,4.463513374328613
ETTh1,720,895,forecast,361,TimeRole,4.694744110107422
ETTh1,720,895,forecast,362,TimeRole,4.729962348937988
ETTh1,720,895,forecast,363,TimeRole,5.054079055786133
ETTh1,720,895,forecast,364,TimeRole,5.1341753005981445
ETTh1,720,895,forecast,365,TimeRole,5.676234245300293
ETTh1,720,895,forecast,366,TimeRole,6.289254188537598
ETTh1,720,895,forecast,367,TimeRole,6.517765045166016
ETTh1,720,895,forecast,368,TimeRole,6.533838272094727
ETTh1,720,895,forecast,369,TimeRole,6.735775947570801
ETTh1,720,895,forecast,370,TimeRole,6.612155914306641
ETTh1,720,895,forecast,371,TimeRole,6.273281097412109
ETTh1,720,895,forecast,372,TimeRole,6.019906044006348
ETTh1,720,895,forecast,373,TimeRole,5.788275718688965
ETTh1,720,895,forecast,374,TimeRole,5.327547073364258
ETTh1,720,895,forecast,375,TimeRole,5.044793128967285
ETTh1,720,895,forecast,376,TimeRole,4.538630485534668
ETTh1,720,895,forecast,377,TimeRole,4.695389747619629
ETTh1,720,895,forecast,378,TimeRole,4.373910903930664
ETTh1,720,895,forecast,379,TimeRole,4.626986503601074
ETTh1,720,895,forecast,380,TimeRole,4.424383163452148
ETTh1,720,895,forecast,381,TimeRole,3.97369122505188
ETTh1,720,895,forecast,382,TimeRole,4.143034934997559
ETTh1,720,895,forecast,383,TimeRole,4.326459884643555
ETTh1,720,895,forecast,384,TimeRole,4.377589225769043
ETTh1,720,895,forecast,385,TimeRole,4.688860893249512
ETTh1,720,895,forecast,386,TimeRole,4.765937805175781
ETTh1,720,895,forecast,387,TimeRole,5.01275634765625
ETTh1,720,895,forecast,388,TimeRole,5.43741512298584
ETTh1,720,895,forecast,389,TimeRole,5.92570686340332
ETTh1,720,895,forecast,390,TimeRole,6.5358991622924805
ETTh1,720,895,forecast,391,TimeRole,6.688082695007324
ETTh1,720,895,forecast,392,TimeRole,6.912718772888184
ETTh1,720,895,forecast,393,TimeRole,6.639101982116699
ETTh1,720,895,forecast,394,TimeRole,6.552602767944336
ETTh1,720,895,forecast,395,TimeRole,6.205665588378906
ETTh1,720,895,forecast,396,TimeRole,6.12421989440918
ETTh1,720,895,forecast,397,TimeRole,5.729140281677246
ETTh1,720,895,forecast,398,TimeRole,5.591996192932129
ETTh1,720,895,forecast,399,TimeRole,5.388922691345215
ETTh1,720,895,forecast,400,TimeRole,5.133908271789551
ETTh1,720,895,forecast,401,TimeRole,5.122305870056152
ETTh1,720,895,forecast,402,TimeRole,4.913782119750977
ETTh1,720,895,forecast,403,TimeRole,5.081453323364258
ETTh1,720,895,forecast,404,TimeRole,4.760964393615723
ETTh1,720,895,forecast,405,TimeRole,4.551450729370117
ETTh1,720,895,forecast,406,TimeRole,4.398957252502441
ETTh1,720,895,forecast,407,TimeRole,4.705394744873047
ETTh1,720,895,forecast,408,TimeRole,4.8714494705200195
ETTh1,720,895,forecast,409,TimeRole,4.750614166259766
ETTh1,720,895,forecast,410,TimeRole,4.908125877380371
ETTh1,720,895,forecast,411,TimeRole,5.105690002441406
ETTh1,720,895,forecast,412,TimeRole,5.44744873046875
ETTh1,720,895,forecast,413,TimeRole,5.897513389587402
ETTh1,720,895,forecast,414,TimeRole,6.516536712646484
ETTh1,720,895,forecast,415,TimeRole,6.657990455627441
ETTh1,720,895,forecast,416,TimeRole,6.69594669342041
ETTh1,720,895,forecast,417,TimeRole,6.795560836791992
ETTh1,720,895,forecast,418,TimeRole,6.629888534545898
ETTh1,720,895,forecast,419,TimeRole,6.196671485900879
ETTh1,720,895,forecast,420,TimeRole,5.93440055847168
ETTh1,720,895,forecast,421,TimeRole,5.641018867492676
ETTh1,720,895,forecast,422,TimeRole,5.380146026611328
ETTh1,720,895,forecast,423,TimeRole,5.072360038757324
ETTh1,720,895,forecast,424,TimeRole,4.69651985168457
ETTh1,720,895,forecast,425,TimeRole,4.389176368713379
ETTh1,720,895,forecast,426,TimeRole,4.395810127258301
ETTh1,720,895,forecast,427,TimeRole,4.336920738220215
ETTh1,720,895,forecast,428,TimeRole,4.052438735961914
ETTh1,720,895,forecast,429,TimeRole,3.767589807510376
ETTh1,720,895,forecast,430,TimeRole,3.8671648502349854
ETTh1,720,895,forecast,431,TimeRole,4.213964462280273
ETTh1,720,895,forecast,432,TimeRole,4.2088212966918945
ETTh1,720,895,forecast,433,TimeRole,4.756589889526367
ETTh1,720,895,forecast,434,TimeRole,4.8658905029296875
ETTh1,720,895,forecast,435,TimeRole,5.299388885498047
ETTh1,720,895,forecast,436,TimeRole,5.429832458496094
ETTh1,720,895,forecast,437,TimeRole,5.836678504943848
ETTh1,720,895,forecast,438,TimeRole,6.123377799987793
ETTh1,720,895,forecast,439,TimeRole,6.307533264160156
ETTh1,720,895,forecast,440,TimeRole,6.167844772338867
ETTh1,720,895,forecast,441,TimeRole,6.391788482666016
ETTh1,720,895,forecast,442,TimeRole,5.959747314453125
ETTh1,720,895,forecast,443,TimeRole,5.513127326965332
ETTh1,720,895,forecast,444,TimeRole,5.468010902404785
ETTh1,720,895,forecast,445,TimeRole,5.178679466247559
ETTh1,720,895,forecast,446,TimeRole,4.968317985534668
ETTh1,720,895,forecast,447,TimeRole,4.512997627258301
ETTh1,720,895,forecast,448,TimeRole,4.2032928466796875
ETTh1,720,895,forecast,449,TimeRole,4.199246406555176
ETTh1,720,895,forecast,450,TimeRole,4.1467485427856445
ETTh1,720,895,forecast,451,TimeRole,4.213237762451172
ETTh1,720,895,forecast,452,TimeRole,4.051187515258789
ETTh1,720,895,forecast,453,TimeRole,3.882324457168579
ETTh1,720,895,forecast,454,TimeRole,3.9883577823638916
ETTh1,720,895,forecast,455,TimeRole,4.236894607543945
ETTh1,720,895,forecast,456,TimeRole,4.538259506225586
ETTh1,720,895,forecast,457,TimeRole,4.827078819274902
ETTh1,720,895,forecast,458,TimeRole,5.1329345703125
ETTh1,720,895,forecast,459,TimeRole,5.257515907287598
ETTh1,720,895,forecast,460,TimeRole,5.2947540283203125
ETTh1,720,895,forecast,461,TimeRole,5.788470268249512
ETTh1,720,895,forecast,462,TimeRole,6.165256500244141
ETTh1,720,895,forecast,463,TimeRole,6.426961898803711
ETTh1,720,895,forecast,464,TimeRole,6.607312202453613
ETTh1,720,895,forecast,465,TimeRole,6.410313606262207
ETTh1,720,895,forecast,466,TimeRole,6.304146766662598
ETTh1,720,895,forecast,467,TimeRole,6.064934730529785
ETTh1,720,895,forecast,468,TimeRole,5.934381484985352
ETTh1,720,895,forecast,469,TimeRole,5.694952011108398
ETTh1,720,895,forecast,470,TimeRole,5.370695114135742
ETTh1,720,895,forecast,471,TimeRole,5.153572082519531
ETTh1,720,895,forecast,472,TimeRole,5.070803642272949
ETTh1,720,895,forecast,473,TimeRole,4.972229957580566
ETTh1,720,895,forecast,474,TimeRole,4.721015930175781
ETTh1,720,895,forecast,475,TimeRole,4.728263854980469
ETTh1,720,895,forecast,476,TimeRole,4.403847694396973
ETTh1,720,895,forecast,477,TimeRole,3.9511263370513916
ETTh1,720,895,forecast,478,TimeRole,4.1129608154296875
ETTh1,720,895,forecast,479,TimeRole,4.271415710449219
ETTh1,720,895,forecast,480,TimeRole,4.457386016845703
ETTh1,720,895,forecast,481,TimeRole,4.616230010986328
ETTh1,720,895,forecast,482,TimeRole,4.929491996765137
ETTh1,720,895,forecast,483,TimeRole,5.147679328918457
ETTh1,720,895,forecast,484,TimeRole,5.388681411743164
ETTh1,720,895,forecast,485,TimeRole,5.876308441162109
ETTh1,720,895,forecast,486,TimeRole,6.291539192199707
ETTh1,720,895,forecast,487,TimeRole,6.554828643798828
ETTh1,720,895,forecast,488,TimeRole,6.67246150970459
ETTh1,720,895,forecast,489,TimeRole,6.744560241699219
ETTh1,720,895,forecast,490,TimeRole,6.653059959411621
ETTh1,720,895,forecast,491,TimeRole,6.250232696533203
ETTh1,720,895,forecast,492,TimeRole,6.128340721130371
ETTh1,720,895,forecast,493,TimeRole,5.731625556945801
ETTh1,720,895,forecast,494,TimeRole,5.345464706420898
ETTh1,720,895,forecast,495,TimeRole,5.034581184387207
ETTh1,720,895,forecast,496,TimeRole,4.711132049560547
ETTh1,720,895,forecast,497,TimeRole,4.867673873901367
ETTh1,720,895,forecast,498,TimeRole,4.520854949951172
ETTh1,720,895,forecast,499,TimeRole,4.38779354095459
ETTh1,720,895,forecast,500,TimeRole,3.8677914142608643
ETTh1,720,895,forecast,501,TimeRole,3.4783432483673096
ETTh1,720,895,forecast,502,TimeRole,3.454752206802368
ETTh1,720,895,forecast,503,TimeRole,3.871894121170044
ETTh1,720,895,forecast,504,TimeRole,4.225820541381836
ETTh1,720,895,forecast,505,TimeRole,4.430765151977539
ETTh1,720,895,forecast,506,TimeRole,4.719167709350586
ETTh1,720,895,forecast,507,TimeRole,4.9115142822265625
ETTh1,720,895,forecast,508,TimeRole,5.234663009643555
ETTh1,720,895,forecast,509,TimeRole,5.779959678649902
ETTh1,720,895,forecast,510,TimeRole,6.398650169372559
ETTh1,720,895,forecast,511,TimeRole,6.51901912689209
ETTh1,720,895,forecast,512,TimeRole,6.664460182189941
ETTh1,720,895,forecast,513,TimeRole,6.497657775878906
ETTh1,720,895,forecast,514,TimeRole,6.356614112854004
ETTh1,720,895,forecast,515,TimeRole,6.16854190826416
ETTh1,720,895,forecast,516,TimeRole,5.855023384094238
ETTh1,720,895,forecast,517,TimeRole,5.5480804443359375
ETTh1,720,895,forecast,518,TimeRole,5.326630592346191
ETTh1,720,895,forecast,519,TimeRole,4.946669578552246
ETTh1,720,895,forecast,520,TimeRole,4.696296691894531
ETTh1,720,895,forecast,521,TimeRole,4.423867225646973
ETTh1,720,895,forecast,522,TimeRole,4.388253211975098
ETTh1,720,895,forecast,523,TimeRole,4.3434553146362305
ETTh1,720,895,forecast,524,TimeRole,3.929762125015259
ETTh1,720,895,forecast,525,TimeRole,3.7987711429595947
ETTh1,720,895,forecast,526,TimeRole,3.872244119644165
ETTh1,720,895,forecast,527,TimeRole,4.198644638061523
ETTh1,720,895,forecast,528,TimeRole,4.405094146728516
ETTh1,720,895,forecast,529,TimeRole,4.394609451293945
ETTh1,720,895,forecast,530,TimeRole,4.580330848693848
ETTh1,720,895,forecast,531,TimeRole,4.960628509521484
ETTh1,720,895,forecast,532,TimeRole,5.113738059997559
ETTh1,720,895,forecast,533,TimeRole,5.673114776611328
ETTh1,720,895,forecast,534,TimeRole,6.113966941833496
ETTh1,720,895,forecast,535,TimeRole,6.465167045593262
ETTh1,720,895,forecast,536,TimeRole,6.338716506958008
ETTh1,720,895,forecast,537,TimeRole,6.221441268920898
ETTh1,720,895,forecast,538,TimeRole,6.272727012634277
ETTh1,720,895,forecast,539,TimeRole,5.915739059448242
ETTh1,720,895,forecast,540,TimeRole,5.872617721557617
ETTh1,720,895,forecast,541,TimeRole,5.393948554992676
ETTh1,720,895,forecast,542,TimeRole,5.086967468261719
ETTh1,720,895,forecast,543,TimeRole,4.722373008728027
ETTh1,720,895,forecast,544,TimeRole,4.663510322570801
ETTh1,720,895,forecast,545,TimeRole,4.456332206726074
ETTh1,720,895,forecast,546,TimeRole,4.264461517333984
ETTh1,720,895,forecast,547,TimeRole,4.313938140869141
ETTh1,720,895,forecast,548,TimeRole,4.102972030639648
ETTh1,720,895,forecast,549,TimeRole,3.9580442905426025
ETTh1,720,895,forecast,550,TimeRole,3.8358356952667236
ETTh1,720,895,forecast,551,TimeRole,4.036376953125
ETTh1,720,895,forecast,552,TimeRole,4.147719383239746
ETTh1,720,895,forecast,553,TimeRole,4.507933616638184
ETTh1,720,895,forecast,554,TimeRole,4.703383445739746
ETTh1,720,895,forecast,555,TimeRole,4.820561408996582
ETTh1,720,895,forecast,556,TimeRole,5.083416938781738
ETTh1,720,895,forecast,557,TimeRole,5.7563581466674805
ETTh1,720,895,forecast,558,TimeRole,6.29389762878418
ETTh1,720,895,forecast,559,TimeRole,6.454628944396973
ETTh1,720,895,forecast,560,TimeRole,6.442183494567871
ETTh1,720,895,forecast,561,TimeRole,6.461833953857422
ETTh1,720,895,forecast,562,TimeRole,6.582535743713379
ETTh1,720,895,forecast,563,TimeRole,5.9922332763671875
ETTh1,720,895,forecast,564,TimeRole,5.763909339904785
ETTh1,720,895,forecast,565,TimeRole,5.596961975097656
ETTh1,720,895,forecast,566,TimeRole,5.302569389343262
ETTh1,720,895,forecast,567,TimeRole,4.873468399047852
ETTh1,720,895,forecast,568,TimeRole,4.638384819030762
ETTh1,720,895,forecast,569,TimeRole,4.614319801330566
ETTh1,720,895,forecast,570,TimeRole,4.295748710632324
ETTh1,720,895,forecast,571,TimeRole,4.391712188720703
ETTh1,720,895,forecast,572,TimeRole,4.066862106323242
ETTh1,720,895,forecast,573,TimeRole,3.7301723957061768
ETTh1,720,895,forecast,574,TimeRole,3.6925175189971924
ETTh1,720,895,forecast,575,TimeRole,3.9183037281036377
ETTh1,720,895,forecast,576,TimeRole,4.266850471496582
ETTh1,720,895,forecast,577,TimeRole,4.730584144592285
ETTh1,720,895,forecast,578,TimeRole,4.833436965942383
ETTh1,720,895,forecast,579,TimeRole,5.054736137390137
ETTh1,720,895,forecast,580,TimeRole,5.303178787231445
ETTh1,720,895,forecast,581,TimeRole,5.932804107666016
ETTh1,720,895,forecast,582,TimeRole,6.450106620788574
ETTh1,720,895,forecast,583,TimeRole,6.515857696533203
ETTh1,720,895,forecast,584,TimeRole,6.536007881164551
ETTh1,720,895,forecast,585,TimeRole,6.530938148498535
ETTh1,720,895,forecast,586,TimeRole,6.386730194091797
ETTh1,720,895,forecast,587,TimeRole,6.081899642944336
ETTh1,720,895,forecast,588,TimeRole,5.735361099243164
ETTh1,720,895,forecast,589,TimeRole,5.401575088500977
ETTh1,720,895,forecast,590,TimeRole,5.053652763366699
ETTh1,720,895,forecast,591,TimeRole,4.702226638793945
ETTh1,720,895,forecast,592,TimeRole,4.483019828796387
ETTh1,720,895,forecast,593,TimeRole,4.521773338317871
ETTh1,720,895,forecast,594,TimeRole,4.3184356689453125
ETTh1,720,895,forecast,595,TimeRole,4.152052879333496
ETTh1,720,895,forecast,596,TimeRole,3.8711578845977783
ETTh1,720,895,forecast,597,TimeRole,3.584678888320923
ETTh1,720,895,forecast,598,TimeRole,3.4657576084136963
ETTh1,720,895,forecast,599,TimeRole,3.9322359561920166
ETTh1,720,895,forecast,600,TimeRole,3.868556261062622
ETTh1,720,895,forecast,601,TimeRole,4.410831451416016
ETTh1,720,895,forecast,602,TimeRole,4.736453056335449
ETTh1,720,895,forecast,603,TimeRole,4.8720703125
ETTh1,720,895,forecast,604,TimeRole,5.176196098327637
ETTh1,720,895,forecast,605,TimeRole,5.73544979095459
ETTh1,720,895,forecast,606,TimeRole,6.023125648498535
ETTh1,720,895,forecast,607,TimeRole,6.156160354614258
ETTh1,720,895,forecast,608,TimeRole,6.154254913330078
ETTh1,720,895,forecast,609,TimeRole,6.186383247375488
ETTh1,720,895,forecast,610,TimeRole,5.87113094329834
ETTh1,720,895,forecast,611,TimeRole,5.729084014892578
ETTh1,720,895,forecast,612,TimeRole,5.561642646789551
ETTh1,720,895,forecast,613,TimeRole,5.279501914978027
ETTh1,720,895,forecast,614,TimeRole,5.093742370605469
ETTh1,720,895,forecast,615,TimeRole,4.581639289855957
ETTh1,720,895,forecast,616,TimeRole,4.417420387268066
ETTh1,720,895,forecast,617,TimeRole,4.246822357177734
ETTh1,720,895,forecast,618,TimeRole,4.032354354858398
ETTh1,720,895,forecast,619,TimeRole,4.090777397155762
ETTh1,720,895,forecast,620,TimeRole,3.5894224643707275
ETTh1,720,895,forecast,621,TimeRole,3.1558191776275635
ETTh1,720,895,forecast,622,TimeRole,3.326570749282837
ETTh1,720,895,forecast,623,TimeRole,3.5905144214630127
ETTh1,720,895,forecast,624,TimeRole,3.9777863025665283
ETTh1,720,895,forecast,625,TimeRole,4.299929618835449
ETTh1,720,895,forecast,626,TimeRole,4.477010726928711
ETTh1,720,895,forecast,627,TimeRole,4.753083229064941
ETTh1,720,895,forecast,628,TimeRole,4.847217559814453
ETTh1,720,895,forecast,629,TimeRole,5.225580215454102
ETTh1,720,895,forecast,630,TimeRole,5.65195369720459
ETTh1,720,895,forecast,631,TimeRole,5.862698554992676
ETTh1,720,895,forecast,632,TimeRole,5.803957939147949
ETTh1,720,895,forecast,633,TimeRole,5.76146125793457
ETTh1,720,895,forecast,634,TimeRole,5.666660308837891
ETTh1,720,895,forecast,635,TimeRole,5.464957237243652
ETTh1,720,895,forecast,636,TimeRole,5.214110374450684
ETTh1,720,895,forecast,637,TimeRole,5.178186416625977
ETTh1,720,895,forecast,638,TimeRole,4.95872688293457
ETTh1,720,895,forecast,639,TimeRole,4.684039115905762
ETTh1,720,895,forecast,640,TimeRole,4.367649078369141
ETTh1,720,895,forecast,641,TimeRole,4.150803565979004
ETTh1,720,895,forecast,642,TimeRole,3.9676849842071533
ETTh1,720,895,forecast,643,TimeRole,3.9621593952178955
ETTh1,720,895,forecast,644,TimeRole,3.7843058109283447
ETTh1,720,895,forecast,645,TimeRole,3.240323305130005
ETTh1,720,895,forecast,646,TimeRole,3.3911192417144775
ETTh1,720,895,forecast,647,TimeRole,3.7710039615631104
ETTh1,720,895,forecast,648,TimeRole,3.96464467048645
ETTh1,720,895,forecast,649,TimeRole,4.215755462646484
ETTh1,720,895,forecast,650,TimeRole,4.492828369140625
ETTh1,720,895,forecast,651,TimeRole,4.763507843017578
ETTh1,720,895,forecast,652,TimeRole,4.932771682739258
ETTh1,720,895,forecast,653,TimeRole,5.358821868896484
ETTh1,720,895,forecast,654,TimeRole,5.8542375564575195
ETTh1,720,895,forecast,655,TimeRole,6.181524276733398
ETTh1,720,895,forecast,656,TimeRole,6.3597002029418945
ETTh1,720,895,forecast,657,TimeRole,6.265380859375
ETTh1,720,895,forecast,658,TimeRole,6.3391571044921875
ETTh1,720,895,forecast,659,TimeRole,6.133130073547363
ETTh1,720,895,forecast,660,TimeRole,6.097877502441406
ETTh1,720,895,forecast,661,TimeRole,5.594501495361328
ETTh1,720,895,forecast,662,TimeRole,5.47052001953125
ETTh1,720,895,forecast,663,TimeRole,4.959339141845703
ETTh1,720,895,forecast,664,TimeRole,4.8936967849731445
ETTh1,720,895,forecast,665,TimeRole,4.58879280090332
ETTh1,720,895,forecast,666,TimeRole,4.428884506225586
ETTh1,720,895,forecast,667,TimeRole,4.088411331176758
ETTh1,720,895,forecast,668,TimeRole,3.9296534061431885
ETTh1,720,895,forecast,669,TimeRole,3.581829309463501
ETTh1,720,895,forecast,670,TimeRole,3.5185225009918213
ETTh1,720,895,forecast,671,TimeRole,4.15090274810791
ETTh1,720,895,forecast,672,TimeRole,4.319252014160156
ETTh1,720,895,forecast,673,TimeRole,4.667880058288574
ETTh1,720,895,forecast,674,TimeRole,4.971874237060547
ETTh1,720,895,forecast,675,TimeRole,5.353514671325684
ETTh1,720,895,forecast,676,TimeRole,5.732264518737793
ETTh1,720,895,forecast,677,TimeRole,6.262178421020508
ETTh1,720,895,forecast,678,TimeRole,6.667088508605957
ETTh1,720,895,forecast,679,TimeRole,6.866144180297852
ETTh1,720,895,forecast,680,TimeRole,6.8760786056518555
ETTh1,720,895,forecast,681,TimeRole,6.954726219177246
ETTh1,720,895,forecast,682,TimeRole,6.778377532958984
ETTh1,720,895,forecast,683,TimeRole,6.22214412689209
ETTh1,720,895,forecast,684,TimeRole,5.93015193939209
ETTh1,720,895,forecast,685,TimeRole,5.486627578735352
ETTh1,720,895,forecast,686,TimeRole,5.282938003540039
ETTh1,720,895,forecast,687,TimeRole,4.908567428588867
ETTh1,720,895,forecast,688,TimeRole,4.265077590942383
ETTh1,720,895,forecast,689,TimeRole,4.101794242858887
ETTh1,720,895,forecast,690,TimeRole,3.903397798538208
ETTh1,720,895,forecast,691,TimeRole,3.96435284614563
ETTh1,720,895,forecast,692,TimeRole,3.8144962787628174
ETTh1,720,895,forecast,693,TimeRole,3.682023286819458
ETTh1,720,895,forecast,694,TimeRole,3.691657304763794
ETTh1,720,895,forecast,695,TimeRole,4.18026065826416
ETTh1,720,895,forecast,696,TimeRole,4.324865341186523
ETTh1,720,895,forecast,697,TimeRole,4.5608062744140625
ETTh1,720,895,forecast,698,TimeRole,4.762170791625977
ETTh1,720,895,forecast,699,TimeRole,4.88309383392334
ETTh1,720,895,forecast,700,TimeRole,5.264015197753906
ETTh1,720,895,forecast,701,TimeRole,5.786602973937988
ETTh1,720,895,forecast,702,TimeRole,5.988525390625
ETTh1,720,895,forecast,703,TimeRole,6.4465532302856445
ETTh1,720,895,forecast,704,TimeRole,6.292813301086426
ETTh1,720,895,forecast,705,TimeRole,6.497211456298828
ETTh1,720,895,forecast,706,TimeRole,6.290373802185059
ETTh1,720,895,forecast,707,TimeRole,5.965089797973633
ETTh1,720,895,forecast,708,TimeRole,5.810757637023926
ETTh1,720,895,forecast,709,TimeRole,5.654332160949707
ETTh1,720,895,forecast,710,TimeRole,5.39537239074707
ETTh1,720,895,forecast,711,TimeRole,4.890832901000977
ETTh1,720,895,forecast,712,TimeRole,4.72676944732666
ETTh1,720,895,forecast,713,TimeRole,4.432609558105469
ETTh1,720,895,forecast,714,TimeRole,4.28837776184082
ETTh1,720,895,forecast,715,TimeRole,4.08555793762207
ETTh1,720,895,forecast,716,TimeRole,3.871365785598755
ETTh1,720,895,forecast,717,TimeRole,3.564493417739868
ETTh1,720,895,forecast,718,TimeRole,3.9280760288238525
ETTh1,720,895,forecast,719,TimeRole,4.094801902770996
ETTh1,720,895,forecast,0,DLinear,4.026612281799316
ETTh1,720,895,forecast,1,DLinear,3.932225465774536
ETTh1,720,895,forecast,2,DLinear,4.507944107055664
ETTh1,720,895,forecast,3,DLinear,4.792458534240723
ETTh1,720,895,forecast,4,DLinear,4.829573631286621
ETTh1,720,895,forecast,5,DLinear,5.178184509277344
ETTh1,720,895,forecast,6,DLinear,5.56483268737793
ETTh1,720,895,forecast,7,DLinear,7.287657737731934
ETTh1,720,895,forecast,8,DLinear,6.884636878967285
ETTh1,720,895,forecast,9,DLinear,7.04852294921875
ETTh1,720,895,forecast,10,DLinear,6.763708114624023
ETTh1,720,895,forecast,11,DLinear,6.553349494934082
ETTh1,720,895,forecast,12,DLinear,6.12419319152832
ETTh1,720,895,forecast,13,DLinear,6.140495300292969
ETTh1,720,895,forecast,14,DLinear,5.915760040283203
ETTh1,720,895,forecast,15,DLinear,5.685848236083984
ETTh1,720,895,forecast,16,DLinear,5.732000350952148
ETTh1,720,895,forecast,17,DLinear,6.156606674194336
ETTh1,720,895,forecast,18,DLinear,5.992104530334473
ETTh1,720,895,forecast,19,DLinear,6.073348045349121
ETTh1,720,895,forecast,20,DLinear,5.525483131408691
ETTh1,720,895,forecast,21,DLinear,5.348639488220215
ETTh1,720,895,forecast,22,DLinear,5.432032585144043
ETTh1,720,895,forecast,23,DLinear,5.070248603820801
ETTh1,720,895,forecast,24,DLinear,4.9838457107543945
ETTh1,720,895,forecast,25,DLinear,5.316336631774902
ETTh1,720,895,forecast,26,DLinear,5.462336540222168
ETTh1,720,895,forecast,27,DLinear,5.707550048828125
ETTh1,720,895,forecast,28,DLinear,5.538204193115234
ETTh1,720,895,forecast,29,DLinear,6.385400772094727
ETTh1,720,895,forecast,30,DLinear,6.611319541931152
ETTh1,720,895,forecast,31,DLinear,6.91220760345459
ETTh1,720,895,forecast,32,DLinear,6.966666221618652
ETTh1,720,895,forecast,33,DLinear,7.096286773681641
ETTh1,720,895,forecast,34,DLinear,7.078887939453125
ETTh1,720,895,forecast,35,DLinear,6.876778602600098
ETTh1,720,895,forecast,36,DLinear,6.598844528198242
ETTh1,720,895,forecast,37,DLinear,6.330971717834473
ETTh1,720,895,forecast,38,DLinear,6.168975830078125
ETTh1,720,895,forecast,39,DLinear,6.119466781616211
ETTh1,720,895,forecast,40,DLinear,6.030060768127441
ETTh1,720,895,forecast,41,DLinear,5.970197677612305
ETTh1,720,895,forecast,42,DLinear,5.977449417114258
ETTh1,720,895,forecast,43,DLinear,6.0132246017456055
ETTh1,720,895,forecast,44,DLinear,5.689286231994629
ETTh1,720,895,forecast,45,DLinear,5.718425750732422
ETTh1,720,895,forecast,46,DLinear,5.677471160888672
ETTh1,720,895,forecast,47,DLinear,5.460847854614258
ETTh1,720,895,forecast,48,DLinear,5.318286895751953
ETTh1,720,895,forecast,49,DLinear,5.976959228515625
ETTh1,720,895,forecast,50,DLinear,6.252528190612793
ETTh1,720,895,forecast,51,DLinear,6.397987365722656
ETTh1,720,895,forecast,52,DLinear,6.914508819580078
ETTh1,720,895,forecast,53,DLinear,7.210263252258301
ETTh1,720,895,forecast,54,DLinear,7.303256034851074
ETTh1,720,895,forecast,55,DLinear,7.948718070983887
ETTh1,720,895,forecast,56,DLinear,7.928190231323242
ETTh1,720,895,forecast,57,DLinear,7.973607063293457
ETTh1,720,895,forecast,58,DLinear,8.331684112548828
ETTh1,720,895,forecast,59,DLinear,7.604662895202637
ETTh1,720,895,forecast,60,DLinear,7.425856590270996
ETTh1,720,895,forecast,61,DLinear,7.188763618469238
ETTh1,720,895,forecast,62,DLinear,7.242984771728516
ETTh1,720,895,forecast,63,DLinear,6.298022270202637
ETTh1,720,895,forecast,64,DLinear,6.910723686218262
ETTh1,720,895,forecast,65,DLinear,6.8773345947265625
ETTh1,720,895,forecast,66,DLinear,6.810624122619629
ETTh1,720,895,forecast,67,DLinear,6.662680625915527
ETTh1,720,895,forecast,68,DLinear,6.368799209594727
ETTh1,720,895,forecast,69,DLinear,6.785192489624023
ETTh1,720,895,forecast,70,DLinear,6.776616096496582
ETTh1,720,895,forecast,71,DLinear,6.057861328125
ETTh1,720,895,forecast,72,DLinear,6.56381893157959
ETTh1,720,895,forecast,73,DLinear,6.430426597595215
ETTh1,720,895,forecast,74,DLinear,6.031773567199707
ETTh1,720,895,forecast,75,DLinear,6.665989875793457
ETTh1,720,895,forecast,76,DLinear,6.943063735961914
ETTh1,720,895,forecast,77,DLinear,7.111224174499512
ETTh1,720,895,forecast,78,DLinear,7.6162004470825195
ETTh1,720,895,forecast,79,DLinear,7.860064506530762
ETTh1,720,895,forecast,80,DLinear,8.075663566589355
ETTh1,720,895,forecast,81,DLinear,8.097895622253418
ETTh1,720,895,forecast,82,DLinear,8.314462661743164
ETTh1,720,895,forecast,83,DLinear,7.513932228088379
ETTh1,720,895,forecast,84,DLinear,7.400233268737793
ETTh1,720,895,forecast,85,DLinear,7.232709884643555
ETTh1,720,895,forecast,86,DLinear,6.837297439575195
ETTh1,720,895,forecast,87,DLinear,6.846216201782227
ETTh1,720,895,forecast,88,DLinear,7.083045959472656
ETTh1,720,895,forecast,89,DLinear,6.715682029724121
ETTh1,720,895,forecast,90,DLinear,6.497797012329102
ETTh1,720,895,forecast,91,DLinear,6.259552955627441
ETTh1,720,895,forecast,92,DLinear,7.066505432128906
ETTh1,720,895,forecast,93,DLinear,6.621502876281738
ETTh1,720,895,forecast,94,DLinear,6.1597795486450195
ETTh1,720,895,forecast,95,DLinear,6.371608734130859
ETTh1,720,895,forecast,96,DLinear,6.383013725280762
ETTh1,720,895,forecast,97,DLinear,6.541688919067383
ETTh1,720,895,forecast,98,DLinear,6.169101715087891
ETTh1,720,895,forecast,99,DLinear,6.261155128479004
ETTh1,720,895,forecast,100,DLinear,7.277817726135254
ETTh1,720,895,forecast,101,DLinear,8.496387481689453
ETTh1,720,895,forecast,102,DLinear,7.968235015869141
ETTh1,720,895,forecast,103,DLinear,8.677448272705078
ETTh1,720,895,forecast,104,DLinear,8.333434104919434
ETTh1,720,895,forecast,105,DLinear,8.316927909851074
ETTh1,720,895,forecast,106,DLinear,8.273676872253418
ETTh1,720,895,forecast,107,DLinear,8.832836151123047
ETTh1,720,895,forecast,108,DLinear,7.587581634521484
ETTh1,720,895,forecast,109,DLinear,7.58344841003418
ETTh1,720,895,forecast,110,DLinear,7.454214096069336
ETTh1,720,895,forecast,111,DLinear,7.501946449279785
ETTh1,720,895,forecast,112,DLinear,7.431441307067871
ETTh1,720,895,forecast,113,DLinear,7.623418807983398
ETTh1,720,895,forecast,114,DLinear,6.738231658935547
ETTh1,720,895,forecast,115,DLinear,7.502986907958984
ETTh1,720,895,forecast,116,DLinear,6.370657920837402
ETTh1,720,895,forecast,117,DLinear,7.001476287841797
ETTh1,720,895,forecast,118,DLinear,6.755236625671387
ETTh1,720,895,forecast,119,DLinear,6.704676628112793
ETTh1,720,895,forecast,120,DLinear,6.638395309448242
ETTh1,720,895,forecast,121,DLinear,7.080547332763672
ETTh1,720,895,forecast,122,DLinear,7.319339752197266
ETTh1,720,895,forecast,123,DLinear,7.630698204040527
ETTh1,720,895,forecast,124,DLinear,7.237859725952148
ETTh1,720,895,forecast,125,DLinear,7.846344947814941
ETTh1,720,895,forecast,126,DLinear,8.288633346557617
ETTh1,720,895,forecast,127,DLinear,8.647842407226562
ETTh1,720,895,forecast,128,DLinear,8.377545356750488
ETTh1,720,895,forecast,129,DLinear,8.305113792419434
ETTh1,720,895,forecast,130,DLinear,8.616904258728027
ETTh1,720,895,forecast,131,DLinear,8.310768127441406
ETTh1,720,895,forecast,132,DLinear,8.125431060791016
ETTh1,720,895,forecast,133,DLinear,7.604426383972168
ETTh1,720,895,forecast,134,DLinear,7.696436882019043
ETTh1,720,895,forecast,135,DLinear,7.633861541748047
ETTh1,720,895,forecast,136,DLinear,7.657194137573242
ETTh1,720,895,forecast,137,DLinear,7.502405166625977
ETTh1,720,895,forecast,138,DLinear,7.23001766204834
ETTh1,720,895,forecast,139,DLinear,7.364908218383789
ETTh1,720,895,forecast,140,DLinear,8.005792617797852
ETTh1,720,895,forecast,141,DLinear,6.917418479919434
ETTh1,720,895,forecast,142,DLinear,6.861615180969238
ETTh1,720,895,forecast,143,DLinear,7.053491592407227
ETTh1,720,895,forecast,144,DLinear,6.6834211349487305
ETTh1,720,895,forecast,145,DLinear,6.882742881774902
ETTh1,720,895,forecast,146,DLinear,7.040987968444824
ETTh1,720,895,forecast,147,DLinear,7.382343292236328
ETTh1,720,895,forecast,148,DLinear,7.541698455810547
ETTh1,720,895,forecast,149,DLinear,8.061359405517578
ETTh1,720,895,forecast,150,DLinear,7.998120307922363
ETTh1,720,895,forecast,151,DLinear,7.974303245544434
ETTh1,720,895,forecast,152,DLinear,8.364384651184082
ETTh1,720,895,forecast,153,DLinear,8.536381721496582
ETTh1,720,895,forecast,154,DLinear,7.978509902954102
ETTh1,720,895,forecast,155,DLinear,7.988519668579102
ETTh1,720,895,forecast,156,DLinear,8.211088180541992
ETTh1,720,895,forecast,157,DLinear,7.7622175216674805
ETTh1,720,895,forecast,158,DLinear,7.463013648986816
ETTh1,720,895,forecast,159,DLinear,8.118423461914062
ETTh1,720,895,forecast,160,DLinear,7.426877021789551
ETTh1,720,895,forecast,161,DLinear,7.552613258361816
ETTh1,720,895,forecast,162,DLinear,7.242042541503906
ETTh1,720,895,forecast,163,DLinear,7.148318290710449
ETTh1,720,895,forecast,164,DLinear,7.100614547729492
ETTh1,720,895,forecast,165,DLinear,6.793003082275391
ETTh1,720,895,forecast,166,DLinear,7.054729461669922
ETTh1,720,895,forecast,167,DLinear,6.758289337158203
ETTh1,720,895,forecast,168,DLinear,6.871983528137207
ETTh1,720,895,forecast,169,DLinear,7.605510711669922
ETTh1,720,895,forecast,170,DLinear,7.064363479614258
ETTh1,720,895,forecast,171,DLinear,7.779305458068848
ETTh1,720,895,forecast,172,DLinear,7.733399391174316
ETTh1,720,895,forecast,173,DLinear,8.09133529663086
ETTh1,720,895,forecast,174,DLinear,8.823308944702148
ETTh1,720,895,forecast,175,DLinear,8.41852855682373
ETTh1,720,895,forecast,176,DLinear,9.228076934814453
ETTh1,720,895,forecast,177,DLinear,8.966682434082031
ETTh1,720,895,forecast,178,DLinear,9.12402629852295
ETTh1,720,895,forecast,179,DLinear,8.844999313354492
ETTh1,720,895,forecast,180,DLinear,8.32308292388916
ETTh1,720,895,forecast,181,DLinear,8.100625991821289
ETTh1,720,895,forecast,182,DLinear,7.947418212890625
ETTh1,720,895,forecast,183,DLinear,7.811836242675781
ETTh1,720,895,forecast,184,DLinear,7.769560813903809
ETTh1,720,895,forecast,185,DLinear,8.486639976501465
ETTh1,720,895,forecast,186,DLinear,7.815176010131836
ETTh1,720,895,forecast,187,DLinear,7.511344909667969
ETTh1,720,895,forecast,188,DLinear,7.651159286499023
ETTh1,720,895,forecast,189,DLinear,7.152585029602051
ETTh1,720,895,forecast,190,DLinear,7.097284317016602
ETTh1,720,895,forecast,191,DLinear,6.960288047790527
ETTh1,720,895,forecast,192,DLinear,7.309453010559082
ETTh1,720,895,forecast,193,DLinear,7.227367401123047
ETTh1,720,895,forecast,194,DLinear,7.694607734680176
ETTh1,720,895,forecast,195,DLinear,7.705000877380371
ETTh1,720,895,forecast,196,DLinear,8.393320083618164
ETTh1,720,895,forecast,197,DLinear,8.438608169555664
ETTh1,720,895,forecast,198,DLinear,8.679129600524902
ETTh1,720,895,forecast,199,DLinear,9.007465362548828
ETTh1,720,895,forecast,200,DLinear,9.108168601989746
ETTh1,720,895,forecast,201,DLinear,9.167876243591309
ETTh1,720,895,forecast,202,DLinear,8.98546028137207
ETTh1,720,895,forecast,203,DLinear,8.932456016540527
ETTh1,720,895,forecast,204,DLinear,8.558287620544434
ETTh1,720,895,forecast,205,DLinear,8.326241493225098
ETTh1,720,895,forecast,206,DLinear,8.027548789978027
ETTh1,720,895,forecast,207,DLinear,7.795375823974609
ETTh1,720,895,forecast,208,DLinear,7.840710639953613
ETTh1,720,895,forecast,209,DLinear,7.536169052124023
ETTh1,720,895,forecast,210,DLinear,7.766424179077148
ETTh1,720,895,forecast,211,DLinear,7.650153160095215
ETTh1,720,895,forecast,212,DLinear,7.516872406005859
ETTh1,720,895,forecast,213,DLinear,7.221096992492676
ETTh1,720,895,forecast,214,DLinear,7.050914764404297
ETTh1,720,895,forecast,215,DLinear,7.180373191833496
ETTh1,720,895,forecast,216,DLinear,7.200173377990723
ETTh1,720,895,forecast,217,DLinear,7.354204177856445
ETTh1,720,895,forecast,218,DLinear,7.6660566329956055
ETTh1,720,895,forecast,219,DLinear,7.7627058029174805
ETTh1,720,895,forecast,220,DLinear,7.783992767333984
ETTh1,720,895,forecast,221,DLinear,8.384337425231934
ETTh1,720,895,forecast,222,DLinear,8.61888599395752
ETTh1,720,895,forecast,223,DLinear,8.88752555847168
ETTh1,720,895,forecast,224,DLinear,9.03702449798584
ETTh1,720,895,forecast,225,DLinear,8.95732593536377
ETTh1,720,895,forecast,226,DLinear,8.737946510314941
ETTh1,720,895,forecast,227,DLinear,8.655956268310547
ETTh1,720,895,forecast,228,DLinear,8.274250030517578
ETTh1,720,895,forecast,229,DLinear,8.167230606079102
ETTh1,720,895,forecast,230,DLinear,8.017621994018555
ETTh1,720,895,forecast,231,DLinear,7.895634651184082
ETTh1,720,895,forecast,232,DLinear,7.611649513244629
ETTh1,720,895,forecast,233,DLinear,8.317761421203613
ETTh1,720,895,forecast,234,DLinear,7.961380958557129
ETTh1,720,895,forecast,235,DLinear,7.718593597412109
ETTh1,720,895,forecast,236,DLinear,7.253320693969727
ETTh1,720,895,forecast,237,DLinear,8.162385940551758
ETTh1,720,895,forecast,238,DLinear,7.439099311828613
ETTh1,720,895,forecast,239,DLinear,7.271251678466797
ETTh1,720,895,forecast,240,DLinear,7.359135627746582
ETTh1,720,895,forecast,241,DLinear,7.292211532592773
ETTh1,720,895,forecast,242,DLinear,7.714849472045898
ETTh1,720,895,forecast,243,DLinear,7.7543487548828125
ETTh1,720,895,forecast,244,DLinear,8.186678886413574
ETTh1,720,895,forecast,245,DLinear,8.450488090515137
ETTh1,720,895,forecast,246,DLinear,8.828805923461914
ETTh1,720,895,forecast,247,DLinear,8.959517478942871
ETTh1,720,895,forecast,248,DLinear,8.654611587524414
ETTh1,720,895,forecast,249,DLinear,9.126673698425293
ETTh1,720,895,forecast,250,DLinear,9.128610610961914
ETTh1,720,895,forecast,251,DLinear,9.440770149230957
ETTh1,720,895,forecast,252,DLinear,9.441055297851562
ETTh1,720,895,forecast,253,DLinear,9.375044822692871
ETTh1,720,895,forecast,254,DLinear,8.56881046295166
ETTh1,720,895,forecast,255,DLinear,8.196893692016602
ETTh1,720,895,forecast,256,DLinear,8.158811569213867
ETTh1,720,895,forecast,257,DLinear,7.791358947753906
ETTh1,720,895,forecast,258,DLinear,8.131322860717773
ETTh1,720,895,forecast,259,DLinear,8.584949493408203
ETTh1,720,895,forecast,260,DLinear,7.787725448608398
ETTh1,720,895,forecast,261,DLinear,7.630314826965332
ETTh1,720,895,forecast,262,DLinear,7.538478851318359
ETTh1,720,895,forecast,263,DLinear,7.590653419494629
ETTh1,720,895,forecast,264,DLinear,7.622237205505371
ETTh1,720,895,forecast,265,DLinear,7.38761043548584
ETTh1,720,895,forecast,266,DLinear,7.1688642501831055
ETTh1,720,895,forecast,267,DLinear,8.233410835266113
ETTh1,720,895,forecast,268,DLinear,8.343141555786133
ETTh1,720,895,forecast,269,DLinear,8.48648452758789
ETTh1,720,895,forecast,270,DLinear,8.971903800964355
ETTh1,720,895,forecast,271,DLinear,9.189892768859863
ETTh1,720,895,forecast,272,DLinear,9.318333625793457
ETTh1,720,895,forecast,273,DLinear,9.299168586730957
ETTh1,720,895,forecast,274,DLinear,9.147507667541504
ETTh1,720,895,forecast,275,DLinear,8.90432357788086
ETTh1,720,895,forecast,276,DLinear,8.49209213256836
ETTh1,720,895,forecast,277,DLinear,8.3734130859375
ETTh1,720,895,forecast,278,DLinear,8.289206504821777
ETTh1,720,895,forecast,279,DLinear,8.548129081726074
ETTh1,720,895,forecast,280,DLinear,8.114872932434082
ETTh1,720,895,forecast,281,DLinear,8.419567108154297
ETTh1,720,895,forecast,282,DLinear,7.843386650085449
ETTh1,720,895,forecast,283,DLinear,7.885533332824707
ETTh1,720,895,forecast,284,DLinear,7.581119537353516
ETTh1,720,895,forecast,285,DLinear,7.70936393737793
ETTh1,720,895,forecast,286,DLinear,7.455843925476074
ETTh1,720,895,forecast,287,DLinear,7.805300712585449
ETTh1,720,895,forecast,288,DLinear,8.297628402709961
ETTh1,720,895,forecast,289,DLinear,7.34971809387207
ETTh1,720,895,forecast,290,DLinear,7.698312759399414
ETTh1,720,895,forecast,291,DLinear,7.939434051513672
ETTh1,720,895,forecast,292,DLinear,8.367936134338379
ETTh1,720,895,forecast,293,DLinear,8.804268836975098
ETTh1,720,895,forecast,294,DLinear,8.864758491516113
ETTh1,720,895,forecast,295,DLinear,9.265938758850098
ETTh1,720,895,forecast,296,DLinear,9.268342971801758
ETTh1,720,895,forecast,297,DLinear,9.21524429321289
ETTh1,720,895,forecast,298,DLinear,9.088489532470703
ETTh1,720,895,forecast,299,DLinear,9.12580680847168
ETTh1,720,895,forecast,300,DLinear,8.594219207763672
ETTh1,720,895,forecast,301,DLinear,8.429375648498535
ETTh1,720,895,forecast,302,DLinear,8.53167724609375
ETTh1,720,895,forecast,303,DLinear,8.076382637023926
ETTh1,720,895,forecast,304,DLinear,8.04781436920166
ETTh1,720,895,forecast,305,DLinear,8.154924392700195
ETTh1,720,895,forecast,306,DLinear,8.270329475402832
ETTh1,720,895,forecast,307,DLinear,8.181682586669922
ETTh1,720,895,forecast,308,DLinear,8.196548461914062
ETTh1,720,895,forecast,309,DLinear,7.50517463684082
ETTh1,720,895,forecast,310,DLinear,7.578374862670898
ETTh1,720,895,forecast,311,DLinear,7.311068534851074
ETTh1,720,895,forecast,312,DLinear,7.631287574768066
ETTh1,720,895,forecast,313,DLinear,7.591251373291016
ETTh1,720,895,forecast,314,DLinear,7.83003044128418
ETTh1,720,895,forecast,315,DLinear,8.098113059997559
ETTh1,720,895,forecast,316,DLinear,8.021920204162598
ETTh1,720,895,forecast,317,DLinear,8.70277214050293
ETTh1,720,895,forecast,318,DLinear,9.023706436157227
ETTh1,720,895,forecast,319,DLinear,9.060466766357422
ETTh1,720,895,forecast,320,DLinear,9.276901245117188
ETTh1,720,895,forecast,321,DLinear,9.369525909423828
ETTh1,720,895,forecast,322,DLinear,9.363430976867676
ETTh1,720,895,forecast,323,DLinear,9.809094429016113
ETTh1,720,895,forecast,324,DLinear,9.16047477722168
ETTh1,720,895,forecast,325,DLinear,8.932415962219238
ETTh1,720,895,forecast,326,DLinear,8.589797019958496
ETTh1,720,895,forecast,327,DLinear,8.695889472961426
ETTh1,720,895,forecast,328,DLinear,8.41029167175293
ETTh1,720,895,forecast,329,DLinear,8.277384757995605
ETTh1,720,895,forecast,330,DLinear,8.270812034606934
ETTh1,720,895,forecast,331,DLinear,8.169780731201172
ETTh1,720,895,forecast,332,DLinear,8.55280876159668
ETTh1,720,895,forecast,333,DLinear,7.9887895584106445
ETTh1,720,895,forecast,334,DLinear,7.662449836730957
ETTh1,720,895,forecast,335,DLinear,7.727534294128418
ETTh1,720,895,forecast,336,DLinear,7.797238349914551
ETTh1,720,895,forecast,337,DLinear,8.436735153198242
ETTh1,720,895,forecast,338,DLinear,8.335254669189453
ETTh1,720,895,forecast,339,DLinear,8.395130157470703
ETTh1,720,895,forecast,340,DLinear,8.59259033203125
ETTh1,720,895,forecast,341,DLinear,9.44721508026123
ETTh1,720,895,forecast,342,DLinear,9.087265014648438
ETTh1,720,895,forecast,343,DLinear,9.35584545135498
ETTh1,720,895,forecast,344,DLinear,9.374216079711914
ETTh1,720,895,forecast,345,DLinear,9.462111473083496
ETTh1,720,895,forecast,346,DLinear,9.222494125366211
ETTh1,720,895,forecast,347,DLinear,9.40992546081543
ETTh1,720,895,forecast,348,DLinear,9.6810884475708
ETTh1,720,895,forecast,349,DLinear,8.664876937866211
ETTh1,720,895,forecast,350,DLinear,8.492152214050293
ETTh1,720,895,forecast,351,DLinear,8.287074089050293
ETTh1,720,895,forecast,352,DLinear,8.229161262512207
ETTh1,720,895,forecast,353,DLinear,8.14357852935791
ETTh1,720,895,forecast,354,DLinear,8.69260025024414
ETTh1,720,895,forecast,355,DLinear,8.129602432250977
ETTh1,720,895,forecast,356,DLinear,8.202795028686523
ETTh1,720,895,forecast,357,DLinear,7.8773698806762695
ETTh1,720,895,forecast,358,DLinear,7.744675636291504
ETTh1,720,895,forecast,359,DLinear,7.5661420822143555
ETTh1,720,895,forecast,360,DLinear,7.704170227050781
ETTh1,720,895,forecast,361,DLinear,7.823116302490234
ETTh1,720,895,forecast,362,DLinear,8.634866714477539
ETTh1,720,895,forecast,363,DLinear,8.334217071533203
ETTh1,720,895,forecast,364,DLinear,8.814322471618652
ETTh1,720,895,forecast,365,DLinear,8.867841720581055
ETTh1,720,895,forecast,366,DLinear,9.206905364990234
ETTh1,720,895,forecast,367,DLinear,9.435246467590332
ETTh1,720,895,forecast,368,DLinear,9.513335227966309
ETTh1,720,895,forecast,369,DLinear,9.340988159179688
ETTh1,720,895,forecast,370,DLinear,9.901091575622559
ETTh1,720,895,forecast,371,DLinear,9.38784408569336
ETTh1,720,895,forecast,372,DLinear,8.967235565185547
ETTh1,720,895,forecast,373,DLinear,8.760726928710938
ETTh1,720,895,forecast,374,DLinear,8.577866554260254
ETTh1,720,895,forecast,375,DLinear,8.471508026123047
ETTh1,720,895,forecast,376,DLinear,8.49201774597168
ETTh1,720,895,forecast,377,DLinear,8.323834419250488
ETTh1,720,895,forecast,378,DLinear,8.097575187683105
ETTh1,720,895,forecast,379,DLinear,8.575533866882324
ETTh1,720,895,forecast,380,DLinear,8.131020545959473
ETTh1,720,895,forecast,381,DLinear,8.014796257019043
ETTh1,720,895,forecast,382,DLinear,7.909397125244141
ETTh1,720,895,forecast,383,DLinear,7.833626747131348
ETTh1,720,895,forecast,384,DLinear,7.85997200012207
ETTh1,720,895,forecast,385,DLinear,7.716813087463379
ETTh1,720,895,forecast,386,DLinear,8.443317413330078
ETTh1,720,895,forecast,387,DLinear,8.328853607177734
ETTh1,720,895,forecast,388,DLinear,9.41472339630127
ETTh1,720,895,forecast,389,DLinear,9.072253227233887
ETTh1,720,895,forecast,390,DLinear,9.457540512084961
ETTh1,720,895,forecast,391,DLinear,9.603070259094238
ETTh1,720,895,forecast,392,DLinear,9.959332466125488
ETTh1,720,895,forecast,393,DLinear,9.72258186340332
ETTh1,720,895,forecast,394,DLinear,9.836769104003906
ETTh1,720,895,forecast,395,DLinear,9.429800987243652
ETTh1,720,895,forecast,396,DLinear,9.530795097351074
ETTh1,720,895,forecast,397,DLinear,8.895947456359863
ETTh1,720,895,forecast,398,DLinear,9.043266296386719
ETTh1,720,895,forecast,399,DLinear,8.797723770141602
ETTh1,720,895,forecast,400,DLinear,8.7849702835083
ETTh1,720,895,forecast,401,DLinear,8.56119155883789
ETTh1,720,895,forecast,402,DLinear,8.643882751464844
ETTh1,720,895,forecast,403,DLinear,8.251952171325684
ETTh1,720,895,forecast,404,DLinear,8.581552505493164
ETTh1,720,895,forecast,405,DLinear,8.090030670166016
ETTh1,720,895,forecast,406,DLinear,8.033712387084961
ETTh1,720,895,forecast,407,DLinear,8.151618003845215
ETTh1,720,895,forecast,408,DLinear,7.737308502197266
ETTh1,720,895,forecast,409,DLinear,8.317680358886719
ETTh1,720,895,forecast,410,DLinear,8.232913970947266
ETTh1,720,895,forecast,411,DLinear,8.283807754516602
ETTh1,720,895,forecast,412,DLinear,8.821784019470215
ETTh1,720,895,forecast,413,DLinear,9.1015043258667
ETTh1,720,895,forecast,414,DLinear,9.403549194335938
ETTh1,720,895,forecast,415,DLinear,9.855879783630371
ETTh1,720,895,forecast,416,DLinear,9.842103958129883
ETTh1,720,895,forecast,417,DLinear,9.567132949829102
ETTh1,720,895,forecast,418,DLinear,9.594322204589844
ETTh1,720,895,forecast,419,DLinear,9.70018482208252
ETTh1,720,895,forecast,420,DLinear,9.523211479187012
ETTh1,720,895,forecast,421,DLinear,9.54446029663086
ETTh1,720,895,forecast,422,DLinear,8.8802490234375
ETTh1,720,895,forecast,423,DLinear,8.676592826843262
ETTh1,720,895,forecast,424,DLinear,8.76206111907959
ETTh1,720,895,forecast,425,DLinear,9.038568496704102
ETTh1,720,895,forecast,426,DLinear,9.439875602722168
ETTh1,720,895,forecast,427,DLinear,8.665013313293457
ETTh1,720,895,forecast,428,DLinear,8.310832977294922
ETTh1,720,895,forecast,429,DLinear,8.18388843536377
ETTh1,720,895,forecast,430,DLinear,8.086721420288086
ETTh1,720,895,forecast,431,DLinear,8.548084259033203
ETTh1,720,895,forecast,432,DLinear,8.159265518188477
ETTh1,720,895,forecast,433,DLinear,8.272799491882324
ETTh1,720,895,forecast,434,DLinear,8.071948051452637
ETTh1,720,895,forecast,435,DLinear,8.66838550567627
ETTh1,720,895,forecast,436,DLinear,9.389296531677246
ETTh1,720,895,forecast,437,DLinear,9.952638626098633
ETTh1,720,895,forecast,438,DLinear,9.446531295776367
ETTh1,720,895,forecast,439,DLinear,9.736978530883789
ETTh1,720,895,forecast,440,DLinear,10.033709526062012
ETTh1,720,895,forecast,441,DLinear,10.070348739624023
ETTh1,720,895,forecast,442,DLinear,9.78880500793457
ETTh1,720,895,forecast,443,DLinear,10.347551345825195
ETTh1,720,895,forecast,444,DLinear,9.39782428741455
ETTh1,720,895,forecast,445,DLinear,9.1575345993042
ETTh1,720,895,forecast,446,DLinear,9.51449966430664
ETTh1,720,895,forecast,447,DLinear,8.971546173095703
ETTh1,720,895,forecast,448,DLinear,8.887360572814941
ETTh1,720,895,forecast,449,DLinear,8.71889591217041
ETTh1,720,895,forecast,450,DLinear,8.627964973449707
ETTh1,720,895,forecast,451,DLinear,8.633681297302246
ETTh1,720,895,forecast,452,DLinear,8.63534164428711
ETTh1,720,895,forecast,453,DLinear,8.666467666625977
ETTh1,720,895,forecast,454,DLinear,7.868593215942383
ETTh1,720,895,forecast,455,DLinear,8.092041969299316
ETTh1,720,895,forecast,456,DLinear,8.516833305358887
ETTh1,720,895,forecast,457,DLinear,8.438613891601562
ETTh1,720,895,forecast,458,DLinear,8.406267166137695
ETTh1,720,895,forecast,459,DLinear,8.834480285644531
ETTh1,720,895,forecast,460,DLinear,9.04581069946289
ETTh1,720,895,forecast,461,DLinear,9.50160026550293
ETTh1,720,895,forecast,462,DLinear,10.088005065917969
ETTh1,720,895,forecast,463,DLinear,10.227964401245117
ETTh1,720,895,forecast,464,DLinear,10.805161476135254
ETTh1,720,895,forecast,465,DLinear,10.96612548828125
ETTh1,720,895,forecast,466,DLinear,10.001791000366211
ETTh1,720,895,forecast,467,DLinear,10.239904403686523
ETTh1,720,895,forecast,468,DLinear,9.90233039855957
ETTh1,720,895,forecast,469,DLinear,9.662079811096191
ETTh1,720,895,forecast,470,DLinear,9.443755149841309
ETTh1,720,895,forecast,471,DLinear,9.421692848205566
ETTh1,720,895,forecast,472,DLinear,9.25855827331543
ETTh1,720,895,forecast,473,DLinear,9.258716583251953
ETTh1,720,895,forecast,474,DLinear,9.223429679870605
ETTh1,720,895,forecast,475,DLinear,9.047715187072754
ETTh1,720,895,forecast,476,DLinear,8.975050926208496
ETTh1,720,895,forecast,477,DLinear,8.954253196716309
ETTh1,720,895,forecast,478,DLinear,8.672053337097168
ETTh1,720,895,forecast,479,DLinear,8.323921203613281
ETTh1,720,895,forecast,480,DLinear,8.562475204467773
ETTh1,720,895,forecast,481,DLinear,8.857216835021973
ETTh1,720,895,forecast,482,DLinear,9.210050582885742
ETTh1,720,895,forecast,483,DLinear,8.970926284790039
ETTh1,720,895,forecast,484,DLinear,9.226977348327637
ETTh1,720,895,forecast,485,DLinear,9.63012981414795
ETTh1,720,895,forecast,486,DLinear,10.674262046813965
ETTh1,720,895,forecast,487,DLinear,10.270650863647461
ETTh1,720,895,forecast,488,DLinear,10.295696258544922
ETTh1,720,895,forecast,489,DLinear,10.234963417053223
ETTh1,720,895,forecast,490,DLinear,10.184893608093262
ETTh1,720,895,forecast,491,DLinear,10.05330753326416
ETTh1,720,895,forecast,492,DLinear,9.87625503540039
ETTh1,720,895,forecast,493,DLinear,9.706637382507324
ETTh1,720,895,forecast,494,DLinear,9.345053672790527
ETTh1,720,895,forecast,495,DLinear,10.11963939666748
ETTh1,720,895,forecast,496,DLinear,9.528914451599121
ETTh1,720,895,forecast,497,DLinear,9.113870620727539
ETTh1,720,895,forecast,498,DLinear,9.107523918151855
ETTh1,720,895,forecast,499,DLinear,9.043294906616211
ETTh1,720,895,forecast,500,DLinear,8.684928894042969
ETTh1,720,895,forecast,501,DLinear,8.600838661193848
ETTh1,720,895,forecast,502,DLinear,8.30846118927002
ETTh1,720,895,forecast,503,DLinear,8.256916999816895
ETTh1,720,895,forecast,504,DLinear,8.309796333312988
ETTh1,720,895,forecast,505,DLinear,8.792024612426758
ETTh1,720,895,forecast,506,DLinear,8.779107093811035
ETTh1,720,895,forecast,507,DLinear,9.178727149963379
ETTh1,720,895,forecast,508,DLinear,9.349010467529297
ETTh1,720,895,forecast,509,DLinear,10.183080673217773
ETTh1,720,895,forecast,510,DLinear,10.117107391357422
ETTh1,720,895,forecast,511,DLinear,10.464265823364258
ETTh1,720,895,forecast,512,DLinear,10.499549865722656
ETTh1,720,895,forecast,513,DLinear,10.281110763549805
ETTh1,720,895,forecast,514,DLinear,10.788481712341309
ETTh1,720,895,forecast,515,DLinear,9.93006420135498
ETTh1,720,895,forecast,516,DLinear,9.731807708740234
ETTh1,720,895,forecast,517,DLinear,10.140926361083984
ETTh1,720,895,forecast,518,DLinear,9.403179168701172
ETTh1,720,895,forecast,519,DLinear,9.614643096923828
ETTh1,720,895,forecast,520,DLinear,9.20028018951416
ETTh1,720,895,forecast,521,DLinear,10.16071605682373
ETTh1,720,895,forecast,522,DLinear,9.463147163391113
ETTh1,720,895,forecast,523,DLinear,8.863508224487305
ETTh1,720,895,forecast,524,DLinear,9.484804153442383
ETTh1,720,895,forecast,525,DLinear,8.91365909576416
ETTh1,720,895,forecast,526,DLinear,8.53101921081543
ETTh1,720,895,forecast,527,DLinear,8.941320419311523
ETTh1,720,895,forecast,528,DLinear,9.76649284362793
ETTh1,720,895,forecast,529,DLinear,9.48705768585205
ETTh1,720,895,forecast,530,DLinear,8.989734649658203
ETTh1,720,895,forecast,531,DLinear,9.273706436157227
ETTh1,720,895,forecast,532,DLinear,9.717645645141602
ETTh1,720,895,forecast,533,DLinear,9.699294090270996
ETTh1,720,895,forecast,534,DLinear,10.37386417388916
ETTh1,720,895,forecast,535,DLinear,10.734184265136719
ETTh1,720,895,forecast,536,DLinear,10.357797622680664
ETTh1,720,895,forecast,537,DLinear,10.729877471923828
ETTh1,720,895,forecast,538,DLinear,10.272649765014648
ETTh1,720,895,forecast,539,DLinear,9.954229354858398
ETTh1,720,895,forecast,540,DLinear,10.690616607666016
ETTh1,720,895,forecast,541,DLinear,9.8414306640625
ETTh1,720,895,forecast,542,DLinear,10.204697608947754
ETTh1,720,895,forecast,543,DLinear,9.436614990234375
ETTh1,720,895,forecast,544,DLinear,10.125618934631348
ETTh1,720,895,forecast,545,DLinear,9.453376770019531
ETTh1,720,895,forecast,546,DLinear,9.405962944030762
ETTh1,720,895,forecast,547,DLinear,9.628270149230957
ETTh1,720,895,forecast,548,DLinear,9.339043617248535
ETTh1,720,895,forecast,549,DLinear,9.24925422668457
ETTh1,720,895,forecast,550,DLinear,8.560124397277832
ETTh1,720,895,forecast,551,DLinear,9.046709060668945
ETTh1,720,895,forecast,552,DLinear,9.72877025604248
ETTh1,720,895,forecast,553,DLinear,9.581372261047363
ETTh1,720,895,forecast,554,DLinear,9.223941802978516
ETTh1,720,895,forecast,555,DLinear,9.395086288452148
ETTh1,720,895,forecast,556,DLinear,9.839604377746582
ETTh1,720,895,forecast,557,DLinear,10.924627304077148
ETTh1,720,895,forecast,558,DLinear,11.198507308959961
ETTh1,720,895,forecast,559,DLinear,11.374089241027832
ETTh1,720,895,forecast,560,DLinear,10.880536079406738
ETTh1,720,895,forecast,561,DLinear,11.147061347961426
ETTh1,720,895,forecast,562,DLinear,11.033509254455566
ETTh1,720,895,forecast,563,DLinear,10.709532737731934
ETTh1,720,895,forecast,564,DLinear,10.478117942810059
ETTh1,720,895,forecast,565,DLinear,10.229517936706543
ETTh1,720,895,forecast,566,DLinear,10.30228042602539
ETTh1,720,895,forecast,567,DLinear,10.009807586669922
ETTh1,720,895,forecast,568,DLinear,10.990707397460938
ETTh1,720,895,forecast,569,DLinear,10.172155380249023
ETTh1,720,895,forecast,570,DLinear,9.75156307220459
ETTh1,720,895,forecast,571,DLinear,10.07270336151123
ETTh1,720,895,forecast,572,DLinear,10.115750312805176
ETTh1,720,895,forecast,573,DLinear,9.292253494262695
ETTh1,720,895,forecast,574,DLinear,9.897406578063965
ETTh1,720,895,forecast,575,DLinear,9.050742149353027
ETTh1,720,895,forecast,576,DLinear,9.839811325073242
ETTh1,720,895,forecast,577,DLinear,9.842126846313477
ETTh1,720,895,forecast,578,DLinear,9.431129455566406
ETTh1,720,895,forecast,579,DLinear,10.807583808898926
ETTh1,720,895,forecast,580,DLinear,10.612133026123047
ETTh1,720,895,forecast,581,DLinear,10.403602600097656
ETTh1,720,895,forecast,582,DLinear,10.744359970092773
ETTh1,720,895,forecast,583,DLinear,10.718250274658203
ETTh1,720,895,forecast,584,DLinear,11.278122901916504
ETTh1,720,895,forecast,585,DLinear,11.087395668029785
ETTh1,720,895,forecast,586,DLinear,11.615599632263184
ETTh1,720,895,forecast,587,DLinear,11.434257507324219
ETTh1,720,895,forecast,588,DLinear,10.707015037536621
ETTh1,720,895,forecast,589,DLinear,10.207430839538574
ETTh1,720,895,forecast,590,DLinear,10.855921745300293
ETTh1,720,895,forecast,591,DLinear,9.808709144592285
ETTh1,720,895,forecast,592,DLinear,10.141275405883789
ETTh1,720,895,forecast,593,DLinear,10.011381149291992
ETTh1,720,895,forecast,594,DLinear,9.750245094299316
ETTh1,720,895,forecast,595,DLinear,10.150609970092773
ETTh1,720,895,forecast,596,DLinear,9.176963806152344
ETTh1,720,895,forecast,597,DLinear,9.3556547164917
ETTh1,720,895,forecast,598,DLinear,9.187734603881836
ETTh1,720,895,forecast,599,DLinear,9.335770606994629
ETTh1,720,895,forecast,600,DLinear,9.78190803527832
ETTh1,720,895,forecast,601,DLinear,10.282649993896484
ETTh1,720,895,forecast,602,DLinear,9.50598430633545
ETTh1,720,895,forecast,603,DLinear,10.267711639404297
ETTh1,720,895,forecast,604,DLinear,10.223867416381836
ETTh1,720,895,forecast,605,DLinear,11.122404098510742
ETTh1,720,895,forecast,606,DLinear,11.041254997253418
ETTh1,720,895,forecast,607,DLinear,10.965843200683594
ETTh1,720,895,forecast,608,DLinear,11.387056350708008
ETTh1,720,895,forecast,609,DLinear,10.833479881286621
ETTh1,720,895,forecast,610,DLinear,10.884743690490723
ETTh1,720,895,forecast,611,DLinear,11.132904052734375
ETTh1,720,895,forecast,612,DLinear,11.018119812011719
ETTh1,720,895,forecast,613,DLinear,10.144704818725586
ETTh1,720,895,forecast,614,DLinear,11.183402061462402
ETTh1,720,895,forecast,615,DLinear,10.511836051940918
ETTh1,720,895,forecast,616,DLinear,10.207718849182129
ETTh1,720,895,forecast,617,DLinear,10.049304008483887
ETTh1,720,895,forecast,618,DLinear,10.520691871643066
ETTh1,720,895,forecast,619,DLinear,10.291060447692871
ETTh1,720,895,forecast,620,DLinear,10.609720230102539
ETTh1,720,895,forecast,621,DLinear,9.995309829711914
ETTh1,720,895,forecast,622,DLinear,9.543481826782227
ETTh1,720,895,forecast,623,DLinear,10.288726806640625
ETTh1,720,895,forecast,624,DLinear,9.564275741577148
ETTh1,720,895,forecast,625,DLinear,10.908174514770508
ETTh1,720,895,forecast,626,DLinear,9.802085876464844
ETTh1,720,895,forecast,627,DLinear,10.609750747680664
ETTh1,720,895,forecast,628,DLinear,9.93125057220459
ETTh1,720,895,forecast,629,DLinear,10.697976112365723
ETTh1,720,895,forecast,630,DLinear,10.799785614013672
ETTh1,720,895,forecast,631,DLinear,11.275107383728027
ETTh1,720,895,forecast,632,DLinear,11.215312957763672
ETTh1,720,895,forecast,633,DLinear,11.181315422058105
ETTh1,720,895,forecast,634,DLinear,11.594225883483887
ETTh1,720,895,forecast,635,DLinear,11.078739166259766
ETTh1,720,895,forecast,636,DLinear,11.023538589477539
ETTh1,720,895,forecast,637,DLinear,10.654946327209473
ETTh1,720,895,forecast,638,DLinear,10.283560752868652
ETTh1,720,895,forecast,639,DLinear,10.99870777130127
ETTh1,720,895,forecast,640,DLinear,10.587101936340332
ETTh1,720,895,forecast,641,DLinear,10.334747314453125
ETTh1,720,895,forecast,642,DLinear,10.611896514892578
ETTh1,720,895,forecast,643,DLinear,10.113154411315918
ETTh1,720,895,forecast,644,DLinear,9.982221603393555
ETTh1,720,895,forecast,645,DLinear,10.115527153015137
ETTh1,720,895,forecast,646,DLinear,9.96234130859375
ETTh1,720,895,forecast,647,DLinear,9.566431045532227
ETTh1,720,895,forecast,648,DLinear,9.554032325744629
ETTh1,720,895,forecast,649,DLinear,9.647696495056152
ETTh1,720,895,forecast,650,DLinear,9.93161392211914
ETTh1,720,895,forecast,651,DLinear,10.026762962341309
ETTh1,720,895,forecast,652,DLinear,10.39686107635498
ETTh1,720,895,forecast,653,DLinear,10.870116233825684
ETTh1,720,895,forecast,654,DLinear,10.884069442749023
ETTh1,720,895,forecast,655,DLinear,11.730047225952148
ETTh1,720,895,forecast,656,DLinear,11.616706848144531
ETTh1,720,895,forecast,657,DLinear,11.370505332946777
ETTh1,720,895,forecast,658,DLinear,12.149940490722656
ETTh1,720,895,forecast,659,DLinear,11.33078670501709
ETTh1,720,895,forecast,660,DLinear,11.415298461914062
ETTh1,720,895,forecast,661,DLinear,10.640778541564941
ETTh1,720,895,forecast,662,DLinear,10.479043006896973
ETTh1,720,895,forecast,663,DLinear,10.472610473632812
ETTh1,720,895,forecast,664,DLinear,10.256744384765625
ETTh1,720,895,forecast,665,DLinear,10.952820777893066
ETTh1,720,895,forecast,666,DLinear,10.34432601928711
ETTh1,720,895,forecast,667,DLinear,9.976930618286133
ETTh1,720,895,forecast,668,DLinear,10.945849418640137
ETTh1,720,895,forecast,669,DLinear,10.358859062194824
ETTh1,720,895,forecast,670,DLinear,9.619039535522461
ETTh1,720,895,forecast,671,DLinear,9.731590270996094
ETTh1,720,895,forecast,672,DLinear,9.604864120483398
ETTh1,720,895,forecast,673,DLinear,10.238920211791992
ETTh1,720,895,forecast,674,DLinear,9.981729507446289
ETTh1,720,895,forecast,675,DLinear,11.377629280090332
ETTh1,720,895,forecast,676,DLinear,10.459441184997559
ETTh1,720,895,forecast,677,DLinear,10.816054344177246
ETTh1,720,895,forecast,678,DLinear,10.986828804016113
ETTh1,720,895,forecast,679,DLinear,11.748661041259766
ETTh1,720,895,forecast,680,DLinear,11.882168769836426
ETTh1,720,895,forecast,681,DLinear,11.434550285339355
ETTh1,720,895,forecast,682,DLinear,11.701797485351562
ETTh1,720,895,forecast,683,DLinear,11.216403007507324
ETTh1,720,895,forecast,684,DLinear,11.1227445602417
ETTh1,720,895,forecast,685,DLinear,11.009023666381836
ETTh1,720,895,forecast,686,DLinear,10.559717178344727
ETTh1,720,895,forecast,687,DLinear,10.372535705566406
ETTh1,720,895,forecast,688,DLinear,11.094902038574219
ETTh1,720,895,forecast,689,DLinear,10.639253616333008
ETTh1,720,895,forecast,690,DLinear,10.129875183105469
ETTh1,720,895,forecast,691,DLinear,10.065104484558105
ETTh1,720,895,forecast,692,DLinear,10.455768585205078
ETTh1,720,895,forecast,693,DLinear,10.124327659606934
ETTh1,720,895,forecast,694,DLinear,10.266935348510742
ETTh1,720,895,forecast,695,DLinear,9.841972351074219
ETTh1,720,895,forecast,696,DLinear,10.618896484375
ETTh1,720,895,forecast,697,DLinear,9.92011547088623
ETTh1,720,895,forecast,698,DLinear,9.82165241241455
ETTh1,720,895,forecast,699,DLinear,10.502592086791992
ETTh1,720,895,forecast,700,DLinear,10.502059936523438
ETTh1,720,895,forecast,701,DLinear,10.897534370422363
ETTh1,720,895,forecast,702,DLinear,11.45232105255127
ETTh1,720,895,forecast,703,DLinear,11.519658088684082
ETTh1,720,895,forecast,704,DLinear,11.409623146057129
ETTh1,720,895,forecast,705,DLinear,12.038928985595703
ETTh1,720,895,forecast,706,DLinear,11.518006324768066
ETTh1,720,895,forecast,707,DLinear,11.348529815673828
ETTh1,720,895,forecast,708,DLinear,11.206192016601562
ETTh1,720,895,forecast,709,DLinear,11.530620574951172
ETTh1,720,895,forecast,710,DLinear,12.231795310974121
ETTh1,720,895,forecast,711,DLinear,10.683328628540039
ETTh1,720,895,forecast,712,DLinear,11.570013046264648
ETTh1,720,895,forecast,713,DLinear,10.837162971496582
ETTh1,720,895,forecast,714,DLinear,10.515880584716797
ETTh1,720,895,forecast,715,DLinear,11.013321876525879
ETTh1,720,895,forecast,716,DLinear,10.240113258361816
ETTh1,720,895,forecast,717,DLinear,10.260239601135254
ETTh1,720,895,forecast,718,DLinear,9.973321914672852
ETTh1,720,895,forecast,719,DLinear,10.08542251586914
