=== [1/24] closest_attraos_ettm1_l336_h96_s2021 ===
COMMAND /home/cwh/Time-Series-Library/.venv/bin/python -u /home/cwh/Time-Series-Library/external/timerole_p0/Attraos/run.py --task_name long_term_forecast --is_training 1 --model_id closest_attraos_ettm1_l336_h96_s2021 --model Attraos --seed 2021 --data ETTm1 --root_path /home/cwh/Time-Series-Library/dataset/ETT-small --data_path ETTm1.csv --features M --target OT --freq t --seq_len 336 --label_len 48 --pred_len 96 --enc_in 7 --dec_in 7 --c_out 7 --patch_len 16 --stride 16 --e_layers 1 --batch_size 32 --learning_rate 0.0001 --train_epochs 100 --patience 6 --num_workers 0 --gpu 0 --checkpoints /home/cwh/Time-Series-Library/logs/timerole_p0/closest/formal/attraos/checkpoints --des closest_attraos_ettm1_l336_h96_s2021 --itr 1 --test_after_train 1 --evaluation_split test --FFT_evolve True --multi_res True
True
Args in experiment:
[1mBasic Config[0m
  Task Name:          long_term_forecast  Is Training:        1                   
  Model ID:           closest_attraos_ettm1_l336_h96_s2021Model:              Attraos             

[1mData Loader[0m
  Data:               ETTm1               Root Path:          /home/cwh/Time-Series-Library/dataset/ETT-small
  Data Path:          ETTm1.csv           Features:           M                   
  Target:             OT                  Freq:               t                   
  Checkpoints:        /home/cwh/Time-Series-Library/logs/timerole_p0/closest/formal/attraos/checkpoints

[1mForecasting Task[0m
  Seq Len:            336                 Label Len:          48                  
  Pred Len:           96                  Seasonal Patterns:  Monthly             
  Inverse:            0                   

[1mModel Parameters[0m
  Top k:              5                   Num Kernels:        6                   
  Enc In:             7                   Dec In:             7                   
  C Out:              7                   d model:            512                 
  n heads:            8                   e layers:           1                   
  d layers:           1                   d FF:               2048                
  Moving Avg:         25                  Factor:             1                   
  Distil:             1                   Dropout:            0.1                 
  Embed:              timeF               Activation:         gelu                
  Output Attention:   0                   

[1mRun Parameters[0m
  Num Workers:        0                   Itr:                1                   
  Train Epochs:       100                 Batch Size:         32                  
  Patience:           6                   Learning Rate:      0.0001              
  Des:                closest_attraos_ettm1_l336_h96_s2021Loss:               MSE                 
  Lradj:              type1               Use Amp:            0                   

[1mGPU[0m
  Use GPU:            1                   GPU:                0                   
  Use Multi GPU:      0                   Devices:            0,1,2,3             

[1mDe-stationary Projector Params[0m
  P Hidden Dims:      128, 128            P Hidden Layers:    2                   

Use GPU: cuda:0
>>>>>>>start training : long_term_forecast_closest_attraos_ettm1_l336_h96_s2021_Attraos_ETTm1_ftM_sl336_ll48_pl96_dm512_nh8_el1_dl1_df2048_fc1_ebtimeF_dtTrue_closest_attraos_ettm1_l336_h96_s2021_0>>>>>>>>>>>>>>>>>>>>>>>>>>
train 34129
val 11425
Parameters: 0.192864
	iters: 200, epoch: 1 | loss: 0.3171784
	speed: 0.0266s/iter; left time: 2832.5890s
	iters: 400, epoch: 1 | loss: 0.2671542
	speed: 0.0231s/iter; left time: 2459.7240s
	iters: 600, epoch: 1 | loss: 0.2870812
	speed: 0.0231s/iter; left time: 2451.5748s
	iters: 800, epoch: 1 | loss: 0.3003795
	speed: 0.0230s/iter; left time: 2438.4929s
	iters: 1000, epoch: 1 | loss: 0.2346412
	speed: 0.0231s/iter; left time: 2437.5836s
Epoch: 1 cost time: 24.805733919143677
Epoch: 1, Steps: 1067 | Train Loss: 0.3135308 Vali Loss: 0.4081349
Validation loss decreased (inf --> 0.408135).  Saving model ...
Parameters: 0.192864
	iters: 200, epoch: 2 | loss: 0.3199332
	speed: 0.0432s/iter; left time: 4559.4213s
	iters: 400, epoch: 2 | loss: 0.2752906
	speed: 0.0230s/iter; left time: 2422.0365s
	iters: 600, epoch: 2 | loss: 0.3133780
	speed: 0.0230s/iter; left time: 2414.4301s
	iters: 800, epoch: 2 | loss: 0.2893410
	speed: 0.0230s/iter; left time: 2407.1575s
	iters: 1000, epoch: 2 | loss: 0.2690746
	speed: 0.0230s/iter; left time: 2407.7110s
Epoch: 2 cost time: 24.527180194854736
Epoch: 2, Steps: 1067 | Train Loss: 0.2679259 Vali Loss: 0.3912022
Validation loss decreased (0.408135 --> 0.391202).  Saving model ...
Parameters: 0.192864
	iters: 200, epoch: 3 | loss: 0.3096753
	speed: 0.0431s/iter; left time: 4500.4281s
	iters: 400, epoch: 3 | loss: 0.2679391
	speed: 0.0328s/iter; left time: 3417.0746s
	iters: 600, epoch: 3 | loss: 0.2427523
	speed: 0.0230s/iter; left time: 2395.1771s
	iters: 800, epoch: 3 | loss: 0.2166628
	speed: 0.0231s/iter; left time: 2396.9512s
	iters: 1000, epoch: 3 | loss: 0.2482877
	speed: 0.0230s/iter; left time: 2381.8817s
Epoch: 3 cost time: 26.500457525253296
Epoch: 3, Steps: 1067 | Train Loss: 0.2598814 Vali Loss: 0.3895968
Validation loss decreased (0.391202 --> 0.389597).  Saving model ...
Parameters: 0.192864
	iters: 200, epoch: 4 | loss: 0.3260130
	speed: 0.0432s/iter; left time: 4467.6360s
	iters: 400, epoch: 4 | loss: 0.2635643
	speed: 0.0231s/iter; left time: 2381.1321s
	iters: 600, epoch: 4 | loss: 0.2079863
	speed: 0.0230s/iter; left time: 2371.7685s
	iters: 800, epoch: 4 | loss: 0.2718664
	speed: 0.0230s/iter; left time: 2364.0240s
	iters: 1000, epoch: 4 | loss: 0.2576480
	speed: 0.0231s/iter; left time: 2365.1852s
Epoch: 4 cost time: 24.598143577575684
Epoch: 4, Steps: 1067 | Train Loss: 0.2575183 Vali Loss: 0.3860305
Validation loss decreased (0.389597 --> 0.386030).  Saving model ...
Parameters: 0.192864
	iters: 200, epoch: 5 | loss: 0.2572710
	speed: 0.0433s/iter; left time: 4430.5680s
	iters: 400, epoch: 5 | loss: 0.2740772
	speed: 0.0231s/iter; left time: 2351.9547s
	iters: 600, epoch: 5 | loss: 0.2406026
	speed: 0.0230s/iter; left time: 2346.7307s
	iters: 800, epoch: 5 | loss: 0.2464488
	speed: 0.0231s/iter; left time: 2345.3739s
	iters: 1000, epoch: 5 | loss: 0.2341085
	speed: 0.0231s/iter; left time: 2342.0587s
Epoch: 5 cost time: 24.597842931747437
Epoch: 5, Steps: 1067 | Train Loss: 0.2567339 Vali Loss: 0.3852764
Validation loss decreased (0.386030 --> 0.385276).  Saving model ...
Parameters: 0.192864
	iters: 200, epoch: 6 | loss: 0.2556980
	speed: 0.0433s/iter; left time: 4381.5228s
	iters: 400, epoch: 6 | loss: 0.3209921
	speed: 0.0230s/iter; left time: 2324.0543s
	iters: 600, epoch: 6 | loss: 0.2152701
	speed: 0.0230s/iter; left time: 2320.5870s
	iters: 800, epoch: 6 | loss: 0.2530784
	speed: 0.0230s/iter; left time: 2317.2898s
	iters: 1000, epoch: 6 | loss: 0.2430908
	speed: 0.0230s/iter; left time: 2303.4805s
Epoch: 6 cost time: 24.548307418823242
Epoch: 6, Steps: 1067 | Train Loss: 0.2565264 Vali Loss: 0.3907766
EarlyStopping counter: 1 out of 6
Parameters: 0.192864
	iters: 200, epoch: 7 | loss: 0.2837911
	speed: 0.0432s/iter; left time: 4326.2046s
	iters: 400, epoch: 7 | loss: 0.3047905
	speed: 0.0231s/iter; left time: 2302.8473s
	iters: 600, epoch: 7 | loss: 0.2040388
	speed: 0.0231s/iter; left time: 2298.3751s
	iters: 800, epoch: 7 | loss: 0.3107364
	speed: 0.0230s/iter; left time: 2285.3152s
	iters: 1000, epoch: 7 | loss: 0.1730880
	speed: 0.0230s/iter; left time: 2286.5784s
Epoch: 7 cost time: 24.551018238067627
Epoch: 7, Steps: 1067 | Train Loss: 0.2564447 Vali Loss: 0.3953504
EarlyStopping counter: 2 out of 6
Parameters: 0.192864
	iters: 200, epoch: 8 | loss: 0.2382978
	speed: 0.0432s/iter; left time: 4277.4830s
	iters: 400, epoch: 8 | loss: 0.2702325
	speed: 0.0231s/iter; left time: 2279.7014s
	iters: 600, epoch: 8 | loss: 0.2890766
	speed: 0.0230s/iter; left time: 2269.5375s
	iters: 800, epoch: 8 | loss: 0.2414578
	speed: 0.0230s/iter; left time: 2266.1761s
	iters: 1000, epoch: 8 | loss: 0.2916239
	speed: 0.0230s/iter; left time: 2263.3932s
Epoch: 8 cost time: 24.568759441375732
Epoch: 8, Steps: 1067 | Train Loss: 0.2565254 Vali Loss: 0.3845535
Validation loss decreased (0.385276 --> 0.384554).  Saving model ...
Parameters: 0.192864
	iters: 200, epoch: 9 | loss: 0.2007376
	speed: 0.0432s/iter; left time: 4235.6414s
	iters: 400, epoch: 9 | loss: 0.2390630
	speed: 0.0230s/iter; left time: 2244.6132s
	iters: 600, epoch: 9 | loss: 0.2193803
	speed: 0.0230s/iter; left time: 2242.3249s
	iters: 800, epoch: 9 | loss: 0.2640106
	speed: 0.0231s/iter; left time: 2245.4746s
	iters: 1000, epoch: 9 | loss: 0.2401727
	speed: 0.0230s/iter; left time: 2238.2031s
Epoch: 9 cost time: 24.53197145462036
Epoch: 9, Steps: 1067 | Train Loss: 0.2567988 Vali Loss: 0.3883241
EarlyStopping counter: 1 out of 6
Parameters: 0.192864
	iters: 200, epoch: 10 | loss: 0.2380451
	speed: 0.0431s/iter; left time: 4177.2133s
	iters: 400, epoch: 10 | loss: 0.2408936
	speed: 0.0230s/iter; left time: 2225.3135s
	iters: 600, epoch: 10 | loss: 0.2605850
	speed: 0.0230s/iter; left time: 2218.7272s
	iters: 800, epoch: 10 | loss: 0.2474285
	speed: 0.0230s/iter; left time: 2212.7815s
	iters: 1000, epoch: 10 | loss: 0.2478151
	speed: 0.0230s/iter; left time: 2206.3810s
Epoch: 10 cost time: 24.522117853164673
Epoch: 10, Steps: 1067 | Train Loss: 0.2572082 Vali Loss: 0.3911348
EarlyStopping counter: 2 out of 6
Parameters: 0.192864
	iters: 200, epoch: 11 | loss: 0.3394631
	speed: 0.0430s/iter; left time: 4117.2921s
	iters: 400, epoch: 11 | loss: 0.2610034
	speed: 0.0229s/iter; left time: 2188.9386s
	iters: 600, epoch: 11 | loss: 0.2658939
	speed: 0.0230s/iter; left time: 2193.6692s
	iters: 800, epoch: 11 | loss: 0.2546898
	speed: 0.0229s/iter; left time: 2180.7593s
	iters: 1000, epoch: 11 | loss: 0.2896304
	speed: 0.0229s/iter; left time: 2178.9592s
Epoch: 11 cost time: 24.45128583908081
Epoch: 11, Steps: 1067 | Train Loss: 0.2576524 Vali Loss: 0.3898993
EarlyStopping counter: 3 out of 6
Parameters: 0.192864
	iters: 200, epoch: 12 | loss: 0.2614609
	speed: 0.0431s/iter; left time: 4082.5612s
	iters: 400, epoch: 12 | loss: 0.2552578
	speed: 0.0230s/iter; left time: 2176.7720s
	iters: 600, epoch: 12 | loss: 0.2251068
	speed: 0.0230s/iter; left time: 2168.2842s
	iters: 800, epoch: 12 | loss: 0.3166738
	speed: 0.0229s/iter; left time: 2159.4661s
	iters: 1000, epoch: 12 | loss: 0.2695357
	speed: 0.0230s/iter; left time: 2158.7596s
Epoch: 12 cost time: 24.496951818466187
Epoch: 12, Steps: 1067 | Train Loss: 0.2580104 Vali Loss: 0.3886211
EarlyStopping counter: 4 out of 6
Parameters: 0.192864
	iters: 200, epoch: 13 | loss: 0.2270545
	speed: 0.0430s/iter; left time: 4025.5976s
	iters: 400, epoch: 13 | loss: 0.2211390
	speed: 0.0229s/iter; left time: 2140.4023s
	iters: 600, epoch: 13 | loss: 0.2652960
	speed: 0.0230s/iter; left time: 2147.6708s
	iters: 800, epoch: 13 | loss: 0.2821649
	speed: 0.0230s/iter; left time: 2143.3658s
	iters: 1000, epoch: 13 | loss: 0.2525204
	speed: 0.0230s/iter; left time: 2133.1506s
Epoch: 13 cost time: 24.477036476135254
Epoch: 13, Steps: 1067 | Train Loss: 0.2584026 Vali Loss: 0.3811094
Validation loss decreased (0.384554 --> 0.381109).  Saving model ...
Parameters: 0.192864
	iters: 200, epoch: 14 | loss: 0.2535208
	speed: 0.0431s/iter; left time: 3988.2301s
	iters: 400, epoch: 14 | loss: 0.2015644
	speed: 0.0230s/iter; left time: 2125.2874s
	iters: 600, epoch: 14 | loss: 0.3042398
	speed: 0.0230s/iter; left time: 2121.6234s
	iters: 800, epoch: 14 | loss: 0.2500493
	speed: 0.0230s/iter; left time: 2115.3133s
	iters: 1000, epoch: 14 | loss: 0.2178093
	speed: 0.0230s/iter; left time: 2112.8019s
Epoch: 14 cost time: 24.534311056137085
Epoch: 14, Steps: 1067 | Train Loss: 0.2586418 Vali Loss: 0.3836378
EarlyStopping counter: 1 out of 6
Parameters: 0.192864
	iters: 200, epoch: 15 | loss: 0.2201088
	speed: 0.0430s/iter; left time: 3937.3206s
	iters: 400, epoch: 15 | loss: 0.2835921
	speed: 0.0230s/iter; left time: 2098.7355s
	iters: 600, epoch: 15 | loss: 0.2635640
	speed: 0.0230s/iter; left time: 2093.7865s
	iters: 800, epoch: 15 | loss: 0.2352632
	speed: 0.0229s/iter; left time: 2085.5226s
	iters: 1000, epoch: 15 | loss: 0.2496375
	speed: 0.0230s/iter; left time: 2084.9015s
Epoch: 15 cost time: 24.471282720565796
Epoch: 15, Steps: 1067 | Train Loss: 0.2587567 Vali Loss: 0.3823585
EarlyStopping counter: 2 out of 6
Parameters: 0.192864
	iters: 200, epoch: 16 | loss: 0.2416538
	speed: 0.0431s/iter; left time: 3896.0030s
	iters: 400, epoch: 16 | loss: 0.2534184
	speed: 0.0230s/iter; left time: 2076.8622s
	iters: 600, epoch: 16 | loss: 0.2572378
	speed: 0.0230s/iter; left time: 2075.3871s
	iters: 800, epoch: 16 | loss: 0.2173739
	speed: 0.0230s/iter; left time: 2070.4510s
	iters: 1000, epoch: 16 | loss: 0.3075677
	speed: 0.0230s/iter; left time: 2064.0282s
Epoch: 16 cost time: 24.54032325744629
Epoch: 16, Steps: 1067 | Train Loss: 0.2579626 Vali Loss: 0.3849635
EarlyStopping counter: 3 out of 6
Parameters: 0.192864
	iters: 200, epoch: 17 | loss: 0.2368348
	speed: 0.0431s/iter; left time: 3856.7058s
	iters: 400, epoch: 17 | loss: 0.2302100
	speed: 0.0230s/iter; left time: 2051.7480s
	iters: 600, epoch: 17 | loss: 0.2126517
	speed: 0.0230s/iter; left time: 2047.9273s
	iters: 800, epoch: 17 | loss: 0.2922031
	speed: 0.0230s/iter; left time: 2039.9777s
	iters: 1000, epoch: 17 | loss: 0.3119585
	speed: 0.0229s/iter; left time: 2031.4392s
Epoch: 17 cost time: 24.49426507949829
Epoch: 17, Steps: 1067 | Train Loss: 0.2565330 Vali Loss: 0.3926557
EarlyStopping counter: 4 out of 6
Parameters: 0.192864
	iters: 200, epoch: 18 | loss: 0.2953966
	speed: 0.0430s/iter; left time: 3801.2555s
	iters: 400, epoch: 18 | loss: 0.2648941
	speed: 0.0230s/iter; left time: 2024.5050s
	iters: 600, epoch: 18 | loss: 0.2586324
	speed: 0.0230s/iter; left time: 2022.4364s
	iters: 800, epoch: 18 | loss: 0.2627547
	speed: 0.0230s/iter; left time: 2014.5977s
	iters: 1000, epoch: 18 | loss: 0.3158498
	speed: 0.0230s/iter; left time: 2018.3009s
Epoch: 18 cost time: 24.521981239318848
Epoch: 18, Steps: 1067 | Train Loss: 0.2553516 Vali Loss: 0.3910348
EarlyStopping counter: 5 out of 6
Parameters: 0.192864
	iters: 200, epoch: 19 | loss: 0.2686848
	speed: 0.0429s/iter; left time: 3748.2475s
	iters: 400, epoch: 19 | loss: 0.2526875
	speed: 0.0229s/iter; left time: 1996.7192s
	iters: 600, epoch: 19 | loss: 0.2894154
	speed: 0.0231s/iter; left time: 2003.5555s
	iters: 800, epoch: 19 | loss: 0.2202031
	speed: 0.0230s/iter; left time: 1995.2475s
	iters: 1000, epoch: 19 | loss: 0.2983211
	speed: 0.0230s/iter; left time: 1989.2144s
Epoch: 19 cost time: 24.509774208068848
Epoch: 19, Steps: 1067 | Train Loss: 0.2547075 Vali Loss: 0.3845161
EarlyStopping counter: 6 out of 6
Early stopping
>>>>>>>testing : long_term_forecast_closest_attraos_ettm1_l336_h96_s2021_Attraos_ETTm1_ftM_sl336_ll48_pl96_dm512_nh8_el1_dl1_df2048_fc1_ebtimeF_dtTrue_closest_attraos_ettm1_l336_h96_s2021_0<<<<<<<<<<<<<<<<<<<<<<<<<<<<<<<<<
test 11425
EVALUATION_RESULT {"batches": 358, "elements": 7677600, "mae": 0.35277804556446446, "metric_version": "element_weighted_v1", "mse": 0.30647691594817755, "parameter_count": 192864, "split": "test", "test_accessed": true}
=== [2/24] closest_attraos_ettm1_l336_h720_s2021 ===
COMMAND /home/cwh/Time-Series-Library/.venv/bin/python -u /home/cwh/Time-Series-Library/external/timerole_p0/Attraos/run.py --task_name long_term_forecast --is_training 1 --model_id closest_attraos_ettm1_l336_h720_s2021 --model Attraos --seed 2021 --data ETTm1 --root_path /home/cwh/Time-Series-Library/dataset/ETT-small --data_path ETTm1.csv --features M --target OT --freq t --seq_len 336 --label_len 48 --pred_len 720 --enc_in 7 --dec_in 7 --c_out 7 --patch_len 16 --stride 16 --e_layers 1 --batch_size 32 --learning_rate 0.0001 --train_epochs 100 --patience 6 --num_workers 0 --gpu 0 --checkpoints /home/cwh/Time-Series-Library/logs/timerole_p0/closest/formal/attraos/checkpoints --des closest_attraos_ettm1_l336_h720_s2021 --itr 1 --test_after_train 1 --evaluation_split test --FFT_evolve True --multi_res True
True
Args in experiment:
[1mBasic Config[0m
  Task Name:          long_term_forecast  Is Training:        1                   
  Model ID:           closest_attraos_ettm1_l336_h720_s2021Model:              Attraos             

[1mData Loader[0m
  Data:               ETTm1               Root Path:          /home/cwh/Time-Series-Library/dataset/ETT-small
  Data Path:          ETTm1.csv           Features:           M                   
  Target:             OT                  Freq:               t                   
  Checkpoints:        /home/cwh/Time-Series-Library/logs/timerole_p0/closest/formal/attraos/checkpoints

[1mForecasting Task[0m
  Seq Len:            336                 Label Len:          48                  
  Pred Len:           720                 Seasonal Patterns:  Monthly             
  Inverse:            0                   

[1mModel Parameters[0m
  Top k:              5                   Num Kernels:        6                   
  Enc In:             7                   Dec In:             7                   
  C Out:              7                   d model:            512                 
  n heads:            8                   e layers:           1                   
  d layers:           1                   d FF:               2048                
  Moving Avg:         25                  Factor:             1                   
  Distil:             1                   Dropout:            0.1                 
  Embed:              timeF               Activation:         gelu                
  Output Attention:   0                   

[1mRun Parameters[0m
  Num Workers:        0                   Itr:                1                   
  Train Epochs:       100                 Batch Size:         32                  
  Patience:           6                   Learning Rate:      0.0001              
  Des:                closest_attraos_ettm1_l336_h720_s2021Loss:               MSE                 
  Lradj:              type1               Use Amp:            0                   

[1mGPU[0m
  Use GPU:            1                   GPU:                0                   
  Use Multi GPU:      0                   Devices:            0,1,2,3             

[1mDe-stationary Projector Params[0m
  P Hidden Dims:      128, 128            P Hidden Layers:    2                   

Use GPU: cuda:0
>>>>>>>start training : long_term_forecast_closest_attraos_ettm1_l336_h720_s2021_Attraos_ETTm1_ftM_sl336_ll48_pl720_dm512_nh8_el1_dl1_df2048_fc1_ebtimeF_dtTrue_closest_attraos_ettm1_l336_h720_s2021_0>>>>>>>>>>>>>>>>>>>>>>>>>>
train 33505
val 10801
Parameters: 1.032144
	iters: 200, epoch: 1 | loss: 0.4613003
	speed: 0.0266s/iter; left time: 2780.8869s
	iters: 400, epoch: 1 | loss: 0.5281457
	speed: 0.0233s/iter; left time: 2427.7978s
	iters: 600, epoch: 1 | loss: 0.4440226
	speed: 0.0233s/iter; left time: 2425.0390s
	iters: 800, epoch: 1 | loss: 0.4088062
	speed: 0.0232s/iter; left time: 2413.0827s
	iters: 1000, epoch: 1 | loss: 0.4058196
	speed: 0.0232s/iter; left time: 2410.5836s
Epoch: 1 cost time: 24.50658679008484
Epoch: 1, Steps: 1048 | Train Loss: 0.4539940 Vali Loss: 0.9761388
Validation loss decreased (inf --> 0.976139).  Saving model ...
Parameters: 1.032144
	iters: 200, epoch: 2 | loss: 0.3812311
	speed: 0.0411s/iter; left time: 4259.2268s
	iters: 400, epoch: 2 | loss: 0.3431540
	speed: 0.0232s/iter; left time: 2402.5744s
	iters: 600, epoch: 2 | loss: 0.4052894
	speed: 0.0232s/iter; left time: 2396.9395s
	iters: 800, epoch: 2 | loss: 0.3486193
	speed: 0.0233s/iter; left time: 2394.9699s
	iters: 1000, epoch: 2 | loss: 0.4163962
	speed: 0.0233s/iter; left time: 2393.5194s
Epoch: 2 cost time: 24.36003828048706
Epoch: 2, Steps: 1048 | Train Loss: 0.4192428 Vali Loss: 0.9631396
Validation loss decreased (0.976139 --> 0.963140).  Saving model ...
Parameters: 1.032144
	iters: 200, epoch: 3 | loss: 0.4254487
	speed: 0.0412s/iter; left time: 4227.1373s
	iters: 400, epoch: 3 | loss: 0.3998435
	speed: 0.0233s/iter; left time: 2381.7168s
	iters: 600, epoch: 3 | loss: 0.3952053
	speed: 0.0232s/iter; left time: 2369.7087s
	iters: 800, epoch: 3 | loss: 0.3401066
	speed: 0.0233s/iter; left time: 2369.9302s
	iters: 1000, epoch: 3 | loss: 0.3324045
	speed: 0.0232s/iter; left time: 2357.1015s
Epoch: 3 cost time: 24.338573455810547
Epoch: 3, Steps: 1048 | Train Loss: 0.4126719 Vali Loss: 0.9541206
Validation loss decreased (0.963140 --> 0.954121).  Saving model ...
Parameters: 1.032144
	iters: 200, epoch: 4 | loss: 0.3769311
	speed: 0.0413s/iter; left time: 4185.1945s
	iters: 400, epoch: 4 | loss: 0.4081157
	speed: 0.0233s/iter; left time: 2356.0383s
	iters: 600, epoch: 4 | loss: 0.4370568
	speed: 0.0233s/iter; left time: 2352.2555s
	iters: 800, epoch: 4 | loss: 0.3494027
	speed: 0.0232s/iter; left time: 2344.0298s
	iters: 1000, epoch: 4 | loss: 0.3725866
	speed: 0.0233s/iter; left time: 2346.3792s
Epoch: 4 cost time: 24.382659912109375
Epoch: 4, Steps: 1048 | Train Loss: 0.4106045 Vali Loss: 0.9601839
EarlyStopping counter: 1 out of 6
Parameters: 1.032144
	iters: 200, epoch: 5 | loss: 0.3804067
	speed: 0.0413s/iter; left time: 4145.7746s
	iters: 400, epoch: 5 | loss: 0.4111420
	speed: 0.0232s/iter; left time: 2328.3490s
	iters: 600, epoch: 5 | loss: 0.3935503
	speed: 0.0233s/iter; left time: 2329.4628s
	iters: 800, epoch: 5 | loss: 0.3628935
	speed: 0.0232s/iter; left time: 2318.9385s
	iters: 1000, epoch: 5 | loss: 0.4288108
	speed: 0.0233s/iter; left time: 2319.7389s
Epoch: 5 cost time: 24.349780797958374
Epoch: 5, Steps: 1048 | Train Loss: 0.4090061 Vali Loss: 0.9636412
EarlyStopping counter: 2 out of 6
Parameters: 1.032144
	iters: 200, epoch: 6 | loss: 0.4566857
	speed: 0.0411s/iter; left time: 4084.3258s
	iters: 400, epoch: 6 | loss: 0.4244283
	speed: 0.0232s/iter; left time: 2303.2860s
	iters: 600, epoch: 6 | loss: 0.4163215
	speed: 0.0233s/iter; left time: 2301.0871s
	iters: 800, epoch: 6 | loss: 0.5030165
	speed: 0.0233s/iter; left time: 2296.5140s
	iters: 1000, epoch: 6 | loss: 0.4780368
	speed: 0.0233s/iter; left time: 2293.4084s
Epoch: 6 cost time: 24.339704036712646
Epoch: 6, Steps: 1048 | Train Loss: 0.4080136 Vali Loss: 0.9572234
EarlyStopping counter: 3 out of 6
Parameters: 1.032144
	iters: 200, epoch: 7 | loss: 0.4046827
	speed: 0.0411s/iter; left time: 4043.8849s
	iters: 400, epoch: 7 | loss: 0.4364351
	speed: 0.0233s/iter; left time: 2283.2911s
	iters: 600, epoch: 7 | loss: 0.4219492
	speed: 0.0232s/iter; left time: 2273.9233s
	iters: 800, epoch: 7 | loss: 0.4165198
	speed: 0.0233s/iter; left time: 2276.0665s
	iters: 1000, epoch: 7 | loss: 0.4083134
	speed: 0.0232s/iter; left time: 2262.4200s
Epoch: 7 cost time: 24.33640170097351
Epoch: 7, Steps: 1048 | Train Loss: 0.4078482 Vali Loss: 0.9585831
EarlyStopping counter: 4 out of 6
Parameters: 1.032144
	iters: 200, epoch: 8 | loss: 0.4605120
	speed: 0.0414s/iter; left time: 4024.3064s
	iters: 400, epoch: 8 | loss: 0.4088138
	speed: 0.0233s/iter; left time: 2262.7139s
	iters: 600, epoch: 8 | loss: 0.3966700
	speed: 0.0233s/iter; left time: 2256.9723s
	iters: 800, epoch: 8 | loss: 0.4279387
	speed: 0.0233s/iter; left time: 2247.8734s
	iters: 1000, epoch: 8 | loss: 0.5136342
	speed: 0.0233s/iter; left time: 2246.9913s
Epoch: 8 cost time: 24.383527994155884
Epoch: 8, Steps: 1048 | Train Loss: 0.4078240 Vali Loss: 0.9596410
EarlyStopping counter: 5 out of 6
Parameters: 1.032144
	iters: 200, epoch: 9 | loss: 0.3994332
	speed: 0.0412s/iter; left time: 3960.1118s
	iters: 400, epoch: 9 | loss: 0.4345310
	speed: 0.0232s/iter; left time: 2230.3405s
	iters: 600, epoch: 9 | loss: 0.4128718
	speed: 0.0232s/iter; left time: 2222.9453s
	iters: 800, epoch: 9 | loss: 0.3410656
	speed: 0.0232s/iter; left time: 2217.8336s
	iters: 1000, epoch: 9 | loss: 0.4095859
	speed: 0.0232s/iter; left time: 2216.2035s
Epoch: 9 cost time: 24.324118852615356
Epoch: 9, Steps: 1048 | Train Loss: 0.4079003 Vali Loss: 0.9582220
EarlyStopping counter: 6 out of 6
Early stopping
>>>>>>>testing : long_term_forecast_closest_attraos_ettm1_l336_h720_s2021_Attraos_ETTm1_ftM_sl336_ll48_pl720_dm512_nh8_el1_dl1_df2048_fc1_ebtimeF_dtTrue_closest_attraos_ettm1_l336_h720_s2021_0<<<<<<<<<<<<<<<<<<<<<<<<<<<<<<<<<
test 10801
EVALUATION_RESULT {"batches": 338, "elements": 54437040, "mae": 0.4293459691289699, "metric_version": "element_weighted_v1", "mse": 0.4384407518142174, "parameter_count": 1032144, "split": "test", "test_accessed": true}
=== [3/24] closest_attraos_ettm2_l336_h96_s2021 ===
COMMAND /home/cwh/Time-Series-Library/.venv/bin/python -u /home/cwh/Time-Series-Library/external/timerole_p0/Attraos/run.py --task_name long_term_forecast --is_training 1 --model_id closest_attraos_ettm2_l336_h96_s2021 --model Attraos --seed 2021 --data ETTm2 --root_path /home/cwh/Time-Series-Library/dataset/ETT-small --data_path ETTm2.csv --features M --target OT --freq t --seq_len 336 --label_len 48 --pred_len 96 --enc_in 7 --dec_in 7 --c_out 7 --patch_len 16 --stride 16 --e_layers 1 --batch_size 32 --learning_rate 0.0001 --train_epochs 100 --patience 6 --num_workers 0 --gpu 0 --checkpoints /home/cwh/Time-Series-Library/logs/timerole_p0/closest/formal/attraos/checkpoints --des closest_attraos_ettm2_l336_h96_s2021 --itr 1 --test_after_train 1 --evaluation_split test --FFT_evolve True --multi_res True
True
Args in experiment:
[1mBasic Config[0m
  Task Name:          long_term_forecast  Is Training:        1                   
  Model ID:           closest_attraos_ettm2_l336_h96_s2021Model:              Attraos             

[1mData Loader[0m
  Data:               ETTm2               Root Path:          /home/cwh/Time-Series-Library/dataset/ETT-small
  Data Path:          ETTm2.csv           Features:           M                   
  Target:             OT                  Freq:               t                   
  Checkpoints:        /home/cwh/Time-Series-Library/logs/timerole_p0/closest/formal/attraos/checkpoints

[1mForecasting Task[0m
  Seq Len:            336                 Label Len:          48                  
  Pred Len:           96                  Seasonal Patterns:  Monthly             
  Inverse:            0                   

[1mModel Parameters[0m
  Top k:              5                   Num Kernels:        6                   
  Enc In:             7                   Dec In:             7                   
  C Out:              7                   d model:            512                 
  n heads:            8                   e layers:           1                   
  d layers:           1                   d FF:               2048                
  Moving Avg:         25                  Factor:             1                   
  Distil:             1                   Dropout:            0.1                 
  Embed:              timeF               Activation:         gelu                
  Output Attention:   0                   

[1mRun Parameters[0m
  Num Workers:        0                   Itr:                1                   
  Train Epochs:       100                 Batch Size:         32                  
  Patience:           6                   Learning Rate:      0.0001              
  Des:                closest_attraos_ettm2_l336_h96_s2021Loss:               MSE                 
  Lradj:              type1               Use Amp:            0                   

[1mGPU[0m
  Use GPU:            1                   GPU:                0                   
  Use Multi GPU:      0                   Devices:            0,1,2,3             

[1mDe-stationary Projector Params[0m
  P Hidden Dims:      128, 128            P Hidden Layers:    2                   

Use GPU: cuda:0
>>>>>>>start training : long_term_forecast_closest_attraos_ettm2_l336_h96_s2021_Attraos_ETTm2_ftM_sl336_ll48_pl96_dm512_nh8_el1_dl1_df2048_fc1_ebtimeF_dtTrue_closest_attraos_ettm2_l336_h96_s2021_0>>>>>>>>>>>>>>>>>>>>>>>>>>
train 34129
val 11425
Parameters: 0.192864
	iters: 200, epoch: 1 | loss: 0.2539161
	speed: 0.0264s/iter; left time: 2816.9066s
	iters: 400, epoch: 1 | loss: 0.4788439
	speed: 0.0231s/iter; left time: 2451.8879s
	iters: 600, epoch: 1 | loss: 0.2012638
	speed: 0.0231s/iter; left time: 2446.8061s
	iters: 800, epoch: 1 | loss: 0.3983119
	speed: 0.0231s/iter; left time: 2450.8381s
	iters: 1000, epoch: 1 | loss: 0.2516882
	speed: 0.0230s/iter; left time: 2429.9405s
Epoch: 1 cost time: 24.770384311676025
Epoch: 1, Steps: 1067 | Train Loss: 0.2626661 Vali Loss: 0.1299495
Validation loss decreased (inf --> 0.129949).  Saving model ...
Parameters: 0.192864
	iters: 200, epoch: 2 | loss: 0.1650455
	speed: 0.0433s/iter; left time: 4565.5311s
	iters: 400, epoch: 2 | loss: 0.1659159
	speed: 0.0230s/iter; left time: 2423.6148s
	iters: 600, epoch: 2 | loss: 0.2164711
	speed: 0.0231s/iter; left time: 2425.5328s
	iters: 800, epoch: 2 | loss: 0.2142737
	speed: 0.0230s/iter; left time: 2415.5141s
	iters: 1000, epoch: 2 | loss: 0.2798707
	speed: 0.0230s/iter; left time: 2403.6457s
Epoch: 2 cost time: 24.573729753494263
Epoch: 2, Steps: 1067 | Train Loss: 0.2170895 Vali Loss: 0.1261449
Validation loss decreased (0.129949 --> 0.126145).  Saving model ...
Parameters: 0.192864
	iters: 200, epoch: 3 | loss: 0.1363586
	speed: 0.0434s/iter; left time: 4526.5083s
	iters: 400, epoch: 3 | loss: 0.1667912
	speed: 0.0230s/iter; left time: 2400.3289s
	iters: 600, epoch: 3 | loss: 0.1010628
	speed: 0.0230s/iter; left time: 2394.6351s
	iters: 800, epoch: 3 | loss: 0.1358681
	speed: 0.0231s/iter; left time: 2391.8673s
	iters: 1000, epoch: 3 | loss: 0.1544151
	speed: 0.0230s/iter; left time: 2381.7402s
Epoch: 3 cost time: 24.570674419403076
Epoch: 3, Steps: 1067 | Train Loss: 0.2037573 Vali Loss: 0.1226347
Validation loss decreased (0.126145 --> 0.122635).  Saving model ...
Parameters: 0.192864
	iters: 200, epoch: 4 | loss: 0.2878663
	speed: 0.0430s/iter; left time: 4446.5815s
	iters: 400, epoch: 4 | loss: 0.3001645
	speed: 0.0231s/iter; left time: 2378.2253s
	iters: 600, epoch: 4 | loss: 0.1559243
	speed: 0.0230s/iter; left time: 2371.3987s
	iters: 800, epoch: 4 | loss: 0.1417386
	speed: 0.0231s/iter; left time: 2369.6562s
	iters: 1000, epoch: 4 | loss: 0.1657180
	speed: 0.0230s/iter; left time: 2356.3699s
Epoch: 4 cost time: 24.55415368080139
Epoch: 4, Steps: 1067 | Train Loss: 0.1996251 Vali Loss: 0.1212200
Validation loss decreased (0.122635 --> 0.121220).  Saving model ...
Parameters: 0.192864
	iters: 200, epoch: 5 | loss: 0.3950610
	speed: 0.0432s/iter; left time: 4414.2733s
	iters: 400, epoch: 5 | loss: 0.1194619
	speed: 0.0230s/iter; left time: 2350.3634s
	iters: 600, epoch: 5 | loss: 0.1489328
	speed: 0.0230s/iter; left time: 2345.6592s
	iters: 800, epoch: 5 | loss: 0.1106095
	speed: 0.0231s/iter; left time: 2343.0834s
	iters: 1000, epoch: 5 | loss: 0.3824835
	speed: 0.0231s/iter; left time: 2338.3603s
Epoch: 5 cost time: 24.58521842956543
Epoch: 5, Steps: 1067 | Train Loss: 0.1995709 Vali Loss: 0.1226968
EarlyStopping counter: 1 out of 6
Parameters: 0.192864
	iters: 200, epoch: 6 | loss: 0.2317718
	speed: 0.0432s/iter; left time: 4366.7887s
	iters: 400, epoch: 6 | loss: 0.1830751
	speed: 0.0230s/iter; left time: 2325.7623s
	iters: 600, epoch: 6 | loss: 0.2403005
	speed: 0.0230s/iter; left time: 2317.9265s
	iters: 800, epoch: 6 | loss: 0.1938920
	speed: 0.0231s/iter; left time: 2322.9301s
	iters: 1000, epoch: 6 | loss: 0.1754508
	speed: 0.0231s/iter; left time: 2314.4522s
Epoch: 6 cost time: 24.56627368927002
Epoch: 6, Steps: 1067 | Train Loss: 0.2008672 Vali Loss: 0.1207456
Validation loss decreased (0.121220 --> 0.120746).  Saving model ...
Parameters: 0.192864
	iters: 200, epoch: 7 | loss: 0.2566559
	speed: 0.0431s/iter; left time: 4317.4843s
	iters: 400, epoch: 7 | loss: 0.1372084
	speed: 0.0230s/iter; left time: 2295.6515s
	iters: 600, epoch: 7 | loss: 0.1722466
	speed: 0.0230s/iter; left time: 2294.4450s
	iters: 800, epoch: 7 | loss: 0.1408894
	speed: 0.0231s/iter; left time: 2293.6057s
	iters: 1000, epoch: 7 | loss: 0.2167142
	speed: 0.0230s/iter; left time: 2284.5127s
Epoch: 7 cost time: 24.54646325111389
Epoch: 7, Steps: 1067 | Train Loss: 0.2023999 Vali Loss: 0.1226317
EarlyStopping counter: 1 out of 6
Parameters: 0.192864
	iters: 200, epoch: 8 | loss: 0.1510822
	speed: 0.0431s/iter; left time: 4268.9086s
	iters: 400, epoch: 8 | loss: 0.2173566
	speed: 0.0230s/iter; left time: 2277.7459s
	iters: 600, epoch: 8 | loss: 0.1781230
	speed: 0.0231s/iter; left time: 2279.1070s
	iters: 800, epoch: 8 | loss: 0.2240469
	speed: 0.0230s/iter; left time: 2267.7420s
	iters: 1000, epoch: 8 | loss: 0.1328225
	speed: 0.0231s/iter; left time: 2267.5169s
Epoch: 8 cost time: 24.58367156982422
Epoch: 8, Steps: 1067 | Train Loss: 0.2034756 Vali Loss: 0.1211433
EarlyStopping counter: 2 out of 6
Parameters: 0.192864
	iters: 200, epoch: 9 | loss: 0.2286611
	speed: 0.0432s/iter; left time: 4233.1288s
	iters: 400, epoch: 9 | loss: 0.1967008
	speed: 0.0231s/iter; left time: 2255.7408s
	iters: 600, epoch: 9 | loss: 0.1727478
	speed: 0.0232s/iter; left time: 2260.3586s
	iters: 800, epoch: 9 | loss: 0.1297295
	speed: 0.0232s/iter; left time: 2254.1543s
	iters: 1000, epoch: 9 | loss: 0.2000251
	speed: 0.0230s/iter; left time: 2236.5573s
Epoch: 9 cost time: 24.638976573944092
Epoch: 9, Steps: 1067 | Train Loss: 0.2035744 Vali Loss: 0.1228001
EarlyStopping counter: 3 out of 6
Parameters: 0.192864
	iters: 200, epoch: 10 | loss: 0.1468438
	speed: 0.0432s/iter; left time: 4190.6966s
	iters: 400, epoch: 10 | loss: 0.1389965
	speed: 0.0230s/iter; left time: 2228.6802s
	iters: 600, epoch: 10 | loss: 0.1380463
	speed: 0.0231s/iter; left time: 2224.3882s
	iters: 800, epoch: 10 | loss: 0.1225649
	speed: 0.0230s/iter; left time: 2210.6513s
	iters: 1000, epoch: 10 | loss: 0.1533334
	speed: 0.0231s/iter; left time: 2215.8250s
Epoch: 10 cost time: 24.574808597564697
Epoch: 10, Steps: 1067 | Train Loss: 0.2039268 Vali Loss: 0.1222089
EarlyStopping counter: 4 out of 6
Parameters: 0.192864
	iters: 200, epoch: 11 | loss: 0.2186310
	speed: 0.0431s/iter; left time: 4132.0471s
	iters: 400, epoch: 11 | loss: 0.1891590
	speed: 0.0230s/iter; left time: 2203.7000s
	iters: 600, epoch: 11 | loss: 0.5972245
	speed: 0.0230s/iter; left time: 2195.0201s
	iters: 800, epoch: 11 | loss: 0.1463560
	speed: 0.0231s/iter; left time: 2196.8006s
	iters: 1000, epoch: 11 | loss: 0.1921587
	speed: 0.0230s/iter; left time: 2182.4152s
Epoch: 11 cost time: 24.560248374938965
Epoch: 11, Steps: 1067 | Train Loss: 0.2044522 Vali Loss: 0.1215758
EarlyStopping counter: 5 out of 6
Parameters: 0.192864
	iters: 200, epoch: 12 | loss: 0.1707664
	speed: 0.0432s/iter; left time: 4089.7685s
	iters: 400, epoch: 12 | loss: 0.1622021
	speed: 0.0230s/iter; left time: 2177.8471s
	iters: 600, epoch: 12 | loss: 0.1648975
	speed: 0.0229s/iter; left time: 2165.5917s
	iters: 800, epoch: 12 | loss: 0.1455237
	speed: 0.0230s/iter; left time: 2163.3923s
	iters: 1000, epoch: 12 | loss: 0.2585401
	speed: 0.0230s/iter; left time: 2162.9208s
Epoch: 12 cost time: 24.51167130470276
Epoch: 12, Steps: 1067 | Train Loss: 0.2046488 Vali Loss: 0.1212884
EarlyStopping counter: 6 out of 6
Early stopping
>>>>>>>testing : long_term_forecast_closest_attraos_ettm2_l336_h96_s2021_Attraos_ETTm2_ftM_sl336_ll48_pl96_dm512_nh8_el1_dl1_df2048_fc1_ebtimeF_dtTrue_closest_attraos_ettm2_l336_h96_s2021_0<<<<<<<<<<<<<<<<<<<<<<<<<<<<<<<<<
test 11425
EVALUATION_RESULT {"batches": 358, "elements": 7677600, "mae": 0.2594672281587821, "metric_version": "element_weighted_v1", "mse": 0.17202692414443047, "parameter_count": 192864, "split": "test", "test_accessed": true}
=== [4/24] closest_attraos_ettm2_l336_h720_s2021 ===
COMMAND /home/cwh/Time-Series-Library/.venv/bin/python -u /home/cwh/Time-Series-Library/external/timerole_p0/Attraos/run.py --task_name long_term_forecast --is_training 1 --model_id closest_attraos_ettm2_l336_h720_s2021 --model Attraos --seed 2021 --data ETTm2 --root_path /home/cwh/Time-Series-Library/dataset/ETT-small --data_path ETTm2.csv --features M --target OT --freq t --seq_len 336 --label_len 48 --pred_len 720 --enc_in 7 --dec_in 7 --c_out 7 --patch_len 16 --stride 16 --e_layers 1 --batch_size 32 --learning_rate 0.0001 --train_epochs 100 --patience 6 --num_workers 0 --gpu 0 --checkpoints /home/cwh/Time-Series-Library/logs/timerole_p0/closest/formal/attraos/checkpoints --des closest_attraos_ettm2_l336_h720_s2021 --itr 1 --test_after_train 1 --evaluation_split test --FFT_evolve True --multi_res True
True
Args in experiment:
[1mBasic Config[0m
  Task Name:          long_term_forecast  Is Training:        1                   
  Model ID:           closest_attraos_ettm2_l336_h720_s2021Model:              Attraos             

[1mData Loader[0m
  Data:               ETTm2               Root Path:          /home/cwh/Time-Series-Library/dataset/ETT-small
  Data Path:          ETTm2.csv           Features:           M                   
  Target:             OT                  Freq:               t                   
  Checkpoints:        /home/cwh/Time-Series-Library/logs/timerole_p0/closest/formal/attraos/checkpoints

[1mForecasting Task[0m
  Seq Len:            336                 Label Len:          48                  
  Pred Len:           720                 Seasonal Patterns:  Monthly             
  Inverse:            0                   

[1mModel Parameters[0m
  Top k:              5                   Num Kernels:        6                   
  Enc In:             7                   Dec In:             7                   
  C Out:              7                   d model:            512                 
  n heads:            8                   e layers:           1                   
  d layers:           1                   d FF:               2048                
  Moving Avg:         25                  Factor:             1                   
  Distil:             1                   Dropout:            0.1                 
  Embed:              timeF               Activation:         gelu                
  Output Attention:   0                   

[1mRun Parameters[0m
  Num Workers:        0                   Itr:                1                   
  Train Epochs:       100                 Batch Size:         32                  
  Patience:           6                   Learning Rate:      0.0001              
  Des:                closest_attraos_ettm2_l336_h720_s2021Loss:               MSE                 
  Lradj:              type1               Use Amp:            0                   

[1mGPU[0m
  Use GPU:            1                   GPU:                0                   
  Use Multi GPU:      0                   Devices:            0,1,2,3             

[1mDe-stationary Projector Params[0m
  P Hidden Dims:      128, 128            P Hidden Layers:    2                   

Use GPU: cuda:0
>>>>>>>start training : long_term_forecast_closest_attraos_ettm2_l336_h720_s2021_Attraos_ETTm2_ftM_sl336_ll48_pl720_dm512_nh8_el1_dl1_df2048_fc1_ebtimeF_dtTrue_closest_attraos_ettm2_l336_h720_s2021_0>>>>>>>>>>>>>>>>>>>>>>>>>>
train 33505
val 10801
Parameters: 1.032144
	iters: 200, epoch: 1 | loss: 0.3089657
	speed: 0.0265s/iter; left time: 2774.9110s
	iters: 400, epoch: 1 | loss: 0.5018067
	speed: 0.0232s/iter; left time: 2423.9390s
	iters: 600, epoch: 1 | loss: 0.4995635
	speed: 0.0232s/iter; left time: 2420.2760s
	iters: 800, epoch: 1 | loss: 0.8652385
	speed: 0.0233s/iter; left time: 2421.5168s
	iters: 1000, epoch: 1 | loss: 0.5721070
	speed: 0.0233s/iter; left time: 2413.6512s
Epoch: 1 cost time: 24.496939420700073
Epoch: 1, Steps: 1048 | Train Loss: 0.5517822 Vali Loss: 0.2846735
Validation loss decreased (inf --> 0.284673).  Saving model ...
Parameters: 1.032144
	iters: 200, epoch: 2 | loss: 0.3922709
	speed: 0.0413s/iter; left time: 4272.7084s
	iters: 400, epoch: 2 | loss: 0.3563233
	speed: 0.0232s/iter; left time: 2399.6018s
	iters: 600, epoch: 2 | loss: 0.7112378
	speed: 0.0233s/iter; left time: 2401.2895s
	iters: 800, epoch: 2 | loss: 0.5730292
	speed: 0.0233s/iter; left time: 2393.6995s
	iters: 1000, epoch: 2 | loss: 0.4296191
	speed: 0.0233s/iter; left time: 2391.7389s
Epoch: 2 cost time: 24.35158395767212
Epoch: 2, Steps: 1048 | Train Loss: 0.4959998 Vali Loss: 0.2806061
Validation loss decreased (0.284673 --> 0.280606).  Saving model ...
Parameters: 1.032144
	iters: 200, epoch: 3 | loss: 0.5251965
	speed: 0.0411s/iter; left time: 4217.1212s
	iters: 400, epoch: 3 | loss: 0.4172587
	speed: 0.0232s/iter; left time: 2377.9022s
	iters: 600, epoch: 3 | loss: 0.7985395
	speed: 0.0233s/iter; left time: 2374.7793s
	iters: 800, epoch: 3 | loss: 0.3610266
	speed: 0.0233s/iter; left time: 2375.1630s
	iters: 1000, epoch: 3 | loss: 0.9680406
	speed: 0.0233s/iter; left time: 2367.0307s
Epoch: 3 cost time: 24.36601710319519
Epoch: 3, Steps: 1048 | Train Loss: 0.5005955 Vali Loss: 0.2780246
Validation loss decreased (0.280606 --> 0.278025).  Saving model ...
Parameters: 1.032144
	iters: 200, epoch: 4 | loss: 0.5091576
	speed: 0.0414s/iter; left time: 4202.1619s
	iters: 400, epoch: 4 | loss: 0.6444703
	speed: 0.0233s/iter; left time: 2358.0479s
	iters: 600, epoch: 4 | loss: 0.3152673
	speed: 0.0233s/iter; left time: 2353.3749s
	iters: 800, epoch: 4 | loss: 0.2696525
	speed: 0.0233s/iter; left time: 2347.2973s
	iters: 1000, epoch: 4 | loss: 0.3589769
	speed: 0.0233s/iter; left time: 2344.2474s
Epoch: 4 cost time: 24.37438201904297
Epoch: 4, Steps: 1048 | Train Loss: 0.5019124 Vali Loss: 0.2751544
Validation loss decreased (0.278025 --> 0.275154).  Saving model ...
Parameters: 1.032144
	iters: 200, epoch: 5 | loss: 0.5566955
	speed: 0.0413s/iter; left time: 4149.3868s
	iters: 400, epoch: 5 | loss: 0.6070616
	speed: 0.0233s/iter; left time: 2332.4558s
	iters: 600, epoch: 5 | loss: 0.4572861
	speed: 0.0233s/iter; left time: 2327.7030s
	iters: 800, epoch: 5 | loss: 0.3370253
	speed: 0.0232s/iter; left time: 2318.9425s
	iters: 1000, epoch: 5 | loss: 0.5488454
	speed: 0.0232s/iter; left time: 2314.4902s
Epoch: 5 cost time: 24.358742237091064
Epoch: 5, Steps: 1048 | Train Loss: 0.5115602 Vali Loss: 0.2722099
Validation loss decreased (0.275154 --> 0.272210).  Saving model ...
Parameters: 1.032144
	iters: 200, epoch: 6 | loss: 0.6042093
	speed: 0.0412s/iter; left time: 4092.9066s
	iters: 400, epoch: 6 | loss: 0.4264395
	speed: 0.0233s/iter; left time: 2307.8351s
	iters: 600, epoch: 6 | loss: 0.2501187
	speed: 0.0232s/iter; left time: 2300.7578s
	iters: 800, epoch: 6 | loss: 0.2694062
	speed: 0.0233s/iter; left time: 2302.9228s
	iters: 1000, epoch: 6 | loss: 0.3395269
	speed: 0.0233s/iter; left time: 2296.2943s
Epoch: 6 cost time: 24.37715458869934
Epoch: 6, Steps: 1048 | Train Loss: 0.5109293 Vali Loss: 0.2747781
EarlyStopping counter: 1 out of 6
Parameters: 1.032144
	iters: 200, epoch: 7 | loss: 0.6293008
	speed: 0.0413s/iter; left time: 4059.9670s
	iters: 400, epoch: 7 | loss: 0.5667817
	speed: 0.0233s/iter; left time: 2285.6373s
	iters: 600, epoch: 7 | loss: 0.3243762
	speed: 0.0233s/iter; left time: 2280.2446s
	iters: 800, epoch: 7 | loss: 0.8581293
	speed: 0.0232s/iter; left time: 2266.0170s
	iters: 1000, epoch: 7 | loss: 0.5741301
	speed: 0.0232s/iter; left time: 2264.8253s
Epoch: 7 cost time: 24.3650221824646
Epoch: 7, Steps: 1048 | Train Loss: 0.5076815 Vali Loss: 0.2699801
Validation loss decreased (0.272210 --> 0.269980).  Saving model ...
Parameters: 1.032144
	iters: 200, epoch: 8 | loss: 0.8348791
	speed: 0.0412s/iter; left time: 4008.6951s
	iters: 400, epoch: 8 | loss: 0.4176376
	speed: 0.0233s/iter; left time: 2262.2936s
	iters: 600, epoch: 8 | loss: 0.7902339
	speed: 0.0233s/iter; left time: 2255.8528s
	iters: 800, epoch: 8 | loss: 0.4431904
	speed: 0.0233s/iter; left time: 2250.2176s
	iters: 1000, epoch: 8 | loss: 0.4697203
	speed: 0.0233s/iter; left time: 2246.1052s
Epoch: 8 cost time: 24.369412660598755
Epoch: 8, Steps: 1048 | Train Loss: 0.5092093 Vali Loss: 0.2688993
Validation loss decreased (0.269980 --> 0.268899).  Saving model ...
Parameters: 1.032144
	iters: 200, epoch: 9 | loss: 0.6361129
	speed: 0.0413s/iter; left time: 3971.3045s
	iters: 400, epoch: 9 | loss: 0.7479422
	speed: 0.0233s/iter; left time: 2234.9956s
	iters: 600, epoch: 9 | loss: 0.3373365
	speed: 0.0232s/iter; left time: 2223.2856s
	iters: 800, epoch: 9 | loss: 0.3129157
	speed: 0.0232s/iter; left time: 2220.9587s
	iters: 1000, epoch: 9 | loss: 0.4772106
	speed: 0.0233s/iter; left time: 2218.4589s
Epoch: 9 cost time: 24.35100221633911
Epoch: 9, Steps: 1048 | Train Loss: 0.5071817 Vali Loss: 0.2694196
EarlyStopping counter: 1 out of 6
Parameters: 1.032144
	iters: 200, epoch: 10 | loss: 0.7793100
	speed: 0.0413s/iter; left time: 3930.8789s
	iters: 400, epoch: 10 | loss: 0.5733455
	speed: 0.0233s/iter; left time: 2210.2719s
	iters: 600, epoch: 10 | loss: 0.5205417
	speed: 0.0232s/iter; left time: 2202.1960s
	iters: 800, epoch: 10 | loss: 0.4263051
	speed: 0.0232s/iter; left time: 2193.3465s
	iters: 1000, epoch: 10 | loss: 0.3628315
	speed: 0.0233s/iter; left time: 2195.7728s
Epoch: 10 cost time: 24.34371590614319
Epoch: 10, Steps: 1048 | Train Loss: 0.5066483 Vali Loss: 0.2706980
EarlyStopping counter: 2 out of 6
Parameters: 1.032144
	iters: 200, epoch: 11 | loss: 0.5683445
	speed: 0.0412s/iter; left time: 3873.3417s
	iters: 400, epoch: 11 | loss: 0.8325579
	speed: 0.0233s/iter; left time: 2189.6282s
	iters: 600, epoch: 11 | loss: 0.4513586
	speed: 0.0233s/iter; left time: 2184.3197s
	iters: 800, epoch: 11 | loss: 0.5906605
	speed: 0.0233s/iter; left time: 2176.2460s
	iters: 1000, epoch: 11 | loss: 0.4353359
	speed: 0.0233s/iter; left time: 2175.7717s
Epoch: 11 cost time: 24.37632918357849
Epoch: 11, Steps: 1048 | Train Loss: 0.5042440 Vali Loss: 0.2686755
Validation loss decreased (0.268899 --> 0.268676).  Saving model ...
Parameters: 1.032144
	iters: 200, epoch: 12 | loss: 0.4550883
	speed: 0.0412s/iter; left time: 3833.3421s
	iters: 400, epoch: 12 | loss: 0.3134454
	speed: 0.0232s/iter; left time: 2156.7297s
	iters: 600, epoch: 12 | loss: 0.2982548
	speed: 0.0232s/iter; left time: 2149.6007s
	iters: 800, epoch: 12 | loss: 0.2467244
	speed: 0.0233s/iter; left time: 2150.7548s
	iters: 1000, epoch: 12 | loss: 0.3107661
	speed: 0.0233s/iter; left time: 2146.0503s
Epoch: 12 cost time: 24.329845190048218
Epoch: 12, Steps: 1048 | Train Loss: 0.5010155 Vali Loss: 0.2734612
EarlyStopping counter: 1 out of 6
Parameters: 1.032144
	iters: 200, epoch: 13 | loss: 0.3533495
	speed: 0.0411s/iter; left time: 3783.6545s
	iters: 400, epoch: 13 | loss: 0.3192807
	speed: 0.0233s/iter; left time: 2136.4933s
	iters: 600, epoch: 13 | loss: 0.4342588
	speed: 0.0233s/iter; left time: 2135.6895s
	iters: 800, epoch: 13 | loss: 0.4184780
	speed: 0.0233s/iter; left time: 2131.0022s
	iters: 1000, epoch: 13 | loss: 0.5131347
	speed: 0.0233s/iter; left time: 2125.8484s
Epoch: 13 cost time: 24.38734531402588
Epoch: 13, Steps: 1048 | Train Loss: 0.5022478 Vali Loss: 0.2757880
EarlyStopping counter: 2 out of 6
Parameters: 1.032144
	iters: 200, epoch: 14 | loss: 0.4545136
	speed: 0.0414s/iter; left time: 3766.2410s
	iters: 400, epoch: 14 | loss: 0.3455504
	speed: 0.0233s/iter; left time: 2116.8257s
	iters: 600, epoch: 14 | loss: 0.3685420
	speed: 0.0233s/iter; left time: 2108.1234s
	iters: 800, epoch: 14 | loss: 0.4373820
	speed: 0.0232s/iter; left time: 2096.4563s
	iters: 1000, epoch: 14 | loss: 0.5137776
	speed: 0.0233s/iter; left time: 2100.5874s
Epoch: 14 cost time: 24.377763032913208
Epoch: 14, Steps: 1048 | Train Loss: 0.4963066 Vali Loss: 0.2787465
EarlyStopping counter: 3 out of 6
Parameters: 1.032144
	iters: 200, epoch: 15 | loss: 0.4733529
	speed: 0.0412s/iter; left time: 3708.9722s
	iters: 400, epoch: 15 | loss: 0.3524000
	speed: 0.0232s/iter; left time: 2082.3800s
	iters: 600, epoch: 15 | loss: 0.5749428
	speed: 0.0232s/iter; left time: 2081.3705s
	iters: 800, epoch: 15 | loss: 0.3110157
	speed: 0.0233s/iter; left time: 2079.9549s
	iters: 1000, epoch: 15 | loss: 0.3020624
	speed: 0.0232s/iter; left time: 2067.7227s
Epoch: 15 cost time: 24.326338291168213
Epoch: 15, Steps: 1048 | Train Loss: 0.4923681 Vali Loss: 0.2812098
EarlyStopping counter: 4 out of 6
Parameters: 1.032144
	iters: 200, epoch: 16 | loss: 0.4775151
	speed: 0.0413s/iter; left time: 3667.5653s
	iters: 400, epoch: 16 | loss: 0.5099189
	speed: 0.0233s/iter; left time: 2065.2111s
	iters: 600, epoch: 16 | loss: 0.6087204
	speed: 0.0233s/iter; left time: 2058.8195s
	iters: 800, epoch: 16 | loss: 0.3947334
	speed: 0.0233s/iter; left time: 2059.1963s
	iters: 1000, epoch: 16 | loss: 0.5507345
	speed: 0.0233s/iter; left time: 2052.4335s
Epoch: 16 cost time: 24.38706612586975
Epoch: 16, Steps: 1048 | Train Loss: 0.4923319 Vali Loss: 0.2902879
EarlyStopping counter: 5 out of 6
Parameters: 1.032144
	iters: 200, epoch: 17 | loss: 0.3254925
	speed: 0.0412s/iter; left time: 3617.4466s
	iters: 400, epoch: 17 | loss: 0.4480652
	speed: 0.0233s/iter; left time: 2040.0511s
	iters: 600, epoch: 17 | loss: 0.6218756
	speed: 0.0233s/iter; left time: 2039.7953s
	iters: 800, epoch: 17 | loss: 0.5453616
	speed: 0.0232s/iter; left time: 2027.6978s
	iters: 1000, epoch: 17 | loss: 0.4082401
	speed: 0.0233s/iter; left time: 2025.4569s
Epoch: 17 cost time: 24.362276315689087
Epoch: 17, Steps: 1048 | Train Loss: 0.5034359 Vali Loss: 0.2841143
EarlyStopping counter: 6 out of 6
Early stopping
>>>>>>>testing : long_term_forecast_closest_attraos_ettm2_l336_h720_s2021_Attraos_ETTm2_ftM_sl336_ll48_pl720_dm512_nh8_el1_dl1_df2048_fc1_ebtimeF_dtTrue_closest_attraos_ettm2_l336_h720_s2021_0<<<<<<<<<<<<<<<<<<<<<<<<<<<<<<<<<
test 10801
EVALUATION_RESULT {"batches": 338, "elements": 54437040, "mae": 0.3874777863005249, "metric_version": "element_weighted_v1", "mse": 0.37463280051726383, "parameter_count": 1032144, "split": "test", "test_accessed": true}
=== [5/24] closest_attraos_ettm1_l336_h96_s2022 ===
COMMAND /home/cwh/Time-Series-Library/.venv/bin/python -u /home/cwh/Time-Series-Library/external/timerole_p0/Attraos/run.py --task_name long_term_forecast --is_training 1 --model_id closest_attraos_ettm1_l336_h96_s2022 --model Attraos --seed 2022 --data ETTm1 --root_path /home/cwh/Time-Series-Library/dataset/ETT-small --data_path ETTm1.csv --features M --target OT --freq t --seq_len 336 --label_len 48 --pred_len 96 --enc_in 7 --dec_in 7 --c_out 7 --patch_len 16 --stride 16 --e_layers 1 --batch_size 32 --learning_rate 0.0001 --train_epochs 100 --patience 6 --num_workers 0 --gpu 0 --checkpoints /home/cwh/Time-Series-Library/logs/timerole_p0/closest/formal/attraos/checkpoints --des closest_attraos_ettm1_l336_h96_s2022 --itr 1 --test_after_train 1 --evaluation_split test --FFT_evolve True --multi_res True
True
Args in experiment:
[1mBasic Config[0m
  Task Name:          long_term_forecast  Is Training:        1                   
  Model ID:           closest_attraos_ettm1_l336_h96_s2022Model:              Attraos             

[1mData Loader[0m
  Data:               ETTm1               Root Path:          /home/cwh/Time-Series-Library/dataset/ETT-small
  Data Path:          ETTm1.csv           Features:           M                   
  Target:             OT                  Freq:               t                   
  Checkpoints:        /home/cwh/Time-Series-Library/logs/timerole_p0/closest/formal/attraos/checkpoints

[1mForecasting Task[0m
  Seq Len:            336                 Label Len:          48                  
  Pred Len:           96                  Seasonal Patterns:  Monthly             
  Inverse:            0                   

[1mModel Parameters[0m
  Top k:              5                   Num Kernels:        6                   
  Enc In:             7                   Dec In:             7                   
  C Out:              7                   d model:            512                 
  n heads:            8                   e layers:           1                   
  d layers:           1                   d FF:               2048                
  Moving Avg:         25                  Factor:             1                   
  Distil:             1                   Dropout:            0.1                 
  Embed:              timeF               Activation:         gelu                
  Output Attention:   0                   

[1mRun Parameters[0m
  Num Workers:        0                   Itr:                1                   
  Train Epochs:       100                 Batch Size:         32                  
  Patience:           6                   Learning Rate:      0.0001              
  Des:                closest_attraos_ettm1_l336_h96_s2022Loss:               MSE                 
  Lradj:              type1               Use Amp:            0                   

[1mGPU[0m
  Use GPU:            1                   GPU:                0                   
  Use Multi GPU:      0                   Devices:            0,1,2,3             

[1mDe-stationary Projector Params[0m
  P Hidden Dims:      128, 128            P Hidden Layers:    2                   

Use GPU: cuda:0
>>>>>>>start training : long_term_forecast_closest_attraos_ettm1_l336_h96_s2022_Attraos_ETTm1_ftM_sl336_ll48_pl96_dm512_nh8_el1_dl1_df2048_fc1_ebtimeF_dtTrue_closest_attraos_ettm1_l336_h96_s2022_0>>>>>>>>>>>>>>>>>>>>>>>>>>
train 34129
val 11425
Parameters: 0.192864
	iters: 200, epoch: 1 | loss: 0.3710887
	speed: 0.0264s/iter; left time: 2810.9414s
	iters: 400, epoch: 1 | loss: 0.3261968
	speed: 0.0230s/iter; left time: 2446.0269s
	iters: 600, epoch: 1 | loss: 0.2396413
	speed: 0.0230s/iter; left time: 2439.8787s
	iters: 800, epoch: 1 | loss: 0.2647158
	speed: 0.0230s/iter; left time: 2436.7695s
	iters: 1000, epoch: 1 | loss: 0.2915785
	speed: 0.0230s/iter; left time: 2429.3837s
Epoch: 1 cost time: 24.706576108932495
Epoch: 1, Steps: 1067 | Train Loss: 0.3129665 Vali Loss: 0.4128116
Validation loss decreased (inf --> 0.412812).  Saving model ...
Parameters: 0.192864
	iters: 200, epoch: 2 | loss: 0.2670964
	speed: 0.0433s/iter; left time: 4563.3180s
	iters: 400, epoch: 2 | loss: 0.2318891
	speed: 0.0230s/iter; left time: 2423.4241s
	iters: 600, epoch: 2 | loss: 0.2300704
	speed: 0.0231s/iter; left time: 2421.3347s
	iters: 800, epoch: 2 | loss: 0.2799951
	speed: 0.0230s/iter; left time: 2413.1925s
	iters: 1000, epoch: 2 | loss: 0.2481447
	speed: 0.0231s/iter; left time: 2415.5798s
Epoch: 2 cost time: 24.57293152809143
Epoch: 2, Steps: 1067 | Train Loss: 0.2667204 Vali Loss: 0.3921235
Validation loss decreased (0.412812 --> 0.392123).  Saving model ...
Parameters: 0.192864
	iters: 200, epoch: 3 | loss: 0.2142888
	speed: 0.0433s/iter; left time: 4517.7975s
	iters: 400, epoch: 3 | loss: 0.3414259
	speed: 0.0230s/iter; left time: 2400.6359s
	iters: 600, epoch: 3 | loss: 0.2324561
	speed: 0.0230s/iter; left time: 2390.4225s
	iters: 800, epoch: 3 | loss: 0.2532488
	speed: 0.0230s/iter; left time: 2388.1696s
	iters: 1000, epoch: 3 | loss: 0.3718722
	speed: 0.0230s/iter; left time: 2379.6102s
Epoch: 3 cost time: 24.540732383728027
Epoch: 3, Steps: 1067 | Train Loss: 0.2592202 Vali Loss: 0.3916954
Validation loss decreased (0.392123 --> 0.391695).  Saving model ...
Parameters: 0.192864
	iters: 200, epoch: 4 | loss: 0.2337306
	speed: 0.0433s/iter; left time: 4473.0700s
	iters: 400, epoch: 4 | loss: 0.2355877
	speed: 0.0231s/iter; left time: 2380.1170s
	iters: 600, epoch: 4 | loss: 0.2531422
	speed: 0.0231s/iter; left time: 2377.1627s
	iters: 800, epoch: 4 | loss: 0.2063208
	speed: 0.0232s/iter; left time: 2378.1978s
	iters: 1000, epoch: 4 | loss: 0.2491638
	speed: 0.0230s/iter; left time: 2358.1903s
Epoch: 4 cost time: 24.609291791915894
Epoch: 4, Steps: 1067 | Train Loss: 0.2582230 Vali Loss: 0.3915601
Validation loss decreased (0.391695 --> 0.391560).  Saving model ...
Parameters: 0.192864
	iters: 200, epoch: 5 | loss: 0.2846409
	speed: 0.0432s/iter; left time: 4419.8380s
	iters: 400, epoch: 5 | loss: 0.2957064
	speed: 0.0230s/iter; left time: 2351.3704s
	iters: 600, epoch: 5 | loss: 0.2547135
	speed: 0.0231s/iter; left time: 2348.8026s
	iters: 800, epoch: 5 | loss: 0.2580179
	speed: 0.0230s/iter; left time: 2337.4411s
	iters: 1000, epoch: 5 | loss: 0.2787002
	speed: 0.0230s/iter; left time: 2332.2380s
Epoch: 5 cost time: 24.552650690078735
Epoch: 5, Steps: 1067 | Train Loss: 0.2609895 Vali Loss: 0.3894723
Validation loss decreased (0.391560 --> 0.389472).  Saving model ...
Parameters: 0.192864
	iters: 200, epoch: 6 | loss: 0.2980967
	speed: 0.0433s/iter; left time: 4383.1039s
	iters: 400, epoch: 6 | loss: 0.2408051
	speed: 0.0231s/iter; left time: 2327.4372s
	iters: 600, epoch: 6 | loss: 0.2815707
	speed: 0.0231s/iter; left time: 2323.5178s
	iters: 800, epoch: 6 | loss: 0.1987569
	speed: 0.0231s/iter; left time: 2318.9119s
	iters: 1000, epoch: 6 | loss: 0.1887351
	speed: 0.0231s/iter; left time: 2318.6674s
Epoch: 6 cost time: 24.596845388412476
Epoch: 6, Steps: 1067 | Train Loss: 0.2636941 Vali Loss: 0.3880044
Validation loss decreased (0.389472 --> 0.388004).  Saving model ...
Parameters: 0.192864
	iters: 200, epoch: 7 | loss: 0.3321213
	speed: 0.0434s/iter; left time: 4345.2940s
	iters: 400, epoch: 7 | loss: 0.2622788
	speed: 0.0231s/iter; left time: 2303.6359s
	iters: 600, epoch: 7 | loss: 0.2171814
	speed: 0.0231s/iter; left time: 2299.9012s
	iters: 800, epoch: 7 | loss: 0.2573079
	speed: 0.0231s/iter; left time: 2293.4615s
	iters: 1000, epoch: 7 | loss: 0.2473925
	speed: 0.0230s/iter; left time: 2286.5215s
Epoch: 7 cost time: 24.587048768997192
Epoch: 7, Steps: 1067 | Train Loss: 0.2630551 Vali Loss: 0.3948217
EarlyStopping counter: 1 out of 6
Parameters: 0.192864
	iters: 200, epoch: 8 | loss: 0.2522688
	speed: 0.0433s/iter; left time: 4285.5604s
	iters: 400, epoch: 8 | loss: 0.2097620
	speed: 0.0231s/iter; left time: 2281.8359s
	iters: 600, epoch: 8 | loss: 0.2050586
	speed: 0.0231s/iter; left time: 2279.3955s
	iters: 800, epoch: 8 | loss: 0.2531767
	speed: 0.0231s/iter; left time: 2270.7310s
	iters: 1000, epoch: 8 | loss: 0.2859999
	speed: 0.0231s/iter; left time: 2270.5788s
Epoch: 8 cost time: 24.62015175819397
Epoch: 8, Steps: 1067 | Train Loss: 0.2629324 Vali Loss: 0.3892700
EarlyStopping counter: 2 out of 6
Parameters: 0.192864
	iters: 200, epoch: 9 | loss: 0.2679525
	speed: 0.0434s/iter; left time: 4248.5017s
	iters: 400, epoch: 9 | loss: 0.2620130
	speed: 0.0231s/iter; left time: 2258.5991s
	iters: 600, epoch: 9 | loss: 0.2785102
	speed: 0.0230s/iter; left time: 2247.2501s
	iters: 800, epoch: 9 | loss: 0.3082623
	speed: 0.0230s/iter; left time: 2242.3296s
	iters: 1000, epoch: 9 | loss: 0.2503948
	speed: 0.0231s/iter; left time: 2241.3005s
Epoch: 9 cost time: 24.59222674369812
Epoch: 9, Steps: 1067 | Train Loss: 0.2636665 Vali Loss: 0.4016359
EarlyStopping counter: 3 out of 6
Parameters: 0.192864
	iters: 200, epoch: 10 | loss: 0.2418893
	speed: 0.0433s/iter; left time: 4197.7349s
	iters: 400, epoch: 10 | loss: 0.2726021
	speed: 0.0230s/iter; left time: 2228.6829s
	iters: 600, epoch: 10 | loss: 0.2638935
	speed: 0.0231s/iter; left time: 2224.9841s
	iters: 800, epoch: 10 | loss: 0.2307553
	speed: 0.0231s/iter; left time: 2221.3181s
	iters: 1000, epoch: 10 | loss: 0.2927866
	speed: 0.0231s/iter; left time: 2222.9064s
Epoch: 10 cost time: 24.620990991592407
Epoch: 10, Steps: 1067 | Train Loss: 0.2637396 Vali Loss: 0.3907822
EarlyStopping counter: 4 out of 6
Parameters: 0.192864
	iters: 200, epoch: 11 | loss: 0.1930815
	speed: 0.0434s/iter; left time: 4155.2818s
	iters: 400, epoch: 11 | loss: 0.2529031
	speed: 0.0230s/iter; left time: 2201.2303s
	iters: 600, epoch: 11 | loss: 0.3512626
	speed: 0.0231s/iter; left time: 2202.4308s
	iters: 800, epoch: 11 | loss: 0.2523382
	speed: 0.0231s/iter; left time: 2199.9835s
	iters: 1000, epoch: 11 | loss: 0.2776939
	speed: 0.0231s/iter; left time: 2195.9338s
Epoch: 11 cost time: 24.601298809051514
Epoch: 11, Steps: 1067 | Train Loss: 0.2634701 Vali Loss: 0.3939156
EarlyStopping counter: 5 out of 6
Parameters: 0.192864
	iters: 200, epoch: 12 | loss: 0.2708354
	speed: 0.0431s/iter; left time: 4086.0426s
	iters: 400, epoch: 12 | loss: 0.2505004
	speed: 0.0230s/iter; left time: 2177.8560s
	iters: 600, epoch: 12 | loss: 0.2470626
	speed: 0.0230s/iter; left time: 2171.1246s
	iters: 800, epoch: 12 | loss: 0.2490252
	speed: 0.0231s/iter; left time: 2176.0793s
	iters: 1000, epoch: 12 | loss: 0.2554945
	speed: 0.0231s/iter; left time: 2166.7533s
Epoch: 12 cost time: 24.576922178268433
Epoch: 12, Steps: 1067 | Train Loss: 0.2630945 Vali Loss: 0.3881439
EarlyStopping counter: 6 out of 6
Early stopping
>>>>>>>testing : long_term_forecast_closest_attraos_ettm1_l336_h96_s2022_Attraos_ETTm1_ftM_sl336_ll48_pl96_dm512_nh8_el1_dl1_df2048_fc1_ebtimeF_dtTrue_closest_attraos_ettm1_l336_h96_s2022_0<<<<<<<<<<<<<<<<<<<<<<<<<<<<<<<<<
test 11425
EVALUATION_RESULT {"batches": 358, "elements": 7677600, "mae": 0.35499195115968957, "metric_version": "element_weighted_v1", "mse": 0.31093249341057055, "parameter_count": 192864, "split": "test", "test_accessed": true}
=== [6/24] closest_attraos_ettm1_l336_h720_s2022 ===
COMMAND /home/cwh/Time-Series-Library/.venv/bin/python -u /home/cwh/Time-Series-Library/external/timerole_p0/Attraos/run.py --task_name long_term_forecast --is_training 1 --model_id closest_attraos_ettm1_l336_h720_s2022 --model Attraos --seed 2022 --data ETTm1 --root_path /home/cwh/Time-Series-Library/dataset/ETT-small --data_path ETTm1.csv --features M --target OT --freq t --seq_len 336 --label_len 48 --pred_len 720 --enc_in 7 --dec_in 7 --c_out 7 --patch_len 16 --stride 16 --e_layers 1 --batch_size 32 --learning_rate 0.0001 --train_epochs 100 --patience 6 --num_workers 0 --gpu 0 --checkpoints /home/cwh/Time-Series-Library/logs/timerole_p0/closest/formal/attraos/checkpoints --des closest_attraos_ettm1_l336_h720_s2022 --itr 1 --test_after_train 1 --evaluation_split test --FFT_evolve True --multi_res True
True
Args in experiment:
[1mBasic Config[0m
  Task Name:          long_term_forecast  Is Training:        1                   
  Model ID:           closest_attraos_ettm1_l336_h720_s2022Model:              Attraos             

[1mData Loader[0m
  Data:               ETTm1               Root Path:          /home/cwh/Time-Series-Library/dataset/ETT-small
  Data Path:          ETTm1.csv           Features:           M                   
  Target:             OT                  Freq:               t                   
  Checkpoints:        /home/cwh/Time-Series-Library/logs/timerole_p0/closest/formal/attraos/checkpoints

[1mForecasting Task[0m
  Seq Len:            336                 Label Len:          48                  
  Pred Len:           720                 Seasonal Patterns:  Monthly             
  Inverse:            0                   

[1mModel Parameters[0m
  Top k:              5                   Num Kernels:        6                   
  Enc In:             7                   Dec In:             7                   
  C Out:              7                   d model:            512                 
  n heads:            8                   e layers:           1                   
  d layers:           1                   d FF:               2048                
  Moving Avg:         25                  Factor:             1                   
  Distil:             1                   Dropout:            0.1                 
  Embed:              timeF               Activation:         gelu                
  Output Attention:   0                   

[1mRun Parameters[0m
  Num Workers:        0                   Itr:                1                   
  Train Epochs:       100                 Batch Size:         32                  
  Patience:           6                   Learning Rate:      0.0001              
  Des:                closest_attraos_ettm1_l336_h720_s2022Loss:               MSE                 
  Lradj:              type1               Use Amp:            0                   

[1mGPU[0m
  Use GPU:            1                   GPU:                0                   
  Use Multi GPU:      0                   Devices:            0,1,2,3             

[1mDe-stationary Projector Params[0m
  P Hidden Dims:      128, 128            P Hidden Layers:    2                   

Use GPU: cuda:0
>>>>>>>start training : long_term_forecast_closest_attraos_ettm1_l336_h720_s2022_Attraos_ETTm1_ftM_sl336_ll48_pl720_dm512_nh8_el1_dl1_df2048_fc1_ebtimeF_dtTrue_closest_attraos_ettm1_l336_h720_s2022_0>>>>>>>>>>>>>>>>>>>>>>>>>>
train 33505
val 10801
Parameters: 1.032144
	iters: 200, epoch: 1 | loss: 0.3953589
	speed: 0.0267s/iter; left time: 2787.6273s
	iters: 400, epoch: 1 | loss: 0.4642352
	speed: 0.0233s/iter; left time: 2436.9493s
	iters: 600, epoch: 1 | loss: 0.3849287
	speed: 0.0234s/iter; left time: 2433.9224s
	iters: 800, epoch: 1 | loss: 0.3840050
	speed: 0.0233s/iter; left time: 2420.9482s
	iters: 1000, epoch: 1 | loss: 0.4510175
	speed: 0.0233s/iter; left time: 2419.8966s
Epoch: 1 cost time: 24.59332013130188
Epoch: 1, Steps: 1048 | Train Loss: 0.4553402 Vali Loss: 0.9789395
Validation loss decreased (inf --> 0.978940).  Saving model ...
Parameters: 1.032144
	iters: 200, epoch: 2 | loss: 0.4511482
	speed: 0.0414s/iter; left time: 4284.3735s
	iters: 400, epoch: 2 | loss: 0.4133344
	speed: 0.0233s/iter; left time: 2405.0192s
	iters: 600, epoch: 2 | loss: 0.5691348
	speed: 0.0233s/iter; left time: 2404.5259s
	iters: 800, epoch: 2 | loss: 0.4029645
	speed: 0.0233s/iter; left time: 2402.7905s
	iters: 1000, epoch: 2 | loss: 0.3920469
	speed: 0.0232s/iter; left time: 2388.4543s
Epoch: 2 cost time: 24.384214639663696
Epoch: 2, Steps: 1048 | Train Loss: 0.4182377 Vali Loss: 0.9600801
Validation loss decreased (0.978940 --> 0.960080).  Saving model ...
Parameters: 1.032144
	iters: 200, epoch: 3 | loss: 0.4090627
	speed: 0.0414s/iter; left time: 4242.7141s
	iters: 400, epoch: 3 | loss: 0.4113322
	speed: 0.0233s/iter; left time: 2388.6182s
	iters: 600, epoch: 3 | loss: 0.3784918
	speed: 0.0232s/iter; left time: 2371.3476s
	iters: 800, epoch: 3 | loss: 0.4043663
	speed: 0.0233s/iter; left time: 2371.2312s
	iters: 1000, epoch: 3 | loss: 0.4313602
	speed: 0.0233s/iter; left time: 2373.6898s
Epoch: 3 cost time: 24.396066427230835
Epoch: 3, Steps: 1048 | Train Loss: 0.4106017 Vali Loss: 0.9602104
EarlyStopping counter: 1 out of 6
Parameters: 1.032144
	iters: 200, epoch: 4 | loss: 0.4241250
	speed: 0.0414s/iter; left time: 4195.7827s
	iters: 400, epoch: 4 | loss: 0.3831246
	speed: 0.0234s/iter; left time: 2369.6932s
	iters: 600, epoch: 4 | loss: 0.3628618
	speed: 0.0234s/iter; left time: 2369.4484s
	iters: 800, epoch: 4 | loss: 0.3952248
	speed: 0.0233s/iter; left time: 2350.8033s
	iters: 1000, epoch: 4 | loss: 0.4179487
	speed: 0.0232s/iter; left time: 2338.2699s
Epoch: 4 cost time: 24.439791679382324
Epoch: 4, Steps: 1048 | Train Loss: 0.4077486 Vali Loss: 0.9575687
Validation loss decreased (0.960080 --> 0.957569).  Saving model ...
Parameters: 1.032144
	iters: 200, epoch: 5 | loss: 0.3407051
	speed: 0.0412s/iter; left time: 4138.9471s
	iters: 400, epoch: 5 | loss: 0.4842142
	speed: 0.0233s/iter; left time: 2335.8110s
	iters: 600, epoch: 5 | loss: 0.3577498
	speed: 0.0233s/iter; left time: 2329.3363s
	iters: 800, epoch: 5 | loss: 0.3983754
	speed: 0.0233s/iter; left time: 2322.2824s
	iters: 1000, epoch: 5 | loss: 0.3177739
	speed: 0.0233s/iter; left time: 2318.2564s
Epoch: 5 cost time: 24.39569401741028
Epoch: 5, Steps: 1048 | Train Loss: 0.4065531 Vali Loss: 0.9558458
Validation loss decreased (0.957569 --> 0.955846).  Saving model ...
Parameters: 1.032144
	iters: 200, epoch: 6 | loss: 0.3757627
	speed: 0.0416s/iter; left time: 4131.2635s
	iters: 400, epoch: 6 | loss: 0.3800209
	speed: 0.0233s/iter; left time: 2308.4133s
	iters: 600, epoch: 6 | loss: 0.3709316
	speed: 0.0233s/iter; left time: 2309.6723s
	iters: 800, epoch: 6 | loss: 0.4429165
	speed: 0.0234s/iter; left time: 2306.1121s
	iters: 1000, epoch: 6 | loss: 0.4921500
	speed: 0.0233s/iter; left time: 2294.7797s
Epoch: 6 cost time: 24.405382871627808
Epoch: 6, Steps: 1048 | Train Loss: 0.4055337 Vali Loss: 0.9546284
Validation loss decreased (0.955846 --> 0.954628).  Saving model ...
Parameters: 1.032144
	iters: 200, epoch: 7 | loss: 0.4186492
	speed: 0.0414s/iter; left time: 4073.9432s
	iters: 400, epoch: 7 | loss: 0.3571095
	speed: 0.0233s/iter; left time: 2287.2468s
	iters: 600, epoch: 7 | loss: 0.4192382
	speed: 0.0232s/iter; left time: 2276.0242s
	iters: 800, epoch: 7 | loss: 0.4465231
	speed: 0.0233s/iter; left time: 2276.7467s
	iters: 1000, epoch: 7 | loss: 0.4640484
	speed: 0.0233s/iter; left time: 2274.8541s
Epoch: 7 cost time: 24.394081830978394
Epoch: 7, Steps: 1048 | Train Loss: 0.4049414 Vali Loss: 0.9597607
EarlyStopping counter: 1 out of 6
Parameters: 1.032144
	iters: 200, epoch: 8 | loss: 0.4259121
	speed: 0.0413s/iter; left time: 4019.2974s
	iters: 400, epoch: 8 | loss: 0.4035058
	speed: 0.0233s/iter; left time: 2263.2189s
	iters: 600, epoch: 8 | loss: 0.3925132
	speed: 0.0233s/iter; left time: 2253.6784s
	iters: 800, epoch: 8 | loss: 0.3943789
	speed: 0.0234s/iter; left time: 2257.3820s
	iters: 1000, epoch: 8 | loss: 0.3717331
	speed: 0.0233s/iter; left time: 2243.7867s
Epoch: 8 cost time: 24.399009466171265
Epoch: 8, Steps: 1048 | Train Loss: 0.4048504 Vali Loss: 0.9613223
EarlyStopping counter: 2 out of 6
Parameters: 1.032144
	iters: 200, epoch: 9 | loss: 0.4097799
	speed: 0.0413s/iter; left time: 3975.7394s
	iters: 400, epoch: 9 | loss: 0.3863064
	speed: 0.0234s/iter; left time: 2243.3531s
	iters: 600, epoch: 9 | loss: 0.3938703
	speed: 0.0232s/iter; left time: 2226.3180s
	iters: 800, epoch: 9 | loss: 0.3274633
	speed: 0.0233s/iter; left time: 2229.9647s
	iters: 1000, epoch: 9 | loss: 0.3985861
	speed: 0.0233s/iter; left time: 2226.1487s
Epoch: 9 cost time: 24.417605876922607
Epoch: 9, Steps: 1048 | Train Loss: 0.4045112 Vali Loss: 0.9657452
EarlyStopping counter: 3 out of 6
Parameters: 1.032144
	iters: 200, epoch: 10 | loss: 0.4453343
	speed: 0.0414s/iter; left time: 3943.1954s
	iters: 400, epoch: 10 | loss: 0.4250314
	speed: 0.0232s/iter; left time: 2207.8420s
	iters: 600, epoch: 10 | loss: 0.3473658
	speed: 0.0233s/iter; left time: 2207.9324s
	iters: 800, epoch: 10 | loss: 0.4644339
	speed: 0.0233s/iter; left time: 2202.2765s
	iters: 1000, epoch: 10 | loss: 0.3872805
	speed: 0.0234s/iter; left time: 2203.6382s
Epoch: 10 cost time: 24.399704694747925
Epoch: 10, Steps: 1048 | Train Loss: 0.4046214 Vali Loss: 0.9577854
EarlyStopping counter: 4 out of 6
Parameters: 1.032144
	iters: 200, epoch: 11 | loss: 0.4909935
	speed: 0.0412s/iter; left time: 3877.7454s
	iters: 400, epoch: 11 | loss: 0.4171892
	speed: 0.0233s/iter; left time: 2186.9146s
	iters: 600, epoch: 11 | loss: 0.4085861
	speed: 0.0233s/iter; left time: 2186.5343s
	iters: 800, epoch: 11 | loss: 0.3825766
	speed: 0.0233s/iter; left time: 2178.7286s
	iters: 1000, epoch: 11 | loss: 0.4180494
	speed: 0.0232s/iter; left time: 2168.9398s
Epoch: 11 cost time: 24.3865647315979
Epoch: 11, Steps: 1048 | Train Loss: 0.4045941 Vali Loss: 0.9585477
EarlyStopping counter: 5 out of 6
Parameters: 1.032144
	iters: 200, epoch: 12 | loss: 0.3799736
	speed: 0.0413s/iter; left time: 3848.1369s
	iters: 400, epoch: 12 | loss: 0.3647229
	speed: 0.0232s/iter; left time: 2153.0540s
	iters: 600, epoch: 12 | loss: 0.3915094
	speed: 0.0232s/iter; left time: 2151.2846s
	iters: 800, epoch: 12 | loss: 0.3827514
	speed: 0.0232s/iter; left time: 2149.7680s
	iters: 1000, epoch: 12 | loss: 0.3933082
	speed: 0.0232s/iter; left time: 2142.6740s
Epoch: 12 cost time: 24.334679126739502
Epoch: 12, Steps: 1048 | Train Loss: 0.4045421 Vali Loss: 0.9590194
EarlyStopping counter: 6 out of 6
Early stopping
>>>>>>>testing : long_term_forecast_closest_attraos_ettm1_l336_h720_s2022_Attraos_ETTm1_ftM_sl336_ll48_pl720_dm512_nh8_el1_dl1_df2048_fc1_ebtimeF_dtTrue_closest_attraos_ettm1_l336_h720_s2022_0<<<<<<<<<<<<<<<<<<<<<<<<<<<<<<<<<
test 10801
EVALUATION_RESULT {"batches": 338, "elements": 54437040, "mae": 0.42787165916809583, "metric_version": "element_weighted_v1", "mse": 0.4371291959912543, "parameter_count": 1032144, "split": "test", "test_accessed": true}
=== [7/24] closest_attraos_ettm2_l336_h96_s2022 ===
COMMAND /home/cwh/Time-Series-Library/.venv/bin/python -u /home/cwh/Time-Series-Library/external/timerole_p0/Attraos/run.py --task_name long_term_forecast --is_training 1 --model_id closest_attraos_ettm2_l336_h96_s2022 --model Attraos --seed 2022 --data ETTm2 --root_path /home/cwh/Time-Series-Library/dataset/ETT-small --data_path ETTm2.csv --features M --target OT --freq t --seq_len 336 --label_len 48 --pred_len 96 --enc_in 7 --dec_in 7 --c_out 7 --patch_len 16 --stride 16 --e_layers 1 --batch_size 32 --learning_rate 0.0001 --train_epochs 100 --patience 6 --num_workers 0 --gpu 0 --checkpoints /home/cwh/Time-Series-Library/logs/timerole_p0/closest/formal/attraos/checkpoints --des closest_attraos_ettm2_l336_h96_s2022 --itr 1 --test_after_train 1 --evaluation_split test --FFT_evolve True --multi_res True
True
Args in experiment:
[1mBasic Config[0m
  Task Name:          long_term_forecast  Is Training:        1                   
  Model ID:           closest_attraos_ettm2_l336_h96_s2022Model:              Attraos             

[1mData Loader[0m
  Data:               ETTm2               Root Path:          /home/cwh/Time-Series-Library/dataset/ETT-small
  Data Path:          ETTm2.csv           Features:           M                   
  Target:             OT                  Freq:               t                   
  Checkpoints:        /home/cwh/Time-Series-Library/logs/timerole_p0/closest/formal/attraos/checkpoints

[1mForecasting Task[0m
  Seq Len:            336                 Label Len:          48                  
  Pred Len:           96                  Seasonal Patterns:  Monthly             
  Inverse:            0                   

[1mModel Parameters[0m
  Top k:              5                   Num Kernels:        6                   
  Enc In:             7                   Dec In:             7                   
  C Out:              7                   d model:            512                 
  n heads:            8                   e layers:           1                   
  d layers:           1                   d FF:               2048                
  Moving Avg:         25                  Factor:             1                   
  Distil:             1                   Dropout:            0.1                 
  Embed:              timeF               Activation:         gelu                
  Output Attention:   0                   

[1mRun Parameters[0m
  Num Workers:        0                   Itr:                1                   
  Train Epochs:       100                 Batch Size:         32                  
  Patience:           6                   Learning Rate:      0.0001              
  Des:                closest_attraos_ettm2_l336_h96_s2022Loss:               MSE                 
  Lradj:              type1               Use Amp:            0                   

[1mGPU[0m
  Use GPU:            1                   GPU:                0                   
  Use Multi GPU:      0                   Devices:            0,1,2,3             

[1mDe-stationary Projector Params[0m
  P Hidden Dims:      128, 128            P Hidden Layers:    2                   

Use GPU: cuda:0
>>>>>>>start training : long_term_forecast_closest_attraos_ettm2_l336_h96_s2022_Attraos_ETTm2_ftM_sl336_ll48_pl96_dm512_nh8_el1_dl1_df2048_fc1_ebtimeF_dtTrue_closest_attraos_ettm2_l336_h96_s2022_0>>>>>>>>>>>>>>>>>>>>>>>>>>
train 34129
val 11425
Parameters: 0.192864
	iters: 200, epoch: 1 | loss: 0.4106698
	speed: 0.0264s/iter; left time: 2807.8549s
	iters: 400, epoch: 1 | loss: 0.2667497
	speed: 0.0230s/iter; left time: 2447.1895s
	iters: 600, epoch: 1 | loss: 0.1885512
	speed: 0.0231s/iter; left time: 2448.1762s
	iters: 800, epoch: 1 | loss: 0.2917725
	speed: 0.0230s/iter; left time: 2440.4895s
	iters: 1000, epoch: 1 | loss: 0.1609961
	speed: 0.0230s/iter; left time: 2430.0118s
Epoch: 1 cost time: 24.720057010650635
Epoch: 1, Steps: 1067 | Train Loss: 0.2620551 Vali Loss: 0.1300591
Validation loss decreased (inf --> 0.130059).  Saving model ...
Parameters: 0.192864
	iters: 200, epoch: 2 | loss: 0.2140781
	speed: 0.0431s/iter; left time: 4542.2431s
	iters: 400, epoch: 2 | loss: 0.1446798
	speed: 0.0230s/iter; left time: 2417.2068s
	iters: 600, epoch: 2 | loss: 0.2030324
	speed: 0.0230s/iter; left time: 2420.5576s
	iters: 800, epoch: 2 | loss: 0.1716885
	speed: 0.0230s/iter; left time: 2414.4666s
	iters: 1000, epoch: 2 | loss: 0.2111399
	speed: 0.0230s/iter; left time: 2403.4995s
Epoch: 2 cost time: 24.53049087524414
Epoch: 2, Steps: 1067 | Train Loss: 0.2152165 Vali Loss: 0.1242246
Validation loss decreased (0.130059 --> 0.124225).  Saving model ...
Parameters: 0.192864
	iters: 200, epoch: 3 | loss: 0.1161294
	speed: 0.0431s/iter; left time: 4501.8512s
	iters: 400, epoch: 3 | loss: 0.1492298
	speed: 0.0230s/iter; left time: 2400.7079s
	iters: 600, epoch: 3 | loss: 0.2573950
	speed: 0.0230s/iter; left time: 2393.9598s
	iters: 800, epoch: 3 | loss: 0.1568186
	speed: 0.0230s/iter; left time: 2383.1605s
	iters: 1000, epoch: 3 | loss: 0.1847941
	speed: 0.0231s/iter; left time: 2389.3691s
Epoch: 3 cost time: 24.549947023391724
Epoch: 3, Steps: 1067 | Train Loss: 0.2022903 Vali Loss: 0.1235236
Validation loss decreased (0.124225 --> 0.123524).  Saving model ...
Parameters: 0.192864
	iters: 200, epoch: 4 | loss: 0.1292265
	speed: 0.0431s/iter; left time: 4456.5610s
	iters: 400, epoch: 4 | loss: 0.2303819
	speed: 0.0231s/iter; left time: 2380.9593s
	iters: 600, epoch: 4 | loss: 0.1851228
	speed: 0.0231s/iter; left time: 2372.2088s
	iters: 800, epoch: 4 | loss: 0.1299892
	speed: 0.0230s/iter; left time: 2363.8438s
	iters: 1000, epoch: 4 | loss: 0.1723435
	speed: 0.0230s/iter; left time: 2361.5465s
Epoch: 4 cost time: 24.573063611984253
Epoch: 4, Steps: 1067 | Train Loss: 0.1967769 Vali Loss: 0.1231832
Validation loss decreased (0.123524 --> 0.123183).  Saving model ...
Parameters: 0.192864
	iters: 200, epoch: 5 | loss: 0.1501592
	speed: 0.0434s/iter; left time: 4432.8642s
	iters: 400, epoch: 5 | loss: 0.2928980
	speed: 0.0230s/iter; left time: 2345.3026s
	iters: 600, epoch: 5 | loss: 0.2806847
	speed: 0.0230s/iter; left time: 2346.0676s
	iters: 800, epoch: 5 | loss: 0.2958573
	speed: 0.0230s/iter; left time: 2337.0791s
	iters: 1000, epoch: 5 | loss: 0.2905104
	speed: 0.0230s/iter; left time: 2336.3773s
Epoch: 5 cost time: 24.563886880874634
Epoch: 5, Steps: 1067 | Train Loss: 0.1935652 Vali Loss: 0.1229792
Validation loss decreased (0.123183 --> 0.122979).  Saving model ...
Parameters: 0.192864
	iters: 200, epoch: 6 | loss: 0.1874510
	speed: 0.0436s/iter; left time: 4413.0359s
	iters: 400, epoch: 6 | loss: 0.1553609
	speed: 0.0230s/iter; left time: 2326.8061s
	iters: 600, epoch: 6 | loss: 0.1593996
	speed: 0.0231s/iter; left time: 2326.1285s
	iters: 800, epoch: 6 | loss: 0.1179141
	speed: 0.0230s/iter; left time: 2317.5285s
	iters: 1000, epoch: 6 | loss: 0.0968665
	speed: 0.0230s/iter; left time: 2313.1295s
Epoch: 6 cost time: 24.588618993759155
Epoch: 6, Steps: 1067 | Train Loss: 0.1920832 Vali Loss: 0.1224946
Validation loss decreased (0.122979 --> 0.122495).  Saving model ...
Parameters: 0.192864
	iters: 200, epoch: 7 | loss: 0.2393370
	speed: 0.0432s/iter; left time: 4328.4399s
	iters: 400, epoch: 7 | loss: 0.2732267
	speed: 0.0230s/iter; left time: 2301.1590s
	iters: 600, epoch: 7 | loss: 0.1952906
	speed: 0.0230s/iter; left time: 2294.1497s
	iters: 800, epoch: 7 | loss: 0.1237338
	speed: 0.0230s/iter; left time: 2287.6600s
	iters: 1000, epoch: 7 | loss: 0.1615629
	speed: 0.0230s/iter; left time: 2281.0842s
Epoch: 7 cost time: 24.534031629562378
Epoch: 7, Steps: 1067 | Train Loss: 0.1913824 Vali Loss: 0.1234972
EarlyStopping counter: 1 out of 6
Parameters: 0.192864
	iters: 200, epoch: 8 | loss: 0.1657840
	speed: 0.0429s/iter; left time: 4246.3622s
	iters: 400, epoch: 8 | loss: 0.1726633
	speed: 0.0230s/iter; left time: 2275.2766s
	iters: 600, epoch: 8 | loss: 0.1408731
	speed: 0.0230s/iter; left time: 2271.7875s
	iters: 800, epoch: 8 | loss: 0.1448365
	speed: 0.0230s/iter; left time: 2264.2078s
	iters: 1000, epoch: 8 | loss: 0.1757037
	speed: 0.0230s/iter; left time: 2261.4447s
Epoch: 8 cost time: 24.5346782207489
Epoch: 8, Steps: 1067 | Train Loss: 0.1908723 Vali Loss: 0.1215753
Validation loss decreased (0.122495 --> 0.121575).  Saving model ...
Parameters: 0.192864
	iters: 200, epoch: 9 | loss: 0.2035289
	speed: 0.0431s/iter; left time: 4218.0258s
	iters: 400, epoch: 9 | loss: 0.2330806
	speed: 0.0230s/iter; left time: 2246.0973s
	iters: 600, epoch: 9 | loss: 0.2171975
	speed: 0.0230s/iter; left time: 2247.3448s
	iters: 800, epoch: 9 | loss: 0.2007558
	speed: 0.0230s/iter; left time: 2237.9139s
	iters: 1000, epoch: 9 | loss: 0.1322748
	speed: 0.0231s/iter; left time: 2240.4093s
Epoch: 9 cost time: 24.54278564453125
Epoch: 9, Steps: 1067 | Train Loss: 0.1905389 Vali Loss: 0.1245130
EarlyStopping counter: 1 out of 6
Parameters: 0.192864
	iters: 200, epoch: 10 | loss: 0.1523774
	speed: 0.0430s/iter; left time: 4167.1201s
	iters: 400, epoch: 10 | loss: 0.2117911
	speed: 0.0229s/iter; left time: 2216.0024s
	iters: 600, epoch: 10 | loss: 0.1772538
	speed: 0.0230s/iter; left time: 2216.8056s
	iters: 800, epoch: 10 | loss: 0.2733152
	speed: 0.0230s/iter; left time: 2214.1294s
	iters: 1000, epoch: 10 | loss: 0.1307370
	speed: 0.0231s/iter; left time: 2220.0010s
Epoch: 10 cost time: 24.50433611869812
Epoch: 10, Steps: 1067 | Train Loss: 0.1905990 Vali Loss: 0.1233291
EarlyStopping counter: 2 out of 6
Parameters: 0.192864
	iters: 200, epoch: 11 | loss: 0.2137676
	speed: 0.0432s/iter; left time: 4135.5977s
	iters: 400, epoch: 11 | loss: 0.1927373
	speed: 0.0230s/iter; left time: 2202.5351s
	iters: 600, epoch: 11 | loss: 0.2199115
	speed: 0.0230s/iter; left time: 2197.8385s
	iters: 800, epoch: 11 | loss: 0.4032783
	speed: 0.0231s/iter; left time: 2195.4790s
	iters: 1000, epoch: 11 | loss: 0.1207671
	speed: 0.0230s/iter; left time: 2182.0560s
Epoch: 11 cost time: 24.5411639213562
Epoch: 11, Steps: 1067 | Train Loss: 0.1903473 Vali Loss: 0.1228932
EarlyStopping counter: 3 out of 6
Parameters: 0.192864
	iters: 200, epoch: 12 | loss: 0.3195503
	speed: 0.0431s/iter; left time: 4087.8169s
	iters: 400, epoch: 12 | loss: 0.1691690
	speed: 0.0230s/iter; left time: 2172.8346s
	iters: 600, epoch: 12 | loss: 0.2427665
	speed: 0.0231s/iter; left time: 2175.9834s
	iters: 800, epoch: 12 | loss: 0.1721025
	speed: 0.0229s/iter; left time: 2158.9524s
	iters: 1000, epoch: 12 | loss: 0.1021813
	speed: 0.0230s/iter; left time: 2161.7374s
Epoch: 12 cost time: 24.518948793411255
Epoch: 12, Steps: 1067 | Train Loss: 0.1900176 Vali Loss: 0.1244510
EarlyStopping counter: 4 out of 6
Parameters: 0.192864
	iters: 200, epoch: 13 | loss: 0.1943833
	speed: 0.0430s/iter; left time: 4030.4354s
	iters: 400, epoch: 13 | loss: 0.2898983
	speed: 0.0230s/iter; left time: 2150.7580s
	iters: 600, epoch: 13 | loss: 0.1711528
	speed: 0.0231s/iter; left time: 2151.7398s
	iters: 800, epoch: 13 | loss: 0.1987978
	speed: 0.0230s/iter; left time: 2142.0881s
	iters: 1000, epoch: 13 | loss: 0.2678819
	speed: 0.0230s/iter; left time: 2139.6232s
Epoch: 13 cost time: 24.540634632110596
Epoch: 13, Steps: 1067 | Train Loss: 0.1893787 Vali Loss: 0.1233573
EarlyStopping counter: 5 out of 6
Parameters: 0.192864
	iters: 200, epoch: 14 | loss: 0.1750920
	speed: 0.0431s/iter; left time: 3990.1902s
	iters: 400, epoch: 14 | loss: 0.3545589
	speed: 0.0230s/iter; left time: 2124.5109s
	iters: 600, epoch: 14 | loss: 0.2274191
	speed: 0.0230s/iter; left time: 2123.9723s
	iters: 800, epoch: 14 | loss: 0.1670657
	speed: 0.0230s/iter; left time: 2121.0607s
	iters: 1000, epoch: 14 | loss: 0.2588775
	speed: 0.0230s/iter; left time: 2115.3697s
Epoch: 14 cost time: 24.54490852355957
Epoch: 14, Steps: 1067 | Train Loss: 0.1883909 Vali Loss: 0.1258340
EarlyStopping counter: 6 out of 6
Early stopping
>>>>>>>testing : long_term_forecast_closest_attraos_ettm2_l336_h96_s2022_Attraos_ETTm2_ftM_sl336_ll48_pl96_dm512_nh8_el1_dl1_df2048_fc1_ebtimeF_dtTrue_closest_attraos_ettm2_l336_h96_s2022_0<<<<<<<<<<<<<<<<<<<<<<<<<<<<<<<<<
test 11425
EVALUATION_RESULT {"batches": 358, "elements": 7677600, "mae": 0.26011734674979814, "metric_version": "element_weighted_v1", "mse": 0.1731581941952218, "parameter_count": 192864, "split": "test", "test_accessed": true}
=== [8/24] closest_attraos_ettm2_l336_h720_s2022 ===
COMMAND /home/cwh/Time-Series-Library/.venv/bin/python -u /home/cwh/Time-Series-Library/external/timerole_p0/Attraos/run.py --task_name long_term_forecast --is_training 1 --model_id closest_attraos_ettm2_l336_h720_s2022 --model Attraos --seed 2022 --data ETTm2 --root_path /home/cwh/Time-Series-Library/dataset/ETT-small --data_path ETTm2.csv --features M --target OT --freq t --seq_len 336 --label_len 48 --pred_len 720 --enc_in 7 --dec_in 7 --c_out 7 --patch_len 16 --stride 16 --e_layers 1 --batch_size 32 --learning_rate 0.0001 --train_epochs 100 --patience 6 --num_workers 0 --gpu 0 --checkpoints /home/cwh/Time-Series-Library/logs/timerole_p0/closest/formal/attraos/checkpoints --des closest_attraos_ettm2_l336_h720_s2022 --itr 1 --test_after_train 1 --evaluation_split test --FFT_evolve True --multi_res True
True
Args in experiment:
[1mBasic Config[0m
  Task Name:          long_term_forecast  Is Training:        1                   
  Model ID:           closest_attraos_ettm2_l336_h720_s2022Model:              Attraos             

[1mData Loader[0m
  Data:               ETTm2               Root Path:          /home/cwh/Time-Series-Library/dataset/ETT-small
  Data Path:          ETTm2.csv           Features:           M                   
  Target:             OT                  Freq:               t                   
  Checkpoints:        /home/cwh/Time-Series-Library/logs/timerole_p0/closest/formal/attraos/checkpoints

[1mForecasting Task[0m
  Seq Len:            336                 Label Len:          48                  
  Pred Len:           720                 Seasonal Patterns:  Monthly             
  Inverse:            0                   

[1mModel Parameters[0m
  Top k:              5                   Num Kernels:        6                   
  Enc In:             7                   Dec In:             7                   
  C Out:              7                   d model:            512                 
  n heads:            8                   e layers:           1                   
  d layers:           1                   d FF:               2048                
  Moving Avg:         25                  Factor:             1                   
  Distil:             1                   Dropout:            0.1                 
  Embed:              timeF               Activation:         gelu                
  Output Attention:   0                   

[1mRun Parameters[0m
  Num Workers:        0                   Itr:                1                   
  Train Epochs:       100                 Batch Size:         32                  
  Patience:           6                   Learning Rate:      0.0001              
  Des:                closest_attraos_ettm2_l336_h720_s2022Loss:               MSE                 
  Lradj:              type1               Use Amp:            0                   

[1mGPU[0m
  Use GPU:            1                   GPU:                0                   
  Use Multi GPU:      0                   Devices:            0,1,2,3             

[1mDe-stationary Projector Params[0m
  P Hidden Dims:      128, 128            P Hidden Layers:    2                   

Use GPU: cuda:0
>>>>>>>start training : long_term_forecast_closest_attraos_ettm2_l336_h720_s2022_Attraos_ETTm2_ftM_sl336_ll48_pl720_dm512_nh8_el1_dl1_df2048_fc1_ebtimeF_dtTrue_closest_attraos_ettm2_l336_h720_s2022_0>>>>>>>>>>>>>>>>>>>>>>>>>>
train 33505
val 10801
Parameters: 1.032144
	iters: 200, epoch: 1 | loss: 0.5672041
	speed: 0.0266s/iter; left time: 2784.5448s
	iters: 400, epoch: 1 | loss: 0.7466940
	speed: 0.0233s/iter; left time: 2432.4983s
	iters: 600, epoch: 1 | loss: 0.2744885
	speed: 0.0233s/iter; left time: 2432.2359s
	iters: 800, epoch: 1 | loss: 0.5330428
	speed: 0.0233s/iter; left time: 2423.8668s
	iters: 1000, epoch: 1 | loss: 0.4333752
	speed: 0.0233s/iter; left time: 2419.7014s
Epoch: 1 cost time: 24.57037353515625
Epoch: 1, Steps: 1048 | Train Loss: 0.5624082 Vali Loss: 0.2818766
Validation loss decreased (inf --> 0.281877).  Saving model ...
Parameters: 1.032144
	iters: 200, epoch: 2 | loss: 0.4159780
	speed: 0.0414s/iter; left time: 4292.2074s
	iters: 400, epoch: 2 | loss: 0.6052737
	speed: 0.0233s/iter; left time: 2406.1305s
	iters: 600, epoch: 2 | loss: 0.3917506
	speed: 0.0233s/iter; left time: 2401.2180s
	iters: 800, epoch: 2 | loss: 0.4392613
	speed: 0.0233s/iter; left time: 2399.6420s
	iters: 1000, epoch: 2 | loss: 0.4646609
	speed: 0.0233s/iter; left time: 2394.3790s
Epoch: 2 cost time: 24.402199268341064
Epoch: 2, Steps: 1048 | Train Loss: 0.5151871 Vali Loss: 0.2807805
Validation loss decreased (0.281877 --> 0.280781).  Saving model ...
Parameters: 1.032144
	iters: 200, epoch: 3 | loss: 0.4151551
	speed: 0.0413s/iter; left time: 4233.4126s
	iters: 400, epoch: 3 | loss: 0.3098694
	speed: 0.0233s/iter; left time: 2381.9696s
	iters: 600, epoch: 3 | loss: 0.4098577
	speed: 0.0233s/iter; left time: 2382.9774s
	iters: 800, epoch: 3 | loss: 0.2985662
	speed: 0.0233s/iter; left time: 2371.6718s
	iters: 1000, epoch: 3 | loss: 0.4738224
	speed: 0.0233s/iter; left time: 2369.3197s
Epoch: 3 cost time: 24.391101598739624
Epoch: 3, Steps: 1048 | Train Loss: 0.4879837 Vali Loss: 0.2829434
EarlyStopping counter: 1 out of 6
Parameters: 1.032144
	iters: 200, epoch: 4 | loss: 0.9010956
	speed: 0.0414s/iter; left time: 4204.9813s
	iters: 400, epoch: 4 | loss: 0.5955369
	speed: 0.0233s/iter; left time: 2356.9726s
	iters: 600, epoch: 4 | loss: 0.7150372
	speed: 0.0234s/iter; left time: 2361.7450s
	iters: 800, epoch: 4 | loss: 0.7324262
	speed: 0.0233s/iter; left time: 2354.9249s
	iters: 1000, epoch: 4 | loss: 0.6137547
	speed: 0.0233s/iter; left time: 2346.6056s
Epoch: 4 cost time: 24.43110966682434
Epoch: 4, Steps: 1048 | Train Loss: 0.4750776 Vali Loss: 0.2836674
EarlyStopping counter: 2 out of 6
Parameters: 1.032144
	iters: 200, epoch: 5 | loss: 0.3637607
	speed: 0.0413s/iter; left time: 4148.8991s
	iters: 400, epoch: 5 | loss: 0.7903239
	speed: 0.0234s/iter; left time: 2341.2959s
	iters: 600, epoch: 5 | loss: 0.4385106
	speed: 0.0233s/iter; left time: 2334.4816s
	iters: 800, epoch: 5 | loss: 0.8470704
	speed: 0.0233s/iter; left time: 2328.9856s
	iters: 1000, epoch: 5 | loss: 0.3075871
	speed: 0.0233s/iter; left time: 2319.7680s
Epoch: 5 cost time: 24.409650802612305
Epoch: 5, Steps: 1048 | Train Loss: 0.4688335 Vali Loss: 0.2819802
EarlyStopping counter: 3 out of 6
Parameters: 1.032144
	iters: 200, epoch: 6 | loss: 0.6771148
	speed: 0.0415s/iter; left time: 4118.8863s
	iters: 400, epoch: 6 | loss: 0.6785818
	speed: 0.0233s/iter; left time: 2315.3698s
	iters: 600, epoch: 6 | loss: 0.3595065
	speed: 0.0234s/iter; left time: 2313.8775s
	iters: 800, epoch: 6 | loss: 0.6871516
	speed: 0.0233s/iter; left time: 2304.4885s
	iters: 1000, epoch: 6 | loss: 0.3779750
	speed: 0.0234s/iter; left time: 2301.5293s
Epoch: 6 cost time: 24.45500874519348
Epoch: 6, Steps: 1048 | Train Loss: 0.4655738 Vali Loss: 0.2855850
EarlyStopping counter: 4 out of 6
Parameters: 1.032144
	iters: 200, epoch: 7 | loss: 0.4126760
	speed: 0.0414s/iter; left time: 4074.6825s
	iters: 400, epoch: 7 | loss: 0.4856052
	speed: 0.0233s/iter; left time: 2282.7346s
	iters: 600, epoch: 7 | loss: 0.3483347
	speed: 0.0233s/iter; left time: 2279.9380s
	iters: 800, epoch: 7 | loss: 0.6481329
	speed: 0.0233s/iter; left time: 2280.4368s
	iters: 1000, epoch: 7 | loss: 0.3504967
	speed: 0.0233s/iter; left time: 2271.3176s
Epoch: 7 cost time: 24.405718088150024
Epoch: 7, Steps: 1048 | Train Loss: 0.4622447 Vali Loss: 0.2848991
EarlyStopping counter: 5 out of 6
Parameters: 1.032144
	iters: 200, epoch: 8 | loss: 0.2389607
	speed: 0.0416s/iter; left time: 4043.0654s
	iters: 400, epoch: 8 | loss: 0.5690571
	speed: 0.0233s/iter; left time: 2264.8453s
	iters: 600, epoch: 8 | loss: 0.2521877
	speed: 0.0233s/iter; left time: 2260.5027s
	iters: 800, epoch: 8 | loss: 0.4043492
	speed: 0.0232s/iter; left time: 2247.3137s
	iters: 1000, epoch: 8 | loss: 0.3446384
	speed: 0.0233s/iter; left time: 2246.9162s
Epoch: 8 cost time: 24.40420389175415
Epoch: 8, Steps: 1048 | Train Loss: 0.4609066 Vali Loss: 0.2839456
EarlyStopping counter: 6 out of 6
Early stopping
>>>>>>>testing : long_term_forecast_closest_attraos_ettm2_l336_h720_s2022_Attraos_ETTm2_ftM_sl336_ll48_pl720_dm512_nh8_el1_dl1_df2048_fc1_ebtimeF_dtTrue_closest_attraos_ettm2_l336_h720_s2022_0<<<<<<<<<<<<<<<<<<<<<<<<<<<<<<<<<
test 10801
EVALUATION_RESULT {"batches": 338, "elements": 54437040, "mae": 0.39560396816326715, "metric_version": "element_weighted_v1", "mse": 0.3831664202014669, "parameter_count": 1032144, "split": "test", "test_accessed": true}
=== [9/24] closest_attraos_ettm1_l336_h96_s2023 ===
COMMAND /home/cwh/Time-Series-Library/.venv/bin/python -u /home/cwh/Time-Series-Library/external/timerole_p0/Attraos/run.py --task_name long_term_forecast --is_training 1 --model_id closest_attraos_ettm1_l336_h96_s2023 --model Attraos --seed 2023 --data ETTm1 --root_path /home/cwh/Time-Series-Library/dataset/ETT-small --data_path ETTm1.csv --features M --target OT --freq t --seq_len 336 --label_len 48 --pred_len 96 --enc_in 7 --dec_in 7 --c_out 7 --patch_len 16 --stride 16 --e_layers 1 --batch_size 32 --learning_rate 0.0001 --train_epochs 100 --patience 6 --num_workers 0 --gpu 0 --checkpoints /home/cwh/Time-Series-Library/logs/timerole_p0/closest/formal/attraos/checkpoints --des closest_attraos_ettm1_l336_h96_s2023 --itr 1 --test_after_train 1 --evaluation_split test --FFT_evolve True --multi_res True
True
Args in experiment:
[1mBasic Config[0m
  Task Name:          long_term_forecast  Is Training:        1                   
  Model ID:           closest_attraos_ettm1_l336_h96_s2023Model:              Attraos             

[1mData Loader[0m
  Data:               ETTm1               Root Path:          /home/cwh/Time-Series-Library/dataset/ETT-small
  Data Path:          ETTm1.csv           Features:           M                   
  Target:             OT                  Freq:               t                   
  Checkpoints:        /home/cwh/Time-Series-Library/logs/timerole_p0/closest/formal/attraos/checkpoints

[1mForecasting Task[0m
  Seq Len:            336                 Label Len:          48                  
  Pred Len:           96                  Seasonal Patterns:  Monthly             
  Inverse:            0                   

[1mModel Parameters[0m
  Top k:              5                   Num Kernels:        6                   
  Enc In:             7                   Dec In:             7                   
  C Out:              7                   d model:            512                 
  n heads:            8                   e layers:           1                   
  d layers:           1                   d FF:               2048                
  Moving Avg:         25                  Factor:             1                   
  Distil:             1                   Dropout:            0.1                 
  Embed:              timeF               Activation:         gelu                
  Output Attention:   0                   

[1mRun Parameters[0m
  Num Workers:        0                   Itr:                1                   
  Train Epochs:       100                 Batch Size:         32                  
  Patience:           6                   Learning Rate:      0.0001              
  Des:                closest_attraos_ettm1_l336_h96_s2023Loss:               MSE                 
  Lradj:              type1               Use Amp:            0                   

[1mGPU[0m
  Use GPU:            1                   GPU:                0                   
  Use Multi GPU:      0                   Devices:            0,1,2,3             

[1mDe-stationary Projector Params[0m
  P Hidden Dims:      128, 128            P Hidden Layers:    2                   

Use GPU: cuda:0
>>>>>>>start training : long_term_forecast_closest_attraos_ettm1_l336_h96_s2023_Attraos_ETTm1_ftM_sl336_ll48_pl96_dm512_nh8_el1_dl1_df2048_fc1_ebtimeF_dtTrue_closest_attraos_ettm1_l336_h96_s2023_0>>>>>>>>>>>>>>>>>>>>>>>>>>
train 34129
val 11425
Parameters: 0.192864
	iters: 200, epoch: 1 | loss: 0.3076445
	speed: 0.0266s/iter; left time: 2830.1789s
	iters: 400, epoch: 1 | loss: 0.2757930
	speed: 0.0230s/iter; left time: 2449.8834s
	iters: 600, epoch: 1 | loss: 0.2606744
	speed: 0.0230s/iter; left time: 2444.1277s
	iters: 800, epoch: 1 | loss: 0.3036784
	speed: 0.0231s/iter; left time: 2449.8725s
	iters: 1000, epoch: 1 | loss: 0.3922456
	speed: 0.0231s/iter; left time: 2442.8445s
Epoch: 1 cost time: 24.810933113098145
Epoch: 1, Steps: 1067 | Train Loss: 0.3136311 Vali Loss: 0.4108390
Validation loss decreased (inf --> 0.410839).  Saving model ...
Parameters: 0.192864
	iters: 200, epoch: 2 | loss: 0.2295983
	speed: 0.0434s/iter; left time: 4573.1691s
	iters: 400, epoch: 2 | loss: 0.2517481
	speed: 0.0231s/iter; left time: 2428.7017s
	iters: 600, epoch: 2 | loss: 0.2421607
	speed: 0.0231s/iter; left time: 2422.1001s
	iters: 800, epoch: 2 | loss: 0.2307882
	speed: 0.0230s/iter; left time: 2416.0947s
	iters: 1000, epoch: 2 | loss: 0.2362980
	speed: 0.0230s/iter; left time: 2404.2731s
Epoch: 2 cost time: 24.57953190803528
Epoch: 2, Steps: 1067 | Train Loss: 0.2687269 Vali Loss: 0.4001732
Validation loss decreased (0.410839 --> 0.400173).  Saving model ...
Parameters: 0.192864
	iters: 200, epoch: 3 | loss: 0.2631506
	speed: 0.0432s/iter; left time: 4510.4710s
	iters: 400, epoch: 3 | loss: 0.3395177
	speed: 0.0231s/iter; left time: 2406.7866s
	iters: 600, epoch: 3 | loss: 0.2550898
	speed: 0.0231s/iter; left time: 2399.0393s
	iters: 800, epoch: 3 | loss: 0.2695078
	speed: 0.0231s/iter; left time: 2393.4149s
	iters: 1000, epoch: 3 | loss: 0.2887061
	speed: 0.0230s/iter; left time: 2385.8844s
Epoch: 3 cost time: 24.601611614227295
Epoch: 3, Steps: 1067 | Train Loss: 0.2605920 Vali Loss: 0.3877551
Validation loss decreased (0.400173 --> 0.387755).  Saving model ...
Parameters: 0.192864
	iters: 200, epoch: 4 | loss: 0.2615148
	speed: 0.0434s/iter; left time: 4484.9532s
	iters: 400, epoch: 4 | loss: 0.2750643
	speed: 0.0231s/iter; left time: 2377.8100s
	iters: 600, epoch: 4 | loss: 0.2389111
	speed: 0.0231s/iter; left time: 2376.5200s
	iters: 800, epoch: 4 | loss: 0.2997317
	speed: 0.0231s/iter; left time: 2368.1844s
	iters: 1000, epoch: 4 | loss: 0.2358618
	speed: 0.0231s/iter; left time: 2364.4479s
Epoch: 4 cost time: 24.615307331085205
Epoch: 4, Steps: 1067 | Train Loss: 0.2586237 Vali Loss: 0.3912552
EarlyStopping counter: 1 out of 6
Parameters: 0.192864
	iters: 200, epoch: 5 | loss: 0.2521662
	speed: 0.0433s/iter; left time: 4429.8013s
	iters: 400, epoch: 5 | loss: 0.2524251
	speed: 0.0231s/iter; left time: 2354.0027s
	iters: 600, epoch: 5 | loss: 0.3188052
	speed: 0.0231s/iter; left time: 2348.2193s
	iters: 800, epoch: 5 | loss: 0.1955018
	speed: 0.0231s/iter; left time: 2351.4288s
	iters: 1000, epoch: 5 | loss: 0.2311828
	speed: 0.0231s/iter; left time: 2345.4898s
Epoch: 5 cost time: 24.62841773033142
Epoch: 5, Steps: 1067 | Train Loss: 0.2587366 Vali Loss: 0.3886825
EarlyStopping counter: 2 out of 6
Parameters: 0.192864
	iters: 200, epoch: 6 | loss: 0.2871078
	speed: 0.0433s/iter; left time: 4385.3187s
	iters: 400, epoch: 6 | loss: 0.2669367
	speed: 0.0231s/iter; left time: 2331.9909s
	iters: 600, epoch: 6 | loss: 0.1999075
	speed: 0.0231s/iter; left time: 2326.9572s
	iters: 800, epoch: 6 | loss: 0.2603152
	speed: 0.0231s/iter; left time: 2323.6460s
	iters: 1000, epoch: 6 | loss: 0.3118420
	speed: 0.0230s/iter; left time: 2312.9230s
Epoch: 6 cost time: 24.626506567001343
Epoch: 6, Steps: 1067 | Train Loss: 0.2598311 Vali Loss: 0.3839924
Validation loss decreased (0.387755 --> 0.383992).  Saving model ...
Parameters: 0.192864
	iters: 200, epoch: 7 | loss: 0.2658824
	speed: 0.0434s/iter; left time: 4345.7506s
	iters: 400, epoch: 7 | loss: 0.1935751
	speed: 0.0230s/iter; left time: 2298.3241s
	iters: 600, epoch: 7 | loss: 0.2119158
	speed: 0.0230s/iter; left time: 2296.4611s
	iters: 800, epoch: 7 | loss: 0.2642116
	speed: 0.0231s/iter; left time: 2301.7654s
	iters: 1000, epoch: 7 | loss: 0.2411464
	speed: 0.0232s/iter; left time: 2299.7665s
Epoch: 7 cost time: 24.599839448928833
Epoch: 7, Steps: 1067 | Train Loss: 0.2621880 Vali Loss: 0.3976623
EarlyStopping counter: 1 out of 6
Parameters: 0.192864
	iters: 200, epoch: 8 | loss: 0.3635193
	speed: 0.0434s/iter; left time: 4296.0146s
	iters: 400, epoch: 8 | loss: 0.2306336
	speed: 0.0231s/iter; left time: 2278.0825s
	iters: 600, epoch: 8 | loss: 0.2735987
	speed: 0.0231s/iter; left time: 2279.8277s
	iters: 800, epoch: 8 | loss: 0.2452180
	speed: 0.0231s/iter; left time: 2272.6590s
	iters: 1000, epoch: 8 | loss: 0.2313852
	speed: 0.0231s/iter; left time: 2270.4668s
Epoch: 8 cost time: 24.625689029693604
Epoch: 8, Steps: 1067 | Train Loss: 0.2661057 Vali Loss: 0.3935384
EarlyStopping counter: 2 out of 6
Parameters: 0.192864
	iters: 200, epoch: 9 | loss: 0.2087162
	speed: 0.0434s/iter; left time: 4248.2301s
	iters: 400, epoch: 9 | loss: 0.2626561
	speed: 0.0231s/iter; left time: 2256.7540s
	iters: 600, epoch: 9 | loss: 0.2727969
	speed: 0.0231s/iter; left time: 2251.9651s
	iters: 800, epoch: 9 | loss: 0.2457744
	speed: 0.0231s/iter; left time: 2244.6780s
	iters: 1000, epoch: 9 | loss: 0.2884846
	speed: 0.0230s/iter; left time: 2237.9028s
Epoch: 9 cost time: 24.59745717048645
Epoch: 9, Steps: 1067 | Train Loss: 0.2673192 Vali Loss: 0.3937327
EarlyStopping counter: 3 out of 6
Parameters: 0.192864
	iters: 200, epoch: 10 | loss: 0.2891982
	speed: 0.0433s/iter; left time: 4192.1466s
	iters: 400, epoch: 10 | loss: 0.2268533
	speed: 0.0231s/iter; left time: 2230.4201s
	iters: 600, epoch: 10 | loss: 0.2656207
	speed: 0.0231s/iter; left time: 2226.7197s
	iters: 800, epoch: 10 | loss: 0.2223129
	speed: 0.0231s/iter; left time: 2222.2975s
	iters: 1000, epoch: 10 | loss: 0.2454745
	speed: 0.0231s/iter; left time: 2216.9351s
Epoch: 10 cost time: 24.596593379974365
Epoch: 10, Steps: 1067 | Train Loss: 0.2660812 Vali Loss: 0.3936568
EarlyStopping counter: 4 out of 6
Parameters: 0.192864
	iters: 200, epoch: 11 | loss: 0.2142594
	speed: 0.0434s/iter; left time: 4159.9812s
	iters: 400, epoch: 11 | loss: 0.2580468
	speed: 0.0230s/iter; left time: 2203.9367s
	iters: 600, epoch: 11 | loss: 0.3079867
	speed: 0.0231s/iter; left time: 2208.3481s
	iters: 800, epoch: 11 | loss: 0.2867779
	speed: 0.0231s/iter; left time: 2200.7529s
	iters: 1000, epoch: 11 | loss: 0.2696127
	speed: 0.0231s/iter; left time: 2191.5037s
Epoch: 11 cost time: 24.621474266052246
Epoch: 11, Steps: 1067 | Train Loss: 0.2651301 Vali Loss: 0.3984458
EarlyStopping counter: 5 out of 6
Parameters: 0.192864
	iters: 200, epoch: 12 | loss: 0.2914327
	speed: 0.0433s/iter; left time: 4105.0889s
	iters: 400, epoch: 12 | loss: 0.2569269
	speed: 0.0230s/iter; left time: 2174.8020s
	iters: 600, epoch: 12 | loss: 0.3254437
	speed: 0.0230s/iter; left time: 2169.2848s
	iters: 800, epoch: 12 | loss: 0.2721015
	speed: 0.0230s/iter; left time: 2165.5688s
	iters: 1000, epoch: 12 | loss: 0.2014814
	speed: 0.0231s/iter; left time: 2170.0525s
Epoch: 12 cost time: 24.547045707702637
Epoch: 12, Steps: 1067 | Train Loss: 0.2643941 Vali Loss: 0.3956225
EarlyStopping counter: 6 out of 6
Early stopping
>>>>>>>testing : long_term_forecast_closest_attraos_ettm1_l336_h96_s2023_Attraos_ETTm1_ftM_sl336_ll48_pl96_dm512_nh8_el1_dl1_df2048_fc1_ebtimeF_dtTrue_closest_attraos_ettm1_l336_h96_s2023_0<<<<<<<<<<<<<<<<<<<<<<<<<<<<<<<<<
test 11425
EVALUATION_RESULT {"batches": 358, "elements": 7677600, "mae": 0.3580101117166589, "metric_version": "element_weighted_v1", "mse": 0.313253239958289, "parameter_count": 192864, "split": "test", "test_accessed": true}
=== [10/24] closest_attraos_ettm1_l336_h720_s2023 ===
COMMAND /home/cwh/Time-Series-Library/.venv/bin/python -u /home/cwh/Time-Series-Library/external/timerole_p0/Attraos/run.py --task_name long_term_forecast --is_training 1 --model_id closest_attraos_ettm1_l336_h720_s2023 --model Attraos --seed 2023 --data ETTm1 --root_path /home/cwh/Time-Series-Library/dataset/ETT-small --data_path ETTm1.csv --features M --target OT --freq t --seq_len 336 --label_len 48 --pred_len 720 --enc_in 7 --dec_in 7 --c_out 7 --patch_len 16 --stride 16 --e_layers 1 --batch_size 32 --learning_rate 0.0001 --train_epochs 100 --patience 6 --num_workers 0 --gpu 0 --checkpoints /home/cwh/Time-Series-Library/logs/timerole_p0/closest/formal/attraos/checkpoints --des closest_attraos_ettm1_l336_h720_s2023 --itr 1 --test_after_train 1 --evaluation_split test --FFT_evolve True --multi_res True
True
Args in experiment:
[1mBasic Config[0m
  Task Name:          long_term_forecast  Is Training:        1                   
  Model ID:           closest_attraos_ettm1_l336_h720_s2023Model:              Attraos             

[1mData Loader[0m
  Data:               ETTm1               Root Path:          /home/cwh/Time-Series-Library/dataset/ETT-small
  Data Path:          ETTm1.csv           Features:           M                   
  Target:             OT                  Freq:               t                   
  Checkpoints:        /home/cwh/Time-Series-Library/logs/timerole_p0/closest/formal/attraos/checkpoints

[1mForecasting Task[0m
  Seq Len:            336                 Label Len:          48                  
  Pred Len:           720                 Seasonal Patterns:  Monthly             
  Inverse:            0                   

[1mModel Parameters[0m
  Top k:              5                   Num Kernels:        6                   
  Enc In:             7                   Dec In:             7                   
  C Out:              7                   d model:            512                 
  n heads:            8                   e layers:           1                   
  d layers:           1                   d FF:               2048                
  Moving Avg:         25                  Factor:             1                   
  Distil:             1                   Dropout:            0.1                 
  Embed:              timeF               Activation:         gelu                
  Output Attention:   0                   

[1mRun Parameters[0m
  Num Workers:        0                   Itr:                1                   
  Train Epochs:       100                 Batch Size:         32                  
  Patience:           6                   Learning Rate:      0.0001              
  Des:                closest_attraos_ettm1_l336_h720_s2023Loss:               MSE                 
  Lradj:              type1               Use Amp:            0                   

[1mGPU[0m
  Use GPU:            1                   GPU:                0                   
  Use Multi GPU:      0                   Devices:            0,1,2,3             

[1mDe-stationary Projector Params[0m
  P Hidden Dims:      128, 128            P Hidden Layers:    2                   

Use GPU: cuda:0
>>>>>>>start training : long_term_forecast_closest_attraos_ettm1_l336_h720_s2023_Attraos_ETTm1_ftM_sl336_ll48_pl720_dm512_nh8_el1_dl1_df2048_fc1_ebtimeF_dtTrue_closest_attraos_ettm1_l336_h720_s2023_0>>>>>>>>>>>>>>>>>>>>>>>>>>
train 33505
val 10801
Parameters: 1.032144
	iters: 200, epoch: 1 | loss: 0.4091268
	speed: 0.0267s/iter; left time: 2794.7127s
	iters: 400, epoch: 1 | loss: 0.4549189
	speed: 0.0233s/iter; left time: 2428.1003s
	iters: 600, epoch: 1 | loss: 0.4338560
	speed: 0.0233s/iter; left time: 2430.3595s
	iters: 800, epoch: 1 | loss: 0.3244889
	speed: 0.0233s/iter; left time: 2423.1451s
	iters: 1000, epoch: 1 | loss: 0.3849904
	speed: 0.0233s/iter; left time: 2414.5612s
Epoch: 1 cost time: 24.555532693862915
Epoch: 1, Steps: 1048 | Train Loss: 0.4536186 Vali Loss: 0.9755582
Validation loss decreased (inf --> 0.975558).  Saving model ...
Parameters: 1.032144
	iters: 200, epoch: 2 | loss: 0.5438544
	speed: 0.0413s/iter; left time: 4272.5998s
	iters: 400, epoch: 2 | loss: 0.4087999
	speed: 0.0233s/iter; left time: 2403.4376s
	iters: 600, epoch: 2 | loss: 0.4709187
	speed: 0.0232s/iter; left time: 2395.8880s
	iters: 800, epoch: 2 | loss: 0.4007510
	speed: 0.0232s/iter; left time: 2392.5057s
	iters: 1000, epoch: 2 | loss: 0.3417794
	speed: 0.0232s/iter; left time: 2388.0995s
Epoch: 2 cost time: 24.343406677246094
Epoch: 2, Steps: 1048 | Train Loss: 0.4186945 Vali Loss: 0.9668282
Validation loss decreased (0.975558 --> 0.966828).  Saving model ...
Parameters: 1.032144
	iters: 200, epoch: 3 | loss: 0.3867715
	speed: 0.0414s/iter; left time: 4240.9181s
	iters: 400, epoch: 3 | loss: 0.4008908
	speed: 0.0233s/iter; left time: 2378.9595s
	iters: 600, epoch: 3 | loss: 0.3670861
	speed: 0.0233s/iter; left time: 2379.1350s
	iters: 800, epoch: 3 | loss: 0.4358880
	speed: 0.0233s/iter; left time: 2370.9974s
	iters: 1000, epoch: 3 | loss: 0.3992553
	speed: 0.0232s/iter; left time: 2364.0511s
Epoch: 3 cost time: 24.377007007598877
Epoch: 3, Steps: 1048 | Train Loss: 0.4119933 Vali Loss: 0.9592234
Validation loss decreased (0.966828 --> 0.959223).  Saving model ...
Parameters: 1.032144
	iters: 200, epoch: 4 | loss: 0.3596252
	speed: 0.0414s/iter; left time: 4203.9736s
	iters: 400, epoch: 4 | loss: 0.4973092
	speed: 0.0233s/iter; left time: 2355.9616s
	iters: 600, epoch: 4 | loss: 0.4546843
	speed: 0.0233s/iter; left time: 2353.8392s
	iters: 800, epoch: 4 | loss: 0.4467368
	speed: 0.0233s/iter; left time: 2352.4506s
	iters: 1000, epoch: 4 | loss: 0.5358313
	speed: 0.0233s/iter; left time: 2344.4120s
Epoch: 4 cost time: 24.389803171157837
Epoch: 4, Steps: 1048 | Train Loss: 0.4083520 Vali Loss: 0.9561179
Validation loss decreased (0.959223 --> 0.956118).  Saving model ...
Parameters: 1.032144
	iters: 200, epoch: 5 | loss: 0.3638750
	speed: 0.0415s/iter; left time: 4169.7465s
	iters: 400, epoch: 5 | loss: 0.4450149
	speed: 0.0233s/iter; left time: 2331.4467s
	iters: 600, epoch: 5 | loss: 0.4288936
	speed: 0.0233s/iter; left time: 2330.4186s
	iters: 800, epoch: 5 | loss: 0.3909320
	speed: 0.0233s/iter; left time: 2329.8452s
	iters: 1000, epoch: 5 | loss: 0.3679740
	speed: 0.0233s/iter; left time: 2320.0298s
Epoch: 5 cost time: 24.403454065322876
Epoch: 5, Steps: 1048 | Train Loss: 0.4074373 Vali Loss: 0.9578184
EarlyStopping counter: 1 out of 6
Parameters: 1.032144
	iters: 200, epoch: 6 | loss: 0.4277946
	speed: 0.0413s/iter; left time: 4105.2043s
	iters: 400, epoch: 6 | loss: 0.4538527
	speed: 0.0234s/iter; left time: 2317.0201s
	iters: 600, epoch: 6 | loss: 0.4302666
	speed: 0.0233s/iter; left time: 2308.5889s
	iters: 800, epoch: 6 | loss: 0.4377111
	speed: 0.0233s/iter; left time: 2304.6684s
	iters: 1000, epoch: 6 | loss: 0.3596172
	speed: 0.0234s/iter; left time: 2301.7702s
Epoch: 6 cost time: 24.451807022094727
Epoch: 6, Steps: 1048 | Train Loss: 0.4075406 Vali Loss: 0.9622286
EarlyStopping counter: 2 out of 6
Parameters: 1.032144
	iters: 200, epoch: 7 | loss: 0.4362347
	speed: 0.0417s/iter; left time: 4096.5863s
	iters: 400, epoch: 7 | loss: 0.3974617
	speed: 0.0233s/iter; left time: 2285.6107s
	iters: 600, epoch: 7 | loss: 0.3691819
	speed: 0.0233s/iter; left time: 2281.3338s
	iters: 800, epoch: 7 | loss: 0.4581487
	speed: 0.0233s/iter; left time: 2277.9390s
	iters: 1000, epoch: 7 | loss: 0.4155509
	speed: 0.0233s/iter; left time: 2274.2442s
Epoch: 7 cost time: 24.423668146133423
Epoch: 7, Steps: 1048 | Train Loss: 0.4066342 Vali Loss: 0.9568049
EarlyStopping counter: 3 out of 6
Parameters: 1.032144
	iters: 200, epoch: 8 | loss: 0.3473146
	speed: 0.0413s/iter; left time: 4017.7519s
	iters: 400, epoch: 8 | loss: 0.3514904
	speed: 0.0233s/iter; left time: 2262.4120s
	iters: 600, epoch: 8 | loss: 0.4204871
	speed: 0.0232s/iter; left time: 2251.8641s
	iters: 800, epoch: 8 | loss: 0.3393319
	speed: 0.0232s/iter; left time: 2240.5291s
	iters: 1000, epoch: 8 | loss: 0.4264429
	speed: 0.0233s/iter; left time: 2246.9357s
Epoch: 8 cost time: 24.364533185958862
Epoch: 8, Steps: 1048 | Train Loss: 0.4064119 Vali Loss: 0.9613239
EarlyStopping counter: 4 out of 6
Parameters: 1.032144
	iters: 200, epoch: 9 | loss: 0.3828096
	speed: 0.0414s/iter; left time: 3986.7471s
	iters: 400, epoch: 9 | loss: 0.4353642
	speed: 0.0233s/iter; left time: 2234.0107s
	iters: 600, epoch: 9 | loss: 0.3710002
	speed: 0.0233s/iter; left time: 2233.8817s
	iters: 800, epoch: 9 | loss: 0.4056029
	speed: 0.0233s/iter; left time: 2223.7786s
	iters: 1000, epoch: 9 | loss: 0.4547988
	speed: 0.0233s/iter; left time: 2219.3139s
Epoch: 9 cost time: 24.390113830566406
Epoch: 9, Steps: 1048 | Train Loss: 0.4064781 Vali Loss: 0.9578732
EarlyStopping counter: 5 out of 6
Parameters: 1.032144
	iters: 200, epoch: 10 | loss: 0.4172042
	speed: 0.0414s/iter; left time: 3939.2368s
	iters: 400, epoch: 10 | loss: 0.3459562
	speed: 0.0233s/iter; left time: 2214.9011s
	iters: 600, epoch: 10 | loss: 0.3761162
	speed: 0.0232s/iter; left time: 2201.6744s
	iters: 800, epoch: 10 | loss: 0.4214430
	speed: 0.0234s/iter; left time: 2209.8639s
	iters: 1000, epoch: 10 | loss: 0.3800241
	speed: 0.0233s/iter; left time: 2196.7782s
Epoch: 10 cost time: 24.402729272842407
Epoch: 10, Steps: 1048 | Train Loss: 0.4068982 Vali Loss: 0.9603574
EarlyStopping counter: 6 out of 6
Early stopping
>>>>>>>testing : long_term_forecast_closest_attraos_ettm1_l336_h720_s2023_Attraos_ETTm1_ftM_sl336_ll48_pl720_dm512_nh8_el1_dl1_df2048_fc1_ebtimeF_dtTrue_closest_attraos_ettm1_l336_h720_s2023_0<<<<<<<<<<<<<<<<<<<<<<<<<<<<<<<<<
test 10801
EVALUATION_RESULT {"batches": 338, "elements": 54437040, "mae": 0.4303223134870577, "metric_version": "element_weighted_v1", "mse": 0.43984109383519016, "parameter_count": 1032144, "split": "test", "test_accessed": true}
=== [11/24] closest_attraos_ettm2_l336_h96_s2023 ===
COMMAND /home/cwh/Time-Series-Library/.venv/bin/python -u /home/cwh/Time-Series-Library/external/timerole_p0/Attraos/run.py --task_name long_term_forecast --is_training 1 --model_id closest_attraos_ettm2_l336_h96_s2023 --model Attraos --seed 2023 --data ETTm2 --root_path /home/cwh/Time-Series-Library/dataset/ETT-small --data_path ETTm2.csv --features M --target OT --freq t --seq_len 336 --label_len 48 --pred_len 96 --enc_in 7 --dec_in 7 --c_out 7 --patch_len 16 --stride 16 --e_layers 1 --batch_size 32 --learning_rate 0.0001 --train_epochs 100 --patience 6 --num_workers 0 --gpu 0 --checkpoints /home/cwh/Time-Series-Library/logs/timerole_p0/closest/formal/attraos/checkpoints --des closest_attraos_ettm2_l336_h96_s2023 --itr 1 --test_after_train 1 --evaluation_split test --FFT_evolve True --multi_res True
True
Args in experiment:
[1mBasic Config[0m
  Task Name:          long_term_forecast  Is Training:        1                   
  Model ID:           closest_attraos_ettm2_l336_h96_s2023Model:              Attraos             

[1mData Loader[0m
  Data:               ETTm2               Root Path:          /home/cwh/Time-Series-Library/dataset/ETT-small
  Data Path:          ETTm2.csv           Features:           M                   
  Target:             OT                  Freq:               t                   
  Checkpoints:        /home/cwh/Time-Series-Library/logs/timerole_p0/closest/formal/attraos/checkpoints

[1mForecasting Task[0m
  Seq Len:            336                 Label Len:          48                  
  Pred Len:           96                  Seasonal Patterns:  Monthly             
  Inverse:            0                   

[1mModel Parameters[0m
  Top k:              5                   Num Kernels:        6                   
  Enc In:             7                   Dec In:             7                   
  C Out:              7                   d model:            512                 
  n heads:            8                   e layers:           1                   
  d layers:           1                   d FF:               2048                
  Moving Avg:         25                  Factor:             1                   
  Distil:             1                   Dropout:            0.1                 
  Embed:              timeF               Activation:         gelu                
  Output Attention:   0                   

[1mRun Parameters[0m
  Num Workers:        0                   Itr:                1                   
  Train Epochs:       100                 Batch Size:         32                  
  Patience:           6                   Learning Rate:      0.0001              
  Des:                closest_attraos_ettm2_l336_h96_s2023Loss:               MSE                 
  Lradj:              type1               Use Amp:            0                   

[1mGPU[0m
  Use GPU:            1                   GPU:                0                   
  Use Multi GPU:      0                   Devices:            0,1,2,3             

[1mDe-stationary Projector Params[0m
  P Hidden Dims:      128, 128            P Hidden Layers:    2                   

Use GPU: cuda:0
>>>>>>>start training : long_term_forecast_closest_attraos_ettm2_l336_h96_s2023_Attraos_ETTm2_ftM_sl336_ll48_pl96_dm512_nh8_el1_dl1_df2048_fc1_ebtimeF_dtTrue_closest_attraos_ettm2_l336_h96_s2023_0>>>>>>>>>>>>>>>>>>>>>>>>>>
train 34129
val 11425
Parameters: 0.192864
	iters: 200, epoch: 1 | loss: 0.2184241
	speed: 0.0263s/iter; left time: 2805.1819s
	iters: 400, epoch: 1 | loss: 0.2951295
	speed: 0.0230s/iter; left time: 2449.4644s
	iters: 600, epoch: 1 | loss: 0.1505693
	speed: 0.0230s/iter; left time: 2443.1666s
	iters: 800, epoch: 1 | loss: 0.1554342
	speed: 0.0230s/iter; left time: 2438.1776s
	iters: 1000, epoch: 1 | loss: 0.3568256
	speed: 0.0231s/iter; left time: 2436.7898s
Epoch: 1 cost time: 24.720749139785767
Epoch: 1, Steps: 1067 | Train Loss: 0.2607108 Vali Loss: 0.1302814
Validation loss decreased (inf --> 0.130281).  Saving model ...
Parameters: 0.192864
	iters: 200, epoch: 2 | loss: 0.2395835
	speed: 0.0433s/iter; left time: 4561.5564s
	iters: 400, epoch: 2 | loss: 0.1507187
	speed: 0.0230s/iter; left time: 2418.1230s
	iters: 600, epoch: 2 | loss: 0.3957670
	speed: 0.0230s/iter; left time: 2417.9140s
	iters: 800, epoch: 2 | loss: 0.1444018
	speed: 0.0231s/iter; left time: 2421.4356s
	iters: 1000, epoch: 2 | loss: 0.1948206
	speed: 0.0231s/iter; left time: 2411.9109s
Epoch: 2 cost time: 24.571935415267944
Epoch: 2, Steps: 1067 | Train Loss: 0.2165432 Vali Loss: 0.1238741
Validation loss decreased (0.130281 --> 0.123874).  Saving model ...
Parameters: 0.192864
	iters: 200, epoch: 3 | loss: 0.1437775
	speed: 0.0433s/iter; left time: 4521.0881s
	iters: 400, epoch: 3 | loss: 0.1177672
	speed: 0.0231s/iter; left time: 2405.1379s
	iters: 600, epoch: 3 | loss: 0.1131964
	speed: 0.0231s/iter; left time: 2404.3870s
	iters: 800, epoch: 3 | loss: 0.1291541
	speed: 0.0230s/iter; left time: 2389.1837s
	iters: 1000, epoch: 3 | loss: 0.2228367
	speed: 0.0231s/iter; left time: 2389.3314s
Epoch: 3 cost time: 24.590815782546997
Epoch: 3, Steps: 1067 | Train Loss: 0.2038199 Vali Loss: 0.1222022
Validation loss decreased (0.123874 --> 0.122202).  Saving model ...
Parameters: 0.192864
	iters: 200, epoch: 4 | loss: 0.1120402
	speed: 0.0434s/iter; left time: 4479.4743s
	iters: 400, epoch: 4 | loss: 0.2709693
	speed: 0.0230s/iter; left time: 2376.3786s
	iters: 600, epoch: 4 | loss: 0.1530863
	speed: 0.0230s/iter; left time: 2367.5505s
	iters: 800, epoch: 4 | loss: 0.1188801
	speed: 0.0231s/iter; left time: 2369.4107s
	iters: 1000, epoch: 4 | loss: 0.2098974
	speed: 0.0230s/iter; left time: 2362.6097s
Epoch: 4 cost time: 24.573528289794922
Epoch: 4, Steps: 1067 | Train Loss: 0.1980751 Vali Loss: 0.1211222
Validation loss decreased (0.122202 --> 0.121122).  Saving model ...
Parameters: 0.192864
	iters: 200, epoch: 5 | loss: 0.1368087
	speed: 0.0434s/iter; left time: 4432.7760s
	iters: 400, epoch: 5 | loss: 0.3101583
	speed: 0.0231s/iter; left time: 2352.0777s
	iters: 600, epoch: 5 | loss: 0.1984579
	speed: 0.0230s/iter; left time: 2342.3262s
	iters: 800, epoch: 5 | loss: 0.0865057
	speed: 0.0230s/iter; left time: 2334.8398s
	iters: 1000, epoch: 5 | loss: 0.2355005
	speed: 0.0230s/iter; left time: 2336.0515s
Epoch: 5 cost time: 24.543798446655273
Epoch: 5, Steps: 1067 | Train Loss: 0.1950908 Vali Loss: 0.1217996
EarlyStopping counter: 1 out of 6
Parameters: 0.192864
	iters: 200, epoch: 6 | loss: 0.1560370
	speed: 0.0433s/iter; left time: 4376.5550s
	iters: 400, epoch: 6 | loss: 0.1931019
	speed: 0.0230s/iter; left time: 2326.2763s
	iters: 600, epoch: 6 | loss: 0.1860089
	speed: 0.0230s/iter; left time: 2319.2170s
	iters: 800, epoch: 6 | loss: 0.1179903
	speed: 0.0231s/iter; left time: 2319.2341s
	iters: 1000, epoch: 6 | loss: 0.1819128
	speed: 0.0231s/iter; left time: 2314.2859s
Epoch: 6 cost time: 24.577965259552002
Epoch: 6, Steps: 1067 | Train Loss: 0.1935375 Vali Loss: 0.1229761
EarlyStopping counter: 2 out of 6
Parameters: 0.192864
	iters: 200, epoch: 7 | loss: 0.1695424
	speed: 0.0432s/iter; left time: 4321.9840s
	iters: 400, epoch: 7 | loss: 0.1031508
	speed: 0.0230s/iter; left time: 2296.1962s
	iters: 600, epoch: 7 | loss: 0.1610556
	speed: 0.0230s/iter; left time: 2296.2267s
	iters: 800, epoch: 7 | loss: 0.1133276
	speed: 0.0231s/iter; left time: 2298.3241s
	iters: 1000, epoch: 7 | loss: 0.2759163
	speed: 0.0230s/iter; left time: 2287.5377s
Epoch: 7 cost time: 24.56936264038086
Epoch: 7, Steps: 1067 | Train Loss: 0.1925108 Vali Loss: 0.1225816
EarlyStopping counter: 3 out of 6
Parameters: 0.192864
	iters: 200, epoch: 8 | loss: 0.2081648
	speed: 0.0433s/iter; left time: 4285.8620s
	iters: 400, epoch: 8 | loss: 0.1438044
	speed: 0.0230s/iter; left time: 2276.3836s
	iters: 600, epoch: 8 | loss: 0.1604996
	speed: 0.0230s/iter; left time: 2272.6008s
	iters: 800, epoch: 8 | loss: 0.1758774
	speed: 0.0230s/iter; left time: 2264.7572s
	iters: 1000, epoch: 8 | loss: 0.1324492
	speed: 0.0230s/iter; left time: 2256.6165s
Epoch: 8 cost time: 24.552582263946533
Epoch: 8, Steps: 1067 | Train Loss: 0.1922443 Vali Loss: 0.1215774
EarlyStopping counter: 4 out of 6
Parameters: 0.192864
	iters: 200, epoch: 9 | loss: 0.1882524
	speed: 0.0557s/iter; left time: 5453.8162s
	iters: 400, epoch: 9 | loss: 0.1166210
	speed: 0.0230s/iter; left time: 2248.5834s
	iters: 600, epoch: 9 | loss: 0.1699581
	speed: 0.0230s/iter; left time: 2246.8730s
	iters: 800, epoch: 9 | loss: 0.2286632
	speed: 0.0231s/iter; left time: 2247.3391s
	iters: 1000, epoch: 9 | loss: 0.2171695
	speed: 0.0230s/iter; left time: 2234.5229s
Epoch: 9 cost time: 27.071021556854248
Epoch: 9, Steps: 1067 | Train Loss: 0.1922803 Vali Loss: 0.1218306
EarlyStopping counter: 5 out of 6
Parameters: 0.192864
	iters: 200, epoch: 10 | loss: 0.1086606
	speed: 0.0435s/iter; left time: 4214.4121s
	iters: 400, epoch: 10 | loss: 0.2809670
	speed: 0.0231s/iter; left time: 2228.9313s
	iters: 600, epoch: 10 | loss: 0.1063541
	speed: 0.0230s/iter; left time: 2222.8501s
	iters: 800, epoch: 10 | loss: 0.1379875
	speed: 0.0231s/iter; left time: 2222.8073s
	iters: 1000, epoch: 10 | loss: 0.4441203
	speed: 0.0230s/iter; left time: 2213.7922s
Epoch: 10 cost time: 24.573719024658203
Epoch: 10, Steps: 1067 | Train Loss: 0.1920203 Vali Loss: 0.1223188
EarlyStopping counter: 6 out of 6
Early stopping
>>>>>>>testing : long_term_forecast_closest_attraos_ettm2_l336_h96_s2023_Attraos_ETTm2_ftM_sl336_ll48_pl96_dm512_nh8_el1_dl1_df2048_fc1_ebtimeF_dtTrue_closest_attraos_ettm2_l336_h96_s2023_0<<<<<<<<<<<<<<<<<<<<<<<<<<<<<<<<<
test 11425
EVALUATION_RESULT {"batches": 358, "elements": 7677600, "mae": 0.2604546464556541, "metric_version": "element_weighted_v1", "mse": 0.17267291739097024, "parameter_count": 192864, "split": "test", "test_accessed": true}
=== [12/24] closest_attraos_ettm2_l336_h720_s2023 ===
COMMAND /home/cwh/Time-Series-Library/.venv/bin/python -u /home/cwh/Time-Series-Library/external/timerole_p0/Attraos/run.py --task_name long_term_forecast --is_training 1 --model_id closest_attraos_ettm2_l336_h720_s2023 --model Attraos --seed 2023 --data ETTm2 --root_path /home/cwh/Time-Series-Library/dataset/ETT-small --data_path ETTm2.csv --features M --target OT --freq t --seq_len 336 --label_len 48 --pred_len 720 --enc_in 7 --dec_in 7 --c_out 7 --patch_len 16 --stride 16 --e_layers 1 --batch_size 32 --learning_rate 0.0001 --train_epochs 100 --patience 6 --num_workers 0 --gpu 0 --checkpoints /home/cwh/Time-Series-Library/logs/timerole_p0/closest/formal/attraos/checkpoints --des closest_attraos_ettm2_l336_h720_s2023 --itr 1 --test_after_train 1 --evaluation_split test --FFT_evolve True --multi_res True
True
Args in experiment:
[1mBasic Config[0m
  Task Name:          long_term_forecast  Is Training:        1                   
  Model ID:           closest_attraos_ettm2_l336_h720_s2023Model:              Attraos             

[1mData Loader[0m
  Data:               ETTm2               Root Path:          /home/cwh/Time-Series-Library/dataset/ETT-small
  Data Path:          ETTm2.csv           Features:           M                   
  Target:             OT                  Freq:               t                   
  Checkpoints:        /home/cwh/Time-Series-Library/logs/timerole_p0/closest/formal/attraos/checkpoints

[1mForecasting Task[0m
  Seq Len:            336                 Label Len:          48                  
  Pred Len:           720                 Seasonal Patterns:  Monthly             
  Inverse:            0                   

[1mModel Parameters[0m
  Top k:              5                   Num Kernels:        6                   
  Enc In:             7                   Dec In:             7                   
  C Out:              7                   d model:            512                 
  n heads:            8                   e layers:           1                   
  d layers:           1                   d FF:               2048                
  Moving Avg:         25                  Factor:             1                   
  Distil:             1                   Dropout:            0.1                 
  Embed:              timeF               Activation:         gelu                
  Output Attention:   0                   

[1mRun Parameters[0m
  Num Workers:        0                   Itr:                1                   
  Train Epochs:       100                 Batch Size:         32                  
  Patience:           6                   Learning Rate:      0.0001              
  Des:                closest_attraos_ettm2_l336_h720_s2023Loss:               MSE                 
  Lradj:              type1               Use Amp:            0                   

[1mGPU[0m
  Use GPU:            1                   GPU:                0                   
  Use Multi GPU:      0                   Devices:            0,1,2,3             

[1mDe-stationary Projector Params[0m
  P Hidden Dims:      128, 128            P Hidden Layers:    2                   

Use GPU: cuda:0
>>>>>>>start training : long_term_forecast_closest_attraos_ettm2_l336_h720_s2023_Attraos_ETTm2_ftM_sl336_ll48_pl720_dm512_nh8_el1_dl1_df2048_fc1_ebtimeF_dtTrue_closest_attraos_ettm2_l336_h720_s2023_0>>>>>>>>>>>>>>>>>>>>>>>>>>
train 33505
val 10801
Parameters: 1.032144
	iters: 200, epoch: 1 | loss: 0.2629494
	speed: 0.0265s/iter; left time: 2776.0923s
	iters: 400, epoch: 1 | loss: 0.5490413
	speed: 0.0233s/iter; left time: 2428.2563s
	iters: 600, epoch: 1 | loss: 0.7583791
	speed: 0.0233s/iter; left time: 2428.2562s
	iters: 800, epoch: 1 | loss: 0.3636506
	speed: 0.0233s/iter; left time: 2422.6191s
	iters: 1000, epoch: 1 | loss: 0.6839121
	speed: 0.0233s/iter; left time: 2416.8097s
Epoch: 1 cost time: 24.527986764907837
Epoch: 1, Steps: 1048 | Train Loss: 0.5575724 Vali Loss: 0.2811038
Validation loss decreased (inf --> 0.281104).  Saving model ...
Parameters: 1.032144
	iters: 200, epoch: 2 | loss: 0.4046590
	speed: 0.0413s/iter; left time: 4273.1889s
	iters: 400, epoch: 2 | loss: 0.5525422
	speed: 0.0233s/iter; left time: 2404.6525s
	iters: 600, epoch: 2 | loss: 0.2987928
	speed: 0.0232s/iter; left time: 2396.6137s
	iters: 800, epoch: 2 | loss: 0.6599081
	speed: 0.0233s/iter; left time: 2394.4884s
	iters: 1000, epoch: 2 | loss: 0.4476410
	speed: 0.0232s/iter; left time: 2388.9195s
Epoch: 2 cost time: 24.339425325393677
Epoch: 2, Steps: 1048 | Train Loss: 0.5077759 Vali Loss: 0.2781837
Validation loss decreased (0.281104 --> 0.278184).  Saving model ...
Parameters: 1.032144
	iters: 200, epoch: 3 | loss: 0.3292230
	speed: 0.0413s/iter; left time: 4234.5998s
	iters: 400, epoch: 3 | loss: 0.3386276
	speed: 0.0233s/iter; left time: 2381.5629s
	iters: 600, epoch: 3 | loss: 1.1058229
	speed: 0.0232s/iter; left time: 2373.7039s
	iters: 800, epoch: 3 | loss: 0.3209499
	speed: 0.0233s/iter; left time: 2373.4887s
	iters: 1000, epoch: 3 | loss: 0.6743590
	speed: 0.0233s/iter; left time: 2367.8665s
Epoch: 3 cost time: 24.367565870285034
Epoch: 3, Steps: 1048 | Train Loss: 0.4835654 Vali Loss: 0.2779980
Validation loss decreased (0.278184 --> 0.277998).  Saving model ...
Parameters: 1.032144
	iters: 200, epoch: 4 | loss: 0.4053486
	speed: 0.0413s/iter; left time: 4188.9293s
	iters: 400, epoch: 4 | loss: 0.8091899
	speed: 0.0233s/iter; left time: 2355.1456s
	iters: 600, epoch: 4 | loss: 0.4268820
	speed: 0.0233s/iter; left time: 2357.5493s
	iters: 800, epoch: 4 | loss: 0.5360927
	speed: 0.0232s/iter; left time: 2343.3541s
	iters: 1000, epoch: 4 | loss: 0.4771636
	speed: 0.0233s/iter; left time: 2343.3337s
Epoch: 4 cost time: 24.368552446365356
Epoch: 4, Steps: 1048 | Train Loss: 0.4757362 Vali Loss: 0.2775729
Validation loss decreased (0.277998 --> 0.277573).  Saving model ...
Parameters: 1.032144
	iters: 200, epoch: 5 | loss: 0.5837612
	speed: 0.0412s/iter; left time: 4137.9835s
	iters: 400, epoch: 5 | loss: 0.5138195
	speed: 0.0233s/iter; left time: 2332.5317s
	iters: 600, epoch: 5 | loss: 0.8202664
	speed: 0.0233s/iter; left time: 2334.0794s
	iters: 800, epoch: 5 | loss: 0.2675591
	speed: 0.0234s/iter; left time: 2331.6121s
	iters: 1000, epoch: 5 | loss: 0.5616147
	speed: 0.0233s/iter; left time: 2318.3092s
Epoch: 5 cost time: 24.402862548828125
Epoch: 5, Steps: 1048 | Train Loss: 0.4725211 Vali Loss: 0.2770580
Validation loss decreased (0.277573 --> 0.277058).  Saving model ...
Parameters: 1.032144
	iters: 200, epoch: 6 | loss: 0.7712163
	speed: 0.0413s/iter; left time: 4099.3900s
	iters: 400, epoch: 6 | loss: 0.3979530
	speed: 0.0234s/iter; left time: 2316.3216s
	iters: 600, epoch: 6 | loss: 0.3545857
	speed: 0.0233s/iter; left time: 2305.7085s
	iters: 800, epoch: 6 | loss: 0.6208287
	speed: 0.0233s/iter; left time: 2299.7263s
	iters: 1000, epoch: 6 | loss: 0.3173080
	speed: 0.0233s/iter; left time: 2299.1276s
Epoch: 6 cost time: 24.418619394302368
Epoch: 6, Steps: 1048 | Train Loss: 0.4719155 Vali Loss: 0.2769157
Validation loss decreased (0.277058 --> 0.276916).  Saving model ...
Parameters: 1.032144
	iters: 200, epoch: 7 | loss: 0.5808221
	speed: 0.0413s/iter; left time: 4060.4677s
	iters: 400, epoch: 7 | loss: 0.4311864
	speed: 0.0233s/iter; left time: 2284.2076s
	iters: 600, epoch: 7 | loss: 0.6823767
	speed: 0.0233s/iter; left time: 2279.1292s
	iters: 800, epoch: 7 | loss: 0.5298023
	speed: 0.0232s/iter; left time: 2268.2774s
	iters: 1000, epoch: 7 | loss: 0.9359081
	speed: 0.0232s/iter; left time: 2262.5322s
Epoch: 7 cost time: 24.361971616744995
Epoch: 7, Steps: 1048 | Train Loss: 0.4721452 Vali Loss: 0.2767689
Validation loss decreased (0.276916 --> 0.276769).  Saving model ...
Parameters: 1.032144
	iters: 200, epoch: 8 | loss: 0.3999420
	speed: 0.0412s/iter; left time: 4009.5007s
	iters: 400, epoch: 8 | loss: 0.6416036
	speed: 0.0232s/iter; left time: 2253.6253s
	iters: 600, epoch: 8 | loss: 0.5120570
	speed: 0.0233s/iter; left time: 2257.7384s
	iters: 800, epoch: 8 | loss: 0.4275311
	speed: 0.0233s/iter; left time: 2248.4503s
	iters: 1000, epoch: 8 | loss: 0.4228927
	speed: 0.0232s/iter; left time: 2238.8804s
Epoch: 8 cost time: 24.346365690231323
Epoch: 8, Steps: 1048 | Train Loss: 0.4729436 Vali Loss: 0.2801014
EarlyStopping counter: 1 out of 6
Parameters: 1.032144
	iters: 200, epoch: 9 | loss: 0.6027458
	speed: 0.0411s/iter; left time: 3950.6811s
	iters: 400, epoch: 9 | loss: 0.6368010
	speed: 0.0232s/iter; left time: 2229.9467s
	iters: 600, epoch: 9 | loss: 0.7621220
	speed: 0.0232s/iter; left time: 2220.8149s
	iters: 800, epoch: 9 | loss: 0.4432200
	speed: 0.0233s/iter; left time: 2226.1349s
	iters: 1000, epoch: 9 | loss: 0.8552773
	speed: 0.0232s/iter; left time: 2215.2619s
Epoch: 9 cost time: 24.32116174697876
Epoch: 9, Steps: 1048 | Train Loss: 0.4739192 Vali Loss: 0.2767873
EarlyStopping counter: 2 out of 6
Parameters: 1.032144
	iters: 200, epoch: 10 | loss: 0.5421574
	speed: 0.0412s/iter; left time: 3916.7218s
	iters: 400, epoch: 10 | loss: 0.3604644
	speed: 0.0232s/iter; left time: 2205.2351s
	iters: 600, epoch: 10 | loss: 0.3018202
	speed: 0.0232s/iter; left time: 2196.8080s
	iters: 800, epoch: 10 | loss: 0.4602445
	speed: 0.0232s/iter; left time: 2197.2534s
	iters: 1000, epoch: 10 | loss: 0.2763455
	speed: 0.0232s/iter; left time: 2188.9399s
Epoch: 10 cost time: 24.311742305755615
Epoch: 10, Steps: 1048 | Train Loss: 0.4743314 Vali Loss: 0.2792532
EarlyStopping counter: 3 out of 6
Parameters: 1.032144
	iters: 200, epoch: 11 | loss: 0.4076509
	speed: 0.0412s/iter; left time: 3880.1939s
	iters: 400, epoch: 11 | loss: 0.9197206
	speed: 0.0232s/iter; left time: 2177.6505s
	iters: 600, epoch: 11 | loss: 0.4685581
	speed: 0.0232s/iter; left time: 2174.6132s
	iters: 800, epoch: 11 | loss: 0.7343873
	speed: 0.0233s/iter; left time: 2176.9747s
	iters: 1000, epoch: 11 | loss: 0.3363161
	speed: 0.0233s/iter; left time: 2175.1008s
Epoch: 11 cost time: 24.33639430999756
Epoch: 11, Steps: 1048 | Train Loss: 0.4744027 Vali Loss: 0.2815659
EarlyStopping counter: 4 out of 6
Parameters: 1.032144
	iters: 200, epoch: 12 | loss: 0.5017849
	speed: 0.0411s/iter; left time: 3827.8824s
	iters: 400, epoch: 12 | loss: 0.4375089
	speed: 0.0233s/iter; left time: 2160.5384s
	iters: 600, epoch: 12 | loss: 0.4478090
	speed: 0.0233s/iter; left time: 2155.3588s
	iters: 800, epoch: 12 | loss: 0.3458645
	speed: 0.0232s/iter; left time: 2143.4875s
	iters: 1000, epoch: 12 | loss: 0.6704754
	speed: 0.0232s/iter; left time: 2140.1738s
Epoch: 12 cost time: 24.32480549812317
Epoch: 12, Steps: 1048 | Train Loss: 0.4736888 Vali Loss: 0.2826870
EarlyStopping counter: 5 out of 6
Parameters: 1.032144
	iters: 200, epoch: 13 | loss: 0.5499224
	speed: 0.0412s/iter; left time: 3790.6109s
	iters: 400, epoch: 13 | loss: 0.3345584
	speed: 0.0233s/iter; left time: 2135.8327s
	iters: 600, epoch: 13 | loss: 0.4037193
	speed: 0.0233s/iter; left time: 2131.2913s
	iters: 800, epoch: 13 | loss: 0.3263118
	speed: 0.0232s/iter; left time: 2121.9944s
	iters: 1000, epoch: 13 | loss: 0.5726525
	speed: 0.0232s/iter; left time: 2117.3696s
Epoch: 13 cost time: 24.330724000930786
Epoch: 13, Steps: 1048 | Train Loss: 0.4746855 Vali Loss: 0.2887316
EarlyStopping counter: 6 out of 6
Early stopping
>>>>>>>testing : long_term_forecast_closest_attraos_ettm2_l336_h720_s2023_Attraos_ETTm2_ftM_sl336_ll48_pl720_dm512_nh8_el1_dl1_df2048_fc1_ebtimeF_dtTrue_closest_attraos_ettm2_l336_h720_s2023_0<<<<<<<<<<<<<<<<<<<<<<<<<<<<<<<<<
test 10801
EVALUATION_RESULT {"batches": 338, "elements": 54437040, "mae": 0.3978380303463299, "metric_version": "element_weighted_v1", "mse": 0.38905454958838687, "parameter_count": 1032144, "split": "test", "test_accessed": true}
=== [13/24] closest_dim_ettm1_l336_h96_s2021 ===
COMMAND /home/cwh/Time-Series-Library/.venv/bin/python -u /home/cwh/Time-Series-Library/external/timerole_p0/DiM/run.py --task_name long_term_forecast --is_training 1 --model_id closest_dim_ettm1_l336_h96_s2021 --model DiM --seed 2021 --data ETTm1 --root_path /home/cwh/Time-Series-Library/dataset/ETT-small --data_path ETTm1.csv --features M --target OT --freq t --seq_len 336 --label_len 48 --pred_len 96 --enc_in 7 --dec_in 7 --c_out 7 --d_model 512 --d_ff 2048 --n_heads 8 --e_layers 1 --batch_size 32 --learning_rate 0.0002 --train_epochs 100 --patience 6 --num_workers 0 --gpu 0 --checkpoints /home/cwh/Time-Series-Library/logs/timerole_p0/closest/formal/dim/checkpoints --des closest_dim_ettm1_l336_h96_s2021 --itr 1 --test_after_train 1 --evaluation_split test
Args in experiment:
[1mBasic Config[0m
  Task Name:          long_term_forecast  Is Training:        1                   
  Model ID:           closest_dim_ettm1_l336_h96_s2021Model:              DiM                 

[1mData Loader[0m
  Data:               ETTm1               Root Path:          /home/cwh/Time-Series-Library/dataset/ETT-small
  Data Path:          ETTm1.csv           Features:           M                   
  Target:             OT                  Freq:               t                   
  Checkpoints:        /home/cwh/Time-Series-Library/logs/timerole_p0/closest/formal/dim/checkpoints

[1mForecasting Task[0m
  Seq Len:            336                 Label Len:          48                  
  Pred Len:           96                  Seasonal Patterns:  Monthly             
  Inverse:            0                   

[1mModel Parameters[0m
  Top k:              5                   Num Kernels:        6                   
  Enc In:             7                   Dec In:             7                   
  C Out:              7                   d model:            512                 
  n heads:            8                   e layers:           1                   
  d layers:           1                   d FF:               2048                
  Moving Avg:         25                  Factor:             1                   
  Distil:             1                   Dropout:            0.1                 
  Embed:              timeF               Activation:         gelu                
  Output Attention:   0                   

[1mRun Parameters[0m
  Num Workers:        0                   Itr:                1                   
  Train Epochs:       100                 Batch Size:         32                  
  Patience:           6                   Learning Rate:      0.0002              
  Des:                closest_dim_ettm1_l336_h96_s2021Loss:               MSE                 
  Lradj:              type1               Use Amp:            0                   

[1mGPU[0m
  Use GPU:            1                   GPU:                0                   
  Use Multi GPU:      0                   Devices:            0,1,2,3             

[1mDe-stationary Projector Params[0m
  P Hidden Dims:      128, 128            P Hidden Layers:    2                   

Use GPU: cuda:0
>>>>>>>start training : long_term_forecast_closest_dim_ettm1_l336_h96_s2021_DiM_ETTm1_ftM_sl336_ll48_pl96_dm512_nh8_el1_dl1_df2048_seita0.5_ebtimeF_gdep4_node_dim10_closest_dim_ettm1_l336_h96_s2021_0>>>>>>>>>>>>>>>>>>>>>>>>>>
train 34129
val 11425
Number of parameter:  2.78M
	iters: 100, epoch: 1 | loss: 0.2756115
	speed: 0.0117s/iter; left time: 1243.9837s
	iters: 200, epoch: 1 | loss: 0.3215913
	speed: 0.0060s/iter; left time: 635.9807s
	iters: 300, epoch: 1 | loss: 0.2905031
	speed: 0.0059s/iter; left time: 624.6443s
	iters: 400, epoch: 1 | loss: 0.2968257
	speed: 0.0059s/iter; left time: 630.1507s
	iters: 500, epoch: 1 | loss: 0.2956817
	speed: 0.0058s/iter; left time: 615.3626s
	iters: 600, epoch: 1 | loss: 0.2580945
	speed: 0.0058s/iter; left time: 616.8567s
	iters: 700, epoch: 1 | loss: 0.2495262
	speed: 0.0058s/iter; left time: 616.5195s
	iters: 800, epoch: 1 | loss: 0.2244635
	speed: 0.0057s/iter; left time: 602.7378s
	iters: 900, epoch: 1 | loss: 0.2095376
	speed: 0.0059s/iter; left time: 625.6155s
	iters: 1000, epoch: 1 | loss: 0.2991992
	speed: 0.0057s/iter; left time: 603.9843s
Epoch: 1 cost time: 6.440115451812744
Epoch: 1, Steps: 1067 | Train Loss: 0.2654707 Vali Loss: 0.3700638
Validation loss decreased (inf --> 0.370064).  Saving model ...
Updating learning rate to 0.0002
	iters: 100, epoch: 2 | loss: 0.2286729
	speed: 0.0186s/iter; left time: 1960.2939s
	iters: 200, epoch: 2 | loss: 0.2570655
	speed: 0.0057s/iter; left time: 597.6455s
	iters: 300, epoch: 2 | loss: 0.2664672
	speed: 0.0057s/iter; left time: 603.7026s
	iters: 400, epoch: 2 | loss: 0.2402905
	speed: 0.0058s/iter; left time: 611.9242s
	iters: 500, epoch: 2 | loss: 0.2262997
	speed: 0.0058s/iter; left time: 606.6251s
	iters: 600, epoch: 2 | loss: 0.2532084
	speed: 0.0061s/iter; left time: 637.5820s
	iters: 700, epoch: 2 | loss: 0.2714109
	speed: 0.0058s/iter; left time: 612.7256s
	iters: 800, epoch: 2 | loss: 0.2166107
	speed: 0.0056s/iter; left time: 588.9494s
	iters: 900, epoch: 2 | loss: 0.2810004
	speed: 0.0059s/iter; left time: 620.4860s
	iters: 1000, epoch: 2 | loss: 0.2001901
	speed: 0.0058s/iter; left time: 602.1522s
Epoch: 2 cost time: 6.183578014373779
Epoch: 2, Steps: 1067 | Train Loss: 0.2295491 Vali Loss: 0.3626363
Validation loss decreased (0.370064 --> 0.362636).  Saving model ...
Updating learning rate to 0.0001
	iters: 100, epoch: 3 | loss: 0.2064313
	speed: 0.0183s/iter; left time: 1908.0967s
	iters: 200, epoch: 3 | loss: 0.2335610
	speed: 0.0057s/iter; left time: 590.8023s
	iters: 300, epoch: 3 | loss: 0.2457927
	speed: 0.0057s/iter; left time: 594.9970s
	iters: 400, epoch: 3 | loss: 0.2115210
	speed: 0.0056s/iter; left time: 587.2959s
	iters: 500, epoch: 3 | loss: 0.2258945
	speed: 0.0056s/iter; left time: 584.7211s
	iters: 600, epoch: 3 | loss: 0.2011053
	speed: 0.0055s/iter; left time: 572.7242s
	iters: 700, epoch: 3 | loss: 0.2440583
	speed: 0.0057s/iter; left time: 587.3791s
	iters: 800, epoch: 3 | loss: 0.1909659
	speed: 0.0058s/iter; left time: 598.4260s
	iters: 900, epoch: 3 | loss: 0.2786640
	speed: 0.0060s/iter; left time: 624.3344s
	iters: 1000, epoch: 3 | loss: 0.1618337
	speed: 0.0056s/iter; left time: 578.8274s
Epoch: 3 cost time: 6.1002585887908936
Epoch: 3, Steps: 1067 | Train Loss: 0.2105596 Vali Loss: 0.3628772
EarlyStopping counter: 1 out of 6
Updating learning rate to 5e-05
	iters: 100, epoch: 4 | loss: 0.2373360
	speed: 0.0184s/iter; left time: 1901.3293s
	iters: 200, epoch: 4 | loss: 0.1985476
	speed: 0.0056s/iter; left time: 578.3531s
	iters: 300, epoch: 4 | loss: 0.2272915
	speed: 0.0056s/iter; left time: 582.5127s
	iters: 400, epoch: 4 | loss: 0.1791774
	speed: 0.0058s/iter; left time: 592.8491s
	iters: 500, epoch: 4 | loss: 0.1855727
	speed: 0.0058s/iter; left time: 594.9170s
	iters: 600, epoch: 4 | loss: 0.2190574
	speed: 0.0058s/iter; left time: 596.4733s
	iters: 700, epoch: 4 | loss: 0.2070701
	speed: 0.0057s/iter; left time: 587.2606s
	iters: 800, epoch: 4 | loss: 0.2426756
	speed: 0.0058s/iter; left time: 592.5446s
	iters: 900, epoch: 4 | loss: 0.1759888
	speed: 0.0059s/iter; left time: 607.4512s
	iters: 1000, epoch: 4 | loss: 0.2169098
	speed: 0.0055s/iter; left time: 563.9455s
Epoch: 4 cost time: 6.123862981796265
Epoch: 4, Steps: 1067 | Train Loss: 0.2001323 Vali Loss: 0.3723152
EarlyStopping counter: 2 out of 6
Updating learning rate to 2.5e-05
	iters: 100, epoch: 5 | loss: 0.1867919
	speed: 0.0187s/iter; left time: 1914.7739s
	iters: 200, epoch: 5 | loss: 0.1724199
	speed: 0.0057s/iter; left time: 584.7470s
	iters: 300, epoch: 5 | loss: 0.2026298
	speed: 0.0056s/iter; left time: 568.8311s
	iters: 400, epoch: 5 | loss: 0.1973670
	speed: 0.0057s/iter; left time: 577.9091s
	iters: 500, epoch: 5 | loss: 0.1778617
	speed: 0.0059s/iter; left time: 596.5689s
	iters: 600, epoch: 5 | loss: 0.1933400
	speed: 0.0056s/iter; left time: 572.6511s
	iters: 700, epoch: 5 | loss: 0.1830697
	speed: 0.0057s/iter; left time: 578.4938s
	iters: 800, epoch: 5 | loss: 0.1959809
	speed: 0.0057s/iter; left time: 581.1789s
	iters: 900, epoch: 5 | loss: 0.1880164
	speed: 0.0056s/iter; left time: 566.6467s
	iters: 1000, epoch: 5 | loss: 0.1949953
	speed: 0.0056s/iter; left time: 569.1921s
Epoch: 5 cost time: 6.053065299987793
Epoch: 5, Steps: 1067 | Train Loss: 0.1941142 Vali Loss: 0.3744080
EarlyStopping counter: 3 out of 6
Updating learning rate to 1.25e-05
	iters: 100, epoch: 6 | loss: 0.1964831
	speed: 0.0182s/iter; left time: 1844.9881s
	iters: 200, epoch: 6 | loss: 0.1729300
	speed: 0.0058s/iter; left time: 585.6790s
	iters: 300, epoch: 6 | loss: 0.1983545
	speed: 0.0057s/iter; left time: 575.6101s
	iters: 400, epoch: 6 | loss: 0.1651442
	speed: 0.0056s/iter; left time: 567.1940s
	iters: 500, epoch: 6 | loss: 0.2182985
	speed: 0.0061s/iter; left time: 616.4193s
	iters: 600, epoch: 6 | loss: 0.2005252
	speed: 0.0059s/iter; left time: 589.7058s
	iters: 700, epoch: 6 | loss: 0.1892670
	speed: 0.0057s/iter; left time: 571.4597s
	iters: 800, epoch: 6 | loss: 0.1717809
	speed: 0.0059s/iter; left time: 589.1606s
	iters: 900, epoch: 6 | loss: 0.2454227
	speed: 0.0060s/iter; left time: 599.1596s
	iters: 1000, epoch: 6 | loss: 0.1554932
	speed: 0.0056s/iter; left time: 560.9182s
Epoch: 6 cost time: 6.150307655334473
Epoch: 6, Steps: 1067 | Train Loss: 0.1910400 Vali Loss: 0.3757245
EarlyStopping counter: 4 out of 6
Updating learning rate to 6.25e-06
	iters: 100, epoch: 7 | loss: 0.1708993
	speed: 0.0181s/iter; left time: 1813.1367s
	iters: 200, epoch: 7 | loss: 0.1616851
	speed: 0.0059s/iter; left time: 586.3734s
	iters: 300, epoch: 7 | loss: 0.1756523
	speed: 0.0058s/iter; left time: 582.2116s
	iters: 400, epoch: 7 | loss: 0.1977014
	speed: 0.0061s/iter; left time: 606.8131s
	iters: 500, epoch: 7 | loss: 0.2018918
	speed: 0.0057s/iter; left time: 571.4447s
	iters: 600, epoch: 7 | loss: 0.2207149
	speed: 0.0058s/iter; left time: 581.9283s
	iters: 700, epoch: 7 | loss: 0.1743572
	speed: 0.0062s/iter; left time: 616.2703s
	iters: 800, epoch: 7 | loss: 0.1891694
	speed: 0.0058s/iter; left time: 572.6889s
	iters: 900, epoch: 7 | loss: 0.1708962
	speed: 0.0057s/iter; left time: 563.6773s
	iters: 1000, epoch: 7 | loss: 0.1611429
	speed: 0.0058s/iter; left time: 571.6805s
Epoch: 7 cost time: 6.241683721542358
Epoch: 7, Steps: 1067 | Train Loss: 0.1893938 Vali Loss: 0.3780349
EarlyStopping counter: 5 out of 6
Updating learning rate to 3.125e-06
	iters: 100, epoch: 8 | loss: 0.1841577
	speed: 0.0185s/iter; left time: 1836.8665s
	iters: 200, epoch: 8 | loss: 0.2522474
	speed: 0.0060s/iter; left time: 594.9359s
	iters: 300, epoch: 8 | loss: 0.2004320
	speed: 0.0057s/iter; left time: 565.8288s
	iters: 400, epoch: 8 | loss: 0.2170560
	speed: 0.0058s/iter; left time: 577.8015s
	iters: 500, epoch: 8 | loss: 0.1867704
	speed: 0.0057s/iter; left time: 562.2312s
	iters: 600, epoch: 8 | loss: 0.1867697
	speed: 0.0058s/iter; left time: 573.0812s
	iters: 700, epoch: 8 | loss: 0.1814216
	speed: 0.0059s/iter; left time: 581.1848s
	iters: 800, epoch: 8 | loss: 0.2167770
	speed: 0.0058s/iter; left time: 569.8058s
	iters: 900, epoch: 8 | loss: 0.1684648
	speed: 0.0060s/iter; left time: 589.0204s
	iters: 1000, epoch: 8 | loss: 0.1835517
	speed: 0.0057s/iter; left time: 562.7468s
Epoch: 8 cost time: 6.218222618103027
Epoch: 8, Steps: 1067 | Train Loss: 0.1885550 Vali Loss: 0.3782202
EarlyStopping counter: 6 out of 6
Early stopping
>>>>>>>testing : long_term_forecast_closest_dim_ettm1_l336_h96_s2021_DiM_ETTm1_ftM_sl336_ll48_pl96_dm512_nh8_el1_dl1_df2048_seita0.5_ebtimeF_gdep4_node_dim10_closest_dim_ettm1_l336_h96_s2021_0<<<<<<<<<<<<<<<<<<<<<<<<<<<<<<<<<
test 11425
EVALUATION_RESULT {"batches": 358, "elements": 7677600, "mae": 0.3437715726953578, "metric_version": "element_weighted_v1", "mse": 0.2901075499418242, "parameter_count": 2782492, "split": "test", "test_accessed": true}
=== [14/24] closest_dim_ettm1_l336_h720_s2021 ===
COMMAND /home/cwh/Time-Series-Library/.venv/bin/python -u /home/cwh/Time-Series-Library/external/timerole_p0/DiM/run.py --task_name long_term_forecast --is_training 1 --model_id closest_dim_ettm1_l336_h720_s2021 --model DiM --seed 2021 --data ETTm1 --root_path /home/cwh/Time-Series-Library/dataset/ETT-small --data_path ETTm1.csv --features M --target OT --freq t --seq_len 336 --label_len 48 --pred_len 720 --enc_in 7 --dec_in 7 --c_out 7 --d_model 512 --d_ff 2048 --n_heads 8 --e_layers 1 --batch_size 32 --learning_rate 0.0002 --train_epochs 100 --patience 6 --num_workers 0 --gpu 0 --checkpoints /home/cwh/Time-Series-Library/logs/timerole_p0/closest/formal/dim/checkpoints --des closest_dim_ettm1_l336_h720_s2021 --itr 1 --test_after_train 1 --evaluation_split test
Args in experiment:
[1mBasic Config[0m
  Task Name:          long_term_forecast  Is Training:        1                   
  Model ID:           closest_dim_ettm1_l336_h720_s2021Model:              DiM                 

[1mData Loader[0m
  Data:               ETTm1               Root Path:          /home/cwh/Time-Series-Library/dataset/ETT-small
  Data Path:          ETTm1.csv           Features:           M                   
  Target:             OT                  Freq:               t                   
  Checkpoints:        /home/cwh/Time-Series-Library/logs/timerole_p0/closest/formal/dim/checkpoints

[1mForecasting Task[0m
  Seq Len:            336                 Label Len:          48                  
  Pred Len:           720                 Seasonal Patterns:  Monthly             
  Inverse:            0                   

[1mModel Parameters[0m
  Top k:              5                   Num Kernels:        6                   
  Enc In:             7                   Dec In:             7                   
  C Out:              7                   d model:            512                 
  n heads:            8                   e layers:           1                   
  d layers:           1                   d FF:               2048                
  Moving Avg:         25                  Factor:             1                   
  Distil:             1                   Dropout:            0.1                 
  Embed:              timeF               Activation:         gelu                
  Output Attention:   0                   

[1mRun Parameters[0m
  Num Workers:        0                   Itr:                1                   
  Train Epochs:       100                 Batch Size:         32                  
  Patience:           6                   Learning Rate:      0.0002              
  Des:                closest_dim_ettm1_l336_h720_s2021Loss:               MSE                 
  Lradj:              type1               Use Amp:            0                   

[1mGPU[0m
  Use GPU:            1                   GPU:                0                   
  Use Multi GPU:      0                   Devices:            0,1,2,3             

[1mDe-stationary Projector Params[0m
  P Hidden Dims:      128, 128            P Hidden Layers:    2                   

Use GPU: cuda:0
>>>>>>>start training : long_term_forecast_closest_dim_ettm1_l336_h720_s2021_DiM_ETTm1_ftM_sl336_ll48_pl720_dm512_nh8_el1_dl1_df2048_seita0.5_ebtimeF_gdep4_node_dim10_closest_dim_ettm1_l336_h720_s2021_0>>>>>>>>>>>>>>>>>>>>>>>>>>
train 33505
val 10801
Number of parameter:  3.10M
	iters: 100, epoch: 1 | loss: 0.4087524
	speed: 0.0125s/iter; left time: 1306.0041s
	iters: 200, epoch: 1 | loss: 0.4627033
	speed: 0.0061s/iter; left time: 635.5315s
	iters: 300, epoch: 1 | loss: 0.4230188
	speed: 0.0060s/iter; left time: 623.9242s
	iters: 400, epoch: 1 | loss: 0.4697189
	speed: 0.0058s/iter; left time: 609.5805s
	iters: 500, epoch: 1 | loss: 0.4153165
	speed: 0.0060s/iter; left time: 620.6904s
	iters: 600, epoch: 1 | loss: 0.4228779
	speed: 0.0057s/iter; left time: 594.1245s
	iters: 700, epoch: 1 | loss: 0.3977362
	speed: 0.0059s/iter; left time: 615.2492s
	iters: 800, epoch: 1 | loss: 0.3741170
	speed: 0.0060s/iter; left time: 627.8532s
	iters: 900, epoch: 1 | loss: 0.3900935
	speed: 0.0060s/iter; left time: 628.4623s
	iters: 1000, epoch: 1 | loss: 0.3928449
	speed: 0.0060s/iter; left time: 617.8739s
Epoch: 1 cost time: 6.50722336769104
Epoch: 1, Steps: 1048 | Train Loss: 0.4234019 Vali Loss: 0.9682015
Validation loss decreased (inf --> 0.968202).  Saving model ...
Updating learning rate to 0.0002
	iters: 100, epoch: 2 | loss: 0.4635966
	speed: 0.0184s/iter; left time: 1903.0945s
	iters: 200, epoch: 2 | loss: 0.3689172
	speed: 0.0062s/iter; left time: 647.0181s
	iters: 300, epoch: 2 | loss: 0.3332343
	speed: 0.0063s/iter; left time: 648.8571s
	iters: 400, epoch: 2 | loss: 0.4139602
	speed: 0.0063s/iter; left time: 648.1257s
	iters: 500, epoch: 2 | loss: 0.3550955
	speed: 0.0063s/iter; left time: 650.0391s
	iters: 600, epoch: 2 | loss: 0.4051259
	speed: 0.0061s/iter; left time: 633.1148s
	iters: 700, epoch: 2 | loss: 0.3988179
	speed: 0.0060s/iter; left time: 622.3355s
	iters: 800, epoch: 2 | loss: 0.3388184
	speed: 0.0061s/iter; left time: 626.2071s
	iters: 900, epoch: 2 | loss: 0.3647580
	speed: 0.0061s/iter; left time: 623.2195s
	iters: 1000, epoch: 2 | loss: 0.3762483
	speed: 0.0062s/iter; left time: 640.6489s
Epoch: 2 cost time: 6.485750436782837
Epoch: 2, Steps: 1048 | Train Loss: 0.3896055 Vali Loss: 0.9604775
Validation loss decreased (0.968202 --> 0.960477).  Saving model ...
Updating learning rate to 0.0001
	iters: 100, epoch: 3 | loss: 0.3720082
	speed: 0.0185s/iter; left time: 1896.1201s
	iters: 200, epoch: 3 | loss: 0.4215598
	speed: 0.0061s/iter; left time: 622.0188s
	iters: 300, epoch: 3 | loss: 0.3918580
	speed: 0.0062s/iter; left time: 636.7684s
	iters: 400, epoch: 3 | loss: 0.4376784
	speed: 0.0062s/iter; left time: 638.0630s
	iters: 500, epoch: 3 | loss: 0.3611727
	speed: 0.0062s/iter; left time: 629.6159s
	iters: 600, epoch: 3 | loss: 0.3911549
	speed: 0.0059s/iter; left time: 600.0751s
	iters: 700, epoch: 3 | loss: 0.3661003
	speed: 0.0062s/iter; left time: 631.2767s
	iters: 800, epoch: 3 | loss: 0.3717672
	speed: 0.0060s/iter; left time: 614.3984s
	iters: 900, epoch: 3 | loss: 0.4050457
	speed: 0.0061s/iter; left time: 621.4077s
	iters: 1000, epoch: 3 | loss: 0.3572080
	speed: 0.0065s/iter; left time: 661.9885s
Epoch: 3 cost time: 6.45801305770874
Epoch: 3, Steps: 1048 | Train Loss: 0.3661916 Vali Loss: 0.9872589
EarlyStopping counter: 1 out of 6
Updating learning rate to 5e-05
	iters: 100, epoch: 4 | loss: 0.3547409
	speed: 0.0189s/iter; left time: 1917.7555s
	iters: 200, epoch: 4 | loss: 0.3601635
	speed: 0.0063s/iter; left time: 635.2439s
	iters: 300, epoch: 4 | loss: 0.3788713
	speed: 0.0064s/iter; left time: 644.6848s
	iters: 400, epoch: 4 | loss: 0.3108036
	speed: 0.0059s/iter; left time: 598.9028s
	iters: 500, epoch: 4 | loss: 0.3774572
	speed: 0.0063s/iter; left time: 639.2464s
	iters: 600, epoch: 4 | loss: 0.3519563
	speed: 0.0062s/iter; left time: 626.2280s
	iters: 700, epoch: 4 | loss: 0.3422534
	speed: 0.0059s/iter; left time: 595.9962s
	iters: 800, epoch: 4 | loss: 0.3719968
	speed: 0.0061s/iter; left time: 612.3411s
	iters: 900, epoch: 4 | loss: 0.3255561
	speed: 0.0059s/iter; left time: 598.5041s
	iters: 1000, epoch: 4 | loss: 0.3892904
	speed: 0.0062s/iter; left time: 624.9056s
Epoch: 4 cost time: 6.412707328796387
Epoch: 4, Steps: 1048 | Train Loss: 0.3505109 Vali Loss: 0.9974113
EarlyStopping counter: 2 out of 6
Updating learning rate to 2.5e-05
	iters: 100, epoch: 5 | loss: 0.3604414
	speed: 0.0190s/iter; left time: 1912.3396s
	iters: 200, epoch: 5 | loss: 0.3236459
	speed: 0.0062s/iter; left time: 619.3405s
	iters: 300, epoch: 5 | loss: 0.3140531
	speed: 0.0060s/iter; left time: 599.5996s
	iters: 400, epoch: 5 | loss: 0.3053569
	speed: 0.0061s/iter; left time: 614.7833s
	iters: 500, epoch: 5 | loss: 0.3052998
	speed: 0.0062s/iter; left time: 620.0955s
	iters: 600, epoch: 5 | loss: 0.3607486
	speed: 0.0060s/iter; left time: 602.8818s
	iters: 700, epoch: 5 | loss: 0.2918051
	speed: 0.0060s/iter; left time: 597.9266s
	iters: 800, epoch: 5 | loss: 0.3086990
	speed: 0.0062s/iter; left time: 615.7531s
	iters: 900, epoch: 5 | loss: 0.3156726
	speed: 0.0058s/iter; left time: 581.1972s
	iters: 1000, epoch: 5 | loss: 0.3230338
	speed: 0.0064s/iter; left time: 633.4835s
Epoch: 5 cost time: 6.399862766265869
Epoch: 5, Steps: 1048 | Train Loss: 0.3422943 Vali Loss: 0.9975990
EarlyStopping counter: 3 out of 6
Updating learning rate to 1.25e-05
	iters: 100, epoch: 6 | loss: 0.3715835
	speed: 0.0189s/iter; left time: 1883.6147s
	iters: 200, epoch: 6 | loss: 0.3234240
	speed: 0.0064s/iter; left time: 639.4360s
	iters: 300, epoch: 6 | loss: 0.3669035
	speed: 0.0065s/iter; left time: 643.0300s
	iters: 400, epoch: 6 | loss: 0.3960641
	speed: 0.0064s/iter; left time: 637.0325s
	iters: 500, epoch: 6 | loss: 0.3603905
	speed: 0.0063s/iter; left time: 624.2923s
	iters: 600, epoch: 6 | loss: 0.3111784
	speed: 0.0060s/iter; left time: 588.8284s
	iters: 700, epoch: 6 | loss: 0.3558165
	speed: 0.0061s/iter; left time: 605.6699s
	iters: 800, epoch: 6 | loss: 0.3741029
	speed: 0.0063s/iter; left time: 620.6707s
	iters: 900, epoch: 6 | loss: 0.3270529
	speed: 0.0061s/iter; left time: 603.1384s
	iters: 1000, epoch: 6 | loss: 0.3048049
	speed: 0.0064s/iter; left time: 626.1984s
Epoch: 6 cost time: 6.593320846557617
Epoch: 6, Steps: 1048 | Train Loss: 0.3379368 Vali Loss: 1.0006635
EarlyStopping counter: 4 out of 6
Updating learning rate to 6.25e-06
	iters: 100, epoch: 7 | loss: 0.3300103
	speed: 0.0184s/iter; left time: 1814.4758s
	iters: 200, epoch: 7 | loss: 0.3042075
	speed: 0.0063s/iter; left time: 615.6261s
	iters: 300, epoch: 7 | loss: 0.3955628
	speed: 0.0063s/iter; left time: 619.3991s
	iters: 400, epoch: 7 | loss: 0.3623196
	speed: 0.0061s/iter; left time: 597.2436s
	iters: 500, epoch: 7 | loss: 0.3855925
	speed: 0.0064s/iter; left time: 626.2638s
	iters: 600, epoch: 7 | loss: 0.3365028
	speed: 0.0060s/iter; left time: 588.8601s
	iters: 700, epoch: 7 | loss: 0.3233540
	speed: 0.0063s/iter; left time: 614.3090s
	iters: 800, epoch: 7 | loss: 0.3410740
	speed: 0.0063s/iter; left time: 618.0062s
	iters: 900, epoch: 7 | loss: 0.3268896
	speed: 0.0064s/iter; left time: 625.5949s
	iters: 1000, epoch: 7 | loss: 0.3506386
	speed: 0.0061s/iter; left time: 593.8753s
Epoch: 7 cost time: 6.4993720054626465
Epoch: 7, Steps: 1048 | Train Loss: 0.3361737 Vali Loss: 1.0031616
EarlyStopping counter: 5 out of 6
Updating learning rate to 3.125e-06
	iters: 100, epoch: 8 | loss: 0.2887579
	speed: 0.0190s/iter; left time: 1851.4862s
	iters: 200, epoch: 8 | loss: 0.3452018
	speed: 0.0063s/iter; left time: 614.7178s
	iters: 300, epoch: 8 | loss: 0.3432406
	speed: 0.0062s/iter; left time: 604.0864s
	iters: 400, epoch: 8 | loss: 0.3847537
	speed: 0.0063s/iter; left time: 611.2196s
	iters: 500, epoch: 8 | loss: 0.3915735
	speed: 0.0062s/iter; left time: 604.3892s
	iters: 600, epoch: 8 | loss: 0.3384987
	speed: 0.0064s/iter; left time: 615.4408s
	iters: 700, epoch: 8 | loss: 0.3579763
	speed: 0.0061s/iter; left time: 592.9687s
	iters: 800, epoch: 8 | loss: 0.3296545
	speed: 0.0060s/iter; left time: 583.6910s
	iters: 900, epoch: 8 | loss: 0.3369103
	speed: 0.0063s/iter; left time: 608.2949s
	iters: 1000, epoch: 8 | loss: 0.3788359
	speed: 0.0063s/iter; left time: 604.6321s
Epoch: 8 cost time: 6.5460450649261475
Epoch: 8, Steps: 1048 | Train Loss: 0.3348561 Vali Loss: 1.0027253
EarlyStopping counter: 6 out of 6
Early stopping
>>>>>>>testing : long_term_forecast_closest_dim_ettm1_l336_h720_s2021_DiM_ETTm1_ftM_sl336_ll48_pl720_dm512_nh8_el1_dl1_df2048_seita0.5_ebtimeF_gdep4_node_dim10_closest_dim_ettm1_l336_h720_s2021_0<<<<<<<<<<<<<<<<<<<<<<<<<<<<<<<<<
test 10801
EVALUATION_RESULT {"batches": 338, "elements": 54437040, "mae": 0.42881987283497597, "metric_version": "element_weighted_v1", "mse": 0.423489510198387, "parameter_count": 3102604, "split": "test", "test_accessed": true}
=== [15/24] closest_dim_ettm2_l336_h96_s2021 ===
COMMAND /home/cwh/Time-Series-Library/.venv/bin/python -u /home/cwh/Time-Series-Library/external/timerole_p0/DiM/run.py --task_name long_term_forecast --is_training 1 --model_id closest_dim_ettm2_l336_h96_s2021 --model DiM --seed 2021 --data ETTm2 --root_path /home/cwh/Time-Series-Library/dataset/ETT-small --data_path ETTm2.csv --features M --target OT --freq t --seq_len 336 --label_len 48 --pred_len 96 --enc_in 7 --dec_in 7 --c_out 7 --d_model 512 --d_ff 2048 --n_heads 8 --e_layers 1 --batch_size 32 --learning_rate 0.0002 --train_epochs 100 --patience 6 --num_workers 0 --gpu 0 --checkpoints /home/cwh/Time-Series-Library/logs/timerole_p0/closest/formal/dim/checkpoints --des closest_dim_ettm2_l336_h96_s2021 --itr 1 --test_after_train 1 --evaluation_split test
Args in experiment:
[1mBasic Config[0m
  Task Name:          long_term_forecast  Is Training:        1                   
  Model ID:           closest_dim_ettm2_l336_h96_s2021Model:              DiM                 

[1mData Loader[0m
  Data:               ETTm2               Root Path:          /home/cwh/Time-Series-Library/dataset/ETT-small
  Data Path:          ETTm2.csv           Features:           M                   
  Target:             OT                  Freq:               t                   
  Checkpoints:        /home/cwh/Time-Series-Library/logs/timerole_p0/closest/formal/dim/checkpoints

[1mForecasting Task[0m
  Seq Len:            336                 Label Len:          48                  
  Pred Len:           96                  Seasonal Patterns:  Monthly             
  Inverse:            0                   

[1mModel Parameters[0m
  Top k:              5                   Num Kernels:        6                   
  Enc In:             7                   Dec In:             7                   
  C Out:              7                   d model:            512                 
  n heads:            8                   e layers:           1                   
  d layers:           1                   d FF:               2048                
  Moving Avg:         25                  Factor:             1                   
  Distil:             1                   Dropout:            0.1                 
  Embed:              timeF               Activation:         gelu                
  Output Attention:   0                   

[1mRun Parameters[0m
  Num Workers:        0                   Itr:                1                   
  Train Epochs:       100                 Batch Size:         32                  
  Patience:           6                   Learning Rate:      0.0002              
  Des:                closest_dim_ettm2_l336_h96_s2021Loss:               MSE                 
  Lradj:              type1               Use Amp:            0                   

[1mGPU[0m
  Use GPU:            1                   GPU:                0                   
  Use Multi GPU:      0                   Devices:            0,1,2,3             

[1mDe-stationary Projector Params[0m
  P Hidden Dims:      128, 128            P Hidden Layers:    2                   

Use GPU: cuda:0
>>>>>>>start training : long_term_forecast_closest_dim_ettm2_l336_h96_s2021_DiM_ETTm2_ftM_sl336_ll48_pl96_dm512_nh8_el1_dl1_df2048_seita0.5_ebtimeF_gdep4_node_dim10_closest_dim_ettm2_l336_h96_s2021_0>>>>>>>>>>>>>>>>>>>>>>>>>>
train 34129
val 11425
Number of parameter:  2.78M
	iters: 100, epoch: 1 | loss: 0.1750923
	speed: 0.0118s/iter; left time: 1257.3383s
	iters: 200, epoch: 1 | loss: 0.2079249
	speed: 0.0058s/iter; left time: 615.8856s
	iters: 300, epoch: 1 | loss: 0.1780856
	speed: 0.0056s/iter; left time: 597.1002s
	iters: 400, epoch: 1 | loss: 0.1619339
	speed: 0.0059s/iter; left time: 628.6767s
	iters: 500, epoch: 1 | loss: 0.4761907
	speed: 0.0058s/iter; left time: 614.7805s
	iters: 600, epoch: 1 | loss: 0.1075786
	speed: 0.0056s/iter; left time: 588.9185s
	iters: 700, epoch: 1 | loss: 0.1464200
	speed: 0.0061s/iter; left time: 642.1782s
	iters: 800, epoch: 1 | loss: 0.3331932
	speed: 0.0057s/iter; left time: 602.1937s
	iters: 900, epoch: 1 | loss: 0.2626889
	speed: 0.0057s/iter; left time: 601.0214s
	iters: 1000, epoch: 1 | loss: 0.2573041
	speed: 0.0058s/iter; left time: 617.4472s
Epoch: 1 cost time: 6.362297058105469
Epoch: 1, Steps: 1067 | Train Loss: 0.2252609 Vali Loss: 0.1192974
Validation loss decreased (inf --> 0.119297).  Saving model ...
Updating learning rate to 0.0002
	iters: 100, epoch: 2 | loss: 0.1648187
	speed: 0.0186s/iter; left time: 1959.9665s
	iters: 200, epoch: 2 | loss: 0.2613754
	speed: 0.0060s/iter; left time: 631.9136s
	iters: 300, epoch: 2 | loss: 0.1925207
	speed: 0.0057s/iter; left time: 602.3847s
	iters: 400, epoch: 2 | loss: 0.1344128
	speed: 0.0055s/iter; left time: 574.0999s
	iters: 500, epoch: 2 | loss: 0.1742659
	speed: 0.0054s/iter; left time: 570.8099s
	iters: 600, epoch: 2 | loss: 0.2569844
	speed: 0.0055s/iter; left time: 581.5264s
	iters: 700, epoch: 2 | loss: 0.2363690
	speed: 0.0055s/iter; left time: 577.2508s
	iters: 800, epoch: 2 | loss: 0.2934781
	speed: 0.0056s/iter; left time: 587.8369s
	iters: 900, epoch: 2 | loss: 0.1732532
	speed: 0.0056s/iter; left time: 586.8360s
	iters: 1000, epoch: 2 | loss: 0.1571061
	speed: 0.0058s/iter; left time: 606.0130s
Epoch: 2 cost time: 6.018575668334961
Epoch: 2, Steps: 1067 | Train Loss: 0.1920487 Vali Loss: 0.1236138
EarlyStopping counter: 1 out of 6
Updating learning rate to 0.0001
	iters: 100, epoch: 3 | loss: 0.1820329
	speed: 0.0181s/iter; left time: 1891.2093s
	iters: 200, epoch: 3 | loss: 0.1495929
	speed: 0.0057s/iter; left time: 598.1294s
	iters: 300, epoch: 3 | loss: 0.1932724
	speed: 0.0055s/iter; left time: 576.4011s
	iters: 400, epoch: 3 | loss: 0.1081813
	speed: 0.0056s/iter; left time: 583.6590s
	iters: 500, epoch: 3 | loss: 0.1252601
	speed: 0.0057s/iter; left time: 594.6256s
	iters: 600, epoch: 3 | loss: 0.1174779
	speed: 0.0053s/iter; left time: 554.0826s
	iters: 700, epoch: 3 | loss: 0.2238142
	speed: 0.0056s/iter; left time: 580.7827s
	iters: 800, epoch: 3 | loss: 0.1657599
	speed: 0.0060s/iter; left time: 624.2093s
	iters: 900, epoch: 3 | loss: 0.1622288
	speed: 0.0057s/iter; left time: 592.8052s
	iters: 1000, epoch: 3 | loss: 0.1018602
	speed: 0.0056s/iter; left time: 581.6782s
Epoch: 3 cost time: 6.041339159011841
Epoch: 3, Steps: 1067 | Train Loss: 0.1707699 Vali Loss: 0.1190582
Validation loss decreased (0.119297 --> 0.119058).  Saving model ...
Updating learning rate to 5e-05
	iters: 100, epoch: 4 | loss: 0.1297180
	speed: 0.0186s/iter; left time: 1925.4322s
	iters: 200, epoch: 4 | loss: 0.1905144
	speed: 0.0058s/iter; left time: 598.2279s
	iters: 300, epoch: 4 | loss: 0.1652600
	speed: 0.0058s/iter; left time: 600.8327s
	iters: 400, epoch: 4 | loss: 0.2235937
	speed: 0.0058s/iter; left time: 600.0437s
	iters: 500, epoch: 4 | loss: 0.1260313
	speed: 0.0057s/iter; left time: 587.0805s
	iters: 600, epoch: 4 | loss: 0.1412722
	speed: 0.0059s/iter; left time: 610.9935s
	iters: 700, epoch: 4 | loss: 0.1813110
	speed: 0.0059s/iter; left time: 604.1386s
	iters: 800, epoch: 4 | loss: 0.1309457
	speed: 0.0058s/iter; left time: 598.9792s
	iters: 900, epoch: 4 | loss: 0.0932554
	speed: 0.0057s/iter; left time: 585.2424s
	iters: 1000, epoch: 4 | loss: 0.1150362
	speed: 0.0058s/iter; left time: 598.5850s
Epoch: 4 cost time: 6.188911199569702
Epoch: 4, Steps: 1067 | Train Loss: 0.1592697 Vali Loss: 0.1187724
Validation loss decreased (0.119058 --> 0.118772).  Saving model ...
Updating learning rate to 2.5e-05
	iters: 100, epoch: 5 | loss: 0.1744698
	speed: 0.0185s/iter; left time: 1891.7990s
	iters: 200, epoch: 5 | loss: 0.2631331
	speed: 0.0059s/iter; left time: 606.0559s
	iters: 300, epoch: 5 | loss: 0.1450064
	speed: 0.0058s/iter; left time: 592.7536s
	iters: 400, epoch: 5 | loss: 0.1154688
	speed: 0.0054s/iter; left time: 549.9363s
	iters: 500, epoch: 5 | loss: 0.1672108
	speed: 0.0057s/iter; left time: 580.5108s
	iters: 600, epoch: 5 | loss: 0.1105886
	speed: 0.0053s/iter; left time: 543.5483s
	iters: 700, epoch: 5 | loss: 0.1183746
	speed: 0.0055s/iter; left time: 562.3564s
	iters: 800, epoch: 5 | loss: 0.2240622
	speed: 0.0055s/iter; left time: 560.5778s
	iters: 900, epoch: 5 | loss: 0.1106831
	speed: 0.0057s/iter; left time: 573.8406s
	iters: 1000, epoch: 5 | loss: 0.1975659
	speed: 0.0061s/iter; left time: 614.7033s
Epoch: 5 cost time: 6.060454845428467
Epoch: 5, Steps: 1067 | Train Loss: 0.1535197 Vali Loss: 0.1193813
EarlyStopping counter: 1 out of 6
Updating learning rate to 1.25e-05
	iters: 100, epoch: 6 | loss: 0.2482417
	speed: 0.0185s/iter; left time: 1874.9154s
	iters: 200, epoch: 6 | loss: 0.1617965
	speed: 0.0061s/iter; left time: 618.5715s
	iters: 300, epoch: 6 | loss: 0.1270651
	speed: 0.0058s/iter; left time: 590.1865s
	iters: 400, epoch: 6 | loss: 0.1713729
	speed: 0.0060s/iter; left time: 601.3074s
	iters: 500, epoch: 6 | loss: 0.1237573
	speed: 0.0062s/iter; left time: 630.1569s
	iters: 600, epoch: 6 | loss: 0.1168575
	speed: 0.0059s/iter; left time: 594.6500s
	iters: 700, epoch: 6 | loss: 0.0987088
	speed: 0.0059s/iter; left time: 589.9920s
	iters: 800, epoch: 6 | loss: 0.0876304
	speed: 0.0059s/iter; left time: 590.0929s
	iters: 900, epoch: 6 | loss: 0.1813050
	speed: 0.0060s/iter; left time: 604.7739s
	iters: 1000, epoch: 6 | loss: 0.1317167
	speed: 0.0058s/iter; left time: 586.8669s
Epoch: 6 cost time: 6.321099281311035
Epoch: 6, Steps: 1067 | Train Loss: 0.1502585 Vali Loss: 0.1193798
EarlyStopping counter: 2 out of 6
Updating learning rate to 6.25e-06
	iters: 100, epoch: 7 | loss: 0.1406533
	speed: 0.0191s/iter; left time: 1918.1799s
	iters: 200, epoch: 7 | loss: 0.1592227
	speed: 0.0059s/iter; left time: 587.2529s
	iters: 300, epoch: 7 | loss: 0.1657530
	speed: 0.0056s/iter; left time: 557.3095s
	iters: 400, epoch: 7 | loss: 0.2731901
	speed: 0.0054s/iter; left time: 536.7115s
	iters: 500, epoch: 7 | loss: 0.1086203
	speed: 0.0057s/iter; left time: 565.5462s
	iters: 600, epoch: 7 | loss: 0.0885152
	speed: 0.0058s/iter; left time: 578.9244s
	iters: 700, epoch: 7 | loss: 0.0861129
	speed: 0.0056s/iter; left time: 556.9952s
	iters: 800, epoch: 7 | loss: 0.2326340
	speed: 0.0057s/iter; left time: 571.7554s
	iters: 900, epoch: 7 | loss: 0.1443150
	speed: 0.0057s/iter; left time: 567.5774s
	iters: 1000, epoch: 7 | loss: 0.1278284
	speed: 0.0055s/iter; left time: 547.4449s
Epoch: 7 cost time: 6.067628860473633
Epoch: 7, Steps: 1067 | Train Loss: 0.1491120 Vali Loss: 0.1193655
EarlyStopping counter: 3 out of 6
Updating learning rate to 3.125e-06
	iters: 100, epoch: 8 | loss: 0.0920115
	speed: 0.0188s/iter; left time: 1860.2660s
	iters: 200, epoch: 8 | loss: 0.1557757
	speed: 0.0054s/iter; left time: 532.0667s
	iters: 300, epoch: 8 | loss: 0.1260991
	speed: 0.0059s/iter; left time: 587.3779s
	iters: 400, epoch: 8 | loss: 0.1969904
	speed: 0.0056s/iter; left time: 553.9740s
	iters: 500, epoch: 8 | loss: 0.1011483
	speed: 0.0060s/iter; left time: 595.0142s
	iters: 600, epoch: 8 | loss: 0.1708069
	speed: 0.0057s/iter; left time: 562.3933s
	iters: 700, epoch: 8 | loss: 0.1520390
	speed: 0.0056s/iter; left time: 548.2462s
	iters: 800, epoch: 8 | loss: 0.1723292
	speed: 0.0055s/iter; left time: 545.3991s
	iters: 900, epoch: 8 | loss: 0.0996064
	speed: 0.0056s/iter; left time: 545.8024s
	iters: 1000, epoch: 8 | loss: 0.1369423
	speed: 0.0058s/iter; left time: 569.6488s
Epoch: 8 cost time: 6.033371210098267
Epoch: 8, Steps: 1067 | Train Loss: 0.1480718 Vali Loss: 0.1195267
EarlyStopping counter: 4 out of 6
Updating learning rate to 1.5625e-06
	iters: 100, epoch: 9 | loss: 0.2826358
	speed: 0.0186s/iter; left time: 1827.6726s
	iters: 200, epoch: 9 | loss: 0.1732338
	speed: 0.0057s/iter; left time: 558.0952s
	iters: 300, epoch: 9 | loss: 0.1711280
	speed: 0.0060s/iter; left time: 585.0683s
	iters: 400, epoch: 9 | loss: 0.1430779
	speed: 0.0055s/iter; left time: 535.9395s
	iters: 500, epoch: 9 | loss: 0.1292576
	speed: 0.0060s/iter; left time: 584.9551s
	iters: 600, epoch: 9 | loss: 0.2478433
	speed: 0.0059s/iter; left time: 575.9451s
	iters: 700, epoch: 9 | loss: 0.1142798
	speed: 0.0063s/iter; left time: 609.8750s
	iters: 800, epoch: 9 | loss: 0.1314145
	speed: 0.0061s/iter; left time: 598.1097s
	iters: 900, epoch: 9 | loss: 0.1372364
	speed: 0.0060s/iter; left time: 582.4362s
	iters: 1000, epoch: 9 | loss: 0.0789344
	speed: 0.0062s/iter; left time: 606.1135s
Epoch: 9 cost time: 6.358899116516113
Epoch: 9, Steps: 1067 | Train Loss: 0.1478247 Vali Loss: 0.1197331
EarlyStopping counter: 5 out of 6
Updating learning rate to 7.8125e-07
	iters: 100, epoch: 10 | loss: 0.1338499
	speed: 0.0191s/iter; left time: 1853.6949s
	iters: 200, epoch: 10 | loss: 0.1595944
	speed: 0.0058s/iter; left time: 565.5536s
	iters: 300, epoch: 10 | loss: 0.0987907
	speed: 0.0058s/iter; left time: 558.0245s
	iters: 400, epoch: 10 | loss: 0.0849904
	speed: 0.0057s/iter; left time: 549.3494s
	iters: 500, epoch: 10 | loss: 0.1466216
	speed: 0.0057s/iter; left time: 546.8481s
	iters: 600, epoch: 10 | loss: 0.1609454
	speed: 0.0058s/iter; left time: 564.1144s
	iters: 700, epoch: 10 | loss: 0.1213568
	speed: 0.0060s/iter; left time: 578.6387s
	iters: 800, epoch: 10 | loss: 0.2256523
	speed: 0.0059s/iter; left time: 567.9044s
	iters: 900, epoch: 10 | loss: 0.1700619
	speed: 0.0058s/iter; left time: 560.8107s
	iters: 1000, epoch: 10 | loss: 0.1515230
	speed: 0.0056s/iter; left time: 541.8226s
Epoch: 10 cost time: 6.181610107421875
Epoch: 10, Steps: 1067 | Train Loss: 0.1475727 Vali Loss: 0.1197081
EarlyStopping counter: 6 out of 6
Early stopping
>>>>>>>testing : long_term_forecast_closest_dim_ettm2_l336_h96_s2021_DiM_ETTm2_ftM_sl336_ll48_pl96_dm512_nh8_el1_dl1_df2048_seita0.5_ebtimeF_gdep4_node_dim10_closest_dim_ettm2_l336_h96_s2021_0<<<<<<<<<<<<<<<<<<<<<<<<<<<<<<<<<
test 11425
EVALUATION_RESULT {"batches": 358, "elements": 7677600, "mae": 0.25495367036060057, "metric_version": "element_weighted_v1", "mse": 0.17206278728025212, "parameter_count": 2782492, "split": "test", "test_accessed": true}
=== [16/24] closest_dim_ettm2_l336_h720_s2021 ===
COMMAND /home/cwh/Time-Series-Library/.venv/bin/python -u /home/cwh/Time-Series-Library/external/timerole_p0/DiM/run.py --task_name long_term_forecast --is_training 1 --model_id closest_dim_ettm2_l336_h720_s2021 --model DiM --seed 2021 --data ETTm2 --root_path /home/cwh/Time-Series-Library/dataset/ETT-small --data_path ETTm2.csv --features M --target OT --freq t --seq_len 336 --label_len 48 --pred_len 720 --enc_in 7 --dec_in 7 --c_out 7 --d_model 512 --d_ff 2048 --n_heads 8 --e_layers 1 --batch_size 32 --learning_rate 0.0002 --train_epochs 100 --patience 6 --num_workers 0 --gpu 0 --checkpoints /home/cwh/Time-Series-Library/logs/timerole_p0/closest/formal/dim/checkpoints --des closest_dim_ettm2_l336_h720_s2021 --itr 1 --test_after_train 1 --evaluation_split test
Args in experiment:
[1mBasic Config[0m
  Task Name:          long_term_forecast  Is Training:        1                   
  Model ID:           closest_dim_ettm2_l336_h720_s2021Model:              DiM                 

[1mData Loader[0m
  Data:               ETTm2               Root Path:          /home/cwh/Time-Series-Library/dataset/ETT-small
  Data Path:          ETTm2.csv           Features:           M                   
  Target:             OT                  Freq:               t                   
  Checkpoints:        /home/cwh/Time-Series-Library/logs/timerole_p0/closest/formal/dim/checkpoints

[1mForecasting Task[0m
  Seq Len:            336                 Label Len:          48                  
  Pred Len:           720                 Seasonal Patterns:  Monthly             
  Inverse:            0                   

[1mModel Parameters[0m
  Top k:              5                   Num Kernels:        6                   
  Enc In:             7                   Dec In:             7                   
  C Out:              7                   d model:            512                 
  n heads:            8                   e layers:           1                   
  d layers:           1                   d FF:               2048                
  Moving Avg:         25                  Factor:             1                   
  Distil:             1                   Dropout:            0.1                 
  Embed:              timeF               Activation:         gelu                
  Output Attention:   0                   

[1mRun Parameters[0m
  Num Workers:        0                   Itr:                1                   
  Train Epochs:       100                 Batch Size:         32                  
  Patience:           6                   Learning Rate:      0.0002              
  Des:                closest_dim_ettm2_l336_h720_s2021Loss:               MSE                 
  Lradj:              type1               Use Amp:            0                   

[1mGPU[0m
  Use GPU:            1                   GPU:                0                   
  Use Multi GPU:      0                   Devices:            0,1,2,3             

[1mDe-stationary Projector Params[0m
  P Hidden Dims:      128, 128            P Hidden Layers:    2                   

Use GPU: cuda:0
>>>>>>>start training : long_term_forecast_closest_dim_ettm2_l336_h720_s2021_DiM_ETTm2_ftM_sl336_ll48_pl720_dm512_nh8_el1_dl1_df2048_seita0.5_ebtimeF_gdep4_node_dim10_closest_dim_ettm2_l336_h720_s2021_0>>>>>>>>>>>>>>>>>>>>>>>>>>
train 33505
val 10801
Number of parameter:  3.10M
	iters: 100, epoch: 1 | loss: 0.3966803
	speed: 0.0123s/iter; left time: 1284.7132s
	iters: 200, epoch: 1 | loss: 0.8632070
	speed: 0.0063s/iter; left time: 654.4468s
	iters: 300, epoch: 1 | loss: 0.6908623
	speed: 0.0062s/iter; left time: 644.2152s
	iters: 400, epoch: 1 | loss: 0.4706624
	speed: 0.0060s/iter; left time: 626.8104s
	iters: 500, epoch: 1 | loss: 0.5474344
	speed: 0.0059s/iter; left time: 619.6622s
	iters: 600, epoch: 1 | loss: 1.0515246
	speed: 0.0060s/iter; left time: 620.0750s
	iters: 700, epoch: 1 | loss: 0.5913543
	speed: 0.0060s/iter; left time: 627.5125s
	iters: 800, epoch: 1 | loss: 0.4992234
	speed: 0.0062s/iter; left time: 643.2385s
	iters: 900, epoch: 1 | loss: 0.4049653
	speed: 0.0060s/iter; left time: 622.2344s
	iters: 1000, epoch: 1 | loss: 0.5275502
	speed: 0.0059s/iter; left time: 608.2731s
Epoch: 1 cost time: 6.575972318649292
Epoch: 1, Steps: 1048 | Train Loss: 0.5215193 Vali Loss: 0.2765011
Validation loss decreased (inf --> 0.276501).  Saving model ...
Updating learning rate to 0.0002
	iters: 100, epoch: 2 | loss: 0.5941774
	speed: 0.0187s/iter; left time: 1940.3043s
	iters: 200, epoch: 2 | loss: 0.5833775
	speed: 0.0060s/iter; left time: 618.6831s
	iters: 300, epoch: 2 | loss: 0.3774095
	speed: 0.0063s/iter; left time: 656.1535s
	iters: 400, epoch: 2 | loss: 0.2652066
	speed: 0.0060s/iter; left time: 624.5122s
	iters: 500, epoch: 2 | loss: 0.2859618
	speed: 0.0062s/iter; left time: 642.2519s
	iters: 600, epoch: 2 | loss: 0.2892194
	speed: 0.0062s/iter; left time: 639.9963s
	iters: 700, epoch: 2 | loss: 0.2600507
	speed: 0.0062s/iter; left time: 637.0862s
	iters: 800, epoch: 2 | loss: 0.4375643
	speed: 0.0063s/iter; left time: 648.2736s
	iters: 900, epoch: 2 | loss: 0.6420167
	speed: 0.0060s/iter; left time: 615.1591s
	iters: 1000, epoch: 2 | loss: 0.3314915
	speed: 0.0062s/iter; left time: 640.6629s
Epoch: 2 cost time: 6.462123155593872
Epoch: 2, Steps: 1048 | Train Loss: 0.4614454 Vali Loss: 0.2767727
EarlyStopping counter: 1 out of 6
Updating learning rate to 0.0001
	iters: 100, epoch: 3 | loss: 0.3602365
	speed: 0.0183s/iter; left time: 1874.6617s
	iters: 200, epoch: 3 | loss: 0.5501258
	speed: 0.0062s/iter; left time: 637.6131s
	iters: 300, epoch: 3 | loss: 0.5020910
	speed: 0.0057s/iter; left time: 581.9452s
	iters: 400, epoch: 3 | loss: 0.3442472
	speed: 0.0061s/iter; left time: 623.3499s
	iters: 500, epoch: 3 | loss: 0.3319336
	speed: 0.0063s/iter; left time: 647.7397s
	iters: 600, epoch: 3 | loss: 0.5073798
	speed: 0.0059s/iter; left time: 599.5315s
	iters: 700, epoch: 3 | loss: 0.3569422
	speed: 0.0068s/iter; left time: 690.9406s
	iters: 800, epoch: 3 | loss: 0.4672932
	speed: 0.0094s/iter; left time: 954.3516s
	iters: 900, epoch: 3 | loss: 0.3949604
	speed: 0.0113s/iter; left time: 1147.3755s
	iters: 1000, epoch: 3 | loss: 0.2487308
	speed: 0.0087s/iter; left time: 881.9740s
Epoch: 3 cost time: 7.636794567108154
Epoch: 3, Steps: 1048 | Train Loss: 0.4135620 Vali Loss: 0.2872320
EarlyStopping counter: 2 out of 6
Updating learning rate to 5e-05
	iters: 100, epoch: 4 | loss: 0.4748934
	speed: 0.0234s/iter; left time: 2374.6465s
	iters: 200, epoch: 4 | loss: 0.4271916
	speed: 0.0076s/iter; left time: 770.4382s
	iters: 300, epoch: 4 | loss: 0.5380800
	speed: 0.0066s/iter; left time: 669.9043s
	iters: 400, epoch: 4 | loss: 0.4611714
	speed: 0.0069s/iter; left time: 703.5147s
	iters: 500, epoch: 4 | loss: 0.3688013
	speed: 0.0069s/iter; left time: 700.9867s
	iters: 600, epoch: 4 | loss: 0.3548108
	speed: 0.0073s/iter; left time: 733.8734s
	iters: 700, epoch: 4 | loss: 0.5910029
	speed: 0.0065s/iter; left time: 654.8736s
	iters: 800, epoch: 4 | loss: 0.3844831
	speed: 0.0068s/iter; left time: 681.3135s
	iters: 900, epoch: 4 | loss: 0.2906158
	speed: 0.0074s/iter; left time: 744.9061s
	iters: 1000, epoch: 4 | loss: 0.4475839
	speed: 0.0085s/iter; left time: 853.5105s
Epoch: 4 cost time: 7.547242164611816
Epoch: 4, Steps: 1048 | Train Loss: 0.3905182 Vali Loss: 0.2854925
EarlyStopping counter: 3 out of 6
Updating learning rate to 2.5e-05
	iters: 100, epoch: 5 | loss: 0.4491647
	speed: 0.0206s/iter; left time: 2069.2369s
	iters: 200, epoch: 5 | loss: 0.3719414
	speed: 0.0070s/iter; left time: 701.9251s
	iters: 300, epoch: 5 | loss: 0.3304486
	speed: 0.0068s/iter; left time: 680.6627s
	iters: 400, epoch: 5 | loss: 0.5334503
	speed: 0.0068s/iter; left time: 679.9622s
	iters: 500, epoch: 5 | loss: 0.5066716
	speed: 0.0072s/iter; left time: 718.5997s
	iters: 600, epoch: 5 | loss: 0.2998879
	speed: 0.0064s/iter; left time: 635.8337s
	iters: 700, epoch: 5 | loss: 0.3153823
	speed: 0.0062s/iter; left time: 616.6783s
	iters: 800, epoch: 5 | loss: 0.4381027
	speed: 0.0060s/iter; left time: 600.9525s
	iters: 900, epoch: 5 | loss: 0.3386170
	speed: 0.0060s/iter; left time: 598.3183s
	iters: 1000, epoch: 5 | loss: 0.3133043
	speed: 0.0061s/iter; left time: 604.0299s
Epoch: 5 cost time: 6.838975667953491
Epoch: 5, Steps: 1048 | Train Loss: 0.3780455 Vali Loss: 0.2869513
EarlyStopping counter: 4 out of 6
Updating learning rate to 1.25e-05
	iters: 100, epoch: 6 | loss: 0.4329876
	speed: 0.0191s/iter; left time: 1901.0798s
	iters: 200, epoch: 6 | loss: 0.2484960
	speed: 0.0060s/iter; left time: 598.6841s
	iters: 300, epoch: 6 | loss: 0.5858727
	speed: 0.0059s/iter; left time: 588.8089s
	iters: 400, epoch: 6 | loss: 0.4433559
	speed: 0.0060s/iter; left time: 596.8516s
	iters: 500, epoch: 6 | loss: 0.3092202
	speed: 0.0062s/iter; left time: 616.2293s
	iters: 600, epoch: 6 | loss: 0.3585333
	speed: 0.0063s/iter; left time: 620.4112s
	iters: 700, epoch: 6 | loss: 0.2266231
	speed: 0.0065s/iter; left time: 640.4866s
	iters: 800, epoch: 6 | loss: 0.5379822
	speed: 0.0060s/iter; left time: 592.6212s
	iters: 900, epoch: 6 | loss: 0.3441274
	speed: 0.0063s/iter; left time: 622.3698s
	iters: 1000, epoch: 6 | loss: 0.4079199
	speed: 0.0062s/iter; left time: 606.7477s
Epoch: 6 cost time: 6.470470190048218
Epoch: 6, Steps: 1048 | Train Loss: 0.3722474 Vali Loss: 0.2889824
EarlyStopping counter: 5 out of 6
Updating learning rate to 6.25e-06
	iters: 100, epoch: 7 | loss: 0.4312847
	speed: 0.0190s/iter; left time: 1867.6713s
	iters: 200, epoch: 7 | loss: 0.3204067
	speed: 0.0063s/iter; left time: 615.3315s
	iters: 300, epoch: 7 | loss: 0.2529161
	speed: 0.0060s/iter; left time: 589.0421s
	iters: 400, epoch: 7 | loss: 0.2935982
	speed: 0.0059s/iter; left time: 578.7838s
	iters: 500, epoch: 7 | loss: 0.5474491
	speed: 0.0061s/iter; left time: 602.2668s
	iters: 600, epoch: 7 | loss: 0.4159120
	speed: 0.0059s/iter; left time: 579.3781s
	iters: 700, epoch: 7 | loss: 0.2966670
	speed: 0.0062s/iter; left time: 607.3612s
	iters: 800, epoch: 7 | loss: 0.2954497
	speed: 0.0062s/iter; left time: 609.2372s
	iters: 900, epoch: 7 | loss: 0.3479126
	speed: 0.0061s/iter; left time: 599.5033s
	iters: 1000, epoch: 7 | loss: 0.2301771
	speed: 0.0061s/iter; left time: 594.9341s
Epoch: 7 cost time: 6.406387805938721
Epoch: 7, Steps: 1048 | Train Loss: 0.3695328 Vali Loss: 0.2884618
EarlyStopping counter: 6 out of 6
Early stopping
>>>>>>>testing : long_term_forecast_closest_dim_ettm2_l336_h720_s2021_DiM_ETTm2_ftM_sl336_ll48_pl720_dm512_nh8_el1_dl1_df2048_seita0.5_ebtimeF_gdep4_node_dim10_closest_dim_ettm2_l336_h720_s2021_0<<<<<<<<<<<<<<<<<<<<<<<<<<<<<<<<<
test 10801
EVALUATION_RESULT {"batches": 338, "elements": 54437040, "mae": 0.3926431890185088, "metric_version": "element_weighted_v1", "mse": 0.3740983302467975, "parameter_count": 3102604, "split": "test", "test_accessed": true}
=== [17/24] closest_dim_ettm1_l336_h96_s2022 ===
COMMAND /home/cwh/Time-Series-Library/.venv/bin/python -u /home/cwh/Time-Series-Library/external/timerole_p0/DiM/run.py --task_name long_term_forecast --is_training 1 --model_id closest_dim_ettm1_l336_h96_s2022 --model DiM --seed 2022 --data ETTm1 --root_path /home/cwh/Time-Series-Library/dataset/ETT-small --data_path ETTm1.csv --features M --target OT --freq t --seq_len 336 --label_len 48 --pred_len 96 --enc_in 7 --dec_in 7 --c_out 7 --d_model 512 --d_ff 2048 --n_heads 8 --e_layers 1 --batch_size 32 --learning_rate 0.0002 --train_epochs 100 --patience 6 --num_workers 0 --gpu 0 --checkpoints /home/cwh/Time-Series-Library/logs/timerole_p0/closest/formal/dim/checkpoints --des closest_dim_ettm1_l336_h96_s2022 --itr 1 --test_after_train 1 --evaluation_split test
Args in experiment:
[1mBasic Config[0m
  Task Name:          long_term_forecast  Is Training:        1                   
  Model ID:           closest_dim_ettm1_l336_h96_s2022Model:              DiM                 

[1mData Loader[0m
  Data:               ETTm1               Root Path:          /home/cwh/Time-Series-Library/dataset/ETT-small
  Data Path:          ETTm1.csv           Features:           M                   
  Target:             OT                  Freq:               t                   
  Checkpoints:        /home/cwh/Time-Series-Library/logs/timerole_p0/closest/formal/dim/checkpoints

[1mForecasting Task[0m
  Seq Len:            336                 Label Len:          48                  
  Pred Len:           96                  Seasonal Patterns:  Monthly             
  Inverse:            0                   

[1mModel Parameters[0m
  Top k:              5                   Num Kernels:        6                   
  Enc In:             7                   Dec In:             7                   
  C Out:              7                   d model:            512                 
  n heads:            8                   e layers:           1                   
  d layers:           1                   d FF:               2048                
  Moving Avg:         25                  Factor:             1                   
  Distil:             1                   Dropout:            0.1                 
  Embed:              timeF               Activation:         gelu                
  Output Attention:   0                   

[1mRun Parameters[0m
  Num Workers:        0                   Itr:                1                   
  Train Epochs:       100                 Batch Size:         32                  
  Patience:           6                   Learning Rate:      0.0002              
  Des:                closest_dim_ettm1_l336_h96_s2022Loss:               MSE                 
  Lradj:              type1               Use Amp:            0                   

[1mGPU[0m
  Use GPU:            1                   GPU:                0                   
  Use Multi GPU:      0                   Devices:            0,1,2,3             

[1mDe-stationary Projector Params[0m
  P Hidden Dims:      128, 128            P Hidden Layers:    2                   

Use GPU: cuda:0
>>>>>>>start training : long_term_forecast_closest_dim_ettm1_l336_h96_s2022_DiM_ETTm1_ftM_sl336_ll48_pl96_dm512_nh8_el1_dl1_df2048_seita0.5_ebtimeF_gdep4_node_dim10_closest_dim_ettm1_l336_h96_s2022_0>>>>>>>>>>>>>>>>>>>>>>>>>>
train 34129
val 11425
Number of parameter:  2.78M
	iters: 100, epoch: 1 | loss: 0.2772418
	speed: 0.0121s/iter; left time: 1290.8537s
	iters: 200, epoch: 1 | loss: 0.2115479
	speed: 0.0058s/iter; left time: 621.3766s
	iters: 300, epoch: 1 | loss: 0.1990564
	speed: 0.0057s/iter; left time: 610.3893s
	iters: 400, epoch: 1 | loss: 0.2759515
	speed: 0.0059s/iter; left time: 622.3125s
	iters: 500, epoch: 1 | loss: 0.2750935
	speed: 0.0057s/iter; left time: 602.8678s
	iters: 600, epoch: 1 | loss: 0.2008365
	speed: 0.0058s/iter; left time: 616.0723s
	iters: 700, epoch: 1 | loss: 0.2369985
	speed: 0.0059s/iter; left time: 620.5247s
	iters: 800, epoch: 1 | loss: 0.2964160
	speed: 0.0057s/iter; left time: 604.9218s
	iters: 900, epoch: 1 | loss: 0.2579918
	speed: 0.0060s/iter; left time: 639.5424s
	iters: 1000, epoch: 1 | loss: 0.2337018
	speed: 0.0055s/iter; left time: 584.2311s
Epoch: 1 cost time: 6.412230730056763
Epoch: 1, Steps: 1067 | Train Loss: 0.2645590 Vali Loss: 0.3657614
Validation loss decreased (inf --> 0.365761).  Saving model ...
Updating learning rate to 0.0002
	iters: 100, epoch: 2 | loss: 0.2958565
	speed: 0.0187s/iter; left time: 1975.7859s
	iters: 200, epoch: 2 | loss: 0.2597806
	speed: 0.0057s/iter; left time: 595.8693s
	iters: 300, epoch: 2 | loss: 0.2198516
	speed: 0.0056s/iter; left time: 590.2295s
	iters: 400, epoch: 2 | loss: 0.2303222
	speed: 0.0062s/iter; left time: 655.3445s
	iters: 500, epoch: 2 | loss: 0.2046834
	speed: 0.0057s/iter; left time: 598.4892s
	iters: 600, epoch: 2 | loss: 0.2360987
	speed: 0.0056s/iter; left time: 592.9053s
	iters: 700, epoch: 2 | loss: 0.2161804
	speed: 0.0058s/iter; left time: 612.6746s
	iters: 800, epoch: 2 | loss: 0.2041498
	speed: 0.0057s/iter; left time: 601.6416s
	iters: 900, epoch: 2 | loss: 0.2181972
	speed: 0.0059s/iter; left time: 622.1113s
	iters: 1000, epoch: 2 | loss: 0.2307349
	speed: 0.0057s/iter; left time: 596.2017s
Epoch: 2 cost time: 6.195177316665649
Epoch: 2, Steps: 1067 | Train Loss: 0.2300140 Vali Loss: 0.3682600
EarlyStopping counter: 1 out of 6
Updating learning rate to 0.0001
	iters: 100, epoch: 3 | loss: 0.2219650
	speed: 0.0184s/iter; left time: 1922.5788s
	iters: 200, epoch: 3 | loss: 0.2280799
	speed: 0.0059s/iter; left time: 613.1940s
	iters: 300, epoch: 3 | loss: 0.1735503
	speed: 0.0058s/iter; left time: 601.5504s
	iters: 400, epoch: 3 | loss: 0.2483253
	speed: 0.0058s/iter; left time: 599.7101s
	iters: 500, epoch: 3 | loss: 0.1796529
	speed: 0.0058s/iter; left time: 603.6228s
	iters: 600, epoch: 3 | loss: 0.2602291
	speed: 0.0062s/iter; left time: 642.2328s
	iters: 700, epoch: 3 | loss: 0.2045911
	speed: 0.0059s/iter; left time: 614.0138s
	iters: 800, epoch: 3 | loss: 0.1975397
	speed: 0.0057s/iter; left time: 595.9943s
	iters: 900, epoch: 3 | loss: 0.2474140
	speed: 0.0061s/iter; left time: 635.7008s
	iters: 1000, epoch: 3 | loss: 0.2470107
	speed: 0.0058s/iter; left time: 601.2103s
Epoch: 3 cost time: 6.293379068374634
Epoch: 3, Steps: 1067 | Train Loss: 0.2102934 Vali Loss: 0.3683779
EarlyStopping counter: 2 out of 6
Updating learning rate to 5e-05
	iters: 100, epoch: 4 | loss: 0.2099566
	speed: 0.0185s/iter; left time: 1913.5091s
	iters: 200, epoch: 4 | loss: 0.1818601
	speed: 0.0058s/iter; left time: 601.0151s
	iters: 300, epoch: 4 | loss: 0.1990668
	speed: 0.0057s/iter; left time: 592.5716s
	iters: 400, epoch: 4 | loss: 0.1892208
	speed: 0.0059s/iter; left time: 613.1695s
	iters: 500, epoch: 4 | loss: 0.1872400
	speed: 0.0058s/iter; left time: 598.8498s
	iters: 600, epoch: 4 | loss: 0.1981315
	speed: 0.0058s/iter; left time: 598.9526s
	iters: 700, epoch: 4 | loss: 0.1952511
	speed: 0.0060s/iter; left time: 617.2023s
	iters: 800, epoch: 4 | loss: 0.2052291
	speed: 0.0064s/iter; left time: 654.9491s
	iters: 900, epoch: 4 | loss: 0.2012203
	speed: 0.0058s/iter; left time: 597.9784s
	iters: 1000, epoch: 4 | loss: 0.2222402
	speed: 0.0059s/iter; left time: 602.7985s
Epoch: 4 cost time: 6.311080455780029
Epoch: 4, Steps: 1067 | Train Loss: 0.1999221 Vali Loss: 0.3739060
EarlyStopping counter: 3 out of 6
Updating learning rate to 2.5e-05
	iters: 100, epoch: 5 | loss: 0.1953460
	speed: 0.0193s/iter; left time: 1972.1756s
	iters: 200, epoch: 5 | loss: 0.1894372
	speed: 0.0060s/iter; left time: 615.0263s
	iters: 300, epoch: 5 | loss: 0.1992779
	speed: 0.0062s/iter; left time: 634.2540s
	iters: 400, epoch: 5 | loss: 0.1840654
	speed: 0.0060s/iter; left time: 609.7263s
	iters: 500, epoch: 5 | loss: 0.2340415
	speed: 0.0060s/iter; left time: 611.5624s
	iters: 600, epoch: 5 | loss: 0.2052676
	speed: 0.0062s/iter; left time: 634.1391s
	iters: 700, epoch: 5 | loss: 0.1386312
	speed: 0.0057s/iter; left time: 582.7302s
	iters: 800, epoch: 5 | loss: 0.2225813
	speed: 0.0058s/iter; left time: 588.0075s
	iters: 900, epoch: 5 | loss: 0.2162984
	speed: 0.0058s/iter; left time: 593.1475s
	iters: 1000, epoch: 5 | loss: 0.2034724
	speed: 0.0060s/iter; left time: 604.3201s
Epoch: 5 cost time: 6.370487689971924
Epoch: 5, Steps: 1067 | Train Loss: 0.1942425 Vali Loss: 0.3737372
EarlyStopping counter: 4 out of 6
Updating learning rate to 1.25e-05
	iters: 100, epoch: 6 | loss: 0.1954093
	speed: 0.0191s/iter; left time: 1931.1574s
	iters: 200, epoch: 6 | loss: 0.2102628
	speed: 0.0061s/iter; left time: 617.3701s
	iters: 300, epoch: 6 | loss: 0.1857596
	speed: 0.0060s/iter; left time: 602.7326s
	iters: 400, epoch: 6 | loss: 0.1799488
	speed: 0.0060s/iter; left time: 605.8838s
	iters: 500, epoch: 6 | loss: 0.1866383
	speed: 0.0056s/iter; left time: 569.7162s
	iters: 600, epoch: 6 | loss: 0.1849290
	speed: 0.0057s/iter; left time: 576.9891s
	iters: 700, epoch: 6 | loss: 0.1782554
	speed: 0.0055s/iter; left time: 552.1459s
	iters: 800, epoch: 6 | loss: 0.2058377
	speed: 0.0058s/iter; left time: 583.5983s
	iters: 900, epoch: 6 | loss: 0.1854030
	speed: 0.0056s/iter; left time: 559.3958s
	iters: 1000, epoch: 6 | loss: 0.1791880
	speed: 0.0059s/iter; left time: 594.1773s
Epoch: 6 cost time: 6.2307960987091064
Epoch: 6, Steps: 1067 | Train Loss: 0.1911148 Vali Loss: 0.3766340
EarlyStopping counter: 5 out of 6
Updating learning rate to 6.25e-06
	iters: 100, epoch: 7 | loss: 0.2505671
	speed: 0.0182s/iter; left time: 1828.5253s
	iters: 200, epoch: 7 | loss: 0.1935514
	speed: 0.0055s/iter; left time: 547.9228s
	iters: 300, epoch: 7 | loss: 0.1770088
	speed: 0.0058s/iter; left time: 576.8795s
	iters: 400, epoch: 7 | loss: 0.1733136
	speed: 0.0057s/iter; left time: 570.4758s
	iters: 500, epoch: 7 | loss: 0.1785104
	speed: 0.0057s/iter; left time: 570.8922s
	iters: 600, epoch: 7 | loss: 0.1688587
	speed: 0.0058s/iter; left time: 581.7041s
	iters: 700, epoch: 7 | loss: 0.1765308
	speed: 0.0058s/iter; left time: 581.4016s
	iters: 800, epoch: 7 | loss: 0.2164582
	speed: 0.0058s/iter; left time: 578.9737s
	iters: 900, epoch: 7 | loss: 0.1989342
	speed: 0.0058s/iter; left time: 575.4159s
	iters: 1000, epoch: 7 | loss: 0.1778226
	speed: 0.0057s/iter; left time: 563.2338s
Epoch: 7 cost time: 6.141001462936401
Epoch: 7, Steps: 1067 | Train Loss: 0.1895161 Vali Loss: 0.3782354
EarlyStopping counter: 6 out of 6
Early stopping
>>>>>>>testing : long_term_forecast_closest_dim_ettm1_l336_h96_s2022_DiM_ETTm1_ftM_sl336_ll48_pl96_dm512_nh8_el1_dl1_df2048_seita0.5_ebtimeF_gdep4_node_dim10_closest_dim_ettm1_l336_h96_s2022_0<<<<<<<<<<<<<<<<<<<<<<<<<<<<<<<<<
test 11425
EVALUATION_RESULT {"batches": 358, "elements": 7677600, "mae": 0.3439095080861502, "metric_version": "element_weighted_v1", "mse": 0.28871046115970245, "parameter_count": 2782492, "split": "test", "test_accessed": true}
=== [18/24] closest_dim_ettm1_l336_h720_s2022 ===
COMMAND /home/cwh/Time-Series-Library/.venv/bin/python -u /home/cwh/Time-Series-Library/external/timerole_p0/DiM/run.py --task_name long_term_forecast --is_training 1 --model_id closest_dim_ettm1_l336_h720_s2022 --model DiM --seed 2022 --data ETTm1 --root_path /home/cwh/Time-Series-Library/dataset/ETT-small --data_path ETTm1.csv --features M --target OT --freq t --seq_len 336 --label_len 48 --pred_len 720 --enc_in 7 --dec_in 7 --c_out 7 --d_model 512 --d_ff 2048 --n_heads 8 --e_layers 1 --batch_size 32 --learning_rate 0.0002 --train_epochs 100 --patience 6 --num_workers 0 --gpu 0 --checkpoints /home/cwh/Time-Series-Library/logs/timerole_p0/closest/formal/dim/checkpoints --des closest_dim_ettm1_l336_h720_s2022 --itr 1 --test_after_train 1 --evaluation_split test
Args in experiment:
[1mBasic Config[0m
  Task Name:          long_term_forecast  Is Training:        1                   
  Model ID:           closest_dim_ettm1_l336_h720_s2022Model:              DiM                 

[1mData Loader[0m
  Data:               ETTm1               Root Path:          /home/cwh/Time-Series-Library/dataset/ETT-small
  Data Path:          ETTm1.csv           Features:           M                   
  Target:             OT                  Freq:               t                   
  Checkpoints:        /home/cwh/Time-Series-Library/logs/timerole_p0/closest/formal/dim/checkpoints

[1mForecasting Task[0m
  Seq Len:            336                 Label Len:          48                  
  Pred Len:           720                 Seasonal Patterns:  Monthly             
  Inverse:            0                   

[1mModel Parameters[0m
  Top k:              5                   Num Kernels:        6                   
  Enc In:             7                   Dec In:             7                   
  C Out:              7                   d model:            512                 
  n heads:            8                   e layers:           1                   
  d layers:           1                   d FF:               2048                
  Moving Avg:         25                  Factor:             1                   
  Distil:             1                   Dropout:            0.1                 
  Embed:              timeF               Activation:         gelu                
  Output Attention:   0                   

[1mRun Parameters[0m
  Num Workers:        0                   Itr:                1                   
  Train Epochs:       100                 Batch Size:         32                  
  Patience:           6                   Learning Rate:      0.0002              
  Des:                closest_dim_ettm1_l336_h720_s2022Loss:               MSE                 
  Lradj:              type1               Use Amp:            0                   

[1mGPU[0m
  Use GPU:            1                   GPU:                0                   
  Use Multi GPU:      0                   Devices:            0,1,2,3             

[1mDe-stationary Projector Params[0m
  P Hidden Dims:      128, 128            P Hidden Layers:    2                   

Use GPU: cuda:0
>>>>>>>start training : long_term_forecast_closest_dim_ettm1_l336_h720_s2022_DiM_ETTm1_ftM_sl336_ll48_pl720_dm512_nh8_el1_dl1_df2048_seita0.5_ebtimeF_gdep4_node_dim10_closest_dim_ettm1_l336_h720_s2022_0>>>>>>>>>>>>>>>>>>>>>>>>>>
train 33505
val 10801
Number of parameter:  3.10M
	iters: 100, epoch: 1 | loss: 0.4318776
	speed: 0.0123s/iter; left time: 1283.2574s
	iters: 200, epoch: 1 | loss: 0.3755784
	speed: 0.0063s/iter; left time: 655.6324s
	iters: 300, epoch: 1 | loss: 0.4279134
	speed: 0.0061s/iter; left time: 638.5650s
	iters: 400, epoch: 1 | loss: 0.5186608
	speed: 0.0064s/iter; left time: 671.3409s
	iters: 500, epoch: 1 | loss: 0.4499633
	speed: 0.0062s/iter; left time: 650.5096s
	iters: 600, epoch: 1 | loss: 0.4914020
	speed: 0.0061s/iter; left time: 631.9897s
	iters: 700, epoch: 1 | loss: 0.4346175
	speed: 0.0061s/iter; left time: 633.0036s
	iters: 800, epoch: 1 | loss: 0.3691271
	speed: 0.0061s/iter; left time: 634.4511s
	iters: 900, epoch: 1 | loss: 0.4466540
	speed: 0.0060s/iter; left time: 628.4433s
	iters: 1000, epoch: 1 | loss: 0.3743882
	speed: 0.0060s/iter; left time: 625.1671s
Epoch: 1 cost time: 6.689459562301636
Epoch: 1, Steps: 1048 | Train Loss: 0.4239900 Vali Loss: 0.9559496
Validation loss decreased (inf --> 0.955950).  Saving model ...
Updating learning rate to 0.0002
	iters: 100, epoch: 2 | loss: 0.4101796
	speed: 0.0183s/iter; left time: 1898.7596s
	iters: 200, epoch: 2 | loss: 0.3782312
	speed: 0.0062s/iter; left time: 647.0714s
	iters: 300, epoch: 2 | loss: 0.3788471
	speed: 0.0060s/iter; left time: 616.5830s
	iters: 400, epoch: 2 | loss: 0.4009054
	speed: 0.0061s/iter; left time: 631.4122s
	iters: 500, epoch: 2 | loss: 0.4066920
	speed: 0.0060s/iter; left time: 623.7649s
	iters: 600, epoch: 2 | loss: 0.4583351
	speed: 0.0058s/iter; left time: 601.2331s
	iters: 700, epoch: 2 | loss: 0.3572422
	speed: 0.0058s/iter; left time: 598.7176s
	iters: 800, epoch: 2 | loss: 0.3546239
	speed: 0.0060s/iter; left time: 621.9955s
	iters: 900, epoch: 2 | loss: 0.3439014
	speed: 0.0059s/iter; left time: 609.6659s
	iters: 1000, epoch: 2 | loss: 0.3929660
	speed: 0.0060s/iter; left time: 620.4504s
Epoch: 2 cost time: 6.279738903045654
Epoch: 2, Steps: 1048 | Train Loss: 0.3900577 Vali Loss: 0.9635064
EarlyStopping counter: 1 out of 6
Updating learning rate to 0.0001
	iters: 100, epoch: 3 | loss: 0.3785196
	speed: 0.0186s/iter; left time: 1910.3429s
	iters: 200, epoch: 3 | loss: 0.3601694
	speed: 0.0060s/iter; left time: 617.3370s
	iters: 300, epoch: 3 | loss: 0.3123099
	speed: 0.0060s/iter; left time: 614.0874s
	iters: 400, epoch: 3 | loss: 0.3628339
	speed: 0.0063s/iter; left time: 645.2297s
	iters: 500, epoch: 3 | loss: 0.3056658
	speed: 0.0062s/iter; left time: 630.5158s
	iters: 600, epoch: 3 | loss: 0.3716930
	speed: 0.0063s/iter; left time: 647.6673s
	iters: 700, epoch: 3 | loss: 0.4546716
	speed: 0.0060s/iter; left time: 612.4601s
	iters: 800, epoch: 3 | loss: 0.3635056
	speed: 0.0058s/iter; left time: 591.5640s
	iters: 900, epoch: 3 | loss: 0.4198422
	speed: 0.0060s/iter; left time: 613.2855s
	iters: 1000, epoch: 3 | loss: 0.3359019
	speed: 0.0059s/iter; left time: 598.3695s
Epoch: 3 cost time: 6.36979079246521
Epoch: 3, Steps: 1048 | Train Loss: 0.3657196 Vali Loss: 0.9829505
EarlyStopping counter: 2 out of 6
Updating learning rate to 5e-05
	iters: 100, epoch: 4 | loss: 0.4308676
	speed: 0.0189s/iter; left time: 1914.5819s
	iters: 200, epoch: 4 | loss: 0.3774587
	speed: 0.0062s/iter; left time: 630.8898s
	iters: 300, epoch: 4 | loss: 0.3606365
	speed: 0.0061s/iter; left time: 613.7364s
	iters: 400, epoch: 4 | loss: 0.3627660
	speed: 0.0060s/iter; left time: 605.0225s
	iters: 500, epoch: 4 | loss: 0.3443145
	speed: 0.0063s/iter; left time: 638.1806s
	iters: 600, epoch: 4 | loss: 0.3388016
	speed: 0.0060s/iter; left time: 610.7275s
	iters: 700, epoch: 4 | loss: 0.3399562
	speed: 0.0089s/iter; left time: 894.2818s
	iters: 800, epoch: 4 | loss: 0.3252771
	speed: 0.0087s/iter; left time: 872.9808s
	iters: 900, epoch: 4 | loss: 0.3950076
	speed: 0.0061s/iter; left time: 610.0137s
	iters: 1000, epoch: 4 | loss: 0.3639898
	speed: 0.0062s/iter; left time: 626.5288s
Epoch: 4 cost time: 6.968517303466797
Epoch: 4, Steps: 1048 | Train Loss: 0.3508565 Vali Loss: 0.9935210
EarlyStopping counter: 3 out of 6
Updating learning rate to 2.5e-05
	iters: 100, epoch: 5 | loss: 0.3332506
	speed: 0.0182s/iter; left time: 1832.2996s
	iters: 200, epoch: 5 | loss: 0.3282773
	speed: 0.0065s/iter; left time: 652.1267s
	iters: 300, epoch: 5 | loss: 0.3300419
	speed: 0.0064s/iter; left time: 638.9617s
	iters: 400, epoch: 5 | loss: 0.3133636
	speed: 0.0062s/iter; left time: 617.9786s
	iters: 500, epoch: 5 | loss: 0.3232037
	speed: 0.0064s/iter; left time: 636.3232s
	iters: 600, epoch: 5 | loss: 0.3049811
	speed: 0.0064s/iter; left time: 636.9823s
	iters: 700, epoch: 5 | loss: 0.3183348
	speed: 0.0063s/iter; left time: 633.9114s
	iters: 800, epoch: 5 | loss: 0.3157163
	speed: 0.0064s/iter; left time: 636.6244s
	iters: 900, epoch: 5 | loss: 0.3583809
	speed: 0.0066s/iter; left time: 658.2352s
	iters: 1000, epoch: 5 | loss: 0.3259250
	speed: 0.0063s/iter; left time: 628.9126s
Epoch: 5 cost time: 6.640543699264526
Epoch: 5, Steps: 1048 | Train Loss: 0.3429797 Vali Loss: 0.9973412
EarlyStopping counter: 4 out of 6
Updating learning rate to 1.25e-05
	iters: 100, epoch: 6 | loss: 0.3073894
	speed: 0.0187s/iter; left time: 1858.8163s
	iters: 200, epoch: 6 | loss: 0.3463979
	speed: 0.0063s/iter; left time: 627.4119s
	iters: 300, epoch: 6 | loss: 0.3929513
	speed: 0.0064s/iter; left time: 639.6281s
	iters: 400, epoch: 6 | loss: 0.3460439
	speed: 0.0061s/iter; left time: 601.2355s
	iters: 500, epoch: 6 | loss: 0.4081852
	speed: 0.0058s/iter; left time: 578.6642s
	iters: 600, epoch: 6 | loss: 0.3111170
	speed: 0.0063s/iter; left time: 621.2715s
	iters: 700, epoch: 6 | loss: 0.3383268
	speed: 0.0064s/iter; left time: 631.2671s
	iters: 800, epoch: 6 | loss: 0.3686909
	speed: 0.0062s/iter; left time: 616.1062s
	iters: 900, epoch: 6 | loss: 0.3346967
	speed: 0.0062s/iter; left time: 611.7715s
	iters: 1000, epoch: 6 | loss: 0.3273132
	speed: 0.0063s/iter; left time: 622.1620s
Epoch: 6 cost time: 6.545778512954712
Epoch: 6, Steps: 1048 | Train Loss: 0.3386383 Vali Loss: 1.0026828
EarlyStopping counter: 5 out of 6
Updating learning rate to 6.25e-06
	iters: 100, epoch: 7 | loss: 0.3531571
	speed: 0.0196s/iter; left time: 1924.2951s
	iters: 200, epoch: 7 | loss: 0.3061988
	speed: 0.0061s/iter; left time: 603.8749s
	iters: 300, epoch: 7 | loss: 0.3164900
	speed: 0.0060s/iter; left time: 593.8611s
	iters: 400, epoch: 7 | loss: 0.3739036
	speed: 0.0061s/iter; left time: 601.4806s
	iters: 500, epoch: 7 | loss: 0.3145743
	speed: 0.0062s/iter; left time: 605.7732s
	iters: 600, epoch: 7 | loss: 0.3297565
	speed: 0.0060s/iter; left time: 588.1255s
	iters: 700, epoch: 7 | loss: 0.3130938
	speed: 0.0060s/iter; left time: 584.2931s
	iters: 800, epoch: 7 | loss: 0.3826158
	speed: 0.0058s/iter; left time: 565.8349s
	iters: 900, epoch: 7 | loss: 0.3506589
	speed: 0.0060s/iter; left time: 587.6286s
	iters: 1000, epoch: 7 | loss: 0.3220739
	speed: 0.0062s/iter; left time: 599.8905s
Epoch: 7 cost time: 6.398974895477295
Epoch: 7, Steps: 1048 | Train Loss: 0.3365652 Vali Loss: 1.0030003
EarlyStopping counter: 6 out of 6
Early stopping
>>>>>>>testing : long_term_forecast_closest_dim_ettm1_l336_h720_s2022_DiM_ETTm1_ftM_sl336_ll48_pl720_dm512_nh8_el1_dl1_df2048_seita0.5_ebtimeF_gdep4_node_dim10_closest_dim_ettm1_l336_h720_s2022_0<<<<<<<<<<<<<<<<<<<<<<<<<<<<<<<<<
test 10801
EVALUATION_RESULT {"batches": 338, "elements": 54437040, "mae": 0.4218691114600004, "metric_version": "element_weighted_v1", "mse": 0.42192856829852204, "parameter_count": 3102604, "split": "test", "test_accessed": true}
=== [19/24] closest_dim_ettm2_l336_h96_s2022 ===
COMMAND /home/cwh/Time-Series-Library/.venv/bin/python -u /home/cwh/Time-Series-Library/external/timerole_p0/DiM/run.py --task_name long_term_forecast --is_training 1 --model_id closest_dim_ettm2_l336_h96_s2022 --model DiM --seed 2022 --data ETTm2 --root_path /home/cwh/Time-Series-Library/dataset/ETT-small --data_path ETTm2.csv --features M --target OT --freq t --seq_len 336 --label_len 48 --pred_len 96 --enc_in 7 --dec_in 7 --c_out 7 --d_model 512 --d_ff 2048 --n_heads 8 --e_layers 1 --batch_size 32 --learning_rate 0.0002 --train_epochs 100 --patience 6 --num_workers 0 --gpu 0 --checkpoints /home/cwh/Time-Series-Library/logs/timerole_p0/closest/formal/dim/checkpoints --des closest_dim_ettm2_l336_h96_s2022 --itr 1 --test_after_train 1 --evaluation_split test
Args in experiment:
[1mBasic Config[0m
  Task Name:          long_term_forecast  Is Training:        1                   
  Model ID:           closest_dim_ettm2_l336_h96_s2022Model:              DiM                 

[1mData Loader[0m
  Data:               ETTm2               Root Path:          /home/cwh/Time-Series-Library/dataset/ETT-small
  Data Path:          ETTm2.csv           Features:           M                   
  Target:             OT                  Freq:               t                   
  Checkpoints:        /home/cwh/Time-Series-Library/logs/timerole_p0/closest/formal/dim/checkpoints

[1mForecasting Task[0m
  Seq Len:            336                 Label Len:          48                  
  Pred Len:           96                  Seasonal Patterns:  Monthly             
  Inverse:            0                   

[1mModel Parameters[0m
  Top k:              5                   Num Kernels:        6                   
  Enc In:             7                   Dec In:             7                   
  C Out:              7                   d model:            512                 
  n heads:            8                   e layers:           1                   
  d layers:           1                   d FF:               2048                
  Moving Avg:         25                  Factor:             1                   
  Distil:             1                   Dropout:            0.1                 
  Embed:              timeF               Activation:         gelu                
  Output Attention:   0                   

[1mRun Parameters[0m
  Num Workers:        0                   Itr:                1                   
  Train Epochs:       100                 Batch Size:         32                  
  Patience:           6                   Learning Rate:      0.0002              
  Des:                closest_dim_ettm2_l336_h96_s2022Loss:               MSE                 
  Lradj:              type1               Use Amp:            0                   

[1mGPU[0m
  Use GPU:            1                   GPU:                0                   
  Use Multi GPU:      0                   Devices:            0,1,2,3             

[1mDe-stationary Projector Params[0m
  P Hidden Dims:      128, 128            P Hidden Layers:    2                   

Use GPU: cuda:0
>>>>>>>start training : long_term_forecast_closest_dim_ettm2_l336_h96_s2022_DiM_ETTm2_ftM_sl336_ll48_pl96_dm512_nh8_el1_dl1_df2048_seita0.5_ebtimeF_gdep4_node_dim10_closest_dim_ettm2_l336_h96_s2022_0>>>>>>>>>>>>>>>>>>>>>>>>>>
train 34129
val 11425
Number of parameter:  2.78M
	iters: 100, epoch: 1 | loss: 0.2034109
	speed: 0.0117s/iter; left time: 1242.9210s
	iters: 200, epoch: 1 | loss: 0.1239998
	speed: 0.0055s/iter; left time: 588.7037s
	iters: 300, epoch: 1 | loss: 0.1534965
	speed: 0.0055s/iter; left time: 584.1121s
	iters: 400, epoch: 1 | loss: 0.2300103
	speed: 0.0056s/iter; left time: 598.3038s
	iters: 500, epoch: 1 | loss: 0.1618935
	speed: 0.0055s/iter; left time: 589.3903s
	iters: 600, epoch: 1 | loss: 0.1118693
	speed: 0.0059s/iter; left time: 628.3423s
	iters: 700, epoch: 1 | loss: 0.2550089
	speed: 0.0057s/iter; left time: 601.6430s
	iters: 800, epoch: 1 | loss: 0.3509843
	speed: 0.0056s/iter; left time: 596.4185s
	iters: 900, epoch: 1 | loss: 0.1678325
	speed: 0.0055s/iter; left time: 580.5370s
	iters: 1000, epoch: 1 | loss: 0.3077226
	speed: 0.0055s/iter; left time: 581.9600s
Epoch: 1 cost time: 6.212957382202148
Epoch: 1, Steps: 1067 | Train Loss: 0.2255005 Vali Loss: 0.1223472
Validation loss decreased (inf --> 0.122347).  Saving model ...
Updating learning rate to 0.0002
	iters: 100, epoch: 2 | loss: 0.1259438
	speed: 0.0183s/iter; left time: 1929.3229s
	iters: 200, epoch: 2 | loss: 0.1676438
	speed: 0.0057s/iter; left time: 604.6287s
	iters: 300, epoch: 2 | loss: 0.1572016
	speed: 0.0054s/iter; left time: 573.8175s
	iters: 400, epoch: 2 | loss: 0.1957384
	speed: 0.0057s/iter; left time: 596.2893s
	iters: 500, epoch: 2 | loss: 0.2329651
	speed: 0.0056s/iter; left time: 584.6508s
	iters: 600, epoch: 2 | loss: 0.2098811
	speed: 0.0056s/iter; left time: 584.2908s
	iters: 700, epoch: 2 | loss: 0.2703424
	speed: 0.0059s/iter; left time: 619.9624s
	iters: 800, epoch: 2 | loss: 0.1456610
	speed: 0.0056s/iter; left time: 582.4304s
	iters: 900, epoch: 2 | loss: 0.2109158
	speed: 0.0057s/iter; left time: 600.5518s
	iters: 1000, epoch: 2 | loss: 0.2385963
	speed: 0.0055s/iter; left time: 575.3974s
Epoch: 2 cost time: 6.007119417190552
Epoch: 2, Steps: 1067 | Train Loss: 0.1913647 Vali Loss: 0.1196799
Validation loss decreased (0.122347 --> 0.119680).  Saving model ...
Updating learning rate to 0.0001
	iters: 100, epoch: 3 | loss: 0.1627772
	speed: 0.0183s/iter; left time: 1908.7166s
	iters: 200, epoch: 3 | loss: 0.1244275
	speed: 0.0058s/iter; left time: 603.9022s
	iters: 300, epoch: 3 | loss: 0.1428865
	speed: 0.0059s/iter; left time: 616.7993s
	iters: 400, epoch: 3 | loss: 0.1479976
	speed: 0.0063s/iter; left time: 660.7601s
	iters: 500, epoch: 3 | loss: 0.1442340
	speed: 0.0058s/iter; left time: 602.7655s
	iters: 600, epoch: 3 | loss: 0.1596604
	speed: 0.0056s/iter; left time: 582.9216s
	iters: 700, epoch: 3 | loss: 0.0995505
	speed: 0.0056s/iter; left time: 579.0686s
	iters: 800, epoch: 3 | loss: 0.1984549
	speed: 0.0056s/iter; left time: 586.0815s
	iters: 900, epoch: 3 | loss: 0.1374900
	speed: 0.0057s/iter; left time: 592.1164s
	iters: 1000, epoch: 3 | loss: 0.1803369
	speed: 0.0056s/iter; left time: 581.8043s
Epoch: 3 cost time: 6.175081014633179
Epoch: 3, Steps: 1067 | Train Loss: 0.1688529 Vali Loss: 0.1228703
EarlyStopping counter: 1 out of 6
Updating learning rate to 5e-05
	iters: 100, epoch: 4 | loss: 0.1577811
	speed: 0.0187s/iter; left time: 1930.7439s
	iters: 200, epoch: 4 | loss: 0.1547353
	speed: 0.0058s/iter; left time: 598.3466s
	iters: 300, epoch: 4 | loss: 0.1696236
	speed: 0.0057s/iter; left time: 591.4949s
	iters: 400, epoch: 4 | loss: 0.1152735
	speed: 0.0058s/iter; left time: 595.9326s
	iters: 500, epoch: 4 | loss: 0.1325248
	speed: 0.0056s/iter; left time: 573.0827s
	iters: 600, epoch: 4 | loss: 0.1450519
	speed: 0.0055s/iter; left time: 563.9262s
	iters: 700, epoch: 4 | loss: 0.2334215
	speed: 0.0061s/iter; left time: 623.4422s
	iters: 800, epoch: 4 | loss: 0.0909679
	speed: 0.0059s/iter; left time: 604.1775s
	iters: 900, epoch: 4 | loss: 0.1497003
	speed: 0.0056s/iter; left time: 579.4694s
	iters: 1000, epoch: 4 | loss: 0.1325520
	speed: 0.0058s/iter; left time: 596.1739s
Epoch: 4 cost time: 6.135401010513306
Epoch: 4, Steps: 1067 | Train Loss: 0.1579084 Vali Loss: 0.1185603
Validation loss decreased (0.119680 --> 0.118560).  Saving model ...
Updating learning rate to 2.5e-05
	iters: 100, epoch: 5 | loss: 0.2039028
	speed: 0.0189s/iter; left time: 1929.9508s
	iters: 200, epoch: 5 | loss: 0.1209292
	speed: 0.0062s/iter; left time: 635.8527s
	iters: 300, epoch: 5 | loss: 0.1874150
	speed: 0.0061s/iter; left time: 621.2339s
	iters: 400, epoch: 5 | loss: 0.1257922
	speed: 0.0058s/iter; left time: 588.1197s
	iters: 500, epoch: 5 | loss: 0.1436726
	speed: 0.0058s/iter; left time: 590.7148s
	iters: 600, epoch: 5 | loss: 0.1485550
	speed: 0.0059s/iter; left time: 598.8296s
	iters: 700, epoch: 5 | loss: 0.1462264
	speed: 0.0058s/iter; left time: 586.8363s
	iters: 800, epoch: 5 | loss: 0.2384318
	speed: 0.0058s/iter; left time: 585.5047s
	iters: 900, epoch: 5 | loss: 0.1547507
	speed: 0.0062s/iter; left time: 626.5788s
	iters: 1000, epoch: 5 | loss: 0.1166637
	speed: 0.0060s/iter; left time: 610.6390s
Epoch: 5 cost time: 6.3016908168792725
Epoch: 5, Steps: 1067 | Train Loss: 0.1523855 Vali Loss: 0.1190277
EarlyStopping counter: 1 out of 6
Updating learning rate to 1.25e-05
	iters: 100, epoch: 6 | loss: 0.1555046
	speed: 0.0185s/iter; left time: 1871.7601s
	iters: 200, epoch: 6 | loss: 0.1522114
	speed: 0.0060s/iter; left time: 607.9887s
	iters: 300, epoch: 6 | loss: 0.1100714
	speed: 0.0058s/iter; left time: 586.5940s
	iters: 400, epoch: 6 | loss: 0.1229434
	speed: 0.0063s/iter; left time: 631.3581s
	iters: 500, epoch: 6 | loss: 0.1238190
	speed: 0.0057s/iter; left time: 575.2319s
	iters: 600, epoch: 6 | loss: 0.1723333
	speed: 0.0056s/iter; left time: 559.5690s
	iters: 700, epoch: 6 | loss: 0.1454044
	speed: 0.0056s/iter; left time: 562.8605s
	iters: 800, epoch: 6 | loss: 0.1641021
	speed: 0.0057s/iter; left time: 577.4592s
	iters: 900, epoch: 6 | loss: 0.1512823
	speed: 0.0057s/iter; left time: 572.3134s
	iters: 1000, epoch: 6 | loss: 0.1153495
	speed: 0.0057s/iter; left time: 567.1316s
Epoch: 6 cost time: 6.19231653213501
Epoch: 6, Steps: 1067 | Train Loss: 0.1494578 Vali Loss: 0.1199691
EarlyStopping counter: 2 out of 6
Updating learning rate to 6.25e-06
	iters: 100, epoch: 7 | loss: 0.1837952
	speed: 0.0190s/iter; left time: 1906.9309s
	iters: 200, epoch: 7 | loss: 0.1654231
	speed: 0.0060s/iter; left time: 597.1026s
	iters: 300, epoch: 7 | loss: 0.0971332
	speed: 0.0058s/iter; left time: 577.6293s
	iters: 400, epoch: 7 | loss: 0.1220039
	speed: 0.0058s/iter; left time: 581.5168s
	iters: 500, epoch: 7 | loss: 0.1406161
	speed: 0.0061s/iter; left time: 603.8565s
	iters: 600, epoch: 7 | loss: 0.1741033
	speed: 0.0060s/iter; left time: 602.1735s
	iters: 700, epoch: 7 | loss: 0.1329228
	speed: 0.0058s/iter; left time: 578.7002s
	iters: 800, epoch: 7 | loss: 0.1300954
	speed: 0.0057s/iter; left time: 568.6731s
	iters: 900, epoch: 7 | loss: 0.1497148
	speed: 0.0059s/iter; left time: 583.5860s
	iters: 1000, epoch: 7 | loss: 0.1628512
	speed: 0.0060s/iter; left time: 594.5131s
Epoch: 7 cost time: 6.269559621810913
Epoch: 7, Steps: 1067 | Train Loss: 0.1478303 Vali Loss: 0.1197814
EarlyStopping counter: 3 out of 6
Updating learning rate to 3.125e-06
	iters: 100, epoch: 8 | loss: 0.1655409
	speed: 0.0189s/iter; left time: 1878.2281s
	iters: 200, epoch: 8 | loss: 0.1045263
	speed: 0.0060s/iter; left time: 597.7489s
	iters: 300, epoch: 8 | loss: 0.1035041
	speed: 0.0056s/iter; left time: 555.4662s
	iters: 400, epoch: 8 | loss: 0.1754798
	speed: 0.0057s/iter; left time: 560.4047s
	iters: 500, epoch: 8 | loss: 0.1310159
	speed: 0.0059s/iter; left time: 579.1220s
	iters: 600, epoch: 8 | loss: 0.1607374
	speed: 0.0059s/iter; left time: 585.6729s
	iters: 700, epoch: 8 | loss: 0.1202283
	speed: 0.0059s/iter; left time: 578.3778s
	iters: 800, epoch: 8 | loss: 0.2374557
	speed: 0.0060s/iter; left time: 589.8224s
	iters: 900, epoch: 8 | loss: 0.1501738
	speed: 0.0058s/iter; left time: 573.7582s
	iters: 1000, epoch: 8 | loss: 0.1879413
	speed: 0.0058s/iter; left time: 568.9225s
Epoch: 8 cost time: 6.272120714187622
Epoch: 8, Steps: 1067 | Train Loss: 0.1471148 Vali Loss: 0.1197659
EarlyStopping counter: 4 out of 6
Updating learning rate to 1.5625e-06
	iters: 100, epoch: 9 | loss: 0.1124865
	speed: 0.0192s/iter; left time: 1877.9854s
	iters: 200, epoch: 9 | loss: 0.1532066
	speed: 0.0057s/iter; left time: 555.8781s
	iters: 300, epoch: 9 | loss: 0.1225870
	speed: 0.0061s/iter; left time: 593.5154s
	iters: 400, epoch: 9 | loss: 0.1634244
	speed: 0.0060s/iter; left time: 582.9448s
	iters: 500, epoch: 9 | loss: 0.1727632
	speed: 0.0055s/iter; left time: 541.6410s
	iters: 600, epoch: 9 | loss: 0.1199554
	speed: 0.0057s/iter; left time: 560.5736s
	iters: 700, epoch: 9 | loss: 0.1438444
	speed: 0.0057s/iter; left time: 555.2167s
	iters: 800, epoch: 9 | loss: 0.0905633
	speed: 0.0060s/iter; left time: 581.6204s
	iters: 900, epoch: 9 | loss: 0.1596729
	speed: 0.0058s/iter; left time: 561.6902s
	iters: 1000, epoch: 9 | loss: 0.1529965
	speed: 0.0059s/iter; left time: 572.5970s
Epoch: 9 cost time: 6.278900623321533
Epoch: 9, Steps: 1067 | Train Loss: 0.1469113 Vali Loss: 0.1198498
EarlyStopping counter: 5 out of 6
Updating learning rate to 7.8125e-07
	iters: 100, epoch: 10 | loss: 0.1270121
	speed: 0.0194s/iter; left time: 1885.6666s
	iters: 200, epoch: 10 | loss: 0.1390509
	speed: 0.0060s/iter; left time: 578.9781s
	iters: 300, epoch: 10 | loss: 0.1251127
	speed: 0.0060s/iter; left time: 577.5747s
	iters: 400, epoch: 10 | loss: 0.1670095
	speed: 0.0058s/iter; left time: 564.8299s
	iters: 500, epoch: 10 | loss: 0.0893347
	speed: 0.0060s/iter; left time: 576.6287s
	iters: 600, epoch: 10 | loss: 0.1100380
	speed: 0.0060s/iter; left time: 576.8924s
	iters: 700, epoch: 10 | loss: 0.1082033
	speed: 0.0059s/iter; left time: 568.0522s
	iters: 800, epoch: 10 | loss: 0.1109357
	speed: 0.0060s/iter; left time: 573.9443s
	iters: 900, epoch: 10 | loss: 0.1240931
	speed: 0.0058s/iter; left time: 560.2086s
	iters: 1000, epoch: 10 | loss: 0.1257519
	speed: 0.0059s/iter; left time: 568.6275s
Epoch: 10 cost time: 6.313092231750488
Epoch: 10, Steps: 1067 | Train Loss: 0.1465701 Vali Loss: 0.1199161
EarlyStopping counter: 6 out of 6
Early stopping
>>>>>>>testing : long_term_forecast_closest_dim_ettm2_l336_h96_s2022_DiM_ETTm2_ftM_sl336_ll48_pl96_dm512_nh8_el1_dl1_df2048_seita0.5_ebtimeF_gdep4_node_dim10_closest_dim_ettm2_l336_h96_s2022_0<<<<<<<<<<<<<<<<<<<<<<<<<<<<<<<<<
test 11425
EVALUATION_RESULT {"batches": 358, "elements": 7677600, "mae": 0.254059368979003, "metric_version": "element_weighted_v1", "mse": 0.1717810608260741, "parameter_count": 2782492, "split": "test", "test_accessed": true}
=== [20/24] closest_dim_ettm2_l336_h720_s2022 ===
COMMAND /home/cwh/Time-Series-Library/.venv/bin/python -u /home/cwh/Time-Series-Library/external/timerole_p0/DiM/run.py --task_name long_term_forecast --is_training 1 --model_id closest_dim_ettm2_l336_h720_s2022 --model DiM --seed 2022 --data ETTm2 --root_path /home/cwh/Time-Series-Library/dataset/ETT-small --data_path ETTm2.csv --features M --target OT --freq t --seq_len 336 --label_len 48 --pred_len 720 --enc_in 7 --dec_in 7 --c_out 7 --d_model 512 --d_ff 2048 --n_heads 8 --e_layers 1 --batch_size 32 --learning_rate 0.0002 --train_epochs 100 --patience 6 --num_workers 0 --gpu 0 --checkpoints /home/cwh/Time-Series-Library/logs/timerole_p0/closest/formal/dim/checkpoints --des closest_dim_ettm2_l336_h720_s2022 --itr 1 --test_after_train 1 --evaluation_split test
Args in experiment:
[1mBasic Config[0m
  Task Name:          long_term_forecast  Is Training:        1                   
  Model ID:           closest_dim_ettm2_l336_h720_s2022Model:              DiM                 

[1mData Loader[0m
  Data:               ETTm2               Root Path:          /home/cwh/Time-Series-Library/dataset/ETT-small
  Data Path:          ETTm2.csv           Features:           M                   
  Target:             OT                  Freq:               t                   
  Checkpoints:        /home/cwh/Time-Series-Library/logs/timerole_p0/closest/formal/dim/checkpoints

[1mForecasting Task[0m
  Seq Len:            336                 Label Len:          48                  
  Pred Len:           720                 Seasonal Patterns:  Monthly             
  Inverse:            0                   

[1mModel Parameters[0m
  Top k:              5                   Num Kernels:        6                   
  Enc In:             7                   Dec In:             7                   
  C Out:              7                   d model:            512                 
  n heads:            8                   e layers:           1                   
  d layers:           1                   d FF:               2048                
  Moving Avg:         25                  Factor:             1                   
  Distil:             1                   Dropout:            0.1                 
  Embed:              timeF               Activation:         gelu                
  Output Attention:   0                   

[1mRun Parameters[0m
  Num Workers:        0                   Itr:                1                   
  Train Epochs:       100                 Batch Size:         32                  
  Patience:           6                   Learning Rate:      0.0002              
  Des:                closest_dim_ettm2_l336_h720_s2022Loss:               MSE                 
  Lradj:              type1               Use Amp:            0                   

[1mGPU[0m
  Use GPU:            1                   GPU:                0                   
  Use Multi GPU:      0                   Devices:            0,1,2,3             

[1mDe-stationary Projector Params[0m
  P Hidden Dims:      128, 128            P Hidden Layers:    2                   

Use GPU: cuda:0
>>>>>>>start training : long_term_forecast_closest_dim_ettm2_l336_h720_s2022_DiM_ETTm2_ftM_sl336_ll48_pl720_dm512_nh8_el1_dl1_df2048_seita0.5_ebtimeF_gdep4_node_dim10_closest_dim_ettm2_l336_h720_s2022_0>>>>>>>>>>>>>>>>>>>>>>>>>>
train 33505
val 10801
Number of parameter:  3.10M
	iters: 100, epoch: 1 | loss: 0.6312527
	speed: 0.0122s/iter; left time: 1275.0125s
	iters: 200, epoch: 1 | loss: 0.5212041
	speed: 0.0060s/iter; left time: 628.3142s
	iters: 300, epoch: 1 | loss: 0.4511977
	speed: 0.0059s/iter; left time: 621.2590s
	iters: 400, epoch: 1 | loss: 0.3512402
	speed: 0.0060s/iter; left time: 627.6238s
	iters: 500, epoch: 1 | loss: 0.4974024
	speed: 0.0061s/iter; left time: 634.9369s
	iters: 600, epoch: 1 | loss: 0.4280237
	speed: 0.0061s/iter; left time: 632.0446s
	iters: 700, epoch: 1 | loss: 0.7819501
	speed: 0.0064s/iter; left time: 665.9075s
	iters: 800, epoch: 1 | loss: 0.7804339
	speed: 0.0060s/iter; left time: 622.3297s
	iters: 900, epoch: 1 | loss: 0.2629971
	speed: 0.0062s/iter; left time: 644.8242s
	iters: 1000, epoch: 1 | loss: 0.3446351
	speed: 0.0062s/iter; left time: 638.7254s
Epoch: 1 cost time: 6.6245293617248535
Epoch: 1, Steps: 1048 | Train Loss: 0.5163135 Vali Loss: 0.2821321
Validation loss decreased (inf --> 0.282132).  Saving model ...
Updating learning rate to 0.0002
	iters: 100, epoch: 2 | loss: 0.2621693
	speed: 0.0186s/iter; left time: 1929.2493s
	iters: 200, epoch: 2 | loss: 0.3782720
	speed: 0.0062s/iter; left time: 643.4869s
	iters: 300, epoch: 2 | loss: 0.4114338
	speed: 0.0061s/iter; left time: 629.7298s
	iters: 400, epoch: 2 | loss: 0.6743577
	speed: 0.0059s/iter; left time: 612.2312s
	iters: 500, epoch: 2 | loss: 0.7394331
	speed: 0.0059s/iter; left time: 609.5215s
	iters: 600, epoch: 2 | loss: 0.4478686
	speed: 0.0062s/iter; left time: 642.7764s
	iters: 700, epoch: 2 | loss: 0.4363350
	speed: 0.0059s/iter; left time: 611.6767s
	iters: 800, epoch: 2 | loss: 0.4706061
	speed: 0.0061s/iter; left time: 627.1821s
	iters: 900, epoch: 2 | loss: 0.4936309
	speed: 0.0062s/iter; left time: 635.8005s
	iters: 1000, epoch: 2 | loss: 0.3987566
	speed: 0.0061s/iter; left time: 629.5897s
Epoch: 2 cost time: 6.383096694946289
Epoch: 2, Steps: 1048 | Train Loss: 0.4534561 Vali Loss: 0.2804231
Validation loss decreased (0.282132 --> 0.280423).  Saving model ...
Updating learning rate to 0.0001
	iters: 100, epoch: 3 | loss: 0.4092956
	speed: 0.0187s/iter; left time: 1916.9694s
	iters: 200, epoch: 3 | loss: 0.3205596
	speed: 0.0062s/iter; left time: 636.0338s
	iters: 300, epoch: 3 | loss: 0.5028318
	speed: 0.0062s/iter; left time: 639.4023s
	iters: 400, epoch: 3 | loss: 0.6103077
	speed: 0.0060s/iter; left time: 609.1858s
	iters: 500, epoch: 3 | loss: 0.2567694
	speed: 0.0065s/iter; left time: 669.1279s
	iters: 600, epoch: 3 | loss: 0.6110461
	speed: 0.0061s/iter; left time: 625.1156s
	iters: 700, epoch: 3 | loss: 0.4881026
	speed: 0.0061s/iter; left time: 617.7582s
	iters: 800, epoch: 3 | loss: 0.2828736
	speed: 0.0060s/iter; left time: 613.1831s
	iters: 900, epoch: 3 | loss: 0.5123864
	speed: 0.0058s/iter; left time: 592.9454s
	iters: 1000, epoch: 3 | loss: 0.3346811
	speed: 0.0063s/iter; left time: 641.2188s
Epoch: 3 cost time: 6.44607400894165
Epoch: 3, Steps: 1048 | Train Loss: 0.4100180 Vali Loss: 0.2862049
EarlyStopping counter: 1 out of 6
Updating learning rate to 5e-05
	iters: 100, epoch: 4 | loss: 0.3031061
	speed: 0.0190s/iter; left time: 1933.4020s
	iters: 200, epoch: 4 | loss: 0.3911258
	speed: 0.0061s/iter; left time: 614.0805s
	iters: 300, epoch: 4 | loss: 0.3524328
	speed: 0.0061s/iter; left time: 618.2165s
	iters: 400, epoch: 4 | loss: 0.3389905
	speed: 0.0059s/iter; left time: 596.8148s
	iters: 500, epoch: 4 | loss: 0.3918124
	speed: 0.0061s/iter; left time: 614.8776s
	iters: 600, epoch: 4 | loss: 0.7287382
	speed: 0.0061s/iter; left time: 620.0118s
	iters: 700, epoch: 4 | loss: 0.2509190
	speed: 0.0063s/iter; left time: 638.6377s
	iters: 800, epoch: 4 | loss: 0.4438096
	speed: 0.0061s/iter; left time: 615.8300s
	iters: 900, epoch: 4 | loss: 0.3721035
	speed: 0.0061s/iter; left time: 617.3360s
	iters: 1000, epoch: 4 | loss: 0.3597128
	speed: 0.0061s/iter; left time: 618.4632s
Epoch: 4 cost time: 6.392376184463501
Epoch: 4, Steps: 1048 | Train Loss: 0.3874007 Vali Loss: 0.2848878
EarlyStopping counter: 2 out of 6
Updating learning rate to 2.5e-05
	iters: 100, epoch: 5 | loss: 0.3137473
	speed: 0.0198s/iter; left time: 1985.7859s
	iters: 200, epoch: 5 | loss: 0.2735150
	speed: 0.0062s/iter; left time: 619.3812s
	iters: 300, epoch: 5 | loss: 0.4994450
	speed: 0.0063s/iter; left time: 631.2052s
	iters: 400, epoch: 5 | loss: 0.3688848
	speed: 0.0061s/iter; left time: 614.9794s
	iters: 500, epoch: 5 | loss: 0.3319298
	speed: 0.0062s/iter; left time: 622.5753s
	iters: 600, epoch: 5 | loss: 0.3508186
	speed: 0.0061s/iter; left time: 611.8946s
	iters: 700, epoch: 5 | loss: 0.4622855
	speed: 0.0063s/iter; left time: 630.8746s
	iters: 800, epoch: 5 | loss: 0.4405516
	speed: 0.0063s/iter; left time: 632.3460s
	iters: 900, epoch: 5 | loss: 0.2990333
	speed: 0.0062s/iter; left time: 617.3934s
	iters: 1000, epoch: 5 | loss: 0.4484729
	speed: 0.0062s/iter; left time: 620.2795s
Epoch: 5 cost time: 6.535516023635864
Epoch: 5, Steps: 1048 | Train Loss: 0.3763876 Vali Loss: 0.2865047
EarlyStopping counter: 3 out of 6
Updating learning rate to 1.25e-05
	iters: 100, epoch: 6 | loss: 0.4510242
	speed: 0.0188s/iter; left time: 1864.9732s
	iters: 200, epoch: 6 | loss: 0.5025094
	speed: 0.0062s/iter; left time: 613.8217s
	iters: 300, epoch: 6 | loss: 0.3790083
	speed: 0.0062s/iter; left time: 613.8995s
	iters: 400, epoch: 6 | loss: 0.4070106
	speed: 0.0062s/iter; left time: 613.2668s
	iters: 500, epoch: 6 | loss: 0.3096153
	speed: 0.0060s/iter; left time: 596.3732s
	iters: 600, epoch: 6 | loss: 0.3734965
	speed: 0.0060s/iter; left time: 592.1426s
	iters: 700, epoch: 6 | loss: 0.3680165
	speed: 0.0060s/iter; left time: 590.9211s
	iters: 800, epoch: 6 | loss: 0.4325638
	speed: 0.0063s/iter; left time: 617.7446s
	iters: 900, epoch: 6 | loss: 0.2700037
	speed: 0.0063s/iter; left time: 624.2189s
	iters: 1000, epoch: 6 | loss: 0.4283562
	speed: 0.0063s/iter; left time: 617.7306s
Epoch: 6 cost time: 6.460824966430664
Epoch: 6, Steps: 1048 | Train Loss: 0.3699956 Vali Loss: 0.2881794
EarlyStopping counter: 4 out of 6
Updating learning rate to 6.25e-06
	iters: 100, epoch: 7 | loss: 0.3056958
	speed: 0.0189s/iter; left time: 1856.0266s
	iters: 200, epoch: 7 | loss: 0.2547098
	speed: 0.0060s/iter; left time: 590.0476s
	iters: 300, epoch: 7 | loss: 0.2197276
	speed: 0.0063s/iter; left time: 623.6326s
	iters: 400, epoch: 7 | loss: 0.4499850
	speed: 0.0062s/iter; left time: 609.6329s
	iters: 500, epoch: 7 | loss: 0.3656641
	speed: 0.0062s/iter; left time: 606.9951s
	iters: 600, epoch: 7 | loss: 0.3853019
	speed: 0.0062s/iter; left time: 606.3200s
	iters: 700, epoch: 7 | loss: 0.5919675
	speed: 0.0061s/iter; left time: 594.2992s
	iters: 800, epoch: 7 | loss: 0.3078798
	speed: 0.0062s/iter; left time: 602.0469s
	iters: 900, epoch: 7 | loss: 0.3817575
	speed: 0.0062s/iter; left time: 604.6545s
	iters: 1000, epoch: 7 | loss: 0.5677989
	speed: 0.0063s/iter; left time: 609.6618s
Epoch: 7 cost time: 6.472066164016724
Epoch: 7, Steps: 1048 | Train Loss: 0.3673253 Vali Loss: 0.2888823
EarlyStopping counter: 5 out of 6
Updating learning rate to 3.125e-06
	iters: 100, epoch: 8 | loss: 0.5515964
	speed: 0.0187s/iter; left time: 1817.7712s
	iters: 200, epoch: 8 | loss: 0.2824903
	speed: 0.0062s/iter; left time: 599.0375s
	iters: 300, epoch: 8 | loss: 0.4184792
	speed: 0.0061s/iter; left time: 589.2524s
	iters: 400, epoch: 8 | loss: 0.2791058
	speed: 0.0060s/iter; left time: 587.0725s
	iters: 500, epoch: 8 | loss: 0.3774296
	speed: 0.0064s/iter; left time: 623.6490s
	iters: 600, epoch: 8 | loss: 0.1746791
	speed: 0.0063s/iter; left time: 607.8767s
	iters: 700, epoch: 8 | loss: 0.2456672
	speed: 0.0060s/iter; left time: 578.0046s
	iters: 800, epoch: 8 | loss: 0.3271231
	speed: 0.0060s/iter; left time: 584.3296s
	iters: 900, epoch: 8 | loss: 0.4133335
	speed: 0.0060s/iter; left time: 578.6034s
	iters: 1000, epoch: 8 | loss: 0.2730459
	speed: 0.0064s/iter; left time: 613.4674s
Epoch: 8 cost time: 6.4687066078186035
Epoch: 8, Steps: 1048 | Train Loss: 0.3657866 Vali Loss: 0.2890465
EarlyStopping counter: 6 out of 6
Early stopping
>>>>>>>testing : long_term_forecast_closest_dim_ettm2_l336_h720_s2022_DiM_ETTm2_ftM_sl336_ll48_pl720_dm512_nh8_el1_dl1_df2048_seita0.5_ebtimeF_gdep4_node_dim10_closest_dim_ettm2_l336_h720_s2022_0<<<<<<<<<<<<<<<<<<<<<<<<<<<<<<<<<
test 10801
EVALUATION_RESULT {"batches": 338, "elements": 54437040, "mae": 0.39267202443725585, "metric_version": "element_weighted_v1", "mse": 0.38177573644953533, "parameter_count": 3102604, "split": "test", "test_accessed": true}
=== [21/24] closest_dim_ettm1_l336_h96_s2023 ===
COMMAND /home/cwh/Time-Series-Library/.venv/bin/python -u /home/cwh/Time-Series-Library/external/timerole_p0/DiM/run.py --task_name long_term_forecast --is_training 1 --model_id closest_dim_ettm1_l336_h96_s2023 --model DiM --seed 2023 --data ETTm1 --root_path /home/cwh/Time-Series-Library/dataset/ETT-small --data_path ETTm1.csv --features M --target OT --freq t --seq_len 336 --label_len 48 --pred_len 96 --enc_in 7 --dec_in 7 --c_out 7 --d_model 512 --d_ff 2048 --n_heads 8 --e_layers 1 --batch_size 32 --learning_rate 0.0002 --train_epochs 100 --patience 6 --num_workers 0 --gpu 0 --checkpoints /home/cwh/Time-Series-Library/logs/timerole_p0/closest/formal/dim/checkpoints --des closest_dim_ettm1_l336_h96_s2023 --itr 1 --test_after_train 1 --evaluation_split test
Args in experiment:
[1mBasic Config[0m
  Task Name:          long_term_forecast  Is Training:        1                   
  Model ID:           closest_dim_ettm1_l336_h96_s2023Model:              DiM                 

[1mData Loader[0m
  Data:               ETTm1               Root Path:          /home/cwh/Time-Series-Library/dataset/ETT-small
  Data Path:          ETTm1.csv           Features:           M                   
  Target:             OT                  Freq:               t                   
  Checkpoints:        /home/cwh/Time-Series-Library/logs/timerole_p0/closest/formal/dim/checkpoints

[1mForecasting Task[0m
  Seq Len:            336                 Label Len:          48                  
  Pred Len:           96                  Seasonal Patterns:  Monthly             
  Inverse:            0                   

[1mModel Parameters[0m
  Top k:              5                   Num Kernels:        6                   
  Enc In:             7                   Dec In:             7                   
  C Out:              7                   d model:            512                 
  n heads:            8                   e layers:           1                   
  d layers:           1                   d FF:               2048                
  Moving Avg:         25                  Factor:             1                   
  Distil:             1                   Dropout:            0.1                 
  Embed:              timeF               Activation:         gelu                
  Output Attention:   0                   

[1mRun Parameters[0m
  Num Workers:        0                   Itr:                1                   
  Train Epochs:       100                 Batch Size:         32                  
  Patience:           6                   Learning Rate:      0.0002              
  Des:                closest_dim_ettm1_l336_h96_s2023Loss:               MSE                 
  Lradj:              type1               Use Amp:            0                   

[1mGPU[0m
  Use GPU:            1                   GPU:                0                   
  Use Multi GPU:      0                   Devices:            0,1,2,3             

[1mDe-stationary Projector Params[0m
  P Hidden Dims:      128, 128            P Hidden Layers:    2                   

Use GPU: cuda:0
>>>>>>>start training : long_term_forecast_closest_dim_ettm1_l336_h96_s2023_DiM_ETTm1_ftM_sl336_ll48_pl96_dm512_nh8_el1_dl1_df2048_seita0.5_ebtimeF_gdep4_node_dim10_closest_dim_ettm1_l336_h96_s2023_0>>>>>>>>>>>>>>>>>>>>>>>>>>
train 34129
val 11425
Number of parameter:  2.78M
	iters: 100, epoch: 1 | loss: 0.2484496
	speed: 0.0117s/iter; left time: 1249.8384s
	iters: 200, epoch: 1 | loss: 0.2713324
	speed: 0.0056s/iter; left time: 597.3115s
	iters: 300, epoch: 1 | loss: 0.2629749
	speed: 0.0054s/iter; left time: 579.3586s
	iters: 400, epoch: 1 | loss: 0.2662431
	speed: 0.0054s/iter; left time: 578.2031s
	iters: 500, epoch: 1 | loss: 0.2110961
	speed: 0.0055s/iter; left time: 585.1081s
	iters: 600, epoch: 1 | loss: 0.2108680
	speed: 0.0059s/iter; left time: 624.9754s
	iters: 700, epoch: 1 | loss: 0.2390823
	speed: 0.0057s/iter; left time: 603.0883s
	iters: 800, epoch: 1 | loss: 0.3039001
	speed: 0.0057s/iter; left time: 598.4776s
	iters: 900, epoch: 1 | loss: 0.2133643
	speed: 0.0057s/iter; left time: 599.2796s
	iters: 1000, epoch: 1 | loss: 0.1849360
	speed: 0.0057s/iter; left time: 597.5015s
Epoch: 1 cost time: 6.224622011184692
Epoch: 1, Steps: 1067 | Train Loss: 0.2658501 Vali Loss: 0.3656940
Validation loss decreased (inf --> 0.365694).  Saving model ...
Updating learning rate to 0.0002
	iters: 100, epoch: 2 | loss: 0.2465066
	speed: 0.0182s/iter; left time: 1916.8255s
	iters: 200, epoch: 2 | loss: 0.2133131
	speed: 0.0058s/iter; left time: 612.8401s
	iters: 300, epoch: 2 | loss: 0.2571156
	speed: 0.0056s/iter; left time: 592.4488s
	iters: 400, epoch: 2 | loss: 0.2251412
	speed: 0.0058s/iter; left time: 613.3217s
	iters: 500, epoch: 2 | loss: 0.1886204
	speed: 0.0056s/iter; left time: 587.8956s
	iters: 600, epoch: 2 | loss: 0.2024138
	speed: 0.0056s/iter; left time: 590.3925s
	iters: 700, epoch: 2 | loss: 0.1851543
	speed: 0.0056s/iter; left time: 592.6738s
	iters: 800, epoch: 2 | loss: 0.1989658
	speed: 0.0056s/iter; left time: 583.3534s
	iters: 900, epoch: 2 | loss: 0.1965854
	speed: 0.0061s/iter; left time: 639.4778s
	iters: 1000, epoch: 2 | loss: 0.2270364
	speed: 0.0056s/iter; left time: 590.9674s
Epoch: 2 cost time: 6.135605573654175
Epoch: 2, Steps: 1067 | Train Loss: 0.2303352 Vali Loss: 0.3647452
Validation loss decreased (0.365694 --> 0.364745).  Saving model ...
Updating learning rate to 0.0001
	iters: 100, epoch: 3 | loss: 0.2072469
	speed: 0.0190s/iter; left time: 1989.9551s
	iters: 200, epoch: 3 | loss: 0.2528310
	speed: 0.0059s/iter; left time: 616.8260s
	iters: 300, epoch: 3 | loss: 0.1720271
	speed: 0.0059s/iter; left time: 616.5318s
	iters: 400, epoch: 3 | loss: 0.1810010
	speed: 0.0063s/iter; left time: 659.1868s
	iters: 500, epoch: 3 | loss: 0.2019840
	speed: 0.0060s/iter; left time: 629.1436s
	iters: 600, epoch: 3 | loss: 0.1965990
	speed: 0.0059s/iter; left time: 618.2894s
	iters: 700, epoch: 3 | loss: 0.2157862
	speed: 0.0057s/iter; left time: 594.4593s
	iters: 800, epoch: 3 | loss: 0.1833142
	speed: 0.0058s/iter; left time: 600.4398s
	iters: 900, epoch: 3 | loss: 0.2006226
	speed: 0.0056s/iter; left time: 576.7857s
	iters: 1000, epoch: 3 | loss: 0.1850779
	speed: 0.0054s/iter; left time: 560.8470s
Epoch: 3 cost time: 6.239173650741577
Epoch: 3, Steps: 1067 | Train Loss: 0.2109517 Vali Loss: 0.3687524
EarlyStopping counter: 1 out of 6
Updating learning rate to 5e-05
	iters: 100, epoch: 4 | loss: 0.1924953
	speed: 0.0186s/iter; left time: 1928.0188s
	iters: 200, epoch: 4 | loss: 0.2046116
	speed: 0.0059s/iter; left time: 610.5398s
	iters: 300, epoch: 4 | loss: 0.2116450
	speed: 0.0059s/iter; left time: 612.1757s
	iters: 400, epoch: 4 | loss: 0.2156753
	speed: 0.0058s/iter; left time: 599.5283s
	iters: 500, epoch: 4 | loss: 0.1624286
	speed: 0.0058s/iter; left time: 596.5122s
	iters: 600, epoch: 4 | loss: 0.2391094
	speed: 0.0059s/iter; left time: 604.4412s
	iters: 700, epoch: 4 | loss: 0.1403324
	speed: 0.0060s/iter; left time: 615.2661s
	iters: 800, epoch: 4 | loss: 0.2491081
	speed: 0.0058s/iter; left time: 598.3570s
	iters: 900, epoch: 4 | loss: 0.2352607
	speed: 0.0059s/iter; left time: 602.8380s
	iters: 1000, epoch: 4 | loss: 0.1812146
	speed: 0.0055s/iter; left time: 565.4259s
Epoch: 4 cost time: 6.244223356246948
Epoch: 4, Steps: 1067 | Train Loss: 0.1999553 Vali Loss: 0.3732792
EarlyStopping counter: 2 out of 6
Updating learning rate to 2.5e-05
	iters: 100, epoch: 5 | loss: 0.2203630
	speed: 0.0181s/iter; left time: 1856.2756s
	iters: 200, epoch: 5 | loss: 0.2055268
	speed: 0.0057s/iter; left time: 581.7243s
	iters: 300, epoch: 5 | loss: 0.1739750
	speed: 0.0058s/iter; left time: 591.9627s
	iters: 400, epoch: 5 | loss: 0.2434535
	speed: 0.0061s/iter; left time: 621.9198s
	iters: 500, epoch: 5 | loss: 0.1906975
	speed: 0.0056s/iter; left time: 568.6297s
	iters: 600, epoch: 5 | loss: 0.1713440
	speed: 0.0056s/iter; left time: 572.3367s
	iters: 700, epoch: 5 | loss: 0.2192308
	speed: 0.0058s/iter; left time: 591.8467s
	iters: 800, epoch: 5 | loss: 0.1830404
	speed: 0.0060s/iter; left time: 614.6899s
	iters: 900, epoch: 5 | loss: 0.2104653
	speed: 0.0062s/iter; left time: 627.0959s
	iters: 1000, epoch: 5 | loss: 0.1609450
	speed: 0.0059s/iter; left time: 603.3339s
Epoch: 5 cost time: 6.236862659454346
Epoch: 5, Steps: 1067 | Train Loss: 0.1941244 Vali Loss: 0.3784021
EarlyStopping counter: 3 out of 6
Updating learning rate to 1.25e-05
	iters: 100, epoch: 6 | loss: 0.1720990
	speed: 0.0182s/iter; left time: 1845.5197s
	iters: 200, epoch: 6 | loss: 0.1841310
	speed: 0.0056s/iter; left time: 562.0396s
	iters: 300, epoch: 6 | loss: 0.1956558
	speed: 0.0057s/iter; left time: 577.8554s
	iters: 400, epoch: 6 | loss: 0.1664050
	speed: 0.0057s/iter; left time: 577.5925s
	iters: 500, epoch: 6 | loss: 0.1937559
	speed: 0.0056s/iter; left time: 563.8304s
	iters: 600, epoch: 6 | loss: 0.1978517
	speed: 0.0058s/iter; left time: 586.0139s
	iters: 700, epoch: 6 | loss: 0.1751365
	speed: 0.0055s/iter; left time: 554.0664s
	iters: 800, epoch: 6 | loss: 0.1931202
	speed: 0.0055s/iter; left time: 554.1195s
	iters: 900, epoch: 6 | loss: 0.1998106
	speed: 0.0057s/iter; left time: 568.4922s
	iters: 1000, epoch: 6 | loss: 0.1844874
	speed: 0.0054s/iter; left time: 541.9235s
Epoch: 6 cost time: 6.034524440765381
Epoch: 6, Steps: 1067 | Train Loss: 0.1908693 Vali Loss: 0.3787416
EarlyStopping counter: 4 out of 6
Updating learning rate to 6.25e-06
	iters: 100, epoch: 7 | loss: 0.1979328
	speed: 0.0185s/iter; left time: 1857.3859s
	iters: 200, epoch: 7 | loss: 0.1760465
	speed: 0.0056s/iter; left time: 557.7127s
	iters: 300, epoch: 7 | loss: 0.1931448
	speed: 0.0056s/iter; left time: 562.3358s
	iters: 400, epoch: 7 | loss: 0.1903346
	speed: 0.0058s/iter; left time: 575.7800s
	iters: 500, epoch: 7 | loss: 0.2076591
	speed: 0.0056s/iter; left time: 557.1191s
	iters: 600, epoch: 7 | loss: 0.1913182
	speed: 0.0057s/iter; left time: 565.1580s
	iters: 700, epoch: 7 | loss: 0.1798489
	speed: 0.0055s/iter; left time: 550.1066s
	iters: 800, epoch: 7 | loss: 0.2050584
	speed: 0.0058s/iter; left time: 579.3480s
	iters: 900, epoch: 7 | loss: 0.1807270
	speed: 0.0057s/iter; left time: 569.8619s
	iters: 1000, epoch: 7 | loss: 0.1807264
	speed: 0.0057s/iter; left time: 570.4821s
Epoch: 7 cost time: 6.054820537567139
Epoch: 7, Steps: 1067 | Train Loss: 0.1891382 Vali Loss: 0.3792829
EarlyStopping counter: 5 out of 6
Updating learning rate to 3.125e-06
	iters: 100, epoch: 8 | loss: 0.1605807
	speed: 0.0183s/iter; left time: 1812.8752s
	iters: 200, epoch: 8 | loss: 0.2017778
	speed: 0.0059s/iter; left time: 580.9839s
	iters: 300, epoch: 8 | loss: 0.1887246
	speed: 0.0058s/iter; left time: 569.4825s
	iters: 400, epoch: 8 | loss: 0.1668164
	speed: 0.0055s/iter; left time: 545.8835s
	iters: 500, epoch: 8 | loss: 0.2085140
	speed: 0.0057s/iter; left time: 566.6608s
	iters: 600, epoch: 8 | loss: 0.1767791
	speed: 0.0057s/iter; left time: 558.8549s
	iters: 700, epoch: 8 | loss: 0.1960000
	speed: 0.0057s/iter; left time: 557.8133s
	iters: 800, epoch: 8 | loss: 0.2094405
	speed: 0.0059s/iter; left time: 579.5702s
	iters: 900, epoch: 8 | loss: 0.1984168
	speed: 0.0060s/iter; left time: 593.8761s
	iters: 1000, epoch: 8 | loss: 0.1857022
	speed: 0.0059s/iter; left time: 574.8069s
Epoch: 8 cost time: 6.180971384048462
Epoch: 8, Steps: 1067 | Train Loss: 0.1882931 Vali Loss: 0.3798880
EarlyStopping counter: 6 out of 6
Early stopping
>>>>>>>testing : long_term_forecast_closest_dim_ettm1_l336_h96_s2023_DiM_ETTm1_ftM_sl336_ll48_pl96_dm512_nh8_el1_dl1_df2048_seita0.5_ebtimeF_gdep4_node_dim10_closest_dim_ettm1_l336_h96_s2023_0<<<<<<<<<<<<<<<<<<<<<<<<<<<<<<<<<
test 11425
EVALUATION_RESULT {"batches": 358, "elements": 7677600, "mae": 0.3418697678427951, "metric_version": "element_weighted_v1", "mse": 0.28769365707958716, "parameter_count": 2782492, "split": "test", "test_accessed": true}
=== [22/24] closest_dim_ettm1_l336_h720_s2023 ===
COMMAND /home/cwh/Time-Series-Library/.venv/bin/python -u /home/cwh/Time-Series-Library/external/timerole_p0/DiM/run.py --task_name long_term_forecast --is_training 1 --model_id closest_dim_ettm1_l336_h720_s2023 --model DiM --seed 2023 --data ETTm1 --root_path /home/cwh/Time-Series-Library/dataset/ETT-small --data_path ETTm1.csv --features M --target OT --freq t --seq_len 336 --label_len 48 --pred_len 720 --enc_in 7 --dec_in 7 --c_out 7 --d_model 512 --d_ff 2048 --n_heads 8 --e_layers 1 --batch_size 32 --learning_rate 0.0002 --train_epochs 100 --patience 6 --num_workers 0 --gpu 0 --checkpoints /home/cwh/Time-Series-Library/logs/timerole_p0/closest/formal/dim/checkpoints --des closest_dim_ettm1_l336_h720_s2023 --itr 1 --test_after_train 1 --evaluation_split test
Args in experiment:
[1mBasic Config[0m
  Task Name:          long_term_forecast  Is Training:        1                   
  Model ID:           closest_dim_ettm1_l336_h720_s2023Model:              DiM                 

[1mData Loader[0m
  Data:               ETTm1               Root Path:          /home/cwh/Time-Series-Library/dataset/ETT-small
  Data Path:          ETTm1.csv           Features:           M                   
  Target:             OT                  Freq:               t                   
  Checkpoints:        /home/cwh/Time-Series-Library/logs/timerole_p0/closest/formal/dim/checkpoints

[1mForecasting Task[0m
  Seq Len:            336                 Label Len:          48                  
  Pred Len:           720                 Seasonal Patterns:  Monthly             
  Inverse:            0                   

[1mModel Parameters[0m
  Top k:              5                   Num Kernels:        6                   
  Enc In:             7                   Dec In:             7                   
  C Out:              7                   d model:            512                 
  n heads:            8                   e layers:           1                   
  d layers:           1                   d FF:               2048                
  Moving Avg:         25                  Factor:             1                   
  Distil:             1                   Dropout:            0.1                 
  Embed:              timeF               Activation:         gelu                
  Output Attention:   0                   

[1mRun Parameters[0m
  Num Workers:        0                   Itr:                1                   
  Train Epochs:       100                 Batch Size:         32                  
  Patience:           6                   Learning Rate:      0.0002              
  Des:                closest_dim_ettm1_l336_h720_s2023Loss:               MSE                 
  Lradj:              type1               Use Amp:            0                   

[1mGPU[0m
  Use GPU:            1                   GPU:                0                   
  Use Multi GPU:      0                   Devices:            0,1,2,3             

[1mDe-stationary Projector Params[0m
  P Hidden Dims:      128, 128            P Hidden Layers:    2                   

Use GPU: cuda:0
>>>>>>>start training : long_term_forecast_closest_dim_ettm1_l336_h720_s2023_DiM_ETTm1_ftM_sl336_ll48_pl720_dm512_nh8_el1_dl1_df2048_seita0.5_ebtimeF_gdep4_node_dim10_closest_dim_ettm1_l336_h720_s2023_0>>>>>>>>>>>>>>>>>>>>>>>>>>
train 33505
val 10801
Number of parameter:  3.10M
	iters: 100, epoch: 1 | loss: 0.4452559
	speed: 0.0122s/iter; left time: 1278.3932s
	iters: 200, epoch: 1 | loss: 0.3745090
	speed: 0.0061s/iter; left time: 637.1590s
	iters: 300, epoch: 1 | loss: 0.3935471
	speed: 0.0062s/iter; left time: 648.1801s
	iters: 400, epoch: 1 | loss: 0.4954801
	speed: 0.0061s/iter; left time: 639.5897s
	iters: 500, epoch: 1 | loss: 0.4369028
	speed: 0.0061s/iter; left time: 635.5191s
	iters: 600, epoch: 1 | loss: 0.4205874
	speed: 0.0064s/iter; left time: 665.7055s
	iters: 700, epoch: 1 | loss: 0.3850354
	speed: 0.0062s/iter; left time: 648.1845s
	iters: 800, epoch: 1 | loss: 0.4252325
	speed: 0.0061s/iter; left time: 638.4571s
	iters: 900, epoch: 1 | loss: 0.3877273
	speed: 0.0064s/iter; left time: 663.8748s
	iters: 1000, epoch: 1 | loss: 0.3394938
	speed: 0.0065s/iter; left time: 670.8444s
Epoch: 1 cost time: 6.749223947525024
Epoch: 1, Steps: 1048 | Train Loss: 0.4245002 Vali Loss: 0.9584050
Validation loss decreased (inf --> 0.958405).  Saving model ...
Updating learning rate to 0.0002
	iters: 100, epoch: 2 | loss: 0.4332473
	speed: 0.0188s/iter; left time: 1945.3376s
	iters: 200, epoch: 2 | loss: 0.4173404
	speed: 0.0063s/iter; left time: 655.4106s
	iters: 300, epoch: 2 | loss: 0.3634964
	speed: 0.0062s/iter; left time: 644.9001s
	iters: 400, epoch: 2 | loss: 0.3948260
	speed: 0.0062s/iter; left time: 638.7627s
	iters: 500, epoch: 2 | loss: 0.3770261
	speed: 0.0063s/iter; left time: 648.8496s
	iters: 600, epoch: 2 | loss: 0.3945010
	speed: 0.0061s/iter; left time: 627.9801s
	iters: 700, epoch: 2 | loss: 0.4481873
	speed: 0.0064s/iter; left time: 658.0211s
	iters: 800, epoch: 2 | loss: 0.4203331
	speed: 0.0061s/iter; left time: 627.3885s
	iters: 900, epoch: 2 | loss: 0.4053250
	speed: 0.0063s/iter; left time: 645.1017s
	iters: 1000, epoch: 2 | loss: 0.3062609
	speed: 0.0063s/iter; left time: 652.2584s
Epoch: 2 cost time: 6.54418158531189
Epoch: 2, Steps: 1048 | Train Loss: 0.3902814 Vali Loss: 0.9656653
EarlyStopping counter: 1 out of 6
Updating learning rate to 0.0001
	iters: 100, epoch: 3 | loss: 0.3468614
	speed: 0.0190s/iter; left time: 1951.2816s
	iters: 200, epoch: 3 | loss: 0.3545672
	speed: 0.0064s/iter; left time: 657.5933s
	iters: 300, epoch: 3 | loss: 0.3604710
	speed: 0.0064s/iter; left time: 652.7123s
	iters: 400, epoch: 3 | loss: 0.3706248
	speed: 0.0061s/iter; left time: 626.8378s
	iters: 500, epoch: 3 | loss: 0.3224724
	speed: 0.0063s/iter; left time: 648.5139s
	iters: 600, epoch: 3 | loss: 0.3696375
	speed: 0.0063s/iter; left time: 642.3112s
	iters: 700, epoch: 3 | loss: 0.2995869
	speed: 0.0063s/iter; left time: 637.8576s
	iters: 800, epoch: 3 | loss: 0.3339502
	speed: 0.0064s/iter; left time: 654.7031s
	iters: 900, epoch: 3 | loss: 0.3739692
	speed: 0.0064s/iter; left time: 648.2411s
	iters: 1000, epoch: 3 | loss: 0.3698909
	speed: 0.0064s/iter; left time: 648.9958s
Epoch: 3 cost time: 6.636639833450317
Epoch: 3, Steps: 1048 | Train Loss: 0.3659161 Vali Loss: 1.0045774
EarlyStopping counter: 2 out of 6
Updating learning rate to 5e-05
	iters: 100, epoch: 4 | loss: 0.3582625
	speed: 0.0187s/iter; left time: 1901.9480s
	iters: 200, epoch: 4 | loss: 0.4057124
	speed: 0.0060s/iter; left time: 605.5446s
	iters: 300, epoch: 4 | loss: 0.3607689
	speed: 0.0060s/iter; left time: 603.7892s
	iters: 400, epoch: 4 | loss: 0.3835622
	speed: 0.0059s/iter; left time: 594.8531s
	iters: 500, epoch: 4 | loss: 0.3566822
	speed: 0.0058s/iter; left time: 591.1868s
	iters: 600, epoch: 4 | loss: 0.3091538
	speed: 0.0063s/iter; left time: 637.1630s
	iters: 700, epoch: 4 | loss: 0.3403243
	speed: 0.0057s/iter; left time: 574.5532s
	iters: 800, epoch: 4 | loss: 0.4233987
	speed: 0.0061s/iter; left time: 620.1049s
	iters: 900, epoch: 4 | loss: 0.3925273
	speed: 0.0060s/iter; left time: 602.2891s
	iters: 1000, epoch: 4 | loss: 0.3008243
	speed: 0.0060s/iter; left time: 599.2900s
Epoch: 4 cost time: 6.300219535827637
Epoch: 4, Steps: 1048 | Train Loss: 0.3507576 Vali Loss: 0.9943461
EarlyStopping counter: 3 out of 6
Updating learning rate to 2.5e-05
	iters: 100, epoch: 5 | loss: 0.3598110
	speed: 0.0184s/iter; left time: 1853.1186s
	iters: 200, epoch: 5 | loss: 0.3385327
	speed: 0.0058s/iter; left time: 582.6441s
	iters: 300, epoch: 5 | loss: 0.3152153
	speed: 0.0061s/iter; left time: 608.1573s
	iters: 400, epoch: 5 | loss: 0.3044769
	speed: 0.0058s/iter; left time: 578.8077s
	iters: 500, epoch: 5 | loss: 0.3472983
	speed: 0.0059s/iter; left time: 594.8473s
	iters: 600, epoch: 5 | loss: 0.3426944
	speed: 0.0060s/iter; left time: 604.1405s
	iters: 700, epoch: 5 | loss: 0.3459456
	speed: 0.0063s/iter; left time: 624.8329s
	iters: 800, epoch: 5 | loss: 0.3347866
	speed: 0.0066s/iter; left time: 659.3787s
	iters: 900, epoch: 5 | loss: 0.4132199
	speed: 0.0062s/iter; left time: 619.8236s
	iters: 1000, epoch: 5 | loss: 0.3636520
	speed: 0.0063s/iter; left time: 625.7870s
Epoch: 5 cost time: 6.41691780090332
Epoch: 5, Steps: 1048 | Train Loss: 0.3428018 Vali Loss: 0.9993233
EarlyStopping counter: 4 out of 6
Updating learning rate to 1.25e-05
	iters: 100, epoch: 6 | loss: 0.3146813
	speed: 0.0190s/iter; left time: 1886.2498s
	iters: 200, epoch: 6 | loss: 0.3391627
	speed: 0.0060s/iter; left time: 591.2707s
	iters: 300, epoch: 6 | loss: 0.3407922
	speed: 0.0061s/iter; left time: 604.8743s
	iters: 400, epoch: 6 | loss: 0.3247930
	speed: 0.0064s/iter; left time: 633.3612s
	iters: 500, epoch: 6 | loss: 0.3459594
	speed: 0.0060s/iter; left time: 597.2442s
	iters: 600, epoch: 6 | loss: 0.3212919
	speed: 0.0062s/iter; left time: 609.9522s
	iters: 700, epoch: 6 | loss: 0.3887275
	speed: 0.0061s/iter; left time: 604.4226s
	iters: 800, epoch: 6 | loss: 0.4067795
	speed: 0.0061s/iter; left time: 598.7089s
	iters: 900, epoch: 6 | loss: 0.3281275
	speed: 0.0064s/iter; left time: 635.1828s
	iters: 1000, epoch: 6 | loss: 0.3190664
	speed: 0.0062s/iter; left time: 607.9398s
Epoch: 6 cost time: 6.4534385204315186
Epoch: 6, Steps: 1048 | Train Loss: 0.3388356 Vali Loss: 1.0041958
EarlyStopping counter: 5 out of 6
Updating learning rate to 6.25e-06
	iters: 100, epoch: 7 | loss: 0.3319761
	speed: 0.0194s/iter; left time: 1908.8312s
	iters: 200, epoch: 7 | loss: 0.3275968
	speed: 0.0062s/iter; left time: 611.3854s
	iters: 300, epoch: 7 | loss: 0.2787483
	speed: 0.0062s/iter; left time: 612.1081s
	iters: 400, epoch: 7 | loss: 0.3386034
	speed: 0.0062s/iter; left time: 612.2264s
	iters: 500, epoch: 7 | loss: 0.3351924
	speed: 0.0062s/iter; left time: 604.5052s
	iters: 600, epoch: 7 | loss: 0.3522721
	speed: 0.0066s/iter; left time: 647.8619s
	iters: 700, epoch: 7 | loss: 0.3540304
	speed: 0.0064s/iter; left time: 627.5805s
	iters: 800, epoch: 7 | loss: 0.3277679
	speed: 0.0063s/iter; left time: 611.4680s
	iters: 900, epoch: 7 | loss: 0.2844898
	speed: 0.0063s/iter; left time: 619.5924s
	iters: 1000, epoch: 7 | loss: 0.3349297
	speed: 0.0062s/iter; left time: 599.7270s
Epoch: 7 cost time: 6.6274755001068115
Epoch: 7, Steps: 1048 | Train Loss: 0.3368142 Vali Loss: 1.0085450
EarlyStopping counter: 6 out of 6
Early stopping
>>>>>>>testing : long_term_forecast_closest_dim_ettm1_l336_h720_s2023_DiM_ETTm1_ftM_sl336_ll48_pl720_dm512_nh8_el1_dl1_df2048_seita0.5_ebtimeF_gdep4_node_dim10_closest_dim_ettm1_l336_h720_s2023_0<<<<<<<<<<<<<<<<<<<<<<<<<<<<<<<<<
test 10801
EVALUATION_RESULT {"batches": 338, "elements": 54437040, "mae": 0.4268809448550564, "metric_version": "element_weighted_v1", "mse": 0.4281492355664452, "parameter_count": 3102604, "split": "test", "test_accessed": true}
=== [23/24] closest_dim_ettm2_l336_h96_s2023 ===
COMMAND /home/cwh/Time-Series-Library/.venv/bin/python -u /home/cwh/Time-Series-Library/external/timerole_p0/DiM/run.py --task_name long_term_forecast --is_training 1 --model_id closest_dim_ettm2_l336_h96_s2023 --model DiM --seed 2023 --data ETTm2 --root_path /home/cwh/Time-Series-Library/dataset/ETT-small --data_path ETTm2.csv --features M --target OT --freq t --seq_len 336 --label_len 48 --pred_len 96 --enc_in 7 --dec_in 7 --c_out 7 --d_model 512 --d_ff 2048 --n_heads 8 --e_layers 1 --batch_size 32 --learning_rate 0.0002 --train_epochs 100 --patience 6 --num_workers 0 --gpu 0 --checkpoints /home/cwh/Time-Series-Library/logs/timerole_p0/closest/formal/dim/checkpoints --des closest_dim_ettm2_l336_h96_s2023 --itr 1 --test_after_train 1 --evaluation_split test
Args in experiment:
[1mBasic Config[0m
  Task Name:          long_term_forecast  Is Training:        1                   
  Model ID:           closest_dim_ettm2_l336_h96_s2023Model:              DiM                 

[1mData Loader[0m
  Data:               ETTm2               Root Path:          /home/cwh/Time-Series-Library/dataset/ETT-small
  Data Path:          ETTm2.csv           Features:           M                   
  Target:             OT                  Freq:               t                   
  Checkpoints:        /home/cwh/Time-Series-Library/logs/timerole_p0/closest/formal/dim/checkpoints

[1mForecasting Task[0m
  Seq Len:            336                 Label Len:          48                  
  Pred Len:           96                  Seasonal Patterns:  Monthly             
  Inverse:            0                   

[1mModel Parameters[0m
  Top k:              5                   Num Kernels:        6                   
  Enc In:             7                   Dec In:             7                   
  C Out:              7                   d model:            512                 
  n heads:            8                   e layers:           1                   
  d layers:           1                   d FF:               2048                
  Moving Avg:         25                  Factor:             1                   
  Distil:             1                   Dropout:            0.1                 
  Embed:              timeF               Activation:         gelu                
  Output Attention:   0                   

[1mRun Parameters[0m
  Num Workers:        0                   Itr:                1                   
  Train Epochs:       100                 Batch Size:         32                  
  Patience:           6                   Learning Rate:      0.0002              
  Des:                closest_dim_ettm2_l336_h96_s2023Loss:               MSE                 
  Lradj:              type1               Use Amp:            0                   

[1mGPU[0m
  Use GPU:            1                   GPU:                0                   
  Use Multi GPU:      0                   Devices:            0,1,2,3             

[1mDe-stationary Projector Params[0m
  P Hidden Dims:      128, 128            P Hidden Layers:    2                   

Use GPU: cuda:0
>>>>>>>start training : long_term_forecast_closest_dim_ettm2_l336_h96_s2023_DiM_ETTm2_ftM_sl336_ll48_pl96_dm512_nh8_el1_dl1_df2048_seita0.5_ebtimeF_gdep4_node_dim10_closest_dim_ettm2_l336_h96_s2023_0>>>>>>>>>>>>>>>>>>>>>>>>>>
train 34129
val 11425
Number of parameter:  2.78M
	iters: 100, epoch: 1 | loss: 0.2094159
	speed: 0.0116s/iter; left time: 1240.6562s
	iters: 200, epoch: 1 | loss: 0.2092058
	speed: 0.0055s/iter; left time: 588.2004s
	iters: 300, epoch: 1 | loss: 0.1471513
	speed: 0.0054s/iter; left time: 577.1826s
	iters: 400, epoch: 1 | loss: 0.2536780
	speed: 0.0055s/iter; left time: 589.8715s
	iters: 500, epoch: 1 | loss: 0.1438076
	speed: 0.0056s/iter; left time: 599.5967s
	iters: 600, epoch: 1 | loss: 0.1430988
	speed: 0.0057s/iter; left time: 608.0153s
	iters: 700, epoch: 1 | loss: 0.1657239
	speed: 0.0057s/iter; left time: 604.0151s
	iters: 800, epoch: 1 | loss: 0.1283711
	speed: 0.0057s/iter; left time: 600.3851s
	iters: 900, epoch: 1 | loss: 0.1232372
	speed: 0.0055s/iter; left time: 580.3473s
	iters: 1000, epoch: 1 | loss: 0.2167544
	speed: 0.0054s/iter; left time: 574.0146s
Epoch: 1 cost time: 6.179682731628418
Epoch: 1, Steps: 1067 | Train Loss: 0.2247646 Vali Loss: 0.1231784
Validation loss decreased (inf --> 0.123178).  Saving model ...
Updating learning rate to 0.0002
	iters: 100, epoch: 2 | loss: 0.2111607
	speed: 0.0178s/iter; left time: 1879.7114s
	iters: 200, epoch: 2 | loss: 0.2394665
	speed: 0.0058s/iter; left time: 615.5296s
	iters: 300, epoch: 2 | loss: 0.1895749
	speed: 0.0058s/iter; left time: 611.9427s
	iters: 400, epoch: 2 | loss: 0.0915849
	speed: 0.0057s/iter; left time: 596.6473s
	iters: 500, epoch: 2 | loss: 0.1330287
	speed: 0.0055s/iter; left time: 582.8518s
	iters: 600, epoch: 2 | loss: 0.3398730
	speed: 0.0056s/iter; left time: 589.6448s
	iters: 700, epoch: 2 | loss: 0.2691915
	speed: 0.0056s/iter; left time: 583.4601s
	iters: 800, epoch: 2 | loss: 0.1274200
	speed: 0.0057s/iter; left time: 592.8190s
	iters: 900, epoch: 2 | loss: 0.1809086
	speed: 0.0054s/iter; left time: 569.6570s
	iters: 1000, epoch: 2 | loss: 0.1872232
	speed: 0.0058s/iter; left time: 605.4654s
Epoch: 2 cost time: 6.017167806625366
Epoch: 2, Steps: 1067 | Train Loss: 0.1934680 Vali Loss: 0.1190066
Validation loss decreased (0.123178 --> 0.119007).  Saving model ...
Updating learning rate to 0.0001
	iters: 100, epoch: 3 | loss: 0.1829781
	speed: 0.0184s/iter; left time: 1924.6276s
	iters: 200, epoch: 3 | loss: 0.3305170
	speed: 0.0054s/iter; left time: 563.4636s
	iters: 300, epoch: 3 | loss: 0.1950603
	speed: 0.0056s/iter; left time: 581.3757s
	iters: 400, epoch: 3 | loss: 0.1661218
	speed: 0.0053s/iter; left time: 557.0656s
	iters: 500, epoch: 3 | loss: 0.2979449
	speed: 0.0059s/iter; left time: 611.7111s
	iters: 600, epoch: 3 | loss: 0.1821526
	speed: 0.0055s/iter; left time: 572.8392s
	iters: 700, epoch: 3 | loss: 0.1850968
	speed: 0.0056s/iter; left time: 582.9976s
	iters: 800, epoch: 3 | loss: 0.2310394
	speed: 0.0055s/iter; left time: 573.5690s
	iters: 900, epoch: 3 | loss: 0.1446862
	speed: 0.0060s/iter; left time: 623.1371s
	iters: 1000, epoch: 3 | loss: 0.1900873
	speed: 0.0057s/iter; left time: 587.3046s
Epoch: 3 cost time: 6.008468151092529
Epoch: 3, Steps: 1067 | Train Loss: 0.1707068 Vali Loss: 0.1189490
Validation loss decreased (0.119007 --> 0.118949).  Saving model ...
Updating learning rate to 5e-05
	iters: 100, epoch: 4 | loss: 0.1930957
	speed: 0.0187s/iter; left time: 1934.0005s
	iters: 200, epoch: 4 | loss: 0.2273498
	speed: 0.0057s/iter; left time: 589.7241s
	iters: 300, epoch: 4 | loss: 0.1250868
	speed: 0.0059s/iter; left time: 608.9326s
	iters: 400, epoch: 4 | loss: 0.2125722
	speed: 0.0056s/iter; left time: 575.9335s
	iters: 500, epoch: 4 | loss: 0.2224375
	speed: 0.0056s/iter; left time: 577.6651s
	iters: 600, epoch: 4 | loss: 0.1575834
	speed: 0.0058s/iter; left time: 593.2719s
	iters: 700, epoch: 4 | loss: 0.0878712
	speed: 0.0058s/iter; left time: 595.4885s
	iters: 800, epoch: 4 | loss: 0.2185228
	speed: 0.0058s/iter; left time: 600.6021s
	iters: 900, epoch: 4 | loss: 0.2725195
	speed: 0.0057s/iter; left time: 589.8317s
	iters: 1000, epoch: 4 | loss: 0.1722670
	speed: 0.0057s/iter; left time: 588.8294s
Epoch: 4 cost time: 6.126887083053589
Epoch: 4, Steps: 1067 | Train Loss: 0.1593835 Vali Loss: 0.1179249
Validation loss decreased (0.118949 --> 0.117925).  Saving model ...
Updating learning rate to 2.5e-05
	iters: 100, epoch: 5 | loss: 0.1719621
	speed: 0.0181s/iter; left time: 1856.0951s
	iters: 200, epoch: 5 | loss: 0.1611614
	speed: 0.0059s/iter; left time: 598.6266s
	iters: 300, epoch: 5 | loss: 0.1868337
	speed: 0.0057s/iter; left time: 581.0301s
	iters: 400, epoch: 5 | loss: 0.2489278
	speed: 0.0056s/iter; left time: 567.3186s
	iters: 500, epoch: 5 | loss: 0.1808892
	speed: 0.0057s/iter; left time: 577.2732s
	iters: 600, epoch: 5 | loss: 0.1288366
	speed: 0.0058s/iter; left time: 591.1931s
	iters: 700, epoch: 5 | loss: 0.1157510
	speed: 0.0054s/iter; left time: 553.9790s
	iters: 800, epoch: 5 | loss: 0.1284728
	speed: 0.0055s/iter; left time: 563.4623s
	iters: 900, epoch: 5 | loss: 0.1582596
	speed: 0.0055s/iter; left time: 555.7335s
	iters: 1000, epoch: 5 | loss: 0.1290502
	speed: 0.0056s/iter; left time: 566.6107s
Epoch: 5 cost time: 6.043559789657593
Epoch: 5, Steps: 1067 | Train Loss: 0.1536661 Vali Loss: 0.1195485
EarlyStopping counter: 1 out of 6
Updating learning rate to 1.25e-05
	iters: 100, epoch: 6 | loss: 0.1374011
	speed: 0.0181s/iter; left time: 1833.7852s
	iters: 200, epoch: 6 | loss: 0.1436092
	speed: 0.0055s/iter; left time: 560.1081s
	iters: 300, epoch: 6 | loss: 0.2049235
	speed: 0.0056s/iter; left time: 563.2467s
	iters: 400, epoch: 6 | loss: 0.1701047
	speed: 0.0054s/iter; left time: 546.4014s
	iters: 500, epoch: 6 | loss: 0.1262593
	speed: 0.0056s/iter; left time: 563.8044s
	iters: 600, epoch: 6 | loss: 0.1193511
	speed: 0.0056s/iter; left time: 567.6515s
	iters: 700, epoch: 6 | loss: 0.1170502
	speed: 0.0057s/iter; left time: 574.0047s
	iters: 800, epoch: 6 | loss: 0.1449771
	speed: 0.0056s/iter; left time: 558.6660s
	iters: 900, epoch: 6 | loss: 0.1352391
	speed: 0.0057s/iter; left time: 569.6357s
	iters: 1000, epoch: 6 | loss: 0.2244774
	speed: 0.0055s/iter; left time: 551.6246s
Epoch: 6 cost time: 5.953467845916748
Epoch: 6, Steps: 1067 | Train Loss: 0.1506669 Vali Loss: 0.1191769
EarlyStopping counter: 2 out of 6
Updating learning rate to 6.25e-06
	iters: 100, epoch: 7 | loss: 0.1173244
	speed: 0.0177s/iter; left time: 1775.1147s
	iters: 200, epoch: 7 | loss: 0.0856863
	speed: 0.0056s/iter; left time: 561.5999s
	iters: 300, epoch: 7 | loss: 0.1239167
	speed: 0.0056s/iter; left time: 563.8138s
	iters: 400, epoch: 7 | loss: 0.2538157
	speed: 0.0054s/iter; left time: 537.0068s
	iters: 500, epoch: 7 | loss: 0.1824644
	speed: 0.0056s/iter; left time: 554.1046s
	iters: 600, epoch: 7 | loss: 0.1666999
	speed: 0.0057s/iter; left time: 567.1109s
	iters: 700, epoch: 7 | loss: 0.1331112
	speed: 0.0056s/iter; left time: 554.1981s
	iters: 800, epoch: 7 | loss: 0.1272026
	speed: 0.0054s/iter; left time: 533.6453s
	iters: 900, epoch: 7 | loss: 0.1871185
	speed: 0.0057s/iter; left time: 567.6065s
	iters: 1000, epoch: 7 | loss: 0.1485527
	speed: 0.0055s/iter; left time: 542.4893s
Epoch: 7 cost time: 5.941360950469971
Epoch: 7, Steps: 1067 | Train Loss: 0.1492311 Vali Loss: 0.1195715
EarlyStopping counter: 3 out of 6
Updating learning rate to 3.125e-06
	iters: 100, epoch: 8 | loss: 0.0897471
	speed: 0.0176s/iter; left time: 1743.9045s
	iters: 200, epoch: 8 | loss: 0.1219410
	speed: 0.0056s/iter; left time: 553.8850s
	iters: 300, epoch: 8 | loss: 0.1117272
	speed: 0.0057s/iter; left time: 560.2306s
	iters: 400, epoch: 8 | loss: 0.1010442
	speed: 0.0059s/iter; left time: 585.1641s
	iters: 500, epoch: 8 | loss: 0.2542996
	speed: 0.0057s/iter; left time: 564.6268s
	iters: 600, epoch: 8 | loss: 0.1309968
	speed: 0.0058s/iter; left time: 572.4930s
	iters: 700, epoch: 8 | loss: 0.2042779
	speed: 0.0055s/iter; left time: 544.7945s
	iters: 800, epoch: 8 | loss: 0.0850421
	speed: 0.0056s/iter; left time: 551.3461s
	iters: 900, epoch: 8 | loss: 0.1077239
	speed: 0.0057s/iter; left time: 556.3622s
	iters: 1000, epoch: 8 | loss: 0.1612521
	speed: 0.0058s/iter; left time: 567.1815s
Epoch: 8 cost time: 6.047424077987671
Epoch: 8, Steps: 1067 | Train Loss: 0.1483582 Vali Loss: 0.1195896
EarlyStopping counter: 4 out of 6
Updating learning rate to 1.5625e-06
	iters: 100, epoch: 9 | loss: 0.1419204
	speed: 0.0178s/iter; left time: 1749.6086s
	iters: 200, epoch: 9 | loss: 0.1290937
	speed: 0.0057s/iter; left time: 555.1055s
	iters: 300, epoch: 9 | loss: 0.2125572
	speed: 0.0057s/iter; left time: 558.2817s
	iters: 400, epoch: 9 | loss: 0.1202702
	speed: 0.0058s/iter; left time: 569.6797s
	iters: 500, epoch: 9 | loss: 0.1346157
	speed: 0.0057s/iter; left time: 554.2169s
	iters: 600, epoch: 9 | loss: 0.1543130
	speed: 0.0057s/iter; left time: 551.3479s
	iters: 700, epoch: 9 | loss: 0.2010764
	speed: 0.0058s/iter; left time: 567.9190s
	iters: 800, epoch: 9 | loss: 0.1176744
	speed: 0.0054s/iter; left time: 525.0632s
	iters: 900, epoch: 9 | loss: 0.1031525
	speed: 0.0056s/iter; left time: 539.8609s
	iters: 1000, epoch: 9 | loss: 0.1150001
	speed: 0.0054s/iter; left time: 523.2181s
Epoch: 9 cost time: 6.012175798416138
Epoch: 9, Steps: 1067 | Train Loss: 0.1479461 Vali Loss: 0.1195243
EarlyStopping counter: 5 out of 6
Updating learning rate to 7.8125e-07
	iters: 100, epoch: 10 | loss: 0.1606012
	speed: 0.0175s/iter; left time: 1697.1632s
	iters: 200, epoch: 10 | loss: 0.2195062
	speed: 0.0056s/iter; left time: 541.2184s
	iters: 300, epoch: 10 | loss: 0.1366815
	speed: 0.0055s/iter; left time: 531.5646s
	iters: 400, epoch: 10 | loss: 0.1577680
	speed: 0.0056s/iter; left time: 540.0598s
	iters: 500, epoch: 10 | loss: 0.1041849
	speed: 0.0055s/iter; left time: 533.5450s
	iters: 600, epoch: 10 | loss: 0.2371358
	speed: 0.0055s/iter; left time: 529.1512s
	iters: 700, epoch: 10 | loss: 0.1456217
	speed: 0.0056s/iter; left time: 537.6178s
	iters: 800, epoch: 10 | loss: 0.1325690
	speed: 0.0057s/iter; left time: 548.1900s
	iters: 900, epoch: 10 | loss: 0.1241507
	speed: 0.0056s/iter; left time: 538.1714s
	iters: 1000, epoch: 10 | loss: 0.1154301
	speed: 0.0061s/iter; left time: 584.5856s
Epoch: 10 cost time: 5.9958343505859375
Epoch: 10, Steps: 1067 | Train Loss: 0.1478647 Vali Loss: 0.1195198
EarlyStopping counter: 6 out of 6
Early stopping
>>>>>>>testing : long_term_forecast_closest_dim_ettm2_l336_h96_s2023_DiM_ETTm2_ftM_sl336_ll48_pl96_dm512_nh8_el1_dl1_df2048_seita0.5_ebtimeF_gdep4_node_dim10_closest_dim_ettm2_l336_h96_s2023_0<<<<<<<<<<<<<<<<<<<<<<<<<<<<<<<<<
test 11425
EVALUATION_RESULT {"batches": 358, "elements": 7677600, "mae": 0.25264083672305176, "metric_version": "element_weighted_v1", "mse": 0.16878357221077317, "parameter_count": 2782492, "split": "test", "test_accessed": true}
=== [24/24] closest_dim_ettm2_l336_h720_s2023 ===
COMMAND /home/cwh/Time-Series-Library/.venv/bin/python -u /home/cwh/Time-Series-Library/external/timerole_p0/DiM/run.py --task_name long_term_forecast --is_training 1 --model_id closest_dim_ettm2_l336_h720_s2023 --model DiM --seed 2023 --data ETTm2 --root_path /home/cwh/Time-Series-Library/dataset/ETT-small --data_path ETTm2.csv --features M --target OT --freq t --seq_len 336 --label_len 48 --pred_len 720 --enc_in 7 --dec_in 7 --c_out 7 --d_model 512 --d_ff 2048 --n_heads 8 --e_layers 1 --batch_size 32 --learning_rate 0.0002 --train_epochs 100 --patience 6 --num_workers 0 --gpu 0 --checkpoints /home/cwh/Time-Series-Library/logs/timerole_p0/closest/formal/dim/checkpoints --des closest_dim_ettm2_l336_h720_s2023 --itr 1 --test_after_train 1 --evaluation_split test
Args in experiment:
[1mBasic Config[0m
  Task Name:          long_term_forecast  Is Training:        1                   
  Model ID:           closest_dim_ettm2_l336_h720_s2023Model:              DiM                 

[1mData Loader[0m
  Data:               ETTm2               Root Path:          /home/cwh/Time-Series-Library/dataset/ETT-small
  Data Path:          ETTm2.csv           Features:           M                   
  Target:             OT                  Freq:               t                   
  Checkpoints:        /home/cwh/Time-Series-Library/logs/timerole_p0/closest/formal/dim/checkpoints

[1mForecasting Task[0m
  Seq Len:            336                 Label Len:          48                  
  Pred Len:           720                 Seasonal Patterns:  Monthly             
  Inverse:            0                   

[1mModel Parameters[0m
  Top k:              5                   Num Kernels:        6                   
  Enc In:             7                   Dec In:             7                   
  C Out:              7                   d model:            512                 
  n heads:            8                   e layers:           1                   
  d layers:           1                   d FF:               2048                
  Moving Avg:         25                  Factor:             1                   
  Distil:             1                   Dropout:            0.1                 
  Embed:              timeF               Activation:         gelu                
  Output Attention:   0                   

[1mRun Parameters[0m
  Num Workers:        0                   Itr:                1                   
  Train Epochs:       100                 Batch Size:         32                  
  Patience:           6                   Learning Rate:      0.0002              
  Des:                closest_dim_ettm2_l336_h720_s2023Loss:               MSE                 
  Lradj:              type1               Use Amp:            0                   

[1mGPU[0m
  Use GPU:            1                   GPU:                0                   
  Use Multi GPU:      0                   Devices:            0,1,2,3             

[1mDe-stationary Projector Params[0m
  P Hidden Dims:      128, 128            P Hidden Layers:    2                   

Use GPU: cuda:0
>>>>>>>start training : long_term_forecast_closest_dim_ettm2_l336_h720_s2023_DiM_ETTm2_ftM_sl336_ll48_pl720_dm512_nh8_el1_dl1_df2048_seita0.5_ebtimeF_gdep4_node_dim10_closest_dim_ettm2_l336_h720_s2023_0>>>>>>>>>>>>>>>>>>>>>>>>>>
train 33505
val 10801
Number of parameter:  3.10M
	iters: 100, epoch: 1 | loss: 0.8913464
	speed: 0.0123s/iter; left time: 1286.3568s
	iters: 200, epoch: 1 | loss: 0.6359450
	speed: 0.0060s/iter; left time: 623.1461s
	iters: 300, epoch: 1 | loss: 0.6782300
	speed: 0.0060s/iter; left time: 623.8898s
	iters: 400, epoch: 1 | loss: 0.4210377
	speed: 0.0062s/iter; left time: 646.2275s
	iters: 500, epoch: 1 | loss: 0.7602122
	speed: 0.0062s/iter; left time: 648.3332s
	iters: 600, epoch: 1 | loss: 0.4966266
	speed: 0.0058s/iter; left time: 608.5118s
	iters: 700, epoch: 1 | loss: 0.6094797
	speed: 0.0057s/iter; left time: 597.9385s
	iters: 800, epoch: 1 | loss: 0.5908155
	speed: 0.0059s/iter; left time: 609.7801s
	iters: 900, epoch: 1 | loss: 0.7071229
	speed: 0.0061s/iter; left time: 637.5925s
	iters: 1000, epoch: 1 | loss: 0.7450199
	speed: 0.0061s/iter; left time: 635.7318s
Epoch: 1 cost time: 6.548876047134399
Epoch: 1, Steps: 1048 | Train Loss: 0.5176169 Vali Loss: 0.2874227
Validation loss decreased (inf --> 0.287423).  Saving model ...
Updating learning rate to 0.0002
	iters: 100, epoch: 2 | loss: 0.2257905
	speed: 0.0192s/iter; left time: 1990.2615s
	iters: 200, epoch: 2 | loss: 0.3573944
	speed: 0.0064s/iter; left time: 660.4131s
	iters: 300, epoch: 2 | loss: 0.6372990
	speed: 0.0064s/iter; left time: 665.0169s
	iters: 400, epoch: 2 | loss: 0.4641339
	speed: 0.0062s/iter; left time: 645.8471s
	iters: 500, epoch: 2 | loss: 0.4439828
	speed: 0.0062s/iter; left time: 637.7946s
	iters: 600, epoch: 2 | loss: 0.5196712
	speed: 0.0067s/iter; left time: 690.6948s
	iters: 700, epoch: 2 | loss: 0.3890919
	speed: 0.0062s/iter; left time: 642.9776s
	iters: 800, epoch: 2 | loss: 0.8519106
	speed: 0.0063s/iter; left time: 650.7869s
	iters: 900, epoch: 2 | loss: 0.5978157
	speed: 0.0065s/iter; left time: 663.8283s
	iters: 1000, epoch: 2 | loss: 0.3162684
	speed: 0.0063s/iter; left time: 649.6554s
Epoch: 2 cost time: 6.674536228179932
Epoch: 2, Steps: 1048 | Train Loss: 0.4594372 Vali Loss: 0.2958974
EarlyStopping counter: 1 out of 6
Updating learning rate to 0.0001
	iters: 100, epoch: 3 | loss: 0.8496371
	speed: 0.0193s/iter; left time: 1985.0021s
	iters: 200, epoch: 3 | loss: 0.3473918
	speed: 0.0062s/iter; left time: 640.0636s
	iters: 300, epoch: 3 | loss: 0.3194333
	speed: 0.0063s/iter; left time: 643.0036s
	iters: 400, epoch: 3 | loss: 0.5470332
	speed: 0.0062s/iter; left time: 629.6304s
	iters: 500, epoch: 3 | loss: 0.4008636
	speed: 0.0061s/iter; left time: 623.9217s
	iters: 600, epoch: 3 | loss: 0.4058196
	speed: 0.0062s/iter; left time: 630.9673s
	iters: 700, epoch: 3 | loss: 0.5235256
	speed: 0.0065s/iter; left time: 665.7435s
	iters: 800, epoch: 3 | loss: 0.4590375
	speed: 0.0060s/iter; left time: 607.9145s
	iters: 900, epoch: 3 | loss: 0.4134462
	speed: 0.0059s/iter; left time: 605.0437s
	iters: 1000, epoch: 3 | loss: 0.6997800
	speed: 0.0061s/iter; left time: 620.8019s
Epoch: 3 cost time: 6.468901634216309
Epoch: 3, Steps: 1048 | Train Loss: 0.4170505 Vali Loss: 0.2849242
Validation loss decreased (0.287423 --> 0.284924).  Saving model ...
Updating learning rate to 5e-05
	iters: 100, epoch: 4 | loss: 0.4271429
	speed: 0.0185s/iter; left time: 1879.7652s
	iters: 200, epoch: 4 | loss: 0.3804818
	speed: 0.0064s/iter; left time: 652.9763s
	iters: 300, epoch: 4 | loss: 0.5734987
	speed: 0.0060s/iter; left time: 606.8544s
	iters: 400, epoch: 4 | loss: 0.5213506
	speed: 0.0061s/iter; left time: 616.2466s
	iters: 500, epoch: 4 | loss: 0.4652310
	speed: 0.0063s/iter; left time: 642.0727s
	iters: 600, epoch: 4 | loss: 0.4430314
	speed: 0.0060s/iter; left time: 610.2805s
	iters: 700, epoch: 4 | loss: 0.3148335
	speed: 0.0063s/iter; left time: 631.1442s
	iters: 800, epoch: 4 | loss: 0.3604983
	speed: 0.0062s/iter; left time: 628.4667s
	iters: 900, epoch: 4 | loss: 0.4297314
	speed: 0.0064s/iter; left time: 641.9190s
	iters: 1000, epoch: 4 | loss: 0.4404999
	speed: 0.0060s/iter; left time: 607.2674s
Epoch: 4 cost time: 6.491449356079102
Epoch: 4, Steps: 1048 | Train Loss: 0.3935529 Vali Loss: 0.2859664
EarlyStopping counter: 1 out of 6
Updating learning rate to 2.5e-05
	iters: 100, epoch: 5 | loss: 0.4289835
	speed: 0.0183s/iter; left time: 1837.4083s
	iters: 200, epoch: 5 | loss: 0.4065240
	speed: 0.0060s/iter; left time: 597.9485s
	iters: 300, epoch: 5 | loss: 0.3191442
	speed: 0.0062s/iter; left time: 619.9876s
	iters: 400, epoch: 5 | loss: 0.3719620
	speed: 0.0064s/iter; left time: 645.8389s
	iters: 500, epoch: 5 | loss: 0.3700890
	speed: 0.0061s/iter; left time: 611.1820s
	iters: 600, epoch: 5 | loss: 0.3071155
	speed: 0.0060s/iter; left time: 597.8634s
	iters: 700, epoch: 5 | loss: 0.3717846
	speed: 0.0060s/iter; left time: 601.7533s
	iters: 800, epoch: 5 | loss: 0.3497690
	speed: 0.0060s/iter; left time: 597.5239s
	iters: 900, epoch: 5 | loss: 0.5442020
	speed: 0.0061s/iter; left time: 612.6210s
	iters: 1000, epoch: 5 | loss: 0.7073927
	speed: 0.0063s/iter; left time: 624.0560s
Epoch: 5 cost time: 6.41936993598938
Epoch: 5, Steps: 1048 | Train Loss: 0.3812252 Vali Loss: 0.2869406
EarlyStopping counter: 2 out of 6
Updating learning rate to 1.25e-05
	iters: 100, epoch: 6 | loss: 0.2378655
	speed: 0.0186s/iter; left time: 1846.0518s
	iters: 200, epoch: 6 | loss: 0.3759433
	speed: 0.0060s/iter; left time: 598.5488s
	iters: 300, epoch: 6 | loss: 0.3406088
	speed: 0.0059s/iter; left time: 589.6900s
	iters: 400, epoch: 6 | loss: 0.4780124
	speed: 0.0058s/iter; left time: 578.4079s
	iters: 500, epoch: 6 | loss: 0.2878360
	speed: 0.0059s/iter; left time: 588.7318s
	iters: 600, epoch: 6 | loss: 0.3959106
	speed: 0.0061s/iter; left time: 605.7942s
	iters: 700, epoch: 6 | loss: 0.3898164
	speed: 0.0060s/iter; left time: 589.3197s
	iters: 800, epoch: 6 | loss: 0.2606615
	speed: 0.0059s/iter; left time: 581.1197s
	iters: 900, epoch: 6 | loss: 0.2316329
	speed: 0.0061s/iter; left time: 597.6772s
	iters: 1000, epoch: 6 | loss: 0.3043583
	speed: 0.0058s/iter; left time: 571.2721s
Epoch: 6 cost time: 6.263723611831665
Epoch: 6, Steps: 1048 | Train Loss: 0.3753370 Vali Loss: 0.2864842
EarlyStopping counter: 3 out of 6
Updating learning rate to 6.25e-06
	iters: 100, epoch: 7 | loss: 0.7219946
	speed: 0.0183s/iter; left time: 1798.1253s
	iters: 200, epoch: 7 | loss: 0.3713804
	speed: 0.0058s/iter; left time: 573.3225s
	iters: 300, epoch: 7 | loss: 0.3120508
	speed: 0.0061s/iter; left time: 597.0332s
	iters: 400, epoch: 7 | loss: 0.3624672
	speed: 0.0058s/iter; left time: 568.7856s
	iters: 500, epoch: 7 | loss: 0.2337175
	speed: 0.0058s/iter; left time: 572.6330s
	iters: 600, epoch: 7 | loss: 0.3578160
	speed: 0.0060s/iter; left time: 586.0112s
	iters: 700, epoch: 7 | loss: 0.2827616
	speed: 0.0059s/iter; left time: 578.5497s
	iters: 800, epoch: 7 | loss: 0.5058417
	speed: 0.0060s/iter; left time: 583.4984s
	iters: 900, epoch: 7 | loss: 0.4245470
	speed: 0.0059s/iter; left time: 575.5054s
	iters: 1000, epoch: 7 | loss: 0.3848129
	speed: 0.0061s/iter; left time: 599.0049s
Epoch: 7 cost time: 6.2506866455078125
Epoch: 7, Steps: 1048 | Train Loss: 0.3721315 Vali Loss: 0.2867290
EarlyStopping counter: 4 out of 6
Updating learning rate to 3.125e-06
	iters: 100, epoch: 8 | loss: 0.2297124
	speed: 0.0183s/iter; left time: 1785.0405s
	iters: 200, epoch: 8 | loss: 0.2434762
	speed: 0.0059s/iter; left time: 571.1978s
	iters: 300, epoch: 8 | loss: 0.4628669
	speed: 0.0063s/iter; left time: 611.6205s
	iters: 400, epoch: 8 | loss: 0.3410231
	speed: 0.0063s/iter; left time: 608.4421s
	iters: 500, epoch: 8 | loss: 0.3305237
	speed: 0.0062s/iter; left time: 603.6346s
	iters: 600, epoch: 8 | loss: 0.3399334
	speed: 0.0061s/iter; left time: 590.4503s
	iters: 700, epoch: 8 | loss: 0.3172860
	speed: 0.0060s/iter; left time: 581.1946s
	iters: 800, epoch: 8 | loss: 0.2691854
	speed: 0.0060s/iter; left time: 581.8058s
	iters: 900, epoch: 8 | loss: 0.3968933
	speed: 0.0058s/iter; left time: 562.4018s
	iters: 1000, epoch: 8 | loss: 0.3576526
	speed: 0.0062s/iter; left time: 600.8189s
Epoch: 8 cost time: 6.388201713562012
Epoch: 8, Steps: 1048 | Train Loss: 0.3708007 Vali Loss: 0.2874041
EarlyStopping counter: 5 out of 6
Updating learning rate to 1.5625e-06
	iters: 100, epoch: 9 | loss: 0.2924742
	speed: 0.0180s/iter; left time: 1737.3439s
	iters: 200, epoch: 9 | loss: 0.3062587
	speed: 0.0060s/iter; left time: 574.6893s
	iters: 300, epoch: 9 | loss: 0.2748235
	speed: 0.0062s/iter; left time: 600.6018s
	iters: 400, epoch: 9 | loss: 0.3829479
	speed: 0.0061s/iter; left time: 584.4482s
	iters: 500, epoch: 9 | loss: 0.3852544
	speed: 0.0061s/iter; left time: 589.6968s
	iters: 600, epoch: 9 | loss: 0.4524985
	speed: 0.0059s/iter; left time: 564.9988s
	iters: 700, epoch: 9 | loss: 0.3147198
	speed: 0.0062s/iter; left time: 591.9318s
	iters: 800, epoch: 9 | loss: 0.2594485
	speed: 0.0060s/iter; left time: 571.6591s
	iters: 900, epoch: 9 | loss: 0.3614185
	speed: 0.0059s/iter; left time: 560.6571s
	iters: 1000, epoch: 9 | loss: 0.3272828
	speed: 0.0062s/iter; left time: 588.6627s
Epoch: 9 cost time: 6.344520092010498
Epoch: 9, Steps: 1048 | Train Loss: 0.3701756 Vali Loss: 0.2872538
EarlyStopping counter: 6 out of 6
Early stopping
>>>>>>>testing : long_term_forecast_closest_dim_ettm2_l336_h720_s2023_DiM_ETTm2_ftM_sl336_ll48_pl720_dm512_nh8_el1_dl1_df2048_seita0.5_ebtimeF_gdep4_node_dim10_closest_dim_ettm2_l336_h720_s2023_0<<<<<<<<<<<<<<<<<<<<<<<<<<<<<<<<<
test 10801
EVALUATION_RESULT {"batches": 338, "elements": 54437040, "mae": 0.3929963707486093, "metric_version": "element_weighted_v1", "mse": 0.3769650570396898, "parameter_count": 3102604, "split": "test", "test_accessed": true}
